Rank,feature,q_anova,q_kw,log_q_anova,log_q_kw,score_min,score_max,score_geomean
1,GYRO_Y__range_count__max_1__min_-1,0.0,0.0,307.6526555685888,307.6526555685888,0.0,0.0,0.0
2,GYRO_X__count_above__t_0,0.0,0.0,307.6526555685888,307.6526555685888,0.0,0.0,0.0
3,GYRO_X__count_below__t_0,0.0,0.0,307.6526555685888,307.6526555685888,0.0,0.0,0.0
4,GYRO_X__range_count__max_1__min_-1,0.0,4.0209386863542445e-275,307.6526555685888,274.39567254922514,0.0,4.0209386863542445e-275,0.0
5,GYRO_Y__benford_correlation,0.0,1.4430225614304662e-263,307.6526555685888,262.8407268787276,0.0,1.4430225614304662e-263,0.0
6,GYRO_X__range_count__max_0__min_-1000000000000.0,0.0,0.0,307.6526555685888,307.6526555685888,0.0,0.0,0.0
7,GYRO_X__range_count__max_1000000000000.0__min_0,0.0,0.0,307.6526555685888,307.6526555685888,0.0,0.0,0.0
8,GYRO_X__sum_of_reoccurring_data_points,0.0,0.0,307.6526555685888,307.6526555685888,0.0,0.0,0.0
9,GYRO_Z__number_peaks__n_1,0.0,5.6011029977360084e-201,307.6526555685888,200.25172644109003,0.0,5.6011029977360084e-201,0.0
10,GYRO_X__median,0.0,0.0,307.6526555685888,307.6526555685888,0.0,0.0,0.0
11,GYRO_X__value_count__value_0,8.616784170473879e-299,4.314266198533156e-245,298.0646547849407,244.36509306160082,8.616784170473879e-299,4.314266198533156e-245,0.0
12,"GYRO_X__fft_coefficient__attr_""real""__coeff_0",8.320643788320339e-292,2.067731615447344e-239,291.07984306999555,238.6845058318713,8.320643788320339e-292,2.067731615447344e-239,0.0
13,GYRO_X__sum_values,8.320643788320339e-292,2.067731615447344e-239,291.07984306999555,238.6845058318713,8.320643788320339e-292,2.067731615447344e-239,0.0
14,GYRO_X__mean,7.818496935580652e-291,1.5777272968170515e-241,290.1068767297183,240.8019680605197,7.818496935580652e-291,1.5777272968170515e-241,0.0
15,GYRO_Z__number_crossing_m__m_0,3.2364227168815344e-287,3.9040415470820315e-227,286.48993475911806,226.40848556918863,3.2364227168815344e-287,3.9040415470820315e-227,0.0
16,"GYRO_X__fft_coefficient__attr_""angle""__coeff_0",3.8870942808589765e-279,3.362534240978095e-224,278.4103749254968,223.4733332845086,3.8870942808589765e-279,3.362534240978095e-224,0.0
17,GYRO_Y__value_count__value_0,2.145082605769619e-271,1.6659970496976888e-270,270.6685559787524,269.7783257720176,2.145082605769619e-271,1.6659970496976888e-270,0.0
18,GYRO_Z__value_count__value_0,1.5470905490386197e-238,1.9550836523686865e-175,237.8104842669102,174.70883465566715,1.5470905490386197e-238,1.9550836523686865e-175,0.0
19,GYRO_Y__median,3.118550736239413e-235,0.0,234.5060471859436,307.6526555685888,0.0,3.118550736239413e-235,0.0
20,GYRO_Z__ar_coefficient__coeff_8__k_10,5.783913494980098e-199,1.524524377189318e-165,198.23777821103403,164.81686562686164,5.783913494980098e-199,1.524524377189318e-165,0.0
21,GYRO_Z__ar_coefficient__coeff_7__k_10,4.258503280461542e-189,1.3406495118764512e-165,188.37074301386738,164.87268474560344,4.258503280461542e-189,1.3406495118764512e-165,0.0
22,MMA_Z__sum_of_reoccurring_values,1.5612674229136339e-176,2.829948558085866e-153,175.80652270209546,152.54822145887235,1.5612674229136339e-176,2.829948558085866e-153,0.0
23,GYRO_Y__number_crossing_m__m_1,4.0827018681876115e-175,1.81277343097425e-226,174.38905233247678,225.74165647269794,1.81277343097425e-226,4.0827018681876115e-175,0.0
24,"MMA_Z__agg_linear_trend__attr_""intercept""__chunk_len_5__f_agg_""max""",6.941891079275096e-174,2.2142494359401967e-167,173.1585222048451,166.6547734572827,6.941891079275096e-174,2.2142494359401967e-167,0.0
25,"MMA_Z__agg_linear_trend__attr_""intercept""__chunk_len_10__f_agg_""max""",1.3692647394741308e-171,8.906017385190617e-162,170.8635125754035,161.0503164614297,1.3692647394741308e-171,8.906017385190617e-162,0.0
26,GYRO_Z__ar_coefficient__coeff_9__k_10,1.7344348233872692e-169,5.705185551867323e-140,168.76084201543858,139.24373022629544,1.7344348233872692e-169,5.705185551867323e-140,9.947498426762681e-155
27,"MMA_Z__agg_linear_trend__attr_""intercept""__chunk_len_50__f_agg_""mean""",2.174271015082621e-168,1.700751552055354e-162,167.6626863236264,161.76935912404298,2.174271015082621e-168,1.700751552055354e-162,0.0
28,"MMA_Z__agg_linear_trend__attr_""intercept""__chunk_len_10__f_agg_""mean""",9.425229117701763e-167,6.933512441842847e-161,166.02570808373818,160.15904670079067,9.425229117701763e-167,6.933512441842847e-161,0.0
29,"MMA_Z__agg_linear_trend__attr_""intercept""__chunk_len_5__f_agg_""mean""",1.4765017426497624e-166,1.0560540362058906e-160,165.83076603612002,159.97631385924007,1.4765017426497624e-166,1.0560540362058906e-160,0.0
30,"MMA_Z__linear_trend__attr_""intercept""",2.1199202798842563e-166,1.5564980294482312e-160,165.6736804705134,159.807851424805,2.1199202798842563e-166,1.5564980294482312e-160,0.0
31,"ADXL_Z__agg_linear_trend__attr_""intercept""__chunk_len_5__f_agg_""max""",1.5747043399057064e-164,1.906110905025171e-161,163.8028009755893,160.7198518340024,1.5747043399057064e-164,1.906110905025171e-161,0.0
32,GYRO_Z__ar_coefficient__coeff_6__k_10,2.5128928406508184e-164,8.543411865356316e-161,163.59982603098814,160.0683686564323,2.5128928406508184e-164,8.543411865356316e-161,0.0
33,"ADXL_Z__agg_linear_trend__attr_""intercept""__chunk_len_10__f_agg_""max""",1.0823960882170258e-161,3.0283470007272637e-155,160.96561378594927,154.51879436303366,1.0823960882170258e-161,3.0283470007272637e-155,1.810489151618802e-158
34,MMA_Z__range_count__max_1000000000000.0__min_0,1.1222901915733751e-160,6.453322545730267e-143,159.94989483264854,142.19021662772874,1.1222901915733751e-160,6.453322545730267e-143,8.510288241964782e-152
35,GYRO_X__sum_of_reoccurring_values,1.5687403004150725e-159,1.626368944763809e-211,158.804448946427,210.78878092706952,1.626368944763809e-211,1.5687403004150725e-159,0.0
36,"ADXL_Z__agg_linear_trend__attr_""intercept""__chunk_len_50__f_agg_""mean""",1.610233943924614e-159,6.142609872812691e-158,158.79311102261744,157.21164706655654,1.610233943924614e-159,6.142609872812691e-158,9.945370326503163e-159
37,GYRO_Y__sum_of_reoccurring_data_points,1.2135633368091231e-158,1.582806025377838e-220,157.91593755257566,219.80057230514385,1.582806025377838e-220,1.2135633368091231e-158,0.0
38,ADXL_Z__range_count__max_1000000000000.0__min_0,2.2788818229635846e-158,4.400611137394139e-138,157.64227819564698,137.3564870064303,2.2788818229635846e-158,4.400611137394139e-138,3.16677639421204e-148
39,"ADXL_Z__agg_linear_trend__attr_""intercept""__chunk_len_10__f_agg_""mean""",1.0013003342925736e-157,4.510416518772269e-156,156.99943563884173,155.34578335092652,1.0013003342925736e-157,4.510416518772269e-156,6.720328539611917e-157
40,"ADXL_Z__agg_linear_trend__attr_""intercept""__chunk_len_5__f_agg_""mean""",1.6624546982605187e-157,7.536788915525357e-156,156.77925018034878,155.12281364793722,1.6624546982605187e-157,7.536788915525357e-156,1.119355624564009e-156
41,"ADXL_Z__linear_trend__attr_""intercept""",2.5065047800880447e-157,1.1401262246601788e-155,156.60093146281878,154.94304706476987,2.5065047800880447e-157,1.1401262246601788e-155,1.6904827215963102e-156
42,MMA_Z__count_above__t_0,1.1719358897326954e-152,2.369884559069819e-138,151.9310961455678,137.62527280866502,1.1719358897326954e-152,2.369884559069819e-138,1.6665391592450702e-145
43,MMA_Z__count_below__t_0,2.6003534008248467e-152,3.804468935124323e-138,151.5849676252606,137.4197059577217,2.6003534008248467e-152,3.804468935124323e-138,3.1453082096645183e-145
44,ADXL_Z__count_above__t_0,1.6437508426784198e-147,1.0618631167675136e-134,146.78416401152253,133.97393146391747,1.6437508426784198e-147,1.0618631167675136e-134,4.177844411889622e-141
45,"MMA_Z__agg_linear_trend__attr_""intercept""__chunk_len_5__f_agg_""min""",1.7051942916123937e-146,8.400832901915549e-140,145.76822612988684,139.07567765360793,1.7051942916123937e-146,8.400832901915549e-140,3.784845083901846e-143
46,ADXL_Z__count_below__t_0,1.3999645768728878e-145,2.350850564364032e-133,144.85388295308124,132.6287749766321,1.3999645768728878e-145,2.350850564364032e-133,1.8141409855993225e-139
47,GYRO_X__quantile__q_0.4,4.868362895264683e-142,0.0,141.3126170562561,307.6526555685888,0.0,4.868362895264683e-142,0.0
48,GYRO_Z__benford_correlation,7.284151700707948e-139,4.133753015592796e-65,138.13762101810855,64.38365547525821,7.284151700707948e-139,4.133753015592796e-65,5.4873385223473206e-102
49,"ADXL_Z__agg_linear_trend__attr_""intercept""__chunk_len_5__f_agg_""min""",1.7716529613002284e-138,4.534186475725592e-136,137.75162134551493,135.3435006227818,1.7716529613002284e-138,4.534186475725592e-136,2.834255615996322e-137
50,MMA_Y__value_count__value_-1,3.279843989431755e-135,2.937455170331253e-62,134.48414681364818,61.53202875261002,3.279843989431755e-135,2.937455170331253e-62,9.815495242032463e-99
51,"MMA_Z__agg_linear_trend__attr_""intercept""__chunk_len_50__f_agg_""max""",3.602012138574364e-133,6.578526804679131e-135,132.44345482796652,134.18187135140607,6.578526804679131e-135,3.602012138574364e-133,4.867846896153478e-134
52,ADXL_Y__number_crossing_m__m_-1,1.1414110209478498e-131,1.2939192219364453e-109,130.942557938416,108.8880928353847,1.1414110209478498e-131,1.2939192219364453e-109,1.215275137627083e-120
53,GYRO_X__benford_correlation,1.8905133222296984e-131,2.4232856898320498e-127,130.72342025786745,126.6155953823117,1.8905133222296984e-131,2.4232856898320498e-127,2.1403863857248005e-129
54,GYRO_Z__ar_coefficient__coeff_5__k_10,9.827885444426602e-130,4.26065608937431e-152,129.00753991437585,151.3705235196636,4.26065608937431e-152,9.827885444426602e-130,6.470953559134029e-141
55,"MMA_Z__agg_linear_trend__attr_""intercept""__chunk_len_10__f_agg_""min""",6.450321960535281e-127,5.17521031704261e-123,126.19041860750517,122.28607199607876,6.450321960535281e-127,5.17521031704261e-123,5.777696146251437e-125
56,"ADXL_Z__agg_linear_trend__attr_""intercept""__chunk_len_50__f_agg_""max""",2.2435718672768468e-122,2.446076571989711e-128,121.64906001435828,127.61152995193093,2.446076571989711e-128,2.2435718672768468e-122,2.3426370999625837e-125
57,ADXL_Z__sum_of_reoccurring_values,3.4853408892208904e-121,1.2062574709200167e-126,120.45775473863702,125.91855998384978,1.2062574709200167e-126,3.4853408892208904e-121,6.4839945144376185e-124
58,"ADXL_Z__agg_linear_trend__attr_""intercept""__chunk_len_10__f_agg_""min""",4.480272659106966e-120,7.776091976522343e-120,119.34869555503259,119.10923861116565,4.480272659106966e-120,7.776091976522343e-120,5.90245815547337e-120
59,GYRO_Y__count_below__t_0,7.376952643266896e-119,2.177910269513761e-118,118.1321230045088,117.6619600172606,7.376952643266896e-119,2.177910269513761e-118,1.2675307065111936e-118
60,GYRO_X__quantile__q_0.6,2.825191976054669e-117,0.0,116.54895203587695,307.6526555685888,0.0,2.825191976054669e-117,0.0
61,"MMA_Z__cwt_coefficients__coeff_10__w_10__widths_(2, 5, 10, 20)",7.892039920323853e-117,1.7138996741775379e-177,116.1028107266215,176.76601460378174,1.7138996741775379e-177,7.892039920323853e-117,3.6777934482566e-147
62,"MMA_Z__cwt_coefficients__coeff_9__w_10__widths_(2, 5, 10, 20)",1.148308691069913e-116,2.3834729251894142e-176,115.93994134816877,175.62278977703153,2.3834729251894142e-176,1.148308691069913e-116,1.6543768237390275e-146
63,"MMA_Z__cwt_coefficients__coeff_11__w_10__widths_(2, 5, 10, 20)",1.2963106105054278e-115,2.024595411813345e-177,114.88729092418619,176.69366175169495,2.024595411813345e-177,1.2963106105054278e-115,1.6200322571832467e-146
64,"MMA_Z__cwt_coefficients__coeff_8__w_10__widths_(2, 5, 10, 20)",3.926861276490189e-115,1.9729821846283239e-174,114.40595444070028,173.70487683626456,1.9729821846283239e-174,3.926861276490189e-115,8.802060747360235e-145
65,MMA_Z__range_count__max_0__min_-1000000000000.0,2.804417197208611e-113,5.710818524203565e-109,112.55215737837733,108.24330164042868,2.804417197208611e-113,5.710818524203565e-109,4.00193923984535e-111
66,"MMA_Z__cwt_coefficients__coeff_12__w_10__widths_(2, 5, 10, 20)",3.6613134542771137e-113,4.1944238701865805e-176,112.43636308848109,175.37732768374636,4.1944238701865805e-176,3.6613134542771137e-113,1.2392376910365182e-144
67,"MMA_Z__cwt_coefficients__coeff_7__w_10__widths_(2, 5, 10, 20)",6.8127895700277255e-112,2.7286813616875766e-172,111.16667502512007,171.56404717555773,2.7286813616875766e-172,6.8127895700277255e-112,4.311604332592936e-142
68,"ADXL_Z__cwt_coefficients__coeff_9__w_10__widths_(2, 5, 10, 20)",1.6214790026686766e-111,3.6721640072549533e-171,110.79008867084804,170.4350779304514,3.6721640072549533e-171,1.6214790026686766e-111,2.4401509855169972e-141
69,"ADXL_Z__cwt_coefficients__coeff_10__w_10__widths_(2, 5, 10, 20)",1.9592989320532086e-111,1.935263188197865e-171,110.70789929823857,170.71325996428362,1.935263188197865e-171,1.9592989320532086e-111,1.9472439749240372e-141
70,"ADXL_Z__cwt_coefficients__coeff_8__w_10__widths_(2, 5, 10, 20)",2.5178390767309205e-110,9.470582785113702e-170,109.59897203051136,169.0236232952764,9.470582785113702e-170,2.5178390767309205e-110,4.883175546278716e-140
71,"ADXL_Z__cwt_coefficients__coeff_11__w_10__widths_(2, 5, 10, 20)",4.810493713587049e-110,5.176402791703571e-171,109.31781034855693,170.28597193724505,5.176402791703571e-171,4.810493713587049e-110,1.5780067518386757e-140
72,"MMA_Z__cwt_coefficients__coeff_14__w_20__widths_(2, 5, 10, 20)",5.473564380338292e-110,7.649527177800659e-159,109.2617297693562,158.1163654080383,7.649527177800659e-159,5.473564380338292e-110,2.0462204056953247e-134
73,"MMA_Z__cwt_coefficients__coeff_13__w_10__widths_(2, 5, 10, 20)",2.697009107657435e-109,4.6222418737558775e-174,108.56911758695509,173.33514733239886,4.6222418737558775e-174,2.697009107657435e-109,1.1165226567927392e-141
74,GYRO_Z__ar_coefficient__coeff_10__k_10,7.494229287053895e-109,7.066925593834746e-99,108.12527302373502,98.15076948125598,7.494229287053895e-109,7.066925593834746e-99,7.277441910090873e-104
75,ADXL_Z__quantile__q_0.1,4.623526300708915e-108,3.0893990260376457e-113,107.33502666756472,112.51012599470455,3.0893990260376457e-113,4.623526300708915e-108,1.19515344831823e-110
76,GYRO_Y__count_above__t_0,5.684953055913719e-108,6.03888858731817e-111,107.24527311719292,110.21904298270486,6.03888858731817e-111,5.684953055913719e-108,1.8528572025063592e-109
77,ADXL_X__count_below__t_0,8.347269967158089e-108,8.21810369188152e-97,107.07845554033234,96.08522838333116,8.347269967158089e-108,8.21810369188152e-97,2.6191359287794444e-102
78,"MMA_Z__cwt_coefficients__coeff_13__w_20__widths_(2, 5, 10, 20)",9.44997105920146e-108,2.4472567319661708e-157,107.0245695215276,156.61132046815223,2.4472567319661708e-157,9.44997105920146e-108,1.5207401254493242e-132
79,"ADXL_Z__cwt_coefficients__coeff_12__w_10__widths_(2, 5, 10, 20)",1.6160893653940897e-107,1.2334670007275362e-169,106.79153462758096,168.90887246481523,1.2334670007275362e-169,1.6160893653940897e-107,1.41187566819473e-138
80,"ADXL_Z__cwt_coefficients__coeff_7__w_10__widths_(2, 5, 10, 20)",1.6375916043912362e-107,7.429707824057068e-168,106.78579439688188,167.12902826469093,7.429707824057068e-168,1.6375916043912362e-107,1.1030334154392484e-137
81,"ADXL_Z__cwt_coefficients__coeff_14__w_20__widths_(2, 5, 10, 20)",3.0577159656783055e-107,2.0325503181037218e-157,106.5146028591028,156.69195869414506,2.0325503181037218e-157,3.0577159656783055e-107,2.4929824625757535e-132
82,"MMA_Z__cwt_coefficients__coeff_6__w_10__widths_(2, 5, 10, 20)",6.505568702934834e-107,1.2257133935594693e-169,106.18671473234595,168.91161106827352,1.2257133935594693e-169,6.505568702934834e-107,2.823820584227782e-138
83,ADXL_Y__value_count__value_-1,6.903140756280313e-107,3.3395498430138065e-116,106.1609532711789,115.47631207027551,3.3395498430138065e-116,6.903140756280313e-107,1.518334041933399e-111
84,"MMA_Z__cwt_coefficients__coeff_12__w_20__widths_(2, 5, 10, 20)",3.269564555143605e-105,7.90588044246347e-156,104.48551008339194,155.1020497576089,7.90588044246347e-156,3.269564555143605e-105,1.6077557797091448e-130
85,ADXL_Z__range_count__max_0__min_-1000000000000.0,6.163269411964538e-105,8.830334967785811e-105,104.2101888477533,104.05402282168838,6.163269411964538e-105,8.830334967785811e-105,7.377244296101029e-105
86,"ADXL_Z__cwt_coefficients__coeff_13__w_20__widths_(2, 5, 10, 20)",6.934796505543339e-105,1.7831906082788077e-155,104.15896627832772,154.7488022318671,1.7831906082788077e-155,6.934796505543339e-105,3.516541482623172e-130
87,GYRO_Z__permutation_entropy__dimension_3__tau_1,1.6166279919414344e-104,6.537830338250444e-137,103.79138990565595,136.18456635388682,6.537830338250444e-137,1.6166279919414344e-104,1.0280680683388432e-120
88,"MMA_Z__cwt_coefficients__coeff_14__w_10__widths_(2, 5, 10, 20)",3.1224801749948424e-104,1.0842111646484286e-171,103.50550031033339,170.9648861248914,1.0842111646484286e-171,3.1224801749948424e-104,5.8184429765383e-138
89,"ADXL_Z__cwt_coefficients__coeff_13__w_10__widths_(2, 5, 10, 20)",1.111426912135625e-103,5.160942945519159e-168,102.95411909139939,167.2872709420506,5.160942945519159e-168,1.111426912135625e-103,7.57364567539735e-136
90,"ADXL_Z__cwt_coefficients__coeff_6__w_10__widths_(2, 5, 10, 20)",6.009536936544835e-103,1.907034149777705e-165,102.22115899116719,164.7196415298553,1.907034149777705e-165,6.009536936544835e-103,3.385320097471064e-134
91,ADXL_X__count_above__t_0,9.118305492595833e-103,2.664422209150883e-92,102.0400858616267,91.57439695496133,9.118305492595833e-103,2.664422209150883e-92,1.5586858459707275e-97
92,"ADXL_Z__cwt_coefficients__coeff_12__w_20__widths_(2, 5, 10, 20)",2.813348111612658e-102,1.8878564292990517e-153,101.55077652677589,152.72403103669794,1.8878564292990517e-153,2.813348111612658e-102,7.287796182910374e-128
93,"MMA_Z__cwt_coefficients__coeff_5__w_5__widths_(2, 5, 10, 20)",4.157773262918805e-102,3.683266202394159e-179,101.38113919786845,178.43376689204572,3.683266202394159e-179,4.157773262918805e-102,1.2375049792435955e-140
94,"MMA_Z__cwt_coefficients__coeff_11__w_20__widths_(2, 5, 10, 20)",9.212002690041264e-102,4.72010511230753e-154,101.03564594388736,153.32604832992803,4.72010511230753e-154,9.212002690041264e-102,6.594059522923227e-128
95,GYRO_Z__count_above__t_0,5.0635597315478627e-101,2.2692500715865306e-83,100.2955440625625,82.64411764218215,5.0635597315478627e-101,2.2692500715865306e-83,3.3897615378220426e-92
96,"ADXL_Z__cwt_coefficients__coeff_5__w_5__widths_(2, 5, 10, 20)",1.0484719889732398e-100,5.4826711673638855e-177,99.97944316767537,176.26100780089416,5.4826711673638855e-177,1.0484719889732398e-100,7.581838262408562e-139
97,"MMA_Z__cwt_coefficients__coeff_6__w_5__widths_(2, 5, 10, 20)",1.5897090306021273e-100,6.963403209636377e-181,99.79868235867818,180.15717845666268,6.963403209636377e-181,1.5897090306021273e-100,1.052130456078655e-140
98,MMA_Z__quantile__q_0.1,3.994246003736383e-100,7.739476137718219e-107,99.39856519064831,106.1112884344331,7.739476137718219e-107,3.994246003736383e-100,1.7582198848293716e-103
99,"MMA_Z__cwt_coefficients__coeff_4__w_5__widths_(2, 5, 10, 20)",3.7769615087005195e-99,1.3969652411501956e-178,98.42285744107772,177.85481439973012,1.3969652411501956e-178,3.7769615087005195e-99,7.263803373451699e-139
100,"MMA_Z__cwt_coefficients__coeff_5__w_10__widths_(2, 5, 10, 20)",5.929312466134159e-99,8.77410527677575e-166,98.22699566236508,165.05679715898412,8.77410527677575e-166,5.929312466134159e-99,2.2808860514449193e-132
101,"ADXL_Z__cwt_coefficients__coeff_11__w_20__widths_(2, 5, 10, 20)",9.672928731121758e-99,5.0341425658046805e-151,98.01444201204,150.29807448948978,5.0341425658046805e-151,9.672928731121758e-99,6.9781732753877e-125
102,"ADXL_Z__cwt_coefficients__coeff_4__w_5__widths_(2, 5, 10, 20)",9.770657411679824e-99,1.4837500951196987e-177,98.01007621410523,176.82863924019577,1.4837500951196987e-177,9.770657411679824e-99,3.807520697771967e-138
103,"ADXL_Z__cwt_coefficients__coeff_14__w_10__widths_(2, 5, 10, 20)",9.968952190910636e-99,7.105749789867312e-166,98.00135048678561,165.1483900891058,7.105749789867312e-166,9.968952190910636e-99,2.661519865335604e-132
104,"ADXL_Z__cwt_coefficients__coeff_6__w_5__widths_(2, 5, 10, 20)",5.304396664249452e-98,2.534609052838799e-178,97.27536400672746,177.59608901829844,2.534609052838799e-178,5.304396664249452e-98,3.666684033981465e-138
105,GYRO_Z__ar_coefficient__coeff_4__k_10,5.38533544600999e-98,2.095467304144333e-124,97.26878723984719,123.67871911113197,2.095467304144333e-124,5.38533544600999e-98,3.359284797239358e-111
106,"MMA_Z__cwt_coefficients__coeff_10__w_20__widths_(2, 5, 10, 20)",1.8053995975861908e-97,4.26065608937431e-152,96.74342665867816,151.3705235196636,4.26065608937431e-152,1.8053995975861908e-97,8.770511267428788e-125
107,ADXL_Z__quantile__q_0.2,9.340503485577996e-97,4.38165816622784e-118,96.02962971315804,117.35836150680994,4.38165816622784e-118,9.340503485577996e-97,2.0230396282392107e-107
108,"GYRO_X__agg_linear_trend__attr_""intercept""__chunk_len_50__f_agg_""mean""",9.28283579723864e-96,9.182005155775713e-122,95.03231933165203,121.0370624677098,9.182005155775713e-122,9.28283579723864e-96,9.232282824440797e-109
109,"ADXL_Z__cwt_coefficients__coeff_5__w_10__widths_(2, 5, 10, 20)",1.6362307335274936e-95,3.241364680391145e-162,94.78615545419028,161.48927210449023,3.241364680391145e-162,1.6362307335274936e-95,7.282596040304936e-129
110,"GYRO_X__agg_linear_trend__attr_""intercept""__chunk_len_10__f_agg_""mean""",1.8185933665438087e-94,1.1097648586052475e-120,93.74026439736765,119.95476903150912,1.1097648586052475e-120,1.8185933665438087e-94,1.4206375365598823e-107
111,"ADXL_Z__cwt_coefficients__coeff_10__w_20__widths_(2, 5, 10, 20)",2.136550740106402e-94,2.1386892003719947e-148,93.67028678883483,147.66985232359616,2.1386892003719947e-148,2.136550740106402e-94,2.13761970282657e-121
112,"MMA_Z__cwt_coefficients__coeff_7__w_5__widths_(2, 5, 10, 20)",2.1541829145857934e-94,2.0350655387940944e-179,93.6667174229403,178.69142159986467,2.0350655387940944e-179,2.1541829145857934e-94,6.621105205124421e-137
113,"GYRO_X__agg_linear_trend__attr_""intercept""__chunk_len_5__f_agg_""mean""",2.58894486290773e-94,1.4425487669642632e-120,93.58687719869216,119.84086949611644,1.4425487669642632e-120,2.58894486290773e-94,1.9325318159673358e-107
114,"GYRO_X__linear_trend__attr_""intercept""",3.5548033617070723e-94,1.9350663273015663e-120,93.44918441779988,119.713304144295,1.9350663273015663e-120,3.5548033617070723e-94,2.622742893502481e-107
115,ADXL_Z__sum_of_reoccurring_data_points,9.421720073227032e-94,1.0457731200539797e-91,93.02586980313947,90.9805625252165,9.421720073227032e-94,1.0457731200539797e-91,9.926218613980775e-93
116,"MMA_Z__cwt_coefficients__coeff_2__w_2__widths_(2, 5, 10, 20)",3.5784929267943988e-93,1.3268594195357355e-183,92.44629983687038,182.87717508810323,1.3268594195357355e-183,3.5784929267943988e-93,2.1790266284878556e-138
117,ADXL_Y__range_count__max_1__min_-1,1.5040142473144083e-92,5.629919162973023e-76,91.82274804971465,75.24949784090829,1.5040142473144083e-92,5.629919162973023e-76,2.909893233838629e-84
118,"MMA_Z__cwt_coefficients__coeff_9__w_20__widths_(2, 5, 10, 20)",3.3101311473907684e-92,7.3090007320563e-150,91.48015479913673,149.13614199461787,7.3090007320563e-150,3.3101311473907684e-92,4.918714362461138e-121
119,"ADXL_Z__cwt_coefficients__coeff_2__w_2__widths_(2, 5, 10, 20)",6.98957435803097e-92,3.517775001548078e-182,91.15554927054714,181.45373194165828,3.517775001548078e-182,6.98957435803097e-92,4.9586036288599235e-137
120,"ADXL_Z__fft_coefficient__attr_""real""__coeff_0",3.718683978689084e-91,2.224080340310716e-89,90.42961072729929,88.65284952881505,3.718683978689084e-91,2.224080340310716e-89,2.87587411560917e-90
121,ADXL_Z__sum_values,3.718683978689084e-91,2.224080340310716e-89,90.42961072729929,88.65284952881505,3.718683978689084e-91,2.224080340310716e-89,2.87587411560917e-90
122,"ADXL_Z__cwt_coefficients__coeff_3__w_5__widths_(2, 5, 10, 20)",9.204026911610157e-91,4.860199929167e-177,90.03602212016999,176.31334586523397,4.860199929167e-177,9.204026911610157e-91,6.688304040925386e-134
123,"ADXL_Z__cwt_coefficients__coeff_7__w_5__widths_(2, 5, 10, 20)",1.596533908867383e-90,1.6415312955982808e-176,89.79682185302332,175.78475083308322,1.6415312955982808e-176,1.596533908867383e-90,1.6188762694812915e-133
124,"MMA_Z__cwt_coefficients__coeff_3__w_5__widths_(2, 5, 10, 20)",2.8119676881826606e-90,3.0289182660829e-177,89.5509896740237,176.51871244573883,3.0289182660829e-177,2.8119676881826606e-90,9.22887874791481e-134
125,"ADXL_Z__cwt_coefficients__coeff_9__w_20__widths_(2, 5, 10, 20)",3.842982828257184e-89,1.363947762723017e-145,88.41533155610547,144.8652022622276,1.363947762723017e-145,3.842982828257184e-89,2.289460161432026e-117
126,GYRO_Y__number_peaks__n_1,1.617328626359575e-88,3.1430632651759306e-74,87.79120172646724,73.50264687719424,1.617328626359575e-88,3.1430632651759306e-74,2.254632163619651e-81
127,"MMA_Z__cwt_coefficients__coeff_4__w_10__widths_(2, 5, 10, 20)",4.933662854082318e-87,1.5053811274016782e-160,86.30683053170368,159.82235353291227,1.5053811274016782e-160,4.933662854082318e-87,8.618029327809358e-124
128,"MMA_Z__cwt_coefficients__coeff_8__w_20__widths_(2, 5, 10, 20)",1.1190285188252756e-85,5.863585184658513e-147,84.95115884518691,146.23183676114763,5.863585184658513e-147,1.1190285188252756e-85,2.5615462213659636e-116
129,ADXL_Z__mean,1.6237987459659146e-85,2.2890119706105424e-88,84.78946779832923,87.64035193613432,2.2890119706105424e-88,1.6237987459659146e-85,6.096634126613115e-87
130,"ADXL_Z__cwt_coefficients__coeff_4__w_10__widths_(2, 5, 10, 20)",3.4325982940442545e-84,2.8916156311374653e-157,83.46437701768922,156.53885943626344,2.8916156311374653e-157,3.4325982940442545e-84,9.962808280035385e-121
131,ADXL_X__range_count__max_1000000000000.0__min_0,4.881715741369894e-84,6.417156066016594e-80,83.3114275128231,79.19265739848571,4.881715741369894e-84,6.417156066016594e-80,5.597028835221461e-82
132,"MMA_Z__cwt_coefficients__coeff_8__w_5__widths_(2, 5, 10, 20)",3.250568903429833e-83,2.0276924909863976e-176,82.48804062363705,175.69299790712662,2.0276924909863976e-176,3.250568903429833e-83,8.118592339142643e-130
133,MMA_Z__quantile__q_0.2,3.2577694018466425e-83,1.3664758586863192e-103,82.48707966006738,102.86439803651572,1.3664758586863192e-103,3.2577694018466425e-83,2.1098965000185217e-93
134,ADXL_Y__benford_correlation,4.139400711493075e-83,1.85358522712839e-74,82.38306253002187,73.73198744048383,4.139400711493075e-83,1.85358522712839e-74,8.759413226916692e-79
135,ADXL_X__range_count__max_0__min_-1000000000000.0,1.0013102855102198e-82,1.4556692749314098e-83,81.99943132271669,82.83693728462981,1.4556692749314098e-83,1.0013102855102198e-82,3.817822176699728e-83
136,"ADXL_Z__cwt_coefficients__coeff_8__w_20__widths_(2, 5, 10, 20)",1.1761456573478106e-82,2.5691756533586586e-142,81.9295388906194,141.59020620220446,2.5691756533586586e-142,1.1761456573478106e-82,1.738310900748629e-112
137,MMA_Z__sum_values,3.317240818350805e-82,6.513063020164663e-81,81.47922299930218,80.18621471958772,3.317240818350805e-82,6.513063020164663e-81,1.4698774949968243e-81
138,"MMA_Z__fft_coefficient__attr_""real""__coeff_0",3.317240818350805e-82,6.513063020164663e-81,81.47922299930218,80.18621471958772,3.317240818350805e-82,6.513063020164663e-81,1.4698774949968243e-81
139,"MMA_Z__cwt_coefficients__coeff_1__w_2__widths_(2, 5, 10, 20)",3.429144848965741e-82,3.632517036714722e-182,81.46481416965966,181.43979234015896,3.632517036714722e-182,3.429144848965741e-82,3.5293663858022147e-132
140,"ADXL_Z__cwt_coefficients__coeff_1__w_2__widths_(2, 5, 10, 20)",2.1591695530771553e-81,3.162833883608451e-179,80.66571325248998,178.49992361722963,3.162833883608451e-179,2.1591695530771553e-81,2.6132536468793345e-130
141,MMA_Z__sum_of_reoccurring_data_points,8.586706980501944e-79,1.0692429224790936e-79,78.06617335705265,78.97092361573885,1.0692429224790936e-79,8.586706980501944e-79,3.0300619905050673e-79
142,"MMA_Z__cwt_coefficients__coeff_7__w_20__widths_(2, 5, 10, 20)",1.8891231323889893e-78,9.359393004499621e-144,77.72373973399226,143.0287523161491,9.359393004499621e-144,1.8891231323889893e-78,4.204883569127678e-111
143,"ADXL_Z__fft_coefficient__attr_""angle""__coeff_0",5.154034545871488e-78,8.907458847499487e-73,77.28785267483613,72.0502461754148,5.154034545871488e-78,8.907458847499487e-73,2.1426467421378865e-75
144,"ADXL_Z__cwt_coefficients__coeff_8__w_5__widths_(2, 5, 10, 20)",6.7819622521143815e-78,2.299048915674496e-171,77.16864463180123,170.63845178837337,2.299048915674496e-171,6.7819622521143815e-78,1.248681823438979e-124
145,MMA_Y__number_crossing_m__m_-1,8.328177288262389e-77,1.1691950022582384e-36,76.07945003824122,35.93211304970898,8.328177288262389e-77,1.1691950022582384e-36,9.867757224089451e-57
146,"MMA_Z__fft_coefficient__attr_""angle""__coeff_0",9.61736122792954e-76,8.4826510226033e-71,75.01694407155395,70.07146839956384,9.61736122792954e-76,8.4826510226033e-71,2.8562338674352606e-73
147,"ADXL_Z__cwt_coefficients__coeff_7__w_20__widths_(2, 5, 10, 20)",1.646134731836964e-75,9.933856306588534e-139,74.7835346217977,138.00288212637292,9.933856306588534e-139,1.646134731836964e-75,4.043818231245446e-107
148,MMA_Z__mean,3.5053025679442807e-75,1.3393458337374554e-78,74.45527448899055,77.87310726892426,1.3393458337374554e-78,3.5053025679442807e-75,6.8518701026547314e-77
149,ADXL_Z__quantile__q_0.9,5.745807241188397e-74,8.01536809246091e-97,73.24064894769535,96.09607652859944,8.01536809246091e-97,5.745807241188397e-74,2.1460372789504922e-85
150,"ADXL_Z__cwt_coefficients__coeff_2__w_5__widths_(2, 5, 10, 20)",3.317077410233681e-72,1.0025435610556818e-169,71.47924439328455,168.99889674796952,1.0025435610556818e-169,3.317077410233681e-72,5.766727494127873e-121
151,"MMA_Z__cwt_coefficients__coeff_2__w_5__widths_(2, 5, 10, 20)",8.698432866441326e-71,1.4399005574418439e-169,70.06055898402074,168.8416675001586,1.4399005574418439e-169,8.698432866441326e-71,3.539050484700567e-120
152,"MMA_Z__cwt_coefficients__coeff_3__w_10__widths_(2, 5, 10, 20)",4.6862895772454437e-70,8.813094399952731e-153,69.32917087879622,152.05487157798194,8.813094399952731e-153,4.6862895772454437e-70,2.032257671403375e-111
153,ADXL_Z__quantile__q_0.3,8.412165552018363e-70,8.856703239218822e-105,69.07509218895522,104.05272790694565,8.856703239218822e-105,8.412165552018363e-70,2.72954307336239e-87
154,"ADXL_Z__cwt_coefficients__coeff_3__w_2__widths_(2, 5, 10, 20)",2.597094119784179e-69,2.8018515782876032e-182,68.58551231107064,181.55255487420297,2.8018515782876032e-182,2.597094119784179e-69,8.53034129357012e-126
155,"MMA_Z__cwt_coefficients__coeff_3__w_2__widths_(2, 5, 10, 20)",4.376566900253002e-69,1.8422065179168214e-183,68.3588664285152,182.73466168545065,1.8422065179168214e-183,4.376566900253002e-69,2.839461228780048e-126
156,MMA_Z__quantile__q_0.9,4.678168262397472e-69,6.60722729797992e-95,68.32992416172384,94.17998075258922,6.60722729797992e-95,4.678168262397472e-69,5.559651162425199e-82
157,"MMA_Z__cwt_coefficients__coeff_6__w_20__widths_(2, 5, 10, 20)",6.72133995613953e-69,3.1830749343193047e-139,68.17254413802554,138.49715313732045,3.1830749343193047e-139,6.72133995613953e-69,4.6254220066310227e-104
158,"ADXL_Z__cwt_coefficients__coeff_3__w_10__widths_(2, 5, 10, 20)",5.947947044935825e-68,7.619931031025159e-150,67.22563290669254,149.11804895949777,7.619931031025159e-150,5.947947044935825e-68,6.732231892812435e-109
159,GYRO_Y__permutation_entropy__dimension_7__tau_1,1.1041026342751132e-67,2.67281388145675e-65,66.95699055393693,64.57303128182353,1.1041026342751132e-67,2.67281388145675e-65,1.7178652006032044e-66
160,ADXL_Z__quantile__q_0.8,3.600227694401901e-67,6.408810046034295e-91,66.4436700316507,90.1932226004992,6.408810046034295e-91,3.600227694401901e-67,4.8034545293875524e-79
161,"MMA_Z__cwt_coefficients__coeff_9__w_5__widths_(2, 5, 10, 20)",1.3411257622372503e-66,2.5186154135426098e-171,65.87253049486672,170.59883814315202,2.5186154135426098e-171,1.3411257622372503e-66,5.811867183848767e-119
162,"ADXL_Z__cwt_coefficients__coeff_6__w_20__widths_(2, 5, 10, 20)",4.34356453185393e-66,6.923276182437982e-134,65.36215372183837,133.1596883432237,6.923276182437982e-134,4.34356453185393e-66,5.483766668109312e-100
163,GYRO_Y__permutation_entropy__dimension_6__tau_1,1.09085285443735e-64,3.2163474721147884e-63,63.96223382761125,62.49263703919274,1.09085285443735e-64,3.2163474721147884e-63,5.923311422522685e-64
164,GYRO_Z__number_peaks__n_3,4.249995166827332e-62,5.278741570351515e-73,61.37161156383708,72.27746959909348,5.278741570351515e-73,4.249995166827332e-62,1.497819286860884e-67
165,MMA_Z__quantile__q_0.8,1.4610793373444574e-60,2.409557077853045e-86,59.835326201016144,85.61806278162548,2.409557077853045e-86,1.4610793373444574e-60,1.876313955233285e-73
166,MMA_Z__quantile__q_0.3,2.420908207698532e-60,9.444126964281934e-92,59.61602167716123,91.02483818301681,9.444126964281934e-92,2.420908207698532e-60,4.7815650662076276e-76
167,GYRO_Y__permutation_entropy__dimension_5__tau_1,2.420908207698532e-60,1.906313261854951e-60,59.61602167716123,59.719805730814116,1.906313261854951e-60,2.420908207698532e-60,2.1482572988516092e-60
168,"ADXL_Z__cwt_coefficients__coeff_9__w_5__widths_(2, 5, 10, 20)",4.5983408898785356e-60,2.76691789357088e-165,59.337398836219094,164.55800372806473,2.76691789357088e-165,4.5983408898785356e-60,1.1279730355351392e-112
169,GYRO_X__permutation_entropy__dimension_7__tau_1,1.0078420893130216e-59,7.386955300915718e-60,58.99660750867652,59.13153452892329,7.386955300915718e-60,1.0078420893130216e-59,8.628374391585472e-60
170,"MMA_Z__agg_linear_trend__attr_""intercept""__chunk_len_50__f_agg_""min""",3.1871525433142075e-58,1.0190938299518296e-76,57.49659714985096,75.99178582781467,1.0190938299518296e-76,3.1871525433142075e-58,1.802222930718281e-67
171,"GYRO_X__fft_coefficient__attr_""abs""__coeff_0",1.4199449559590657e-57,4.351958230044339e-95,56.847728490677916,94.36131528163439,4.351958230044339e-95,1.4199449559590657e-57,2.485868286393308e-76
172,"MMA_Z__cwt_coefficients__coeff_5__w_20__widths_(2, 5, 10, 20)",2.6241670852174065e-57,3.1554508293282543e-133,56.58100851614175,132.5009385829485,3.1554508293282543e-133,2.6241670852174065e-57,2.8775736663628913e-95
173,ADXL_Z__quantile__q_0.7,2.9250454148801016e-57,5.9743769032967135e-87,56.53386738658053,86.22370738269295,5.9743769032967135e-87,2.9250454148801016e-57,4.1803497183553475e-72
174,GYRO_Y__index_mass_quantile__q_0.9,6.528190258836581e-57,2.9957901380513734e-42,56.18520719690757,41.52348861322842,6.528190258836581e-57,2.9957901380513734e-42,1.3984665886872547e-49
175,GYRO_Z__count_below__t_0,8.963460458138163e-57,6.934072659001257e-53,56.04752429304566,52.15901161188095,8.963460458138163e-57,6.934072659001257e-53,7.883735541785678e-55
176,MMA_X__count_below__t_0,1.5464129743032197e-56,3.048587489233601e-52,55.81067451526206,51.51590133695626,1.5464129743032197e-56,3.048587489233601e-52,2.1712612110589822e-54
177,MMA_X__count_above__t_0,1.6322922753644968e-55,1.871295004064127e-51,54.78720207461827,50.72785774187578,1.6322922753644968e-55,1.871295004064127e-51,1.7477128997813254e-53
178,GYRO_Y__permutation_entropy__dimension_4__tau_1,5.4039268592647886e-55,2.8510207374090303e-57,54.26729053767234,56.544999623760496,2.8510207374090303e-57,5.4039268592647886e-55,3.925137900661015e-56
179,"ADXL_Z__agg_linear_trend__attr_""intercept""__chunk_len_50__f_agg_""min""",5.925716853866031e-55,3.603096545223403e-75,54.22725910407794,74.44332410077057,3.603096545223403e-75,5.925716853866031e-55,4.620706647704092e-65
180,GYRO_Z__ar_coefficient__coeff_3__k_10,6.0924926945495435e-55,3.022071457199027e-56,54.21520498290134,55.51969527093666,3.022071457199027e-56,6.0924926945495435e-55,1.3569063444243955e-55
181,"ADXL_Z__cwt_coefficients__coeff_5__w_20__widths_(2, 5, 10, 20)",1.0178165646102547e-54,1.903990625388384e-127,53.99233048541371,126.72033519426674,1.903990625388384e-127,1.0178165646102547e-54,4.40217355108012e-91
182,GYRO_X__permutation_entropy__dimension_6__tau_1,2.0626823467799438e-54,1.543760235777436e-54,53.685567648256914,53.81142014983226,1.543760235777436e-54,2.0626823467799438e-54,1.7844570563616713e-54
183,ADXL_X__value_count__value_0,9.809415053281293e-54,8.249613321079232e-57,53.008356889328134,56.08356640738428,8.249613321079232e-57,9.809415053281293e-54,2.8447123069924752e-55
184,GYRO_Y__mean,1.3787230555297795e-53,3.793223506615023e-70,52.86052296191283,69.42099156678053,3.793223506615023e-70,1.3787230555297795e-53,7.231738866515887e-62
185,GYRO_Y__range_count__max_1000000000000.0__min_0,2.2465016579004454e-52,1.2046240815979625e-74,51.64849325656495,73.91914845911283,1.2046240815979625e-74,2.2465016579004454e-52,1.6450501501342213e-63
186,GYRO_Y__number_cwt_peaks__n_1,3.3283152654534093e-52,1.7059543154392104e-58,51.47777554308986,57.76803260319095,1.7059543154392104e-58,3.3283152654534093e-52,2.3828457336223942e-55
187,GYRO_X__ar_coefficient__coeff_0__k_10,2.763763202907358e-51,5.019007325920115e-174,50.55849916971902,173.29938217040595,5.019007325920115e-174,2.763763202907358e-51,1.1777668598878333e-112
188,GYRO_X__permutation_entropy__dimension_5__tau_1,4.2605106934439194e-51,1.0918268945006864e-50,50.370538340321836,49.961846212109755,4.2605106934439194e-51,1.0918268945006864e-50,6.820366675927212e-51
189,MMA_Z__quantile__q_0.7,2.1359891011053528e-49,4.6978433435655066e-80,48.67040096762751,79.32810146949954,4.6978433435655066e-80,2.1359891011053528e-49,1.0017256201453695e-64
190,GYRO_X__number_peaks__n_1,3.0804100259556817e-49,1.8533478147547962e-44,48.511391471759914,43.73204306969685,3.0804100259556817e-49,1.8533478147547962e-44,7.55583958945247e-47
191,GYRO_X__permutation_entropy__dimension_4__tau_1,6.3150862534006985e-49,4.09824653640028e-48,48.19962071333982,47.38740191948834,6.3150862534006985e-49,4.09824653640028e-48,1.6087504581217198e-48
192,ADXL_Z__quantile__q_0.6,2.661128208153668e-48,3.351208812616784e-85,47.57493420145298,84.47479851058853,3.351208812616784e-85,2.661128208153668e-48,9.443514336658617e-67
193,ADXL_Z__quantile__q_0.4,3.189424878471942e-48,1.463401835114684e-89,47.49628762246769,88.8346364046944,1.463401835114684e-89,3.189424878471942e-48,6.831844714362489e-69
194,GYRO_X__ar_coefficient__coeff_2__k_10,8.606474861067276e-48,5.14949417849651e-50,47.065174695454054,49.28823542848823,5.14949417849651e-50,8.606474861067276e-48,6.65725109894786e-49
195,GYRO_X__ar_coefficient__coeff_3__k_10,1.6484202195375676e-47,3.5319789679335024e-47,46.782932067054674,46.451981891203644,1.6484202195375676e-47,3.5319789679335024e-47,2.4129205427703197e-47
196,GYRO_X__permutation_entropy__dimension_3__tau_1,2.4920795897801903e-47,3.981463748319396e-46,46.60343809168767,45.399957234220416,2.4920795897801903e-47,3.981463748319396e-46,9.96098616836531e-47
197,"GYRO_X__agg_linear_trend__attr_""intercept""__chunk_len_5__f_agg_""min""",3.9074239587355876e-47,2.4791724641759053e-70,46.40810946490772,69.60569326039045,2.4791724641759053e-70,3.9074239587355876e-47,9.842346206244971e-59
198,"MMA_Z__cwt_coefficients__coeff_10__w_5__widths_(2, 5, 10, 20)",6.559443717636101e-47,6.787569066236821e-165,46.18313298998485,164.16828573826012,6.787569066236821e-165,6.559443717636101e-47,6.672531548786281e-106
199,GYRO_Y__permutation_entropy__dimension_3__tau_1,8.782007058826187e-47,1.940157931730371e-53,46.05640621815306,52.71216291641652,1.940157931730371e-53,8.782007058826187e-47,4.127769452342722e-50
200,"ADXL_X__fft_coefficient__attr_""angle""__coeff_0",1.0111354730132091e-46,8.08899845035577e-45,45.99519065327101,44.09210524778337,1.0111354730132091e-46,8.08899845035577e-45,9.043822905333561e-46
201,ADXL_Z__median,2.5686237193066788e-45,3.068414245859953e-84,44.59029951138088,83.51308600960353,3.068414245859953e-84,2.5686237193066788e-45,8.877838482747019e-65
202,GYRO_Y__number_crossing_m__m_0,5.632281779387992e-45,1.8418187153674342e-138,44.24931562585243,137.73475311832487,1.8418187153674342e-138,5.632281779387992e-45,1.0185107751761784e-91
203,"MMA_Z__cwt_coefficients__coeff_2__w_10__widths_(2, 5, 10, 20)",6.155874389905147e-45,8.750143254365612e-140,44.21071025049222,139.0579848367981,8.750143254365612e-140,6.155874389905147e-45,2.3208787725245486e-92
204,MMA_Z__friedrich_coefficients__coeff_1__m_3__r_30,1.4480784175530749e-44,1.3479622673487621e-59,43.8392079192242,58.87032226456003,1.3479622673487621e-59,1.4480784175530749e-44,4.418093556075573e-52
205,GYRO_Y__range_count__max_0__min_-1000000000000.0,2.0853106864217842e-44,8.868623778621421e-80,43.68082923117145,79.05214376818657,8.868623778621421e-80,2.0853106864217842e-44,4.300446016335235e-62
206,MMA_X__range_count__max_1000000000000.0__min_0,4.014742150133916e-44,2.5525350574347504e-44,43.396342342382816,43.59302828444344,2.5525350574347504e-44,4.014742150133916e-44,3.201213845524505e-44
207,"ADXL_Z__cwt_coefficients__coeff_2__w_10__widths_(2, 5, 10, 20)",1.1285130189689835e-43,9.425172608245366e-137,42.947493426365774,136.02571068758135,9.425172608245366e-137,1.1285130189689835e-43,3.2613540124363604e-90
208,"MMA_Z__cwt_coefficients__coeff_4__w_20__widths_(2, 5, 10, 20)",1.1689346913541474e-43,5.344622190204512e-125,42.93220975229139,124.27208298952137,5.344622190204512e-125,1.1689346913541474e-43,2.4995028086223944e-84
209,"GYRO_Y__fft_coefficient__attr_""real""__coeff_0",1.1707667787982549e-42,1.902735408768393e-63,41.93152960942692,62.72062159978503,1.902735408768393e-63,1.1707667787982549e-42,4.719808688314763e-53
210,GYRO_Y__sum_values,1.1707667787982549e-42,1.902735408768393e-63,41.93152960942692,62.72062159978503,1.902735408768393e-63,1.1707667787982549e-42,4.719808688314763e-53
211,GYRO_Y__quantile__q_0.4,1.492282941057348e-42,9.677489505221154e-261,41.82614882559659,260.01423729098053,9.677489505221154e-261,1.492282941057348e-42,1.2017301070083517e-151
212,GYRO_X__quantile__q_0.3,2.1731624245197348e-42,1.2203937291339983e-263,41.662907812825146,262.91350003260084,1.2203937291339983e-263,2.1731624245197348e-42,5.149867760703686e-153
213,"GYRO_X__fft_aggregated__aggtype_""kurtosis""",2.4279143911676898e-42,2.3593147247630904e-38,41.61476663065236,37.62721412180581,2.4279143911676898e-42,2.3593147247630904e-38,2.3933687917966477e-40
214,GYRO_X__ar_coefficient__coeff_1__k_10,3.300432784880033e-42,2.7680060776812907e-61,41.48142910746714,60.55783296063849,2.7680060776812907e-61,3.300432784880033e-42,9.5580426905965e-52
215,MMA_X__range_count__max_0__min_-1000000000000.0,1.290243223239984e-41,1.2371096628807219e-42,40.88932841330216,41.90759180087774,1.2371096628807219e-42,1.290243223239984e-41,3.9952125837513985e-42
216,"ADXL_Z__cwt_coefficients__coeff_4__w_20__widths_(2, 5, 10, 20)",2.2118995733549674e-41,2.4727466919301813e-119,40.655234595146666,118.60682037046907,2.4727466919301813e-119,2.2118995733549674e-41,2.33868923820487e-80
217,GYRO_Z__permutation_entropy__dimension_4__tau_1,2.698361018262376e-41,3.26416141532205e-89,40.56889994578707,88.48622837318707,3.26416141532205e-89,2.698361018262376e-41,2.9678082688107e-65
218,"ADXL_Z__cwt_coefficients__coeff_10__w_5__widths_(2, 5, 10, 20)",3.413372824499921e-40,1.2791156383789742e-156,39.46681627346173,155.89309019137772,1.2791156383789742e-156,3.413372824499921e-40,2.0895211316078282e-98
219,MMA_Z__quantile__q_0.4,9.886083011355228e-40,2.3140487046778577e-78,39.00497574718071,77.63562750452418,2.3140487046778577e-78,9.886083011355228e-40,4.782977899464343e-59
220,MMA_Z__quantile__q_0.6,2.9877165680639257e-39,5.48112664039976e-76,38.52466060456892,75.26113016351958,5.48112664039976e-76,2.9877165680639257e-39,1.279689527783162e-57
221,GYRO_X__index_mass_quantile__q_0.9,3.0886740775554756e-39,4.3026545774709104e-29,38.51022791681575,28.36626351822603,3.0886740775554756e-39,4.3026545774709104e-29,3.645476328013914e-34
222,GYRO_Y__quantile__q_0.6,1.0055056891362195e-38,6.598220497862898e-250,37.997615467828574,249.1805731753919,6.598220497862898e-250,1.0055056891362195e-38,2.5757616832262185e-144
223,"ADXL_Z__fft_coefficient__attr_""abs""__coeff_0",2.3231984377027423e-38,9.082854288882307e-33,37.6339136930329,32.0417776528976,2.3231984377027423e-38,9.082854288882307e-33,1.4526277187845834e-35
224,"ADXL_X__cwt_coefficients__coeff_14__w_20__widths_(2, 5, 10, 20)",2.3358626471591995e-38,5.014786164763886e-120,37.63155269808986,119.29974758097717,5.014786164763886e-120,2.3358626471591995e-38,3.42255046504251e-79
225,GYRO_Y__fourier_entropy__bins_100,8.69939854576482e-38,3.705989206108161e-43,37.06051077235666,42.43109584992119,3.705989206108161e-43,8.69939854576482e-38,1.7955466329292997e-40
226,ADXL_Z__ar_coefficient__coeff_0__k_10,9.265917172596696e-38,5.564425373659483e-79,37.033111586244345,78.2545796776786,5.564425373659483e-79,9.265917172596696e-38,2.2706718086377914e-58
227,GYRO_X__number_cwt_peaks__n_1,1.4812275500706751e-37,2.9525026516162887e-32,36.82937821889346,31.52980970367827,1.4812275500706751e-37,2.9525026516162887e-32,6.613114447241003e-35
228,MMA_Z__ar_coefficient__coeff_0__k_10,2.6103139764431965e-36,2.7730645492717802e-83,35.583307251268764,82.5570400211303,2.7730645492717802e-83,2.6103139764431965e-36,8.507978109129855e-60
229,"ADXL_Z__cwt_coefficients__coeff_1__w_5__widths_(2, 5, 10, 20)",1.2169386486820226e-35,1.6654453265133328e-154,34.91473131594453,153.77846961982257,1.6654453265133328e-154,1.2169386486820226e-35,4.501938232695919e-95
230,MMA_Z__median,2.275174762135723e-35,3.817602773663711e-73,34.642985238428345,72.41820926247476,3.817602773663711e-73,2.275174762135723e-35,2.947153454182359e-54
231,GYRO_Z__number_crossing_m__m_-1,3.625816647173166e-35,9.393857748510105e-72,34.440594161391715,71.02715602063827,9.393857748510105e-72,3.625816647173166e-35,1.8455461469636726e-53
232,"ADXL_X__cwt_coefficients__coeff_13__w_20__widths_(2, 5, 10, 20)",6.21238809968445e-35,8.256611652040994e-119,34.20674142089479,118.08319814187156,8.256611652040994e-119,6.21238809968445e-35,7.161932418757903e-77
233,"ADXL_Y__fft_aggregated__aggtype_""kurtosis""",9.488835774233202e-35,8.815555603679875e-32,34.022787069747956,31.05475031093037,9.488835774233202e-35,8.815555603679875e-32,2.8922198979666045e-33
234,MMA_Y__range_count__max_1__min_-1,9.513982376787463e-35,1.580645702398389e-25,34.021637657380175,24.801165465132158,9.513982376787463e-35,1.580645702398389e-25,3.877916367917585e-30
235,ADXL_X__ar_coefficient__coeff_0__k_10,1.5032763453906806e-34,5.032836556823748e-58,33.8229611762684,57.29818717324326,5.032836556823748e-58,1.5032763453906806e-34,2.7505897814997097e-46
236,"ADXL_Z__fft_aggregated__aggtype_""skew""",6.088061243197066e-34,2.2812396659795308e-40,33.21552098740556,39.64182908554991,2.2812396659795308e-40,6.088061243197066e-34,3.7267045491819984e-37
237,ADXL_Z__index_mass_quantile__q_0.1,7.267707592721409e-34,4.236315139255456e-27,33.138602554316975,26.37301174021967,7.267707592721409e-34,4.236315139255456e-27,1.7546595026593487e-30
238,"MMA_Z__cwt_coefficients__coeff_1__w_5__widths_(2, 5, 10, 20)",1.1070242933000558e-33,2.914649647487744e-154,32.95584284856085,153.5354136416965,2.914649647487744e-154,1.1070242933000558e-33,5.680306300039969e-94
239,"GYRO_Z__augmented_dickey_fuller__attr_""usedlag""__autolag_""AIC""",2.1087494833111105e-33,4.680752113207335e-22,32.67597501081428,21.32968435795754,2.1087494833111105e-33,4.680752113207335e-22,9.935055913397446e-28
240,"MMA_X__fft_coefficient__attr_""angle""__coeff_0",5.138452222556886e-33,4.0365982729226616e-32,32.28916767719724,31.393984469944222,5.138452222556886e-33,4.0365982729226616e-32,1.4402037136137628e-32
241,MMA_X__ar_coefficient__coeff_0__k_10,8.599086313827346e-33,3.243893875568194e-40,32.06554769177311,39.488933362231855,3.243893875568194e-40,8.599086313827346e-33,1.6701653639357633e-36
242,GYRO_Z__range_count__max_0__min_-1000000000000.0,1.0979156567480004e-32,3.4515066146664505e-42,31.95943102164901,41.46199128996787,3.4515066146664505e-42,1.0979156567480004e-32,1.946654348263087e-37
243,GYRO_Y__ar_coefficient__coeff_0__k_10,2.0661065404609039e-32,5.650350274306808e-56,31.684847287491483,55.24792462873218,5.650350274306808e-56,2.0661065404609039e-32,3.416756599121506e-44
244,GYRO_Z__ar_coefficient__coeff_2__k_10,2.279111359807187e-32,5.2049800439243934e-31,31.64223445421049,30.28358093125049,2.279111359807187e-32,5.2049800439243934e-31,1.0891615649515822e-31
245,ADXL_Z__value_count__value_0,2.51796718288288e-32,1.5500268909588278e-77,31.59894993442901,76.80966076731762,1.5500268909588278e-77,2.51796718288288e-32,6.247332906145077e-55
246,"ADXL_Z__cwt_coefficients__coeff_4__w_2__widths_(2, 5, 10, 20)",1.139481227624743e-31,1.2556280504939048e-167,30.943292825205976,166.90113899080677,1.2556280504939048e-167,1.139481227624743e-31,1.1961457237380643e-99
247,"ADXL_X__cwt_coefficients__coeff_12__w_20__widths_(2, 5, 10, 20)",1.1456288413900723e-31,3.0994121124192467e-117,30.94095606146526,116.50872067408334,3.0994121124192467e-117,1.1456288413900723e-31,1.884350261321185e-74
248,ADXL_Z__c3__lag_3,1.2660510422412475e-31,1.149104521005564e-71,30.897548784905663,70.93964046667163,1.149104521005564e-71,1.2660510422412475e-31,1.2061612564094503e-51
249,GYRO_Z__permutation_entropy__dimension_5__tau_1,1.4226109032563407e-31,1.1815517557512888e-66,30.846913867080655,65.92754725012564,1.1815517557512888e-66,1.4226109032563407e-31,4.099863912977425e-49
250,GYRO_Z__median,2.073942039440138e-31,1.8062271660926445e-217,30.68320338502656,216.74322763011537,1.8062271660926445e-217,2.073942039440138e-31,1.9354613022580328e-124
251,GYRO_X__ar_coefficient__coeff_4__k_10,3.4720554827769363e-31,5.648080379130191e-38,30.45941334349804,37.248099131367674,5.648080379130191e-38,3.4720554827769363e-31,1.40037310912213e-34
252,"GYRO_X__fft_coefficient__attr_""abs""__coeff_74",1.3969807322817245e-30,4.408633630476549e-16,29.854809583808102,15.355695990734468,1.3969807322817245e-30,4.408633630476549e-16,2.481688182964364e-23
253,MMA_Z__index_mass_quantile__q_0.1,1.603802053933574e-30,1.4273084443258e-23,29.794849234673606,22.845482164801556,1.603802053933574e-30,1.4273084443258e-23,4.7844751170911654e-27
254,GYRO_X__spkt_welch_density__coeff_8,5.103196966997391e-30,3.4290808949096663e-25,29.292157668973424,24.464822269391185,5.103196966997391e-30,3.4290808949096663e-25,1.3228482612337557e-27
255,ADXL_Z__c3__lag_2,1.0429166564319033e-29,3.4664459926279964e-66,28.981750396365374,65.4601155617385,3.4664459926279964e-66,1.0429166564319033e-29,6.012665186365661e-48
256,"GYRO_X__fft_coefficient__attr_""abs""__coeff_65",1.4791829344430568e-29,7.220250630996919e-15,28.829978112341017,14.141447726838981,1.4791829344430568e-29,7.220250630996919e-15,3.2680378693907992e-22
257,GYRO_Y__autocorrelation__lag_9,4.525594320304272e-29,5.7503632983673364e-30,28.344324379314063,29.240304716442193,5.7503632983673364e-30,4.525594320304272e-29,1.6131897434206975e-29
258,"MMA_Z__cwt_coefficients__coeff_4__w_2__widths_(2, 5, 10, 20)",5.253921022085343e-29,2.6273097952626263e-170,28.279516459896033,169.58048871501728,2.6273097952626263e-170,5.253921022085343e-29,1.1748905551097537e-99
259,"GYRO_X__fft_aggregated__aggtype_""skew""",8.506925894784748e-29,1.1821747676875266e-25,28.070227350388496,24.927318314460162,8.506925894784748e-29,1.1821747676875266e-25,3.1712258108501457e-27
260,ADXL_Z__number_crossing_m__m_0,9.760189191456526e-29,4.775857155026888e-51,28.010541763889737,50.320948671349235,4.775857155026888e-51,9.760189191456526e-29,6.82739111113709e-40
261,"GYRO_X__fft_coefficient__attr_""abs""__coeff_68",1.358242642105578e-28,1.684360519758959e-15,27.867022638955092,14.773564946693575,1.358242642105578e-28,1.684360519758959e-15,4.783064167054142e-22
262,"GYRO_X__fft_coefficient__attr_""abs""__coeff_73",1.510108775963075e-28,9.873461672707409e-14,27.820991768535265,13.005530555356918,1.510108775963075e-28,9.873461672707409e-14,3.8613470604298854e-21
263,GYRO_Z__range_count__max_1000000000000.0__min_0,1.8855556985151327e-28,9.112316779675997e-53,27.72456063419419,52.04037119089626,9.112316779675997e-53,1.8855556985151327e-28,1.3107929215018343e-40
264,"MMA_Z__cwt_coefficients__coeff_3__w_20__widths_(2, 5, 10, 20)",2.127692401723121e-28,2.4437490409436319e-113,27.67209115734042,112.61194339570015,2.4437490409436319e-113,2.127692401723121e-28,7.210787936234105e-71
265,GYRO_X__number_crossing_m__m_-1,2.392937081585248e-28,5.362831138756729e-89,27.621068720308237,88.27060587759608,5.362831138756729e-89,2.392937081585248e-28,1.132824677265243e-58
266,"GYRO_X__fft_coefficient__attr_""abs""__coeff_72",2.91401254282872e-28,4.677937140620386e-14,27.53550858322163,13.329945618282556,2.91401254282872e-28,4.677937140620386e-14,3.692095272651035e-21
267,GYRO_Y__autocorrelation__lag_8,3.28029972289206e-28,1.2126342814903417e-29,27.484086472736134,28.91627015830818,1.2126342814903417e-29,3.28029972289206e-28,6.306983349860835e-29
268,GYRO_X__quantile__q_0.7,3.859325400723605e-28,2.015365583372995e-277,27.413488602153976,276.6956461622076,2.015365583372995e-277,3.859325400723605e-28,8.819269577269733e-153
269,"ADXL_X__cwt_coefficients__coeff_11__w_20__widths_(2, 5, 10, 20)",5.485581719483306e-28,1.5840100507013909e-115,27.260777310812035,114.80024206709608,1.5840100507013909e-115,5.485581719483306e-28,9.32159673961783e-72
270,ADXL_Z__number_crossing_m__m_1,5.912361350339562e-28,7.337618435815321e-15,27.22823903069193,14.134444875780998,5.912361350339562e-28,7.337618435815321e-15,2.082850250100893e-21
271,"MMA_Z__change_quantiles__f_agg_""mean""__isabs_False__qh_0.6__ql_0.2",7.03364805344903e-28,1.9057639091012437e-12,27.152819366509412,11.719930901874669,7.03364805344903e-28,1.9057639091012437e-12,3.661211904490558e-20
272,"GYRO_X__fft_coefficient__attr_""abs""__coeff_75",7.4239031383257135e-28,1.4523044800414231e-13,27.12936770310992,12.83794232293397,7.4239031383257135e-28,1.4523044800414231e-13,1.0383529162661419e-20
273,MMA_Z__skewness,7.696257712711542e-28,2.341071707941103e-32,27.113720398177282,31.630585283489975,2.341071707941103e-32,7.696257712711542e-28,4.244701542894682e-30
274,GYRO_Y__sum_of_reoccurring_values,9.246606006037206e-28,2.06474237148107e-64,27.03401764708078,63.68513412978201,2.06474237148107e-64,9.246606006037206e-28,4.369423212857318e-46
275,"MMA_Z__cwt_coefficients__coeff_11__w_5__widths_(2, 5, 10, 20)",9.34076635836307e-28,1.084538919389792e-154,27.029617490841144,153.96475485842808,1.084538919389792e-154,9.34076635836307e-28,3.182832803112914e-91
276,GYRO_Y__ar_coefficient__coeff_3__k_10,1.644673904065072e-27,1.2566262995973646e-25,26.783920198445998,24.900793855291344,1.644673904065072e-27,1.2566262995973646e-25,1.437616249946293e-26
277,"ADXL_Z__change_quantiles__f_agg_""mean""__isabs_False__qh_0.6__ql_0.2",1.80958294353592e-27,1.1221108055200946e-11,26.74242150589958,10.949964255513109,1.80958294353592e-27,1.1221108055200946e-11,1.4249745872914768e-19
278,"MMA_Z__change_quantiles__f_agg_""mean""__isabs_False__qh_0.4__ql_0.2",3.5356838129187685e-27,2.2723136018414645e-06,26.45152657975751,5.64353173187358,3.5356838129187685e-27,2.2723136018414645e-06,8.963360095358218e-17
279,GYRO_Y__ar_coefficient__coeff_4__k_10,4.3852577891311835e-27,7.280969076780478e-28,26.358004871372877,27.13781081344945,7.280969076780478e-28,4.3852577891311835e-27,1.7868667089734162e-27
280,"MMA_Z__fft_coefficient__attr_""abs""__coeff_0",5.743367654295694e-27,2.5149738715115532e-24,26.240833382026125,23.599466522543363,5.743367654295694e-27,2.5149738715115532e-24,1.2018493909404068e-25
281,GYRO_Y__autocorrelation__lag_7,7.484980309906548e-27,1.289062742124232e-28,26.125809337780538,27.889725943860565,1.289062742124232e-28,7.484980309906548e-27,9.822733450030098e-28
282,GYRO_Z__permutation_entropy__dimension_6__tau_1,9.639945373531619e-27,4.7988341586910316e-54,26.015925427097272,53.31886425844638,4.7988341586910316e-54,9.639945373531619e-27,2.150825403105029e-40
283,"ADXL_Z__change_quantiles__f_agg_""mean""__isabs_False__qh_0.4__ql_0.2",1.0397935592643292e-26,8.978076261925853e-07,25.98305287702037,6.0468167099175565,1.0397935592643292e-26,8.978076261925853e-07,9.661959362227968e-17
284,"GYRO_X__fft_coefficient__attr_""abs""__coeff_66",1.040149812609399e-26,2.0066736368153094e-16,25.98290410483212,15.697523254944311,1.040149812609399e-26,2.0066736368153094e-16,1.444728765997848e-21
285,"MMA_Y__fft_aggregated__aggtype_""kurtosis""",1.111479599016277e-26,6.143378611804143e-24,25.9540985042794,23.211592718613304,1.111479599016277e-26,6.143378611804143e-24,2.613090123982187e-25
286,"ADXL_Z__cwt_coefficients__coeff_3__w_20__widths_(2, 5, 10, 20)",1.3603251804916347e-26,7.011649071315479e-108,25.86635726279724,107.15417982820361,7.011649071315479e-108,1.3603251804916347e-26,3.088385142510764e-67
287,MMA_Z__friedrich_coefficients__coeff_3__m_3__r_30,1.4360834817665947e-26,3.652913403939689e-55,25.84282031314612,54.437360623062354,3.652913403939689e-55,1.4360834817665947e-26,7.242850681687129e-41
288,"MMA_Z__change_quantiles__f_agg_""mean""__isabs_False__qh_0.8__ql_0.2",1.5282261494934756e-26,3.1274663603595264e-14,25.815812373371784,13.504807352965894,1.5282261494934756e-26,3.1274663603595264e-14,2.1862012426953318e-20
289,ADXL_Z__value_count__value_1,2.208986125481456e-26,2.6343409076064055e-07,25.655807011899395,6.5793280240924945,2.208986125481456e-26,2.6343409076064055e-07,7.628382865778812e-17
290,GYRO_X__index_mass_quantile__q_0.3,2.611256636889258e-26,8.765686631820022e-27,25.58315044318752,26.05721405917875,8.765686631820022e-27,2.611256636889258e-26,1.5129262174419305e-26
291,"ADXL_Z__change_quantiles__f_agg_""mean""__isabs_False__qh_0.8__ql_0.2",2.690286034902312e-26,1.956948937835664e-12,25.570201542757566,11.70842050612816,2.690286034902312e-26,1.956948937835664e-12,2.2945048264225117e-19
292,"GYRO_X__agg_linear_trend__attr_""intercept""__chunk_len_5__f_agg_""max""",2.6940422797299514e-26,2.8727123374738766e-53,25.56959559283377,52.54170786043428,2.8727123374738766e-53,2.6940422797299514e-26,8.797277132531678e-40
293,"GYRO_X__fft_coefficient__attr_""abs""__coeff_77",4.0264851722788684e-26,2.8417718112611256e-15,25.395073895878475,14.546410798009124,4.0264851722788684e-26,2.8417718112611256e-15,1.0696893035383212e-20
294,"GYRO_X__agg_linear_trend__attr_""stderr""__chunk_len_5__f_agg_""mean""",4.0264851722788684e-26,8.241719762420209e-12,25.395073895878475,11.083982156579648,4.0264851722788684e-26,8.241719762420209e-12,5.760656422445509e-19
295,"MMA_Z__change_quantiles__f_agg_""mean""__isabs_False__qh_0.8__ql_0.4",5.447618605932855e-26,2.0066158329171597e-13,25.263793305488974,12.69753576533719,5.447618605932855e-26,2.0066158329171597e-13,1.0455275102243351e-19
296,GYRO_Y__fourier_entropy__bins_10,6.273937283592368e-26,9.105730424063982e-30,25.202459826971698,29.040685211163176,9.105730424063982e-30,6.273937283592368e-26,7.558358393320361e-28
297,GYRO_Z__ar_coefficient__coeff_1__k_10,6.419208552723141e-26,3.959130447817202e-28,25.192518514356927,27.4024001886156,3.959130447817202e-28,6.419208552723141e-26,5.041278015739142e-27
298,GYRO_Z__permutation_entropy__dimension_7__tau_1,2.207936174271375e-25,9.219273726404519e-48,24.65601348509247,47.035303290338824,9.219273726404519e-48,2.207936174271375e-25,1.4267294053547154e-36
299,"GYRO_Y__agg_linear_trend__attr_""rvalue""__chunk_len_5__f_agg_""var""",3.071801520525658e-25,1.843806935980009e-28,24.512606848967742,27.73428455564039,1.843806935980009e-28,3.071801520525658e-25,7.525828160075904e-27
300,"GYRO_Y__agg_linear_trend__attr_""intercept""__chunk_len_50__f_agg_""mean""",3.071801520525658e-25,1.1691950022582384e-36,24.512606848967742,35.93211304970898,1.1691950022582384e-36,3.071801520525658e-25,5.992941669771079e-31
301,"GYRO_X__agg_linear_trend__attr_""intercept""__chunk_len_10__f_agg_""min""",3.1994836097099967e-25,4.84742936385326e-50,24.49492011028962,49.314488510689124,4.84742936385326e-50,3.1994836097099967e-25,1.2453622283847964e-37
302,"GYRO_X__linear_trend__attr_""stderr""",3.537374687909066e-25,1.256611858455986e-11,24.45131893614993,10.900798846229424,3.537374687909066e-25,1.256611858455986e-11,2.10834223517639e-18
303,"GYRO_X__fft_coefficient__attr_""abs""__coeff_70",3.537374687909066e-25,1.7174948663194214e-14,24.45131893614993,13.765104552395037,3.537374687909066e-25,1.7174948663194214e-14,7.794499898474621e-20
304,"GYRO_Y__agg_linear_trend__attr_""intercept""__chunk_len_10__f_agg_""mean""",4.717319533260884e-25,1.891543106122906e-36,24.3263047053036,35.72318375717959,1.891543106122906e-36,4.717319533260884e-25,9.446170251757349e-31
305,"GYRO_Y__agg_linear_trend__attr_""intercept""__chunk_len_5__f_agg_""mean""",4.987827017506202e-25,2.0416900988464e-36,24.302088616670083,35.69001017732001,2.0416900988464e-36,4.987827017506202e-25,1.00913809938982e-30
306,"GYRO_X__fft_coefficient__attr_""abs""__coeff_69",5.007224825324129e-25,1.2231890312791629e-13,24.30040290826045,12.912506422033516,5.007224825324129e-25,1.2231890312791629e-13,2.474829788790574e-19
307,GYRO_Y__autocorrelation__lag_6,5.129680036969663e-25,9.176828023172446e-27,24.28990972309718,26.037307407043297,9.176828023172446e-27,5.129680036969663e-25,6.861063438940896e-26
308,"GYRO_Y__linear_trend__attr_""intercept""",5.179029380739355e-25,2.1800533856424104e-36,24.28575162521366,35.661532871163274,2.1800533856424104e-36,5.179029380739355e-25,1.062570493464897e-30
309,GYRO_X__energy_ratio_by_chunks__num_segments_10__segment_focus_2,5.662534146608855e-25,3.944094800494512e-14,24.246989166058302,13.40405265487767,5.662534146608855e-25,3.944094800494512e-14,1.4944420860395565e-19
310,"MMA_Z__agg_linear_trend__attr_""rvalue""__chunk_len_5__f_agg_""var""",6.244916251556711e-25,2.35780763682815e-25,24.204473381426062,24.627491629975403,2.35780763682815e-25,6.244916251556711e-25,3.8372270234210323e-25
311,ADXL_Z__c3__lag_1,6.6291583791875545e-25,1.5187017223738973e-58,24.17854160500034,57.81852751451596,1.5187017223738973e-58,6.6291583791875545e-25,1.0033800002173401e-41
312,"ADXL_Z__change_quantiles__f_agg_""mean""__isabs_False__qh_0.8__ql_0.4",9.641230235784581e-25,2.1992257164562987e-10,24.015867545918386,9.657730194749817,9.641230235784581e-25,2.1992257164562987e-10,1.4561332862349338e-17
313,"MMA_X__agg_linear_trend__attr_""rvalue""__chunk_len_5__f_agg_""var""",1.1574275864944688e-24,7.213203364611171e-25,23.936506170737335,24.1418718234063,7.213203364611171e-25,1.1574275864944688e-24,9.137155225339934e-25
314,"ADXL_X__agg_linear_trend__attr_""rvalue""__chunk_len_5__f_agg_""var""",1.4159566378164776e-24,3.026774289530129e-25,23.84895004625457,24.519019963736653,3.026774289530129e-25,1.4159566378164776e-24,6.5465877725976e-25
315,"GYRO_Y__fft_aggregated__aggtype_""kurtosis""",1.4936033223626428e-24,1.6286744214622862e-26,23.825764729015756,25.788165724220846,1.6286744214622862e-26,1.4936033223626428e-24,1.5596773791214406e-25
316,"GYRO_X__agg_linear_trend__attr_""stderr""__chunk_len_5__f_agg_""max""",1.718627687513207e-24,4.269970309020642e-11,23.764818195896652,10.369575144804795,1.718627687513207e-24,4.269970309020642e-11,8.566498233200191e-18
317,"ADXL_Y__fft_aggregated__aggtype_""skew""",2.534000954781245e-24,1.3363024034739165e-29,23.596193225815583,28.874095250469185,1.3363024034739165e-29,2.534000954781245e-24,5.8190992140359465e-27
318,"MMA_Z__agg_linear_trend__attr_""rvalue""__chunk_len_10__f_agg_""var""",2.6765944457655987e-24,4.231546890366164e-25,23.57241742758368,24.37350084228406,4.231546890366164e-25,2.6765944457655987e-24,1.0642431537835123e-24
319,"GYRO_X__fft_coefficient__attr_""abs""__coeff_67",3.080835983512457e-24,5.636264055109606e-16,23.51133142188804,15.249008668687114,3.080835983512457e-24,5.636264055109606e-16,4.167061928212672e-20
320,"ADXL_X__cwt_coefficients__coeff_10__w_20__widths_(2, 5, 10, 20)",3.080835983512457e-24,4.806463148912913e-113,23.51133142188804,112.31817438306898,4.806463148912913e-113,3.080835983512457e-24,1.2168781624549557e-68
321,ADXL_Z__skewness,3.5649171236966066e-24,3.294657107414179e-30,23.447950562064463,29.482189778067514,3.294657107414179e-30,3.5649171236966066e-24,3.427124091556875e-27
322,GYRO_X__root_mean_square,5.087705243330937e-24,2.1463362876863863e-14,23.29347805752139,13.668302231836726,5.087705243330937e-24,2.1463362876863863e-14,3.304531189868464e-19
323,GYRO_Z__number_peaks__n_5,5.1647851889083856e-24,2.218259694167375e-47,23.286947736721665,46.653987611865055,2.218259694167375e-47,5.1647851889083856e-24,1.0703660501710666e-35
324,MMA_Z__number_peaks__n_3,5.802868672735539e-24,1.3297139822340804e-26,23.236357258033035,25.876241764518447,1.3297139822340804e-26,5.802868672735539e-24,2.7777968988399e-25
325,GYRO_X__standard_deviation,7.794701007519458e-24,3.8404942629868e-14,23.108200539009434,13.415612879311029,7.794701007519458e-24,3.8404942629868e-14,5.471334800674869e-19
326,"ADXL_Z__change_quantiles__f_agg_""mean""__isabs_False__qh_1.0__ql_0.4",8.908961008788125e-24,2.801003983824306e-10,23.050172941806096,9.55268627348572,8.908961008788125e-24,2.801003983824306e-10,4.995401413034887e-17
327,"GYRO_X__agg_linear_trend__attr_""stderr""__chunk_len_10__f_agg_""mean""",1.790899258400604e-23,1.0245427722947979e-10,22.746928843381145,9.9894699060926,1.790899258400604e-23,1.0245427722947979e-10,4.2835182865285544e-17
328,"GYRO_X__agg_linear_trend__attr_""intercept""__chunk_len_50__f_agg_""var""",1.7963228456345172e-23,5.385421386659027e-12,22.745615606712626,11.268780309312916,1.7963228456345172e-23,5.385421386659027e-12,9.835626807796406e-18
329,"GYRO_X__fft_coefficient__attr_""abs""__coeff_71",1.917166009272861e-23,7.947436140146167e-13,22.7173402795113,12.099772953075796,1.917166009272861e-23,7.947436140146167e-13,3.903402929336778e-18
330,"ADXL_Z__agg_linear_trend__attr_""rvalue""__chunk_len_50__f_agg_""var""",2.144628538177457e-23,2.873781110170752e-27,22.6686479192322,26.541546314234242,2.873781110170752e-27,2.144628538177457e-23,2.4825778902881353e-25
331,"GYRO_X__fft_coefficient__attr_""abs""__coeff_63",2.3185139290606653e-23,2.3895897725340285e-16,22.634790290626054,15.621676649184286,2.3185139290606653e-23,2.3895897725340285e-16,7.443317252650898e-20
332,"ADXL_X__agg_linear_trend__attr_""rvalue""__chunk_len_10__f_agg_""var""",2.3787855311562102e-23,2.708897199833132e-25,22.62364471173915,24.56720747573181,2.708897199833132e-25,2.3787855311562102e-23,2.5384809363776256e-24
333,GYRO_X__variance,2.3880490966398225e-23,3.8404942629868e-14,22.621956748656334,13.415612879311029,2.3880490966398225e-23,3.8404942629868e-14,9.576684632677453e-19
334,"GYRO_X__fft_coefficient__attr_""abs""__coeff_64",2.4667240149762682e-23,4.397927202309927e-14,22.607879438056976,13.356751963673899,2.4667240149762682e-23,4.397927202309927e-14,1.0415600148841779e-18
335,GYRO_Y__ar_coefficient__coeff_2__k_10,2.91132783263862e-23,4.546772152016339e-23,22.53590888769432,22.342296808627825,2.91132783263862e-23,4.546772152016339e-23,3.6382886519394474e-23
336,"MMA_X__agg_linear_trend__attr_""rvalue""__chunk_len_10__f_agg_""var""",2.9623840000341893e-23,1.1663385573322675e-24,22.52835864659581,23.93317536703913,1.1663385573322675e-24,2.9623840000341893e-23,5.8780461727210585e-24
337,"ADXL_Z__change_quantiles__f_agg_""mean""__isabs_False__qh_1.0__ql_0.6",4.316081421189811e-23,1.992568305993247e-06,22.364910371116117,5.700586781897983,4.316081421189811e-23,1.992568305993247e-06,9.273665427407389e-15
338,"ADXL_Z__agg_linear_trend__attr_""rvalue""__chunk_len_10__f_agg_""var""",4.399352582101161e-23,4.995530056530307e-24,22.356611230493066,23.30141842367165,4.995530056530307e-24,4.399352582101161e-23,1.4824674719251202e-23
339,GYRO_Y__autocorrelation__lag_5,5.218968056303668e-23,9.641865282817507e-25,22.28241536131919,24.01583894082,9.641865282817507e-25,5.218968056303668e-23,7.093700509198841e-24
340,"MMA_Z__agg_linear_trend__attr_""rvalue""__chunk_len_50__f_agg_""var""",5.639360572883725e-23,8.06594924235541e-27,22.248770136337804,26.093344515260995,8.06594924235541e-27,5.639360572883725e-23,6.744389975395881e-25
341,MMA_Z__value_count__value_0,5.654416308621042e-23,4.3486106658512674e-42,22.247612219567586,41.36164947328232,4.3486106658512674e-42,5.654416308621042e-23,1.568083386457264e-32
342,"GYRO_Y__agg_linear_trend__attr_""rvalue""__chunk_len_10__f_agg_""var""",6.156208371192942e-23,8.907721568971643e-26,22.21068668888478,25.050233366284274,8.907721568971643e-26,6.156208371192942e-23,2.3417469993822806e-24
343,"GYRO_X__fft_coefficient__attr_""abs""__coeff_79",6.778454517616989e-23,1.999037337318612e-15,22.168869313652245,14.699179094206041,6.778454517616989e-23,1.999037337318612e-15,3.6810845779515014e-19
344,"GYRO_X__agg_linear_trend__attr_""stderr""__chunk_len_50__f_agg_""var""",9.914181065639772e-23,2.1943008381810792e-17,22.003743153709046,16.65870383099769,9.914181065639772e-23,2.1943008381810792e-17,4.664192944359435e-20
345,GYRO_X__index_mass_quantile__q_0.2,1.1785815852956946e-22,1.4806189312423235e-23,21.9286403488059,22.829556702014795,1.4806189312423235e-23,1.1785815852956946e-22,4.1773558708857864e-23
346,"GYRO_X__agg_linear_trend__attr_""stderr""__chunk_len_5__f_agg_""min""",1.450342109994145e-22,3.2417431851693996e-10,21.83852954331123,9.489221393460848,1.450342109994145e-22,3.2417431851693996e-10,2.168325771473864e-16
347,"GYRO_X__fft_coefficient__attr_""abs""__coeff_84",1.6030666351102006e-22,3.449328083801246e-18,21.795048424832885,17.462265495627385,1.6030666351102006e-22,3.449328083801246e-18,2.3514894779033944e-20
348,"ADXL_Z__change_quantiles__f_agg_""mean""__isabs_False__qh_1.0__ql_0.2",1.9024382837624921e-22,1.2424325273773543e-09,21.720689423102012,8.90572718712852,1.9024382837624921e-22,1.2424325273773543e-09,4.86173961157369e-16
349,"ADXL_Z__cwt_coefficients__coeff_11__w_5__widths_(2, 5, 10, 20)",1.9424338204379545e-22,9.635916262245799e-147,21.711653768876197,146.01610698275033,9.635916262245799e-147,1.9424338204379545e-22,1.3681056113726864e-84
350,"GYRO_X__agg_linear_trend__attr_""rvalue""__chunk_len_5__f_agg_""var""",2.1040205806616632e-22,4.231452094794029e-26,21.676950016407993,25.3735105715051,4.231452094794029e-26,2.1040205806616632e-22,2.9837999754558857e-24
351,"GYRO_X__agg_linear_trend__attr_""rvalue""__chunk_len_10__f_agg_""var""",2.362721906805275e-22,1.2504571207189074e-26,21.62658739197205,25.902931196020205,1.2504571207189074e-26,2.362721906805275e-22,1.718860795016051e-24
352,"MMA_Z__change_quantiles__f_agg_""mean""__isabs_False__qh_1.0__ql_0.4",2.4300418463087053e-22,4.605659238634125e-12,21.614386247609723,11.33670819756055,2.4300418463087053e-22,4.605659238634125e-12,3.345436396005641e-17
353,GYRO_X__number_peaks__n_3,2.4596722462150613e-22,6.33410691568814e-47,21.60912275921507,46.19831461028815,6.33410691568814e-47,2.4596722462150613e-22,1.2481917715269958e-34
354,GYRO_Y__ar_coefficient__coeff_1__k_10,3.6256666045849017e-22,3.675068534236924e-29,21.440612133623294,28.434734557596553,3.675068534236924e-29,3.6256666045849017e-22,1.1543211534986093e-25
355,"MMA_X__cwt_coefficients__coeff_14__w_20__widths_(2, 5, 10, 20)",3.625769376434445e-22,2.2216664784599844e-70,21.440599823441623,69.65332113776068,2.2216664784599844e-70,3.625769376434445e-22,2.838177281681179e-46
356,GYRO_X__abs_energy,6.1812495055289455e-22,2.0466041034151293e-13,21.208923725800272,12.688966159453187,6.1812495055289455e-22,2.0466041034151293e-13,1.1247475539981529e-17
357,"GYRO_Y__fft_aggregated__aggtype_""skew""",7.323837312400885e-22,9.611869516005924e-21,21.13526131143633,20.01719213350518,7.323837312400885e-22,9.611869516005924e-21,2.653220092703446e-21
358,"ADXL_Z__agg_linear_trend__attr_""rvalue""__chunk_len_5__f_agg_""var""",1.2355865814371945e-21,2.771495681983729e-22,20.908126816815575,21.55728579370587,2.771495681983729e-22,1.2355865814371945e-21,5.851856863569222e-22
359,ADXL_Y__number_peaks__n_5,1.4380243333668733e-21,3.559864458658032e-26,20.842233765025775,25.448566537414067,3.559864458658032e-26,1.4380243333668733e-21,7.154838722877086e-24
360,"GYRO_X__fft_coefficient__attr_""abs""__coeff_81",1.440731518395258e-21,2.7319152931035992e-14,20.841416942810593,13.563532770696218,1.440731518395258e-21,2.7319152931035992e-14,6.273720162997689e-18
361,ADXL_Z__partial_autocorrelation__lag_3,1.4682610605673345e-21,7.953213889084116e-21,20.833196718885983,20.09945733772832,1.4682610605673345e-21,7.953213889084116e-21,3.4172202533207455e-21
362,GYRO_Y__autocorrelation__lag_4,1.7625411632011117e-21,6.044486919427093e-23,20.753860731504027,22.21864055791629,6.044486919427093e-23,1.7625411632011117e-21,3.263994026636834e-22
363,ADXL_Z__index_mass_quantile__q_0.2,1.8397780472912245e-21,3.785123275221345e-17,20.7352345675616,16.421919971678687,1.8397780472912245e-21,3.785123275221345e-17,2.6388987680552074e-19
364,GYRO_Y__cid_ce__normalize_True,1.8728041959437826e-21,6.795801066586325e-19,20.72750762629072,18.167759342714756,1.8728041959437826e-21,6.795801066586325e-19,3.56752081315612e-20
365,"GYRO_X__fft_coefficient__attr_""abs""__coeff_76",1.8735742104532506e-21,4.0289317446045597e-13,20.72732910024723,12.394810090068235,1.8735742104532506e-21,4.0289317446045597e-13,2.7474538417173682e-17
366,"GYRO_X__fft_coefficient__attr_""abs""__coeff_82",2.6243935596383552e-21,4.482464948147656e-15,20.580971036688613,14.34848309783618,2.6243935596383552e-21,4.482464948147656e-15,3.4298326695661673e-18
367,"GYRO_Z__fft_aggregated__aggtype_""skew""",3.82780960251239e-21,3.537199446471896e-25,20.41704967241941,24.45134045161863,3.537199446471896e-25,3.82780960251239e-21,3.679636667825593e-23
368,ADXL_Z__root_mean_square,4.5042940859900435e-21,1.6579751512102527e-24,20.346373262083628,23.780421982695962,1.6579751512102527e-24,4.5042940859900435e-21,8.641763516965035e-23
369,GYRO_Y__autocorrelation__lag_3,4.948243081152524e-21,1.783646654459306e-21,20.305548973915567,20.74869117642714,1.783646654459306e-21,4.948243081152524e-21,2.9708445292793607e-21
370,"GYRO_X__agg_linear_trend__attr_""rvalue""__chunk_len_50__f_agg_""var""",5.880325899685031e-21,1.470598481070615e-26,20.230598603768644,25.832505886931525,1.470598481070615e-26,5.880325899685031e-21,9.299246386819205e-24
371,MMA_Z__index_mass_quantile__q_0.9,6.456792755673933e-21,2.43991509310177e-12,20.189983152964093,11.612625286464128,6.456792755673933e-21,2.43991509310177e-12,1.255150433119433e-16
372,"MMA_Z__change_quantiles__f_agg_""var""__isabs_True__qh_1.0__ql_0.6",6.761474456462194e-21,3.848153667832664e-09,20.169958588306773,8.414747593661446,6.761474456462194e-21,3.848153667832664e-09,5.100901168381119e-15
373,"ADXL_Y__fft_coefficient__attr_""real""__coeff_2",6.768539959616237e-21,7.175502087486886e-18,20.16950500278702,17.14414770488025,6.768539959616237e-21,7.175502087486886e-18,2.2038074464313964e-19
374,MMA_Z__c3__lag_3,7.62210565063807e-21,3.333243570163404e-58,20.117925035730327,57.477132949971946,3.333243570163404e-58,7.62210565063807e-21,1.5939364683416806e-39
375,"MMA_Z__change_quantiles__f_agg_""mean""__isabs_False__qh_1.0__ql_0.2",8.202041738814715e-21,8.454397991585226e-09,20.086078024991135,8.072917311571953,8.202041738814715e-21,8.454397991585226e-09,8.327263968647405e-15
376,"GYRO_Y__agg_linear_trend__attr_""intercept""__chunk_len_5__f_agg_""max""",9.360365013858187e-21,9.383468357268433e-34,20.028707215320278,33.02763660618295,9.383468357268433e-34,9.360365013858187e-21,2.9636580254816982e-27
377,GYRO_X__index_mass_quantile__q_0.4,9.891652495171979e-21,1.069923463494334e-20,20.00473114929418,19.97064728826893,9.891652495171979e-21,1.069923463494334e-20,1.0287522100737755e-20
378,"MMA_Z__change_quantiles__f_agg_""var""__isabs_True__qh_1.0__ql_0.4",1.0968790952728187e-20,7.041343463358252e-07,19.959841240383025,6.152344471105237,1.0968790952728187e-20,7.041343463358252e-07,8.788345946532586e-14
379,"MMA_Z__change_quantiles__f_agg_""mean""__isabs_False__qh_1.0__ql_0.6",1.1130049758835172e-20,4.405715013986582e-05,19.95350289407147,4.355983598845704,1.1130049758835172e-20,4.405715013986582e-05,7.002558627310296e-13
380,"ADXL_X__agg_linear_trend__attr_""rvalue""__chunk_len_50__f_agg_""var""",1.1554799925191797e-20,1.7442986568734396e-26,19.937237570058297,25.75837915361933,1.7442986568734396e-26,1.1554799925191797e-20,1.4196838376889896e-23
381,GYRO_Z__sum_of_reoccurring_data_points,1.1883032917661748e-20,1.8894448850631782e-40,19.925072699817974,39.72366577189305,1.8894448850631782e-40,1.1883032917661748e-20,1.49841034984791e-30
382,"MMA_Y__fft_coefficient__attr_""real""__coeff_2",1.2553586303461128e-20,6.7432833994344854e-18,19.901232187385514,17.1711285878802,1.2553586303461128e-20,6.7432833994344854e-18,2.90950837983838e-19
383,MMA_Z__c3__lag_2,1.3647980046012103e-20,1.575313563681586e-54,19.86493162113502,53.802632987637786,1.575313563681586e-54,1.3647980046012103e-20,1.4662826495372065e-37
384,"ADXL_X__cwt_coefficients__coeff_9__w_20__widths_(2, 5, 10, 20)",1.7936641949496615e-20,4.0792587392807014e-110,19.746258861142113,109.38941874737276,4.0792587392807014e-110,1.7936641949496615e-20,2.704962170268429e-65
385,GYRO_Y__autocorrelation__lag_2,1.979417362707975e-20,2.6207239242289024e-20,19.70346262458572,19.58157872666843,1.979417362707975e-20,2.6207239242289024e-20,2.2776098082162514e-20
386,"MMA_X__agg_linear_trend__attr_""rvalue""__chunk_len_50__f_agg_""var""",1.9828037550145798e-20,7.755453847891769e-26,19.702720267303416,25.110392782264604,7.755453847891769e-26,1.9828037550145798e-20,3.9214210449073265e-23
387,MMA_Y__number_peaks__n_5,2.1643563539127732e-20,1.2314600595460231e-24,19.66467123256886,23.909579669249204,1.2314600595460231e-24,2.1643563539127732e-20,1.6325802903588654e-22
388,"ADXL_Z__change_quantiles__f_agg_""var""__isabs_True__qh_1.0__ql_0.2",2.6069064781421406e-20,1.591908785419883e-07,19.58387454871481,6.798081820470028,2.6069064781421406e-20,1.591908785419883e-07,6.442016241304021e-14
389,GYRO_Z__spkt_welch_density__coeff_2,3.639762907782727e-20,0.0010100422857644,19.438926905140843,2.995660443950309,3.639762907782727e-20,0.0010100422857644,6.063261867194378e-12
390,MMA_Z__number_crossing_m__m_0,4.118161917971224e-20,7.292790193351603e-28,19.385296581783315,27.137106280497107,7.292790193351603e-28,4.118161917971224e-20,5.48022726262466e-24
391,"GYRO_X__agg_linear_trend__attr_""stderr""__chunk_len_10__f_agg_""max""",4.1839159605427765e-20,2.3860779587799964e-09,19.378417047429284,8.6223153710115,4.1839159605427765e-20,2.3860779587799964e-09,9.991571275249432e-15
392,"MMA_X__cwt_coefficients__coeff_13__w_20__widths_(2, 5, 10, 20)",4.34183373762588e-20,8.144222621187418e-70,19.36232681105528,69.08915036346608,8.144222621187418e-70,4.34183373762588e-20,5.946499856504447e-45
393,"GYRO_Z__fft_aggregated__aggtype_""kurtosis""",4.8838665341465575e-20,1.5008901189239242e-26,19.311236212924467,25.823651101555395,1.5008901189239242e-26,4.8838665341465575e-20,2.707424426137099e-23
394,"GYRO_X__fft_coefficient__attr_""abs""__coeff_62",5.0462597263594716e-20,3.243299305982099e-18,19.297030400504557,17.489012970864998,5.0462597263594716e-20,3.243299305982099e-18,4.0455569045938647e-19
395,GYRO_X__quantile__q_0.2,5.4044586201337087e-20,6.670317978599261e-125,19.267247804035257,124.17585346247634,6.670317978599261e-125,5.4044586201337087e-20,1.898669468298093e-72
396,"GYRO_Y__agg_linear_trend__attr_""rvalue""__chunk_len_50__f_agg_""var""",6.46250804668691e-20,1.5744852828818748e-23,19.189598903142944,22.802861394470476,1.5744852828818748e-23,6.46250804668691e-20,1.008718187107491e-21
397,MMA_Y__number_peaks__n_10,7.000461594574716e-20,1.1020436600509457e-37,19.154873322647553,36.9578011995463,1.1020436600509457e-37,7.000461594574716e-20,8.783401572130924e-29
398,"ADXL_Z__change_quantiles__f_agg_""var""__isabs_True__qh_1.0__ql_0.8",7.602070192036319e-20,1.226638789956704e-08,19.11906812475221,7.911283305751752,7.602070192036319e-20,1.226638789956704e-08,3.053685344223494e-14
399,"GYRO_X__fft_coefficient__attr_""abs""__coeff_99",8.176330460041543e-20,2.5263791226879986e-17,19.087441564118333,16.597501476212784,8.176330460041543e-20,2.5263791226879986e-17,1.4372373003247207e-18
400,GYRO_Y__fourier_entropy__bins_5,9.499132461475182e-20,2.7684002470230093e-22,19.02231605622677,21.557771120679394,2.7684002470230093e-22,9.499132461475182e-20,5.12809912666011e-21
401,MMA_Z__maximum,9.5952891598127e-20,1.7445422239661263e-28,19.01794193300576,27.758318514657503,1.7445422239661263e-28,9.5952891598127e-20,4.091379607230025e-24
402,"MMA_Z__change_quantiles__f_agg_""var""__isabs_True__qh_1.0__ql_0.2",1.019560590083784e-19,2.5401869899148387e-05,18.991586960021063,4.595134312632378,1.019560590083784e-19,2.5401869899148387e-05,1.6093087169218727e-12
403,GYRO_X__spkt_welch_density__coeff_5,1.0405032835915645e-19,1.5753455383620237e-20,18.982756544915645,19.80262417270299,1.5753455383620237e-20,1.0405032835915645e-19,4.048644471248379e-20
404,MMA_Y__benford_correlation,2.763515107122243e-19,5.948293928731121e-19,18.55853815694727,18.225607579411673,2.763515107122243e-19,5.948293928731121e-19,4.0544050283182084e-19
405,"ADXL_Z__change_quantiles__f_agg_""var""__isabs_True__qh_1.0__ql_0.6",2.7904299750858955e-19,1.5262021675073608e-11,18.55432887148646,10.816387933997516,2.7904299750858955e-19,1.5262021675073608e-11,2.0636763981432757e-15
406,"MMA_Z__change_quantiles__f_agg_""mean""__isabs_False__qh_0.6__ql_0.4",3.0886572464010802e-19,3.107267540041952e-07,18.51023028342913,6.507621351778288,3.0886572464010802e-19,3.107267540041952e-07,3.097948418559843e-13
407,GYRO_X__percentage_of_reoccurring_datapoints_to_all_datapoints,3.1092722410595188e-19,2.9570436081703444e-21,18.50734125041945,20.529142270790725,2.9570436081703444e-21,3.1092722410595188e-19,3.0322027647382903e-20
408,"MMA_Z__fft_aggregated__aggtype_""skew""",3.3739395382164533e-19,2.1980174411658262e-20,18.47186270433558,19.65796886579241,2.1980174411658262e-20,3.3739395382164533e-19,8.611607254420477e-20
409,"GYRO_X__fft_coefficient__attr_""abs""__coeff_78",3.5075653887949225e-19,2.3033393159219858e-12,18.454994224012186,11.637642079327287,3.5075653887949225e-19,2.3033393159219858e-12,8.988388767281115e-16
410,"ADXL_Z__change_quantiles__f_agg_""mean""__isabs_False__qh_1.0__ql_0.8",3.703790858579756e-19,0.0019148226286288,18.43135354454116,2.7178714488365525,3.703790858579756e-19,0.0019148226286288,2.6631001760574103e-11
411,"GYRO_Y__agg_linear_trend__attr_""intercept""__chunk_len_5__f_agg_""min""",3.791869455744037e-19,1.3810588302283964e-28,18.421146622712115,27.859787820987354,1.3810588302283964e-28,3.791869455744037e-19,7.236570178564321e-24
412,"ADXL_Z__change_quantiles__f_agg_""var""__isabs_False__qh_1.0__ql_0.8",4.1517969610478537e-19,2.1701979628228955e-09,18.381763893322564,8.663500648529233,4.1517969610478537e-19,2.1701979628228955e-09,3.0017030677467655e-14
413,MMA_Z__c3__lag_1,5.308691803031144e-19,2.1903078399954224e-48,18.27501248696401,47.65949484232161,2.1903078399954224e-48,5.308691803031144e-19,1.0783167102618113e-33
414,GYRO_X__quantile__q_0.1,6.763930827803622e-19,2.1399400762951066e-37,18.16980084241918,36.669598387818446,2.1399400762951066e-37,6.763930827803622e-19,3.804524497451016e-28
415,"MMA_Z__change_quantiles__f_agg_""var""__isabs_True__qh_1.0__ql_0.8",7.562144475808322e-19,5.348745108568988e-07,18.121355029638526,6.271748097670426,7.562144475808322e-19,5.348745108568988e-07,6.359872897729305e-13
416,"GYRO_X__fft_coefficient__attr_""abs""__coeff_94",7.598137224395211e-19,3.688590950592795e-15,18.1192928672357,14.433139503556124,7.598137224395211e-19,3.688590950592795e-15,5.293998508430696e-17
417,GYRO_Z__energy_ratio_by_chunks__num_segments_10__segment_focus_2,7.650973868190095e-19,6.970260210079066e-10,18.116283281361124,9.156751008746744,7.650973868190095e-19,6.970260210079066e-10,2.3093132901752448e-14
418,"ADXL_Z__change_quantiles__f_agg_""mean""__isabs_False__qh_0.8__ql_0.0",7.946908533551533e-19,2.1863523943990152e-08,18.099801785548912,7.660279837533334,7.946908533551533e-19,2.1863523943990152e-08,1.3181328650936658e-13
419,"ADXL_Y__agg_linear_trend__attr_""intercept""__chunk_len_50__f_agg_""mean""",8.969186959087833e-19,3.5426503952675755e-54,18.047246923197285,53.45067170369211,3.5426503952675755e-54,8.969186959087833e-19,1.7825457560983195e-36
420,"ADXL_Z__change_quantiles__f_agg_""mean""__isabs_False__qh_0.6__ql_0.4",9.163165384725764e-19,1.2108743467317358e-07,18.037954474842213,6.916900921557486,9.163165384725764e-19,1.2108743467317358e-07,3.3309821223213827e-13
421,"ADXL_Z__change_quantiles__f_agg_""var""__isabs_True__qh_1.0__ql_0.4",1.0273647561001174e-18,7.844221908766331e-09,17.988275336892563,8.105450128876065,1.0273647561001174e-18,7.844221908766331e-09,8.977124889459275e-14
422,"MMA_Z__fft_aggregated__aggtype_""kurtosis""",1.1888629644063953e-18,2.9586775541918414e-22,17.92486820192627,21.52890236301298,2.9586775541918414e-22,1.1888629644063953e-18,1.8754898474263132e-20
423,GYRO_Y__partial_autocorrelation__lag_1,1.4660578042177466e-18,3.929190995640288e-19,17.83384890584913,18.405696859878297,3.929190995640288e-19,1.4660578042177466e-18,7.589743818746811e-19
424,GYRO_Y__autocorrelation__lag_1,1.4660578042177466e-18,3.929190995640288e-19,17.83384890584913,18.405696859878297,3.929190995640288e-19,1.4660578042177466e-18,7.589743818746811e-19
425,GYRO_Y__spkt_welch_density__coeff_5,1.634724060400314e-18,0.0054937728611532,17.786555545241775,2.2601293003553904,1.634724060400314e-18,0.0054937728611532,9.476709702476598e-11
426,"ADXL_Y__agg_linear_trend__attr_""intercept""__chunk_len_10__f_agg_""mean""",1.756897993156287e-18,2.572757631625144e-53,17.755253453243117,52.58960112486841,2.572757631625144e-53,1.756897993156287e-18,6.723148607519945e-36
427,"ADXL_Y__agg_linear_trend__attr_""intercept""__chunk_len_5__f_agg_""mean""",1.9133265625050246e-18,3.397122998618981e-53,17.71821089918854,52.46888872847455,3.397122998618981e-53,1.9133265625050246e-18,8.062137228647511e-36
428,"ADXL_X__agg_linear_trend__attr_""intercept""__chunk_len_50__f_agg_""mean""",1.978645579120274e-18,1.206485923780368e-67,17.703631990946253,66.91847774069277,1.206485923780368e-67,1.978645579120274e-18,4.885906302170423e-43
429,"ADXL_Y__linear_trend__attr_""intercept""",2.049191088008285e-18,4.1026315053428164e-53,17.688417541550937,52.38693748921956,4.1026315053428164e-53,2.049191088008285e-18,9.169010807132094e-36
430,ADXL_Z__maximum,2.114104077582382e-18,4.555787568136248e-30,17.674873636135928,29.341436534842526,4.555787568136248e-30,2.114104077582382e-18,3.103451155471271e-24
431,"GYRO_X__fft_coefficient__attr_""abs""__coeff_86",2.2473964781891826e-18,9.864730759048021e-14,17.648320304038183,13.005914763575037,2.2473964781891826e-18,9.864730759048021e-14,4.708498822997519e-16
432,GYRO_X__mean_n_absolute_max__number_of_maxima_7,2.2995257471887533e-18,6.380348734512335e-10,17.63836172338092,9.195155583138519,2.2995257471887533e-18,6.380348734512335e-10,3.8303754634571126e-14
433,"ADXL_X__cwt_coefficients__coeff_2__w_2__widths_(2, 5, 10, 20)",2.355409630955848e-18,2.1142560070886038e-134,17.627933553506022,133.67484242680422,2.1142560070886038e-134,2.355409630955848e-18,2.231577684375508e-76
434,MMA_Z__index_mass_quantile__q_0.2,2.662157580142337e-18,1.2532270711344977e-13,17.574766241062406,12.901970232432728,2.662157580142337e-18,1.2532270711344977e-13,5.77606089567993e-16
435,"ADXL_X__agg_linear_trend__attr_""intercept""__chunk_len_10__f_agg_""mean""",3.358735425854065e-18,1.3392138097432957e-65,17.47382420503511,64.87315008095746,1.3392138097432957e-65,3.358735425854065e-18,6.706761413363229e-42
436,"GYRO_X__fft_coefficient__attr_""abs""__coeff_93",3.358735425854065e-18,5.095162776377944e-16,17.47382420503511,15.292841936926742,3.358735425854065e-18,5.095162776377944e-16,4.1368229013958953e-17
437,GYRO_Y__number_peaks__n_3,3.4014783970679373e-18,6.3641926429444644e-55,17.46833228291714,54.19625668281215,6.3641926429444644e-55,3.4014783970679373e-18,1.4713145071586257e-36
438,"ADXL_Y__agg_linear_trend__attr_""intercept""__chunk_len_5__f_agg_""max""",3.548009590954874e-18,1.260954121639381e-37,17.450015214856897,36.89930071444303,1.260954121639381e-37,3.548009590954874e-18,6.688704895067955e-28
439,"ADXL_X__agg_linear_trend__attr_""intercept""__chunk_len_5__f_agg_""mean""",3.5714703763622906e-18,2.37543368576236e-65,17.4471529477894,64.62425708913847,2.37543368576236e-65,3.5714703763622906e-18,9.210749719601201e-42
440,MMA_X__number_peaks__n_5,3.605711875861912e-18,4.2568684024301436e-17,17.44300897969975,16.37090977547046,3.605711875861912e-18,4.2568684024301436e-17,1.2389124647295989e-17
441,"MMA_Z__change_quantiles__f_agg_""var""__isabs_False__qh_1.0__ql_0.6",3.605711875861912e-18,2.64326283392716e-09,17.44300897969975,8.577859650470677,3.605711875861912e-18,2.64326283392716e-09,9.76260425875984e-14
442,"ADXL_Z__change_quantiles__f_agg_""mean""__isabs_False__qh_0.6__ql_0.0",3.736384627165441e-18,9.72400152130088e-09,17.427548423432967,8.01215498188418,3.736384627165441e-18,9.72400152130088e-09,1.9061114814911004e-13
443,"ADXL_X__linear_trend__attr_""intercept""",3.736384627165441e-18,3.902273760730246e-65,17.427548423432967,64.408682266309,3.902273760730246e-65,3.736384627165441e-18,1.2074930927580316e-41
444,"MMA_X__cwt_coefficients__coeff_12__w_20__widths_(2, 5, 10, 20)",4.3698620559927456e-18,2.1621976570596543e-69,17.359532272243932,68.66510460758595,2.1621976570596543e-69,4.3698620559927456e-18,9.720342328921033e-44
445,"GYRO_X__agg_linear_trend__attr_""stderr""__chunk_len_10__f_agg_""min""",4.670329435247844e-18,1.0216327427243078e-08,17.33065248413107,7.990705196640671,4.670329435247844e-18,1.0216327427243078e-08,2.1843446317736407e-13
446,"GYRO_Y__agg_linear_trend__attr_""rvalue""__chunk_len_10__f_agg_""min""",5.189089111621226e-18,4.7972828238974265e-15,17.28490887115262,14.31900467694014,5.189089111621226e-18,4.7972828238974265e-15,1.577768299429725e-16
447,GYRO_Y__index_mass_quantile__q_0.1,6.10842695208415e-18,1.0304830074084615e-09,17.21407061528721,8.986959165310857,6.10842695208415e-18,1.0304830074084615e-09,7.933870540989799e-14
448,"ADXL_Z__change_quantiles__f_agg_""var""__isabs_False__qh_1.0__ql_0.2",6.525592920196194e-18,6.544251008262205e-08,17.185380021879237,7.184140051419166,6.525592920196194e-18,6.544251008262205e-08,6.534915305304472e-13
449,"GYRO_Y__agg_linear_trend__attr_""rvalue""__chunk_len_50__f_agg_""min""",6.624268158729421e-18,2.234105163453393e-17,17.178862095078973,16.650896387696434,6.624268158729421e-18,2.234105163453393e-17,1.2165242166729481e-17
450,"ADXL_Z__change_quantiles__f_agg_""var""__isabs_False__qh_1.0__ql_0.6",7.357767833382035e-18,2.2180834585394998e-12,17.13325391999386,11.654022116932905,7.357767833382035e-18,2.2180834585394998e-12,4.039819689416683e-15
451,GYRO_X__energy_ratio_by_chunks__num_segments_10__segment_focus_1,7.767148371134101e-18,1.0080133404359686e-22,17.109738398701605,21.99653372023237,1.0080133404359686e-22,7.767148371134101e-18,2.7981045683191824e-20
452,"ADXL_Z__change_quantiles__f_agg_""mean""__isabs_False__qh_0.8__ql_0.6",8.198084608414974e-18,1.8989992062860766e-07,17.0862876038558,6.721475216782545,8.198084608414974e-18,1.8989992062860766e-07,1.247724174825756e-12
453,"MMA_Z__change_quantiles__f_agg_""var""__isabs_False__qh_1.0__ql_0.4",9.455806776591769e-18,5.419260011072832e-07,17.024301410904165,6.266060011440978,9.455806776591769e-18,5.419260011072832e-07,2.2637021786625394e-12
454,"GYRO_X__fft_coefficient__attr_""abs""__coeff_98",1.025156185712469e-17,6.017646242017435e-15,16.98920996346119,14.220573346615135,1.025156185712469e-17,6.017646242017435e-15,2.4837526584653243e-16
455,"MMA_X__fft_aggregated__aggtype_""kurtosis""",1.1017663018406056e-17,1.8023682011977544e-16,16.957910514907407,15.744156483382634,1.1017663018406056e-17,1.8023682011977544e-16,4.4562187419254396e-17
456,ADXL_Y__number_peaks__n_10,1.133637548628696e-17,6.101665395284125e-29,16.94552577771104,28.214551611994516,6.101665395284125e-29,1.133637548628696e-17,2.6300336502148482e-23
457,"ADXL_Z__change_quantiles__f_agg_""mean""__isabs_False__qh_0.4__ql_0.0",1.2730228796535864e-17,0.0002066773273911,16.895163790833376,3.6847071630872925,1.2730228796535864e-17,0.0002066773273911,5.129375853595885e-11
458,GYRO_Y__index_mass_quantile__q_0.8,1.517865104480784e-17,4.7605787328027814e-14,16.818766823290872,13.322340247870962,1.517865104480784e-17,4.7605787328027814e-14,8.500539003883632e-16
459,"GYRO_X__agg_linear_trend__attr_""rvalue""__chunk_len_50__f_agg_""min""",1.7052015554131918e-17,2.682378969081267e-16,16.76822427987955,15.57147986460748,1.7052015554131918e-17,2.682378969081267e-16,6.763132994615003e-17
460,ADXL_Z__abs_energy,1.7960410300991126e-17,2.0361489247397208e-22,16.745683746208748,21.691190460702977,2.0361489247397208e-22,1.7960410300991126e-17,6.047319250895167e-20
461,"GYRO_X__fft_coefficient__attr_""abs""__coeff_90",2.03087851597122e-17,5.09453407044717e-14,16.69231605464606,13.292895529005275,2.03087851597122e-17,5.09453407044717e-14,1.017171558418469e-15
462,ADXL_X__fourier_entropy__bins_100,2.0623834731992728e-17,4.911436121027837e-21,16.685630580172557,20.308791500088255,4.911436121027837e-21,2.0623834731992728e-17,3.1826505754923447e-19
463,"GYRO_Z__agg_linear_trend__attr_""rvalue""__chunk_len_5__f_agg_""var""",2.398171325871951e-17,7.050058619377601e-20,16.620119794038278,19.15180727194954,7.050058619377601e-20,2.398171325871951e-17,1.3002787557561554e-18
464,GYRO_Z__fourier_entropy__bins_100,2.6003720710920778e-17,5.5156856090590325e-18,16.58496450708254,17.258400496329045,5.5156856090590325e-18,2.6003720710920778e-17,1.1976157485070745e-17
465,GYRO_X__ratio_beyond_r_sigma__r_10,2.9742375487999545e-17,3.8879420370619416e-14,16.52662434784735,13.410280218326987,2.9742375487999545e-17,3.8879420370619416e-14,1.0753447444511648e-15
466,"GYRO_Y__agg_linear_trend__attr_""rvalue""__chunk_len_50__f_agg_""mean""",4.095241904653644e-17,1.6031991244746596e-16,16.387720439507152,15.795012532985957,4.095241904653644e-17,1.6031991244746596e-16,8.102770042431575e-17
467,"GYRO_X__fft_coefficient__attr_""abs""__coeff_83",4.146389595972432e-17,7.973036235628901e-13,16.38232989388911,12.098376262132916,4.146389595972432e-17,7.973036235628901e-13,5.7497229929556505e-15
468,"GYRO_Y__agg_linear_trend__attr_""rvalue""__chunk_len_5__f_agg_""min""",4.808781415694277e-17,6.112291438985503e-15,16.317964963436758,14.21379594642751,4.808781415694277e-17,6.112291438985503e-15,5.421501035608193e-16
469,"ADXL_Z__change_quantiles__f_agg_""var""__isabs_False__qh_1.0__ql_0.4",5.005582411476604e-17,2.920642284405669e-09,16.300545384043815,8.534521631462626,5.005582411476604e-17,2.920642284405669e-09,3.8235475214826176e-13
470,MMA_X__number_peaks__n_3,6.004657344149755e-17,8.4643107609273e-21,16.221511770574295,20.072408400214563,8.4643107609273e-21,6.004657344149755e-17,7.129185491608977e-19
471,"MMA_Z__change_quantiles__f_agg_""var""__isabs_False__qh_1.0__ql_0.2",6.294501622736697e-17,2.411385443832448e-05,16.201038650157187,4.61773336500611,6.294501622736697e-17,2.411385443832448e-05,3.8959555425141847e-11
472,"MMA_Y__fft_aggregated__aggtype_""skew""",7.317658046893892e-17,5.54587388598701e-19,16.135627888893808,18.25603001056823,5.54587388598701e-19,7.317658046893892e-17,6.370463771881255e-18
473,ADXL_Z__energy_ratio_by_chunks__num_segments_10__segment_focus_0,7.421980154066322e-17,2.129055350999281e-34,16.129480211263306,33.67181304766404,2.129055350999281e-34,7.421980154066322e-17,1.2570523681225604e-25
474,"ADXL_X__agg_linear_trend__attr_""intercept""__chunk_len_5__f_agg_""max""",8.92574713925549e-17,1.0164936182973417e-44,16.049355420607917,43.99289534358467,1.0164936182973417e-44,8.92574713925549e-17,9.52521128667966e-31
475,"ADXL_X__agg_linear_trend__attr_""intercept""__chunk_len_5__f_agg_""min""",9.085266681503295e-17,2.2587191910888483e-44,16.04166232024307,43.64613775816377,2.2587191910888483e-44,9.085266681503295e-17,1.4325175813815196e-30
476,"ADXL_Y__fft_coefficient__attr_""angle""__coeff_0",9.347210256089481e-17,1.3898352502357235e-16,16.029317988183028,15.857036677554598,9.347210256089481e-17,1.3898352502357235e-16,1.1397842912269868e-16
477,"ADXL_X__cwt_coefficients__coeff_8__w_20__widths_(2, 5, 10, 20)",9.535563456063176e-17,4.868384706603514e-107,16.020653639416185,106.31261511052546,4.868384706603514e-107,9.535563456063176e-17,6.813427279889711e-62
478,MMA_Y__quantile__q_0.3,9.694759573306675e-17,5.781330970934767e-32,16.013462956805075,31.237972167325083,5.781330970934767e-32,9.694759573306675e-17,2.3674588439278983e-24
479,"GYRO_X__fft_coefficient__attr_""abs""__coeff_95",1.2162540199284052e-16,7.42641083163291e-17,15.914975711303375,16.12922102912334,7.42641083163291e-17,1.2162540199284052e-16,9.503895005529774e-17
480,"GYRO_Y__fft_coefficient__attr_""abs""__coeff_0",1.2682832830863135e-16,1.320567996181481e-31,15.896783731832508,30.87923923201394,1.320567996181481e-31,1.2682832830863135e-16,4.09249839796641e-24
481,"MMA_Z__change_quantiles__f_agg_""var""__isabs_False__qh_1.0__ql_0.8",1.3805655046841555e-16,4.159311757107314e-07,15.859942982253292,6.380978526300828,1.3805655046841555e-16,4.159311757107314e-07,7.577732071728058e-12
482,"GYRO_X__fft_coefficient__attr_""abs""__coeff_85",1.4115474574769444e-16,1.1158917198435205e-13,15.85030451590609,12.95237794496469,1.4115474574769444e-16,1.1158917198435205e-13,3.968795938272332e-15
483,GYRO_Y__energy_ratio_by_chunks__num_segments_10__segment_focus_2,1.6459774365686362e-16,4.001689748262816e-12,15.78357612249003,11.397756585325133,1.6459774365686362e-16,4.001689748262816e-12,2.5664549545605942e-14
484,"GYRO_Y__agg_linear_trend__attr_""rvalue""__chunk_len_10__f_agg_""mean""",1.6841063056873784e-16,5.961175626949344e-16,15.773630498040488,15.224668082885943,1.6841063056873784e-16,5.961175626949344e-16,3.1684780988126303e-16
485,MMA_Z__index_mass_quantile__q_0.8,1.6991435664114143e-16,5.5227205517534816e-12,15.769769924564677,11.25784693141001,1.6991435664114143e-16,5.5227205517534816e-12,3.063314396956346e-14
486,MMA_X__fourier_entropy__bins_100,1.7589690613962655e-16,7.925058080384401e-21,15.75474179930493,20.100997546283963,7.925058080384401e-21,1.7589690613962655e-16,1.1806748906098002e-18
487,"MMA_Y__agg_linear_trend__attr_""rvalue""__chunk_len_10__f_agg_""var""",2.0020318800123467e-16,3.4389728551227973e-19,15.698529011170782,18.46357125218523,3.4389728551227973e-19,2.0020318800123467e-16,8.297549813320148e-18
488,"GYRO_Y__agg_linear_trend__attr_""rvalue""__chunk_len_5__f_agg_""mean""",2.164125853863204e-16,6.982184963256268e-16,15.664717486611222,15.15600865058664,2.164125853863204e-16,6.982184963256268e-16,3.88720040587539e-16
489,GYRO_Y__c3__lag_3,2.280071391213892e-16,7.64702761976798e-10,15.642051554611454,9.11650734121016,2.280071391213892e-16,7.64702761976798e-10,4.1756159909234276e-13
490,GYRO_Y__spkt_welch_density__coeff_8,2.3058746779498283e-16,1.0839808071893109e-12,15.637164299883402,11.96497840728616,2.3058746779498283e-16,1.0839808071893109e-12,1.580988265194099e-14
491,MMA_Z__index_mass_quantile__q_0.6,2.3855707922045945e-16,7.71368421801391e-12,15.622407691153835,11.112738144207489,2.3855707922045945e-16,7.71368421801391e-12,4.289701594608129e-14
492,"GYRO_Y__change_quantiles__f_agg_""mean""__isabs_False__qh_0.4__ql_0.2",2.5577278919300683e-16,6.106875603229694e-07,15.592145660529434,6.21418092647231,2.5577278919300683e-16,6.106875603229694e-07,1.2497890247128854e-11
493,GYRO_Y__index_mass_quantile__q_0.4,2.5577278919300683e-16,3.527358469164208e-17,15.592145660529434,16.45255040274558,3.527358469164208e-17,2.5577278919300683e-16,9.498433103105502e-17
494,"MMA_Z__change_quantiles__f_agg_""mean""__isabs_False__qh_0.8__ql_0.6",2.6076267207029843e-16,6.970260210079066e-10,15.583754577334872,9.156751008746744,2.6076267207029843e-16,6.970260210079066e-10,4.263312887187025e-13
495,"GYRO_Y__linear_trend__attr_""rvalue""",3.055030237638465e-16,7.785546102133185e-16,15.514984486902755,15.108710919277632,3.055030237638465e-16,7.785546102133185e-16,4.876994849140725e-16
496,MMA_Z__number_peaks__n_5,3.094209480337342e-16,1.0265666290405492e-23,15.509450287574296,22.98861285760799,1.0265666290405492e-23,3.094209480337342e-16,5.635966816594305e-20
497,"MMA_Y__agg_linear_trend__attr_""rvalue""__chunk_len_5__f_agg_""var""",3.146358824871295e-16,1.1631242280362794e-18,15.502191749997813,17.934373897765628,1.1631242280362794e-18,3.146358824871295e-16,1.913009717514148e-17
498,"MMA_Z__change_quantiles__f_agg_""mean""__isabs_False__qh_1.0__ql_0.8",3.282276878818802e-16,0.0066342346516205,15.483824786515326,2.1782091716314746,3.282276878818802e-16,0.0066342346516205,1.4756488405332916e-09
499,"ADXL_Y__agg_linear_trend__attr_""intercept""__chunk_len_5__f_agg_""min""",3.5682439202369633e-16,8.568078883047623e-34,15.447545465508883,33.06711654377347,8.568078883047623e-34,3.5682439202369633e-16,5.52928525060386e-25
500,"GYRO_X__agg_linear_trend__attr_""rvalue""__chunk_len_50__f_agg_""mean""",3.7107456770029573e-16,1.0117349637700077e-17,15.430538809827755,16.994933241297886,1.0117349637700077e-17,3.7107456770029573e-16,6.127227058859742e-17
501,"ADXL_Y__agg_linear_trend__attr_""rvalue""__chunk_len_10__f_agg_""var""",3.713538520686734e-16,7.16282074854673e-19,15.430212066770622,18.144915917037817,7.16282074854673e-19,3.713538520686734e-16,1.6309325788180967e-17
502,"GYRO_X__agg_linear_trend__attr_""slope""__chunk_len_5__f_agg_""mean""",4.121899786208535e-16,1.707312498014661e-17,15.384902571223886,16.767686980500844,1.707312498014661e-17,4.121899786208535e-16,8.388903993107676e-17
503,"GYRO_X__linear_trend__attr_""slope""",4.1384072019102997e-16,1.7204237983475256e-17,15.383166778812395,16.764364558550216,1.7204237983475256e-17,4.1384072019102997e-16,8.437899168287847e-17
504,"GYRO_X__agg_linear_trend__attr_""slope""__chunk_len_10__f_agg_""mean""",4.1415969742199927e-16,1.7183316165267896e-17,15.382832165314214,16.76489301900894,1.7183316165267896e-17,4.1415969742199927e-16,8.436016253963656e-17
505,GYRO_X__index_mass_quantile__q_0.1,4.1415969742199927e-16,1.3640788629120777e-13,15.382832165314214,12.865160520634477,4.1415969742199927e-16,1.3640788629120777e-13,7.516292231701818e-15
506,"GYRO_X__agg_linear_trend__attr_""slope""__chunk_len_50__f_agg_""mean""",4.339300759019339e-16,1.679726718011892e-17,15.362580247668488,16.77476136977032,1.679726718011892e-17,4.339300759019339e-16,8.537470013074169e-17
507,MMA_X__fourier_entropy__bins_10,4.451780348443921e-16,9.01302597537404e-18,15.351466271968073,17.04512937730306,9.01302597537404e-18,4.451780348443921e-16,6.334351736143547e-17
508,ADXL_X__fourier_entropy__bins_10,5.352867233388198e-16,9.593832640702509e-18,15.271413528244057,17.018007861839827,9.593832640702509e-18,5.352867233388198e-16,7.166206275640315e-17
509,"MMA_Z__cwt_coefficients__coeff_1__w_10__widths_(2, 5, 10, 20)",5.925746938492384e-16,2.6573628611993687e-114,15.227256899187902,113.57554913890671,2.6573628611993687e-114,5.925746938492384e-16,3.9682313238035305e-65
510,"GYRO_X__fft_coefficient__attr_""abs""__coeff_87",6.084421165080543e-16,2.1555890498905544e-11,15.215780731611186,10.666434031229374,6.084421165080543e-16,2.1555890498905544e-11,1.1452297428188785e-13
511,"MMA_X__cwt_coefficients__coeff_11__w_20__widths_(2, 5, 10, 20)",6.848184171467852e-16,8.783478666380367e-69,15.16442456848618,68.05633344919559,8.783478666380367e-69,6.848184171467852e-16,2.4525676254393394e-42
512,ADXL_X__number_peaks__n_5,7.173795249791639e-16,5.4226287398384885e-19,15.144251022858635,18.265790128509206,5.4226287398384885e-19,7.173795249791639e-16,1.9723292903376193e-17
513,MMA_Y__number_peaks__n_3,8.020920690113946e-16,4.948882251144046e-21,15.095775777889589,20.30549287924335,4.948882251144046e-21,8.020920690113946e-16,1.9923501710577628e-18
514,ADXL_Z__ar_coefficient__coeff_3__k_10,9.16844386567882e-16,4.929930141704016e-11,15.037704369662379,10.307159234736444,9.16844386567882e-16,4.929930141704016e-11,2.1260241712156358e-13
515,"GYRO_X__change_quantiles__f_agg_""mean""__isabs_False__qh_0.6__ql_0.2",9.786937750003684e-16,5.974544483537752e-09,15.009353174010345,8.223695200978533,9.786937750003684e-16,5.974544483537752e-09,2.4181086606067125e-12
516,ADXL_Y__quantile__q_0.3,1.0803012842704206e-15,8.735318934363341e-44,14.966455107616147,43.05872123390881,8.735318934363341e-44,1.0803012842704206e-15,9.714307110290697e-30
517,"GYRO_Z__fft_aggregated__aggtype_""variance""",1.1692239979837736e-15,6.540590652423707e-16,14.932102279454721,15.184383030650425,6.540590652423707e-16,1.1692239979837736e-15,8.744950286766726e-16
518,GYRO_Y__c3__lag_2,1.199180640690943e-15,1.2601282260329498e-09,14.921115391257977,8.899585260418029,1.199180640690943e-15,1.2601282260329498e-09,1.229276768448397e-12
519,"GYRO_Z__agg_linear_trend__attr_""rvalue""__chunk_len_10__f_agg_""var""",1.5363071166744535e-15,1.8652084938661973e-19,14.813521957647929,18.72927261550426,1.8652084938661973e-19,1.5363071166744535e-15,1.6927885524212046e-17
520,"ADXL_Y__agg_linear_trend__attr_""intercept""__chunk_len_10__f_agg_""max""",1.5809731124356285e-15,2.3695386875238837e-30,14.80107551603878,29.62533619616864,2.3695386875238837e-30,1.5809731124356285e-15,6.12060205686603e-23
521,ADXL_Y__number_peaks__n_3,1.6249277502220568e-15,1.8379803776173906e-21,14.789165944455844,20.735659129477643,1.8379803776173906e-21,1.6249277502220568e-15,1.7281739842834438e-18
522,"ADXL_Z__cwt_coefficients__coeff_1__w_10__widths_(2, 5, 10, 20)",1.6295911506227518e-15,2.1936144928768887e-111,14.78792134240636,110.65883969322758,2.1936144928768887e-111,1.6295911506227518e-15,1.8906863212785967e-63
523,MMA_Y__fourier_entropy__bins_100,1.6355409070490502e-15,6.060115087626855e-18,14.786338589121696,17.217519128070236,6.060115087626855e-18,1.6355409070490502e-15,9.955684872091352e-17
524,GYRO_Z__spkt_welch_density__coeff_8,1.6557131732713577e-15,3.595298175196631e-08,14.781014895844958,7.444265085678168,1.6557131732713577e-15,3.595298175196631e-08,7.715427759049744e-12
525,ADXL_Z__index_mass_quantile__q_0.3,1.982285757294228e-15,1.8450335947785618e-11,14.702833739421598,10.733995721703229,1.982285757294228e-15,1.8450335947785618e-11,1.9124287742707996e-13
526,ADXL_Y__fourier_entropy__bins_100,2.0797180459724562e-15,2.7688106431315683e-18,14.68199553973843,17.557706744310423,2.7688106431315683e-18,2.0797180459724562e-15,7.588376282447599e-17
527,MMA_Z__index_mass_quantile__q_0.7,2.1364352366942718e-15,3.632510106983956e-11,14.670310267729823,10.439793168660703,2.1364352366942718e-15,3.632510106983956e-11,2.7857894016254354e-13
528,MMA_Z__spkt_welch_density__coeff_2,2.1691868739071656e-15,0.0001596560624842,14.663703032213226,3.7968145857155444,2.1691868739071656e-15,0.0001596560624842,5.884928504921949e-10
529,GYRO_Y__number_peaks__n_10,2.2475519738211228e-15,1.1606337454654794e-41,14.648290256576834,40.93530480646114,1.1606337454654794e-41,2.2475519738211228e-15,1.6151113477108445e-28
530,"ADXL_Y__fft_coefficient__attr_""real""__coeff_1",2.4487053238549774e-15,3.044716953184694e-12,14.611063474541977,11.516453074585659,2.4487053238549774e-15,3.044716953184694e-12,8.634590096174148e-14
531,GYRO_X__friedrich_coefficients__coeff_3__m_3__r_30,2.5574987847434952e-15,3.329850521913019e-96,14.592184563981128,95.47757526167848,3.329850521913019e-96,2.5574987847434952e-15,9.228265635085521e-56
532,GYRO_Z__index_mass_quantile__q_0.4,2.6090257022729403e-15,2.005524578343696e-15,14.583521642517132,14.697772011232255,2.005524578343696e-15,2.6090257022729403e-15,2.2874582338129815e-15
533,"GYRO_X__fft_coefficient__attr_""abs""__coeff_97",2.628133934729048e-15,3.599388593540731e-15,14.58035250607132,14.443771263955549,2.628133934729048e-15,3.599388593540731e-15,3.0756585159866262e-15
534,"GYRO_X__agg_linear_trend__attr_""rvalue""__chunk_len_5__f_agg_""min""",2.816202861190081e-15,1.4886541536705208e-12,14.55033606461436,11.827206186464327,2.816202861190081e-15,1.4886541536705208e-12,6.474837516794857e-14
535,"GYRO_X__agg_linear_trend__attr_""rvalue""__chunk_len_10__f_agg_""min""",2.895629013204937e-15,7.899082665270958e-12,14.53825708054073,11.102423341183364,2.895629013204937e-15,7.899082665270958e-12,1.5123760426316851e-13
536,ADXL_Z__index_mass_quantile__q_0.9,2.9183927703856327e-15,5.235231848436614e-11,14.534856259210201,10.281064080314264,2.9183927703856327e-15,5.235231848436614e-11,3.908767424364108e-13
537,MMA_Z__index_mass_quantile__q_0.4,2.944525290716189e-15,1.7366077478351075e-11,14.53098471114519,10.76029826571428,2.944525290716189e-15,1.7366077478351075e-11,2.2613017121901615e-13
538,GYRO_X__minimum,3.254685863229321e-15,3.321537830315995e-13,14.487490922441335,12.478660796841602,3.254685863229321e-15,3.321537830315995e-13,3.287941942995779e-14
539,"GYRO_X__fft_coefficient__attr_""abs""__coeff_80",3.306439598617756e-15,2.3754090960553013e-13,14.480639406492921,12.624261584835162,3.306439598617756e-15,2.3754090960553013e-13,2.8025250575354466e-14
540,GYRO_Y__index_mass_quantile__q_0.3,3.4155224330673944e-15,3.886449174666565e-17,14.466542857884326,16.410447007440336,3.886449174666565e-17,3.4155224330673944e-15,3.6433850113664783e-16
541,"GYRO_Y__agg_linear_trend__attr_""stderr""__chunk_len_10__f_agg_""var""",3.593607414342575e-15,2.0417809448314602e-07,14.444469369379917,6.689990853607609,3.593607414342575e-15,2.0417809448314602e-07,2.7087560137099326e-11
542,"MMA_Z__change_quantiles__f_agg_""mean""__isabs_False__qh_0.8__ql_0.0",3.8428011868452615e-15,2.135239602784096e-07,14.415352083838943,6.670553384185376,3.8428011868452615e-15,2.135239602784096e-07,2.8644897066978143e-11
543,"GYRO_X__fft_coefficient__attr_""abs""__coeff_96",4.026919930187804e-15,6.467163858143815e-15,14.39502700566034,14.189286135220172,4.026919930187804e-15,6.467163858143815e-15,5.103209875377416e-15
544,"ADXL_Y__agg_linear_trend__attr_""rvalue""__chunk_len_5__f_agg_""var""",4.559466793758414e-15,2.1314764623114185e-18,14.341085942876855,17.67131945886236,2.1314764623114185e-18,4.559466793758414e-15,9.858192608985975e-17
545,"MMA_Y__agg_linear_trend__attr_""intercept""__chunk_len_5__f_agg_""max""",5.1247960821156404e-15,2.8784524317433024e-35,14.290323410696374,34.54084094314201,2.8784524317433024e-35,5.1247960821156404e-15,3.840765775825742e-25
546,ADXL_X__number_peaks__n_10,5.2094936229480445e-15,6.118766531670313e-28,14.283204489262344,27.2133361174753,6.118766531670313e-28,5.2094936229480445e-15,1.7853760171752172e-21
547,"MMA_Y__fft_coefficient__attr_""real""__coeff_1",5.343440398365871e-15,3.1326405588399025e-12,14.272179030440315,11.504089433483362,5.343440398365871e-15,3.1326405588399025e-12,1.2937958925450558e-13
548,"GYRO_X__agg_linear_trend__attr_""stderr""__chunk_len_50__f_agg_""max""",5.602614971766364e-15,6.476569194041324e-09,14.251609222505284,8.188654990220014,5.602614971766364e-15,6.476569194041324e-09,6.023763236733059e-12
549,"ADXL_Y__agg_linear_trend__attr_""rvalue""__chunk_len_50__f_agg_""var""",5.845478599723805e-15,2.826514613512227e-22,14.23317992509926,21.54874876482926,2.826514613512227e-22,5.845478599723805e-15,1.2853921847083218e-18
550,MMA_X__value_count__value_0,6.278989407378061e-15,2.228394423924912e-34,14.20211024959353,33.65200793693925,2.228394423924912e-34,6.278989407378061e-15,1.1828805934364152e-24
551,MMA_Z__value_count__value_1,6.4520349494634625e-15,0.0018492173869176,14.190303288784934,2.733012031842829,6.4520349494634625e-15,0.0018492173869176,3.4541591175780906e-09
552,"MMA_Z__change_quantiles__f_agg_""mean""__isabs_False__qh_0.6__ql_0.0",6.517967000895414e-15,1.2661756467980954e-07,14.185887842607498,6.897506043810058,6.517967000895414e-15,1.2661756467980954e-07,2.872784552166659e-11
553,GYRO_X__absolute_maximum,6.5398078485693736e-15,3.843684864002844e-09,14.184435011848816,8.41525222647565,6.5398078485693736e-15,3.843684864002844e-09,5.013677337148164e-12
554,ADXL_Z__index_mass_quantile__q_0.4,6.812747138108809e-15,1.198298633381204e-11,14.166677730033445,10.921434935980672,6.812747138108809e-15,1.198298633381204e-11,2.8572199049368766e-13
555,GYRO_Z__ratio_beyond_r_sigma__r_10,7.651624580880923e-15,5.774741056541583e-12,14.116246346335739,11.23846748506983,7.651624580880923e-15,5.774741056541583e-12,2.1020502043589693e-13
556,ADXL_Z__ratio_beyond_r_sigma__r_1.5,7.657492774820594e-15,2.0106310968429992e-14,14.115913404297038,13.696667604839435,7.657492774820594e-15,2.0106310968429992e-14,1.2408220298215563e-14
557,"MMA_Y__agg_linear_trend__attr_""intercept""__chunk_len_50__f_agg_""mean""",8.192407843300094e-15,9.976698144200792e-50,14.086588435312855,49.00101316763245,9.976698144200792e-50,8.192407843300094e-15,2.8589015395215705e-32
558,ADXL_Z__number_crossing_m__m_-1,9.510338612414998e-15,3.392365861029411e-29,14.021804019878008,28.469497315950164,3.392365861029411e-29,9.510338612414998e-15,5.680013031286677e-22
559,"GYRO_Y__agg_linear_trend__attr_""rvalue""__chunk_len_5__f_agg_""max""",9.75790791303359e-15,5.637250766459972e-16,14.010643284712181,15.248932645671653,5.637250766459972e-16,9.75790791303359e-15,2.3453736133459514e-15
560,ADXL_Y__spkt_welch_density__coeff_8,1.0636699808559231e-14,5.8775951459440605e-05,13.973193097346712,4.23080033182888,1.0636699808559231e-14,5.8775951459440605e-05,7.906846094597507e-10
561,GYRO_X__number_cwt_peaks__n_5,1.14774073229874e-14,1.4360498908872653e-15,13.940156205360257,14.842830471681008,1.4360498908872653e-15,1.14774073229874e-14,4.0598189040700765e-15
562,"MMA_Z__cwt_coefficients__coeff_2__w_20__widths_(2, 5, 10, 20)",1.1622907012556287e-14,1.3782283547603617e-96,13.93468523669469,95.86067881944143,1.3782283547603617e-96,1.1622907012556287e-14,1.2656626726520824e-55
563,GYRO_X__maximum,1.2018548436416891e-14,2.7432945746155827e-08,13.920147981927457,7.561727555406356,1.2018548436416891e-14,2.7432945746155827e-08,1.81577583198965e-11
564,ADXL_Y__ratio_beyond_r_sigma__r_1.5,1.2255656179623843e-14,1.8255784622450215e-11,13.911663431244975,10.738599496602085,1.2255656179623843e-14,1.8255784622450215e-11,4.730080545001469e-13
565,MMA_Z__ratio_beyond_r_sigma__r_1.5,1.27069664854993e-14,2.5653735560790173e-14,13.895958115523959,13.590849386290392,1.27069664854993e-14,2.5653735560790173e-14,1.8054948296764028e-14
566,ADXL_Z__energy_ratio_by_chunks__num_segments_10__segment_focus_1,1.3096870568740428e-14,1.702727255462807e-25,13.882832464427366,24.76885491218643,1.702727255462807e-25,1.3096870568740428e-14,4.7223297723330376e-20
567,GYRO_X__large_standard_deviation__r_0.05,1.4111665344859973e-14,1.885583766874205e-14,13.850421731291336,13.72455416933996,1.4111665344859973e-14,1.885583766874205e-14,1.6312181674389615e-14
568,"MMA_Y__agg_linear_trend__attr_""intercept""__chunk_len_10__f_agg_""mean""",1.4736127135075068e-14,4.799597435095569e-49,13.831616640280819,48.31879518742616,4.799597435095569e-49,1.4736127135075068e-14,8.40996302017723e-32
569,"GYRO_X__agg_linear_trend__attr_""intercept""__chunk_len_10__f_agg_""var""",1.515672265676387e-14,1.8263226593757823e-08,13.819394696194431,7.738422492515147,1.515672265676387e-14,1.8263226593757823e-08,1.663762784471457e-11
570,"MMA_Y__agg_linear_trend__attr_""intercept""__chunk_len_5__f_agg_""mean""",1.5864365398950062e-14,5.9206473363391465e-49,13.799577295719033,48.22763080692058,5.9206473363391465e-49,1.5864365398950062e-14,9.691610430780047e-32
571,"GYRO_X__agg_linear_trend__attr_""rvalue""__chunk_len_10__f_agg_""mean""",1.5908780588045085e-14,1.7099511039989377e-17,13.798363107856815,16.76701630806811,1.7099511039989377e-17,1.5908780588045085e-14,5.215672241409018e-16
572,"GYRO_X__fft_aggregated__aggtype_""variance""",1.592930963261462e-14,2.3956034186168984e-15,13.797803045871369,14.620585075832697,2.3956034186168984e-15,1.592930963261462e-14,6.17740306375573e-15
573,GYRO_Y__c3__lag_1,1.5940286464223784e-14,1.3960843795490611e-09,13.79750387812725,8.855088332096033,1.5940286464223784e-14,1.3960843795490611e-09,4.7174129497257455e-12
574,MMA_Y__ratio_beyond_r_sigma__r_1.5,1.636496035972781e-14,1.4131489176506509e-11,13.786085042331065,10.849812069781917,1.636496035972781e-14,1.4131489176506509e-11,4.808963091950817e-13
575,"MMA_Y__linear_trend__attr_""intercept""",1.679628206775719e-14,6.966433199627767e-49,13.774786840664138,48.15698952293574,6.966433199627767e-49,1.679628206775719e-14,1.081712424940826e-31
576,"GYRO_Y__agg_linear_trend__attr_""stderr""__chunk_len_50__f_agg_""var""",1.909862388969653e-14,0.0001033927103326,13.718997923780623,3.9855100799454433,1.909862388969653e-14,0.0001033927103326,1.4052254223357432e-09
577,"GYRO_Y__change_quantiles__f_agg_""mean""__isabs_False__qh_1.0__ql_0.2",1.9875594958975043e-14,0.0187131072786473,13.701679862242186,1.7278540926750214,1.9875594958975043e-14,0.0187131072786473,1.9285594123444614e-08
578,ADXL_Y__fourier_entropy__bins_5,2.0501409977571955e-14,4.3223463197324276e-09,13.688216269460261,8.364280439043903,2.0501409977571955e-14,4.3223463197324276e-09,9.413511245326252e-12
579,"MMA_Y__agg_linear_trend__attr_""rvalue""__chunk_len_50__f_agg_""var""",2.1205007657180177e-14,5.483719443504796e-22,13.673561566379442,21.260924772564973,5.483719443504796e-22,2.1205007657180177e-14,3.4100192490563307e-18
580,ADXL_X__fourier_entropy__bins_5,2.173053592034196e-14,1.7239073777421568e-14,13.662929562939613,13.763486071699287,1.7239073777421568e-14,2.173053592034196e-14,1.9354955746621703e-14
581,"GYRO_X__agg_linear_trend__attr_""rvalue""__chunk_len_5__f_agg_""mean""",2.981348567649334e-14,2.8019607730620546e-17,13.525587244981494,16.552537949050937,2.8019607730620546e-17,2.981348567649334e-14,9.139814952928848e-16
582,"GYRO_Y__change_quantiles__f_agg_""mean""__isabs_False__qh_0.4__ql_0.0",2.9958916478724266e-14,1.255786188733044e-05,13.523473897775657,4.901084297667231,2.9958916478724266e-14,1.255786188733044e-05,6.133677000249421e-10
583,"MMA_Z__fft_aggregated__aggtype_""variance""",3.2064523012498375e-14,0.0001810160390212,13.493975216204584,3.7422829425352617,3.2064523012498375e-14,0.0001810160390212,2.409189272105156e-09
584,MMA_Z__minimum,3.461303119368113e-14,6.26412043690396e-25,13.46076036623476,24.20313990092138,6.26412043690396e-25,3.461303119368113e-14,1.4724815655332743e-19
585,"GYRO_Y__agg_autocorrelation__f_agg_""median""__maxlag_40",3.461303119368113e-14,2.584851637735728e-13,13.46076036623476,12.587564378976918,3.461303119368113e-14,2.584851637735728e-13,9.458834514250924e-14
586,ADXL_X__spkt_welch_density__coeff_5,3.726614210080328e-14,0.0004764585453599,13.428685564344478,3.3219748795054596,3.726614210080328e-14,0.0004764585453599,4.213759824257199e-09
587,MMA_Z__energy_ratio_by_chunks__num_segments_10__segment_focus_0,3.8874730023761806e-14,4.67706039292387e-32,13.410332614031926,31.330027022192365,4.67706039292387e-32,3.8874730023761806e-14,4.264029316031314e-23
588,"MMA_Y__agg_linear_trend__attr_""stderr""__chunk_len_10__f_agg_""var""",4.18854197219336e-14,2.94238895097058e-06,13.377937128257718,5.5312999189316905,4.18854197219336e-14,2.94238895097058e-06,3.510601033962456e-10
589,GYRO_Z__index_mass_quantile__q_0.3,4.3182742976573214e-14,4.484000640765397e-15,13.364689774652218,14.348334334016213,4.484000640765397e-15,4.3182742976573214e-14,1.3915151712322857e-14
590,"GYRO_X__linear_trend__attr_""rvalue""",5.1602921367068926e-14,4.2410207030427133e-17,13.287325711208371,16.372529607475386,4.2410207030427133e-17,5.1602921367068926e-14,1.4793547845436688e-15
591,GYRO_X__index_mass_quantile__q_0.6,5.5554029842143027e-14,1.899089251335616e-12,13.255284432227572,11.721454624282616,5.5554029842143027e-14,1.899089251335616e-12,3.248108079199211e-13
592,GYRO_Y__friedrich_coefficients__coeff_3__m_3__r_30,5.845186065701587e-14,1.5659853381166598e-29,13.233201659690966,28.805212308436975,1.5659853381166598e-29,5.845186065701587e-14,9.567379828068126e-22
593,"GYRO_Y__change_quantiles__f_agg_""mean""__isabs_False__qh_0.2__ql_0.0",5.845186065701587e-14,7.248230257526893e-07,13.233201659690966,6.139768018699764,5.845186065701587e-14,7.248230257526893e-07,2.0583307436438105e-10
594,"ADXL_X__agg_linear_trend__attr_""stderr""__chunk_len_50__f_agg_""var""",5.923944407861647e-14,0.0111686417372782,13.227389025686314,1.9519996399437272,5.923944407861647e-14,0.0111686417372782,2.57220552761554e-08
595,"ADXL_X__cwt_coefficients__coeff_3__w_2__widths_(2, 5, 10, 20)",6.462532327848754e-14,1.627972668486967e-131,13.189597271399554,130.78835289061692,1.627972668486967e-131,6.462532327848754e-14,1.0257107778975137e-72
596,"GYRO_Y__agg_linear_trend__attr_""intercept""__chunk_len_10__f_agg_""max""",7.022562207496237e-14,3.427666640417077e-27,13.15350440502739,26.46500142224104,3.427666640417077e-27,7.022562207496237e-14,1.5514832325516302e-20
597,MMA_X__spkt_welch_density__coeff_5,8.1333184828629e-14,0.0004285096846952,13.089732221350186,3.3680393581931654,8.1333184828629e-14,0.0004285096846952,5.903563109357961e-09
598,"MMA_Z__cwt_coefficients__coeff_12__w_5__widths_(2, 5, 10, 20)",8.383991592961842e-14,1.0514856158757719e-139,13.076549165848434,138.97819666400335,1.0514856158757719e-139,8.383991592961842e-14,9.389167462359363e-77
599,MMA_Y__fourier_entropy__bins_5,8.700046444956019e-14,2.1905697890013107e-08,13.060478428906178,7.65944290614919,8.700046444956019e-14,2.1905697890013107e-08,4.365553676823698e-11
600,"GYRO_Z__change_quantiles__f_agg_""mean""__isabs_False__qh_0.2__ql_0.0",8.774690180811504e-14,8.114704733236336e-10,13.05676820878115,9.090727278063147,8.774690180811504e-14,8.114704733236336e-10,8.43824744499197e-12
601,ADXL_X__number_crossing_m__m_0,9.505802293757969e-14,2.052567262789531e-17,13.022011222612567,16.68770260211123,2.052567262789531e-17,9.505802293757969e-14,1.3968285003792426e-15
602,MMA_Z__index_mass_quantile__q_0.3,1.0144854605104977e-13,3.698952908592186e-09,12.993754172844838,8.431921197656962,1.0144854605104977e-13,3.698952908592186e-09,1.9371458243714613e-11
603,"GYRO_X__change_quantiles__f_agg_""mean""__isabs_False__qh_0.4__ql_0.2",1.0161263885446129e-13,3.75210407240274e-05,12.9930522699717,4.425725124066057,1.0161263885446129e-13,3.75210407240274e-05,1.952591088921111e-09
604,"ADXL_Z__fft_aggregated__aggtype_""kurtosis""",1.0515209591802507e-13,3.5788101235223145e-18,12.978182066424536,17.446261342820954,3.5788101235223145e-18,1.0515209591802507e-13,6.134487634521872e-16
605,"MMA_X__cwt_coefficients__coeff_10__w_20__widths_(2, 5, 10, 20)",1.072075841793218e-13,8.027184802711326e-68,12.969774490289508,67.09543673853389,8.027184802711326e-68,1.072075841793218e-13,9.276718657260482e-41
606,"GYRO_X__fft_coefficient__attr_""abs""__coeff_61",1.1239689458085625e-13,2.7590223021048797e-14,12.949245687744085,13.559244788958315,2.7590223021048797e-14,1.1239689458085625e-13,5.5687120489024526e-14
607,"GYRO_X__fft_coefficient__attr_""abs""__coeff_88",1.1544378336912906e-13,1.9357107725230392e-12,12.937629448811553,11.713159533019825,1.1544378336912906e-13,1.9357107725230392e-12,4.727216676739488e-13
608,ADXL_Y__fourier_entropy__bins_3,1.2704913383988364e-13,4.4184493728747965e-07,12.896028291415195,6.35473011684049,1.2704913383988364e-13,4.4184493728747965e-07,2.3693040449446756e-10
609,GYRO_Y__quantile__q_0.3,1.2952558960153424e-13,7.248119487544923e-176,12.887644422124339,175.13977465579018,7.248119487544923e-176,1.2952558960153424e-13,9.689256680089687e-95
610,"MMA_Y__agg_linear_trend__attr_""intercept""__chunk_len_10__f_agg_""max""",1.3372115075824986e-13,1.0170892858676547e-28,12.873799894674388,27.992640920570295,1.0170892858676547e-28,1.3372115075824986e-13,3.687903872528531e-21
611,"GYRO_Y__agg_linear_trend__attr_""intercept""__chunk_len_10__f_agg_""min""",1.440239576025768e-13,1.0325872798772329e-23,12.841565259368835,22.986073229195007,1.0325872798772329e-23,1.440239576025768e-13,1.2194970546007838e-18
612,"MMA_X__change_quantiles__f_agg_""var""__isabs_True__qh_0.2__ql_0.0",1.440239576025768e-13,5.1122763013796015e-05,12.841565259368835,4.291385682055886,1.440239576025768e-13,5.1122763013796015e-05,2.7134669065285354e-09
613,ADXL_Y__fourier_entropy__bins_10,1.4517162836244416e-13,2.1565272776584667e-11,12.83811825174609,10.666245044143752,1.4517162836244416e-13,2.1565272776584667e-11,1.7693687476207675e-12
614,"ADXL_X__agg_linear_trend__attr_""intercept""__chunk_len_10__f_agg_""max""",1.5207430475017813e-13,2.077120181663306e-28,12.817944160358062,27.68253837456591,2.077120181663306e-28,1.5207430475017813e-13,5.620290094906232e-21
615,"ADXL_X__cwt_coefficients__coeff_7__w_20__widths_(2, 5, 10, 20)",1.6355192938006525e-13,1.1121555572311313e-103,12.786344328248425,102.95383446372317,1.1121555572311313e-103,1.6355192938006525e-13,1.3486852381334686e-58
616,"ADXL_X__agg_linear_trend__attr_""intercept""__chunk_len_10__f_agg_""min""",1.84475189875863e-13,3.1081367219732467e-31,12.734062033973947,30.50749988552989,3.1081367219732467e-31,1.84475189875863e-13,2.3945231507466305e-22
617,MMA_Y__spkt_welch_density__coeff_8,1.84475189875863e-13,0.0002353225925948,12.734062033973947,3.6283363755514064,1.84475189875863e-13,0.0002353225925948,6.588716107938335e-09
618,GYRO_X__quantile__q_0.8,1.8467440157773746e-13,2.9056937328631354e-148,12.73359329960037,147.53675016331297,2.9056937328631354e-148,1.8467440157773746e-13,7.325348123363706e-81
619,"GYRO_Y__agg_linear_trend__attr_""intercept""__chunk_len_50__f_agg_""var""",1.8467440157773746e-13,0.014361773035364,12.73359329960037,1.8427919408777436,1.8467440157773746e-13,0.014361773035364,5.150001787282343e-08
620,"ADXL_Z__cwt_coefficients__coeff_2__w_20__widths_(2, 5, 10, 20)",1.9597188705808966e-13,6.408810046034295e-91,12.707806225435544,90.1932226004992,6.408810046034295e-91,1.9597188705808966e-13,3.543933688033939e-52
621,GYRO_Z__kurtosis,2.018504231531909e-13,0.04423094516446,12.694970335810748,1.3542737801573304,2.018504231531909e-13,0.04423094516446,9.448827968542889e-08
622,"ADXL_X__agg_linear_trend__attr_""stderr""__chunk_len_10__f_agg_""var""",2.0476567570897199e-13,0.0002243781103264,12.688742841150873,3.6490195138515107,2.0476567570897199e-13,0.0002243781103264,6.778269349567599e-09
623,GYRO_Y__fourier_entropy__bins_3,2.4291205530099604e-13,4.7320269718135935e-12,12.614550931383496,11.324952788626435,2.4291205530099604e-13,4.7320269718135935e-12,1.072131707143758e-12
624,MMA_Y__fourier_entropy__bins_10,2.57335527125974e-13,6.987619485712239e-11,12.589500251995414,10.155670752766797,2.57335527125974e-13,6.987619485712239e-11,4.240474907025729e-12
625,"GYRO_Y__fft_coefficient__attr_""abs""__coeff_74",2.594869922022227e-13,0.000154438593819,12.585884407975017,3.811244161330746,2.594869922022227e-13,0.000154438593819,6.330466506509065e-09
626,"GYRO_X__agg_linear_trend__attr_""slope""__chunk_len_5__f_agg_""min""",2.639270035572912e-13,5.557885358376575e-14,12.578516172887353,13.25509041558994,5.557885358376575e-14,2.639270035572912e-13,1.211146576080398e-13
627,MMA_X__fourier_entropy__bins_5,2.66768550056066e-13,6.103429628450486e-13,12.573865371690244,12.214426058406808,2.66768550056066e-13,6.103429628450486e-13,4.035099840587553e-13
628,"ADXL_Z__fft_aggregated__aggtype_""centroid""",2.778799302706536e-13,4.377282400870621e-12,12.556142818776646,11.358795433925273,2.778799302706536e-13,4.377282400870621e-12,1.1028866343957964e-12
629,ADXL_Z__index_mass_quantile__q_0.6,2.8154200491934895e-13,7.702413913121989e-11,12.550456801012405,10.113373146924038,2.8154200491934895e-13,7.702413913121989e-11,4.65677254739702e-12
630,ADXL_Z__benford_correlation,2.943716096999677e-13,1.2717774418141916e-11,12.531104077300531,10.895588882593877,2.943716096999677e-13,1.2717774418141916e-11,1.9348777034400663e-12
631,"GYRO_X__fft_coefficient__attr_""abs""__coeff_37",2.9563094294399833e-13,2.9235009301853577e-08,12.529250111391796,7.534096763644961,2.9563094294399833e-13,2.9235009301853577e-08,9.296651745055064e-11
632,"MMA_X__agg_linear_trend__attr_""stderr""__chunk_len_10__f_agg_""var""",3.034465130038263e-13,0.0003386992884046,12.517917848754822,3.470185715791981,3.034465130038263e-13,0.0003386992884046,1.0137905011552099e-08
633,MMA_Z__energy_ratio_by_chunks__num_segments_10__segment_focus_1,3.059343104872159e-13,3.395273344605665e-22,12.514371814222665,21.469125256059424,3.395273344605665e-22,3.059343104872159e-13,1.0191813428421644e-17
634,"ADXL_Z__change_quantiles__f_agg_""mean""__isabs_False__qh_0.2__ql_0.0",3.099006737497755e-13,0.0444779116835321,12.508777479567456,1.3518556118398808,3.099006737497755e-13,0.0444779116835321,1.1740415153524006e-07
635,MMA_Y__ar_coefficient__coeff_0__k_10,3.1625872119282866e-13,0.1235572462176586,12.499957489488228,0.9081317796017502,3.1625872119282866e-13,0.1235572462176586,1.9767664678181937e-07
636,"GYRO_Y__fft_coefficient__attr_""abs""__coeff_92",3.1625872119282866e-13,9.56952557551839e-05,12.499957489488228,4.0191095925305484,3.1625872119282866e-13,9.56952557551839e-05,5.501314316538834e-09
637,"GYRO_Y__fft_coefficient__attr_""abs""__coeff_55",3.27814267029648e-13,0.0189766958095129,12.48437214912606,1.721779403953912,3.27814267029648e-13,0.0189766958095129,7.887224877889601e-08
638,"ADXL_X__cwt_coefficients__coeff_10__w_10__widths_(2, 5, 10, 20)",3.3115331952501053e-13,4.14586418831955e-121,12.479970887169504,120.38238492878087,4.14586418831955e-121,3.3115331952501053e-13,3.7052890417103526e-67
639,"GYRO_X__fft_coefficient__attr_""abs""__coeff_47",3.329095448978748e-13,7.068548030703383e-08,12.47767375294471,7.1506697866293765,3.329095448978748e-13,7.068548030703383e-08,1.5340101394678697e-10
640,MMA_X__autocorrelation__lag_2,3.774474094974407e-13,3.6776952132507724e-09,12.423143550938484,8.434424265497103,3.774474094974407e-13,3.6776952132507724e-09,3.7257704319545e-11
641,ADXL_Z__spkt_welch_density__coeff_2,3.9069801779519523e-13,0.0006291223112407,12.408158792160915,3.2012649126898927,3.9069801779519523e-13,0.0006291223112407,1.5677909297877487e-08
642,GYRO_Y__large_standard_deviation__r_0.05,3.93890953798608e-13,4.892562938382779e-13,12.404623993195582,12.310463578829587,3.93890953798608e-13,4.892562938382779e-13,4.3899160382851433e-13
643,MMA_Z__friedrich_coefficients__coeff_2__m_3__r_30,4.0951703892017764e-13,2.513927596370364e-09,12.387728023683628,8.599647234585476,4.0951703892017764e-13,2.513927596370364e-09,3.208576296934999e-11
644,"ADXL_X__cwt_coefficients__coeff_9__w_10__widths_(2, 5, 10, 20)",4.118993740151807e-13,5.019718668782622e-125,12.385208868062906,124.29932062230101,5.019718668782622e-125,4.118993740151807e-13,4.5471078471968066e-69
645,GYRO_Z__autocorrelation__lag_3,4.217169954570195e-13,9.738399645552365e-13,12.374978896294909,12.011512406798063,4.217169954570195e-13,9.738399645552365e-13,6.40846989466444e-13
646,MMA_Z__number_crossing_m__m_1,4.4584962057369066e-13,4.183169678679679e-09,12.350811598614632,8.378494519110564,4.4584962057369066e-13,4.183169678679679e-09,4.31863938530957e-11
647,"ADXL_X__cwt_coefficients__coeff_1__w_2__widths_(2, 5, 10, 20)",5.016849521280538e-13,1.6310238989403107e-132,12.299568925294274,131.78753967531665,1.6310238989403107e-132,5.016849521280538e-13,9.045773303922564e-73
648,"GYRO_Z__change_quantiles__f_agg_""mean""__isabs_False__qh_0.8__ql_0.6",5.082528534060314e-13,0.0132292412692657,12.293920174490188,1.8784650629946735,5.082528534060314e-13,0.0132292412692657,8.199877818297734e-08
649,GYRO_X__energy_ratio_by_chunks__num_segments_10__segment_focus_3,5.102700776096944e-13,1.3190180057532248e-14,12.292199898079696,13.879749275912395,1.3190180057532248e-14,5.102700776096944e-13,8.20399549100487e-14
650,"GYRO_Y__change_quantiles__f_agg_""var""__isabs_True__qh_1.0__ql_0.6",5.201438503583026e-13,0.0001376482489154,12.28387653179357,3.8612293090887864,5.201438503583026e-13,0.0001376482489154,8.461494559824181e-09
651,"ADXL_Y__agg_linear_trend__attr_""intercept""__chunk_len_10__f_agg_""min""",5.407908849402529e-13,7.56657138942125e-22,12.266970637061819,21.121100866069593,7.56657138942125e-22,5.407908849402529e-13,2.022852648526016e-17
652,"GYRO_Z__change_quantiles__f_agg_""mean""__isabs_False__qh_0.8__ql_0.2",5.487934900872848e-13,2.64544337150611e-07,12.260591048970289,6.5775015305619515,5.487934900872848e-13,2.64544337150611e-07,3.8102520922861674e-10
653,"MMA_Z__change_quantiles__f_agg_""mean""__isabs_False__qh_0.4__ql_0.0",6.41058911310733e-13,0.0004645144039143,12.193102058341475,3.333000814622956,6.41058911310733e-13,0.0004645144039143,1.725633501243689e-08
654,"GYRO_X__agg_linear_trend__attr_""intercept""__chunk_len_50__f_agg_""min""",6.490483502816846e-13,1.4109231871933558e-27,12.18772294961197,26.85049662925495,1.4109231871933558e-27,6.490483502816846e-13,3.0261483225744635e-20
655,GYRO_Z__autocorrelation__lag_4,6.590030801890821e-13,2.661359905421613e-12,12.181112555503114,11.574896390247824,6.590030801890821e-13,2.661359905421613e-12,1.3243278956378466e-12
656,"GYRO_Y__agg_linear_trend__attr_""rvalue""__chunk_len_10__f_agg_""max""",6.847319920323939e-13,8.411824923473625e-15,12.164479380561845,14.075109774925394,8.411824923473625e-15,6.847319920323939e-13,7.58936468782324e-14
657,"MMA_Y__fft_aggregated__aggtype_""variance""",6.954647028661599e-13,5.696610398952956e-08,12.15772490699394,7.244383481679135,6.954647028661599e-13,5.696610398952956e-08,1.9904249441895803e-10
658,"GYRO_Y__change_quantiles__f_agg_""var""__isabs_False__qh_1.0__ql_0.8",8.010543007919023e-13,3.788325361567806e-05,12.096338043547501,4.421552728542726,8.010543007919023e-13,3.788325361567806e-05,5.508769666343774e-09
659,ADXL_Y__last_location_of_maximum,8.294775530981638e-13,2.0548685670139257e-15,12.081195362138123,14.687215951133917,2.0548685670139257e-15,8.294775530981638e-13,4.128519529934479e-14
660,ADXL_X__autocorrelation__lag_2,8.465442664049403e-13,9.562518125326927e-10,12.07235032739231,9.019427728651712,8.465442664049403e-13,9.562518125326927e-10,2.8451880239078803e-11
661,MMA_Z__partial_autocorrelation__lag_1,8.897558393924278e-13,1.636903764889734e-05,12.050729153076759,4.785976852418171,8.897558393924278e-13,1.636903764889734e-05,3.81633945467917e-09
662,MMA_Z__autocorrelation__lag_1,8.897558393924278e-13,1.636903764889734e-05,12.050729153076759,4.785976852418171,8.897558393924278e-13,1.636903764889734e-05,3.81633945467917e-09
663,"GYRO_Y__change_quantiles__f_agg_""mean""__isabs_False__qh_0.6__ql_0.2",1.0104255079161657e-12,0.0001009955990671,11.995495698668675,3.9956975504006844,1.0104255079161657e-12,0.0001009955990671,1.0101907220157584e-08
664,"MMA_Z__change_quantiles__f_agg_""var""__isabs_True__qh_1.0__ql_0.0",1.071177098782458e-12,0.0082227663352533,11.970138720890303,2.084982050827055,1.071177098782458e-12,0.0082227663352533,9.385115335978932e-08
665,ADXL_X__partial_autocorrelation__lag_3,1.1040914840859916e-12,4.145093262569841e-13,11.956994939842652,12.382465693590477,4.145093262569841e-13,1.1040914840859916e-12,6.765029321403995e-13
666,MMA_Z__root_mean_square,1.122711902545676e-12,1.9339464373902585e-15,11.949731673112192,14.713555558312985,1.9339464373902585e-15,1.122711902545676e-12,4.6596831267199376e-14
667,"ADXL_X__cwt_coefficients__coeff_11__w_10__widths_(2, 5, 10, 20)",1.1268754088665093e-12,3.7618021330162396e-117,11.948124098357539,116.42460405163496,3.7618021330162396e-117,1.1268754088665093e-12,6.5108235398585194e-65
668,ADXL_Y__fourier_entropy__bins_2,1.427018876681573e-12,6.976057848117059e-07,11.845570281976858,6.156389926726025,1.427018876681573e-12,6.976057848117059e-07,9.977457709299336e-10
669,ADXL_Y__first_location_of_maximum,1.4381600090760137e-12,1.5426779899062258e-14,11.842192791844061,13.811724716711508,1.5426779899062258e-14,1.4381600090760137e-12,1.4895025317081218e-13
670,"GYRO_Z__change_quantiles__f_agg_""mean""__isabs_False__qh_1.0__ql_0.8",1.4969676919471472e-12,0.0491284340173094,11.824787572643245,1.308667078903654,1.4969676919471472e-12,0.0491284340173094,2.7118937752033975e-07
671,GYRO_Z__autocorrelation__lag_5,1.527704499402145e-12,8.561640472868889e-12,11.815960642285171,11.067443013353786,1.527704499402145e-12,8.561640472868889e-12,3.6165807985810726e-12
672,ADXL_Z__value_count__value_-1,1.5786032063964045e-12,1.9070533514312947e-35,11.80172701940798,34.7196371570284,1.9070533514312947e-35,1.5786032063964045e-12,5.486784609713098e-24
673,"MMA_Y__fft_coefficient__attr_""angle""__coeff_0",1.5955243310533573e-12,1.919318877454449e-12,11.797096568617672,11.716852865173816,1.5955243310533573e-12,1.919318877454449e-12,1.7499485615379072e-12
674,ADXL_Y__cid_ce__normalize_True,1.6100610620506785e-12,4.0166174391027847e-10,11.79315765290679,9.396139530478575,1.6100610620506785e-12,4.0166174391027847e-10,2.543029559374626e-11
675,GYRO_Z__autocorrelation__lag_2,1.646244685466705e-12,4.587690487006092e-13,11.783505614050636,12.33840588988141,4.587690487006092e-13,1.646244685466705e-12,8.690489677112527e-13
676,"MMA_Y__change_quantiles__f_agg_""mean""__isabs_False__qh_0.8__ql_0.6",1.6541335125004016e-12,4.851381059335373e-07,11.781429439522249,6.31413461169283,1.6541335125004016e-12,4.851381059335373e-07,8.958142660259626e-10
677,MMA_Z__benford_correlation,1.7270848378653013e-12,1.0215898571758442e-11,11.762686328494034,10.990723427602932,1.7270848378653013e-12,1.0215898571758442e-11,4.200443253807125e-12
678,"GYRO_Z__fft_coefficient__attr_""abs""__coeff_37",1.7428133580252338e-12,0.1465163789119226,11.758749120015596,0.8341138232726008,1.7428133580252338e-12,0.1465163789119226,5.053223746651096e-07
679,"ADXL_X__cwt_coefficients__coeff_8__w_10__widths_(2, 5, 10, 20)",1.840070881553351e-12,5.019718668782622e-125,11.735165447167326,124.29932062230101,5.019718668782622e-125,1.840070881553351e-12,9.610743028515875e-69
680,MMA_X__autocorrelation__lag_3,1.845661645663564e-12,3.3450827300879733e-09,11.733847912676163,8.475593136856878,1.845661645663564e-12,3.3450827300879733e-09,7.85741108539889e-11
681,"GYRO_X__agg_linear_trend__attr_""stderr""__chunk_len_50__f_agg_""min""",1.874660005292483e-12,1.5798335290500674e-08,11.727077485917277,7.801388673313867,1.874660005292483e-12,1.5798335290500674e-08,1.720944720765383e-10
682,"GYRO_Y__fft_coefficient__attr_""abs""__coeff_75",1.989530779675577e-12,6.811798982704457e-05,11.701249337573207,4.166738176621113,1.989530779675577e-12,6.811798982704457e-05,1.1641427636270949e-08
683,MMA_Y__fourier_entropy__bins_3,2.052719932695793e-12,2.2723136018414645e-06,11.687670300498839,5.64353173187358,2.052719932695793e-12,2.2723136018414645e-06,2.1597276272335237e-09
684,MMA_Y__quantile__q_0.4,2.286977322909787e-12,1.5644364469920556e-20,11.640738141726427,19.80564207475574,1.5644364469920556e-20,2.286977322909787e-12,1.8915154446645128e-16
685,"GYRO_X__fft_coefficient__attr_""abs""__coeff_89",2.3388776517776068e-12,5.342782960927289e-12,11.630992495825563,11.272232467738514,2.3388776517776068e-12,5.342782960927289e-12,3.5349845354132775e-12
686,GYRO_Z__cid_ce__normalize_True,2.3474172174305e-12,1.1810057640841668e-12,11.629409714353462,11.927747982738866,1.1810057640841668e-12,2.3474172174305e-12,1.6650265056436298e-12
687,"MMA_X__change_quantiles__f_agg_""var""__isabs_False__qh_0.2__ql_0.0",2.3703293055594042e-12,0.0001388828075577,11.625191314052174,3.857351512685352,2.3703293055594042e-12,0.0001388828075577,1.8143814064093124e-08
688,MMA_Y__first_location_of_maximum,2.457713812828445e-12,8.030700577920718e-14,11.609468689694287,13.095246566321142,8.030700577920718e-14,2.457713812828445e-12,4.4426527815084903e-13
689,"GYRO_X__change_quantiles__f_agg_""var""__isabs_False__qh_1.0__ql_0.8",2.496180355772082e-12,7.53310827184756e-07,11.602724038906745,6.123025790495462,2.496180355772082e-12,7.53310827184756e-07,1.3712766637732175e-09
690,"GYRO_Z__agg_linear_trend__attr_""rvalue""__chunk_len_50__f_agg_""var""",2.708907693398087e-12,2.2605979688071655e-19,11.56720579339092,18.645776666957318,2.2605979688071655e-19,2.708907693398087e-12,7.825440070297529e-16
691,GYRO_X__number_peaks__n_5,2.889606451367551e-12,7.723001931665126e-47,11.539161301754808,46.11221385653656,7.723001931665126e-47,2.889606451367551e-12,1.4938686758100126e-29
692,"ADXL_X__fft_coefficient__attr_""abs""__coeff_92",2.9272502608877578e-12,0.0055657930610782,11.533540146621062,2.25447294498411,2.9272502608877578e-12,0.0055657930610782,1.2764195701292122e-07
693,ADXL_Y__index_mass_quantile__q_0.9,3.09474083175775e-12,8.728654633356966e-06,11.509375714996148,5.059052689895287,3.09474083175775e-12,8.728654633356966e-06,5.197395876798426e-09
694,MMA_Z__ar_coefficient__coeff_1__k_10,3.09474083175775e-12,3.334246974755933e-11,11.509375714996148,10.477002234201747,3.09474083175775e-12,3.334246974755933e-11,1.0158065886743371e-11
695,"MMA_Y__agg_linear_trend__attr_""intercept""__chunk_len_5__f_agg_""min""",3.0984549836574266e-12,1.2093452348378342e-28,11.508854809177429,27.91744970229718,1.2093452348378342e-28,3.0984549836574266e-12,1.9357432086528545e-20
696,GYRO_Z__first_location_of_maximum,3.2576938036405125e-12,2.050945083709056e-15,11.487089738210011,14.688045968184253,2.050945083709056e-15,3.2576938036405125e-12,8.17395319952712e-14
697,"GYRO_Y__fft_coefficient__attr_""abs""__coeff_76",3.349391581741708e-12,0.0006019852982142,11.475034075557124,3.2204141150252537,3.349391581741708e-12,0.0006019852982142,4.490305657937901e-08
698,MMA_Y__large_standard_deviation__r_0.1,3.382114768648908e-12,4.033475402229522e-12,11.470811659143596,11.394320587217003,3.382114768648908e-12,4.033475402229522e-12,3.6934640551740254e-12
699,"GYRO_Y__change_quantiles__f_agg_""var""__isabs_True__qh_1.0__ql_0.8",3.584536337542636e-12,1.1863392183373968e-05,11.445567012679462,4.9257911123310585,3.584536337542636e-12,1.1863392183373968e-05,6.521101162213577e-09
700,GYRO_Y__energy_ratio_by_chunks__num_segments_10__segment_focus_1,3.593580731882096e-12,1.2035628135182072e-06,11.444472594019404,5.919531239121832,3.593580731882096e-12,1.2035628135182072e-06,2.079687509283266e-09
701,"MMA_X__change_quantiles__f_agg_""var""__isabs_True__qh_0.4__ql_0.0",3.60365126953543e-12,0.0001104573907067,11.443257242954989,3.956805220165993,3.60365126953543e-12,0.0001104573907067,1.9951188341794842e-08
702,GYRO_Z__autocorrelation__lag_6,3.6207559753785467e-12,2.602192135046285e-11,11.441200743925803,10.584660640091974,3.6207559753785467e-12,2.602192135046285e-11,9.706648609098763e-12
703,"GYRO_X__agg_linear_trend__attr_""slope""__chunk_len_5__f_agg_""max""",3.7470981855451975e-12,5.906853437926923e-11,11.426304926900382,10.22864380481333,3.7470981855451975e-12,5.906853437926923e-11,1.48773518475357e-11
704,GYRO_X__quantile__q_0.9,3.842737926313797e-12,7.863319497459824e-37,11.415359233291788,36.10439407799458,7.863319497459824e-37,3.842737926313797e-12,1.7382944531813824e-24
705,GYRO_Y__number_cwt_peaks__n_5,3.869172812572513e-12,2.9939167062712953e-19,11.412381872535004,18.52376028632762,2.9939167062712953e-19,3.869172812572513e-12,1.0762890468183508e-15
706,GYRO_Z__fourier_entropy__bins_10,3.901153809644329e-12,9.385127615130517e-13,11.408806926549795,12.027559817643574,9.385127615130517e-13,3.901153809644329e-12,1.9134478396278434e-12
707,MMA_Y__fourier_entropy__bins_2,4.104549789608621e-12,1.3146231657162874e-06,11.386734471823802,5.881198719040202,4.104549789608621e-12,1.3146231657162874e-06,2.3229154608498794e-09
708,"GYRO_Y__change_quantiles__f_agg_""mean""__isabs_False__qh_0.6__ql_0.4",4.405041940578024e-12,8.843276262747435e-05,11.356049952297361,4.053386807472408,4.405041940578024e-12,8.843276262747435e-05,1.9737021768625718e-08
709,"MMA_X__fft_coefficient__attr_""abs""__coeff_92",5.154689685964628e-12,0.0082511597000215,11.287797474265949,2.0834850070956192,5.154689685964628e-12,0.0082511597000215,2.062332849055841e-07
710,MMA_Y__ar_coefficient__coeff_3__k_10,5.2576494220694316e-12,2.810562926293073e-11,11.279208375844098,10.551206686750366,5.2576494220694316e-12,2.810562926293073e-11,1.2156049746983822e-11
711,ADXL_X__autocorrelation__lag_3,5.269118732505929e-12,1.2996670404645504e-09,11.278262015074741,8.886167894624007,5.269118732505929e-12,1.2996670404645504e-09,8.275324736185465e-11
712,GYRO_Z__last_location_of_maximum,5.2952897821259086e-12,2.7021401048782375e-15,11.276110268354492,14.568292136735884,2.7021401048782375e-15,5.2952897821259086e-12,1.1961862266066417e-13
713,MMA_X__sum_of_reoccurring_values,5.30837769231102e-12,1.7884885265298673e-24,11.275038184554584,23.747513841581966,1.7884885265298673e-24,5.30837769231102e-12,3.0812290724945056e-18
714,"GYRO_X__fft_coefficient__attr_""abs""__coeff_92",5.392312833662631e-12,1.0947324036935851e-09,11.268224920257536,8.960692026761729,5.392312833662631e-12,1.0947324036935851e-09,7.683189174986687e-11
715,GYRO_Z__ar_coefficient__coeff_0__k_10,5.478063859415342e-12,6.598464453836035e-18,11.26137290935295,17.180557118521058,6.598464453836035e-18,5.478063859415342e-12,6.012221690207038e-15
716,"GYRO_X__fft_coefficient__attr_""abs""__coeff_91",5.483600813496165e-12,2.5101914846775185e-10,11.260934167815032,9.600293148014236,5.483600813496165e-12,2.5101914846775185e-10,3.710106207025452e-11
717,"ADXL_Y__agg_linear_trend__attr_""stderr""__chunk_len_50__f_agg_""var""",5.519711774517364e-12,0.0001759573837241,11.258083599445575,3.7545925040868187,5.519711774517364e-12,0.0001759573837241,3.116462807022065e-08
718,"MMA_X__agg_linear_trend__attr_""stderr""__chunk_len_50__f_agg_""var""",5.572398257723468e-12,0.0161417716789159,11.25395785223537,1.7920487999640107,5.572398257723468e-12,0.0161417716789159,2.9991395496068697e-07
719,"GYRO_Z__fft_coefficient__attr_""abs""__coeff_36",5.574125611264879e-12,0.1184661170030942,11.253823248815298,0.9264058463016759,5.574125611264879e-12,0.1184661170030942,8.126161559149862e-07
720,"GYRO_Y__fft_coefficient__attr_""abs""__coeff_96",5.625392079302003e-12,0.0001296036653453,11.249847202648926,3.8873827159289416,5.625392079302003e-12,0.0001296036653453,2.700132279133669e-08
721,"GYRO_Z__change_quantiles__f_agg_""mean""__isabs_False__qh_0.4__ql_0.0",6.1898655451141874e-12,3.4190928833149807e-10,11.20831878452579,9.466089100969059,6.1898655451141874e-12,3.4190928833149807e-10,4.6004048989166726e-11
722,"GYRO_Z__change_quantiles__f_agg_""mean""__isabs_False__qh_0.8__ql_0.4",6.351340229090182e-12,3.918135501320996e-05,11.197134622317014,4.406920548826626,6.351340229090182e-12,3.918135501320996e-05,1.5775110659696327e-08
723,MMA_Z__energy_ratio_by_chunks__num_segments_10__segment_focus_9,6.351340229090182e-12,2.664852713094719e-12,11.197134622317014,11.574326789510915,2.664852713094719e-12,6.351340229090182e-12,4.114047428175641e-12
724,"GYRO_Y__fft_aggregated__aggtype_""centroid""",6.406097511335379e-12,2.004262704653015e-12,11.193406454945913,11.698045354808928,2.004262704653015e-12,6.406097511335379e-12,3.583225128894359e-12
725,"MMA_X__change_quantiles__f_agg_""var""__isabs_True__qh_0.6__ql_0.0",6.474352412198509e-12,0.0006936059381649,11.188803664756174,3.158887197392848,6.474352412198509e-12,0.0006936059381649,6.701230692099124e-08
726,MMA_Y__last_location_of_maximum,6.5415830000491795e-12,1.5923137523615954e-13,11.184317143878065,12.797971354001682,1.5923137523615954e-13,6.5415830000491795e-12,1.0206004396037232e-12
727,GYRO_Y__energy_ratio_by_chunks__num_segments_10__segment_focus_5,6.58995691178819e-12,3.329658872874232e-11,11.181117425016582,10.477600258150478,6.58995691178819e-12,3.329658872874232e-11,1.4812936408151633e-11
728,"MMA_Y__agg_linear_trend__attr_""stderr""__chunk_len_50__f_agg_""var""",6.816892587599678e-12,0.0005234154061829,11.166413549038108,3.281153498505937,6.816892587599678e-12,0.0005234154061829,5.973329559503381e-08
729,GYRO_Y__variance,6.991566555576079e-12,0.0023226634897885,11.155425503765597,2.6340137067362446,6.991566555576079e-12,0.0023226634897885,1.2743255618193845e-07
730,"GYRO_Y__fft_coefficient__attr_""abs""__coeff_77",7.198762281923245e-12,0.0001125682086172,11.142742167504657,3.9485842451115993,7.198762281923245e-12,0.0001125682086172,2.8466678315833876e-08
731,ADXL_Y__skewness,7.598829228649028e-12,3.956941898908304e-14,11.119253315443567,13.40264032657723,3.956941898908304e-14,7.598829228649028e-12,5.483441050790134e-13
732,"GYRO_Z__change_quantiles__f_agg_""mean""__isabs_False__qh_0.4__ql_0.2",7.688936561262876e-12,3.603215545736327e-07,11.114133722293795,6.443309757437818,7.688936561262876e-12,3.603215545736327e-07,1.6644787696970727e-09
733,"GYRO_Y__change_quantiles__f_agg_""mean""__isabs_False__qh_1.0__ql_0.4",8.517911433817028e-12,0.0113744810537117,11.069666879876793,1.9440684083544166,8.517911433817028e-12,0.0113744810537117,3.1126648104340763e-07
734,"ADXL_X__fft_coefficient__attr_""abs""__coeff_77",8.944715578916406e-12,0.0116479157304711,11.048433464428188,1.933751780023121,8.944715578916406e-12,0.0116479157304711,3.227805652393748e-07
735,"GYRO_X__change_quantiles__f_agg_""var""__isabs_False__qh_1.0__ql_0.6",9.006641682130149e-12,3.643688564451372e-06,11.045437114770296,5.438458750392881,9.006641682130149e-12,3.643688564451372e-06,5.728647074247871e-09
736,GYRO_Z__autocorrelation__lag_7,9.352936125788863e-12,1.0144455728010158e-10,11.029052031581248,9.993771248843817,9.352936125788863e-12,1.0144455728010158e-10,3.080266976334551e-11
737,ADXL_Z__index_mass_quantile__q_0.8,9.860506635820209e-12,2.0972319832596667e-10,11.006100770303377,9.678353527819237,9.860506635820209e-12,2.0972319832596667e-10,4.547501499481481e-11
738,MMA_Y__index_mass_quantile__q_0.9,9.860506635820209e-12,1.029784993500006e-05,11.006100770303377,4.987253441201371,9.860506635820209e-12,1.029784993500006e-05,1.0076805923443638e-08
739,MMA_Y__skewness,1.0628268680520416e-11,9.256372002400225e-14,10.973537475244777,13.03355919993539,9.256372002400225e-14,1.0628268680520416e-11,9.918629373474761e-13
740,"MMA_Z__agg_linear_trend__attr_""stderr""__chunk_len_10__f_agg_""var""",1.0737385827716179e-11,0.0005334582839571,10.96910144105653,3.272899536418686,1.0737385827716179e-11,0.0005334582839571,7.568320433120389e-08
741,"GYRO_Y__fft_coefficient__attr_""abs""__coeff_93",1.0740705960520636e-11,8.85161990196508e-06,10.968967172576644,5.052977243414384,1.0740705960520636e-11,8.85161990196508e-06,9.750520326695362e-09
742,ADXL_Z__time_reversal_asymmetry_statistic__lag_2,1.0740705960520636e-11,0.0009491992806781,10.968967172576644,3.0226425995714816,1.0740705960520636e-11,0.0009491992806781,1.009706411374176e-07
743,"GYRO_Z__fft_coefficient__attr_""abs""__coeff_38",1.090230266854899e-11,0.1191444950560468,10.962481765304465,0.9239260189659735,1.090230266854899e-11,0.1191444950560468,1.1397145898831254e-06
744,"GYRO_Y__change_quantiles__f_agg_""mean""__isabs_False__qh_1.0__ql_0.8",1.1536261617211608e-11,0.0002222171631134,10.937934903662871,3.6532224010315923,1.1536261617211608e-11,0.0002222171631134,5.0631564557208455e-08
745,"MMA_X__change_quantiles__f_agg_""var""__isabs_True__qh_0.8__ql_0.0",1.1934545095750031e-11,0.0007507487739561,10.923194130169644,3.1245053683724513,1.1934545095750031e-11,0.0007507487739561,9.465645830242183e-08
746,"ADXL_X__cwt_coefficients__coeff_12__w_10__widths_(2, 5, 10, 20)",1.2160799380561433e-11,2.9480547961519167e-113,10.91503787611952,112.53046444840957,2.9480547961519167e-113,1.2160799380561433e-11,1.8934281855646227e-62
747,"ADXL_Z__change_quantiles__f_agg_""var""__isabs_True__qh_1.0__ql_0.0",1.2248638378454047e-11,0.0001545683947623,10.911912187021171,3.81087930332546,1.2248638378454047e-11,0.0001545683947623,4.3511519993922795e-08
748,"GYRO_X__agg_linear_trend__attr_""intercept""__chunk_len_10__f_agg_""max""",1.2248638378454047e-11,1.3946293064166222e-28,10.911912187021171,27.855541212871746,1.3946293064166222e-28,1.2248638378454047e-11,4.1330751319436944e-20
749,"MMA_X__fft_aggregated__aggtype_""variance""",1.2248638378454047e-11,2.592884243902701e-05,10.911912187021171,4.586216871335723,1.2248638378454047e-11,2.592884243902701e-05,1.7821139542901128e-08
750,"GYRO_Y__change_quantiles__f_agg_""var""__isabs_False__qh_1.0__ql_0.6",1.3237402875919649e-11,0.000253528153987,10.878197213332571,3.595973805789149,1.3237402875919649e-11,0.000253528153987,5.79314622179875e-08
751,"ADXL_Z__change_quantiles__f_agg_""var""__isabs_False__qh_1.0__ql_0.0",1.3237402875919649e-11,9.72792313406327e-05,10.878197213332571,4.011979869669208,1.3237402875919649e-11,9.72792313406327e-05,3.588487671311892e-08
752,"GYRO_Y__change_quantiles__f_agg_""mean""__isabs_False__qh_0.6__ql_0.0",1.4148821568412364e-11,2.250812158814339e-07,10.849279730291503,6.6476607474669915,1.4148821568412364e-11,2.250812158814339e-07,1.7845542754166127e-09
753,"GYRO_X__change_quantiles__f_agg_""mean""__isabs_False__qh_1.0__ql_0.8",1.4206527200811936e-11,1.9800145350674676e-08,10.847512072801011,7.703331621619062,1.4206527200811936e-11,1.9800145350674676e-08,5.30369025777703e-10
754,"GYRO_Z__change_quantiles__f_agg_""mean""__isabs_False__qh_0.6__ql_0.2",1.47448297460308e-11,1.2194936189859488e-05,10.831360237746718,4.913820467795057,1.47448297460308e-11,1.2194936189859488e-05,1.3409409304036763e-08
755,"GYRO_X__fft_coefficient__attr_""abs""__coeff_36",1.4774963790328398e-11,3.55540006272166e-06,10.83047357479052,5.449111524257155,1.4774963790328398e-11,3.55540006272166e-06,7.2478208578057334e-09
756,"ADXL_X__change_quantiles__f_agg_""var""__isabs_True__qh_0.2__ql_0.0",1.5670759659713443e-11,7.339725767753807e-05,10.804909950051831,4.134320166211472,1.5670759659713443e-11,7.339725767753807e-05,3.391446276659497e-08
757,"GYRO_Y__fft_coefficient__attr_""abs""__coeff_72",1.5694646683148783e-11,0.002745213913375,10.804248456662632,2.5614238086715475,1.5694646683148783e-11,0.002745213913375,2.0756965683857752e-07
758,"MMA_X__cwt_coefficients__coeff_9__w_20__widths_(2, 5, 10, 20)",1.5868979556469186e-11,1.7327602226494182e-66,10.799450999347432,65.76126153029524,1.7327602226494182e-66,1.5868979556469186e-11,5.2437712144492544e-39
759,GYRO_Z__partial_autocorrelation__lag_1,1.6049590969230382e-11,8.472278096940506e-14,10.79453603130084,13.071999797236682,8.472278096940506e-14,1.6049590969230382e-11,1.1660900395486822e-12
760,GYRO_Z__autocorrelation__lag_1,1.6049590969230382e-11,8.472278096940506e-14,10.79453603130084,13.071999797236682,8.472278096940506e-14,1.6049590969230382e-11,1.1660900395486822e-12
761,ADXL_X__spkt_welch_density__coeff_8,1.6049590969230382e-11,0.0044172115379277,10.79453603130084,2.3548518021102116,1.6049590969230382e-11,0.0044172115379277,2.66260095411056e-07
762,"ADXL_X__fft_coefficient__attr_""abs""__coeff_78",1.6289608020467307e-11,0.0031489762498096,10.788089366065723,2.501830614884425,1.6289608020467307e-11,0.0031489762498096,2.264852948320476e-07
763,"MMA_X__agg_linear_trend__attr_""slope""__chunk_len_50__f_agg_""var""",1.6792512306904012e-11,1.760859382227125e-16,10.774884324743217,15.754275324305967,1.760859382227125e-16,1.6792512306904012e-11,5.4377617497253774e-14
764,"GYRO_Y__change_quantiles__f_agg_""mean""__isabs_False__qh_0.8__ql_0.2",1.722581318231145e-11,0.0009099365659516,10.763820267112374,3.040988882423325,1.722581318231145e-11,0.0009099365659516,1.2519743325178948e-07
765,ADXL_X__minimum,1.7648841049819788e-11,0.0002451509150009,10.753283808247474,3.6105664814547183,1.7648841049819788e-11,0.0002451509150009,6.577712012598884e-08
766,"GYRO_X__change_quantiles__f_agg_""mean""__isabs_False__qh_0.8__ql_0.4",1.769462061820852e-11,2.5759175124344538e-08,10.752158744424312,7.589068048326249,1.769462061820852e-11,2.5759175124344538e-08,6.751287516194751e-10
767,MMA_Y__friedrich_coefficients__coeff_0__m_3__r_30,1.7822062325118413e-11,2.5050855427459085e-06,10.74904204190435,5.6011774394142195,1.7822062325118413e-11,2.5050855427459085e-06,6.681750569466857e-09
768,ADXL_X__fourier_entropy__bins_3,1.7923604716158664e-11,1.9272746960929207e-09,10.746574642503028,8.71505638057285,1.7923604716158664e-11,1.9272746960929207e-09,1.8585938187840916e-10
769,"GYRO_Y__fft_coefficient__attr_""abs""__coeff_52",1.815256979671846e-11,0.0689256064598325,10.741061884703178,1.1616194039526924,1.815256979671846e-11,0.0689256064598325,1.1185601825754652e-06
770,"GYRO_Y__fft_coefficient__attr_""abs""__coeff_56",1.9335058512258463e-11,0.1202612620808682,10.713654509315637,0.9198742427665826,1.9335058512258463e-11,0.1202612620808682,1.5248798441489206e-06
771,ADXL_Z__ar_coefficient__coeff_6__k_10,1.9335058512258463e-11,3.994172080585655e-14,10.713654509315637,13.398573228388978,3.994172080585655e-14,1.9335058512258463e-11,8.787920737361755e-13
772,"GYRO_Y__agg_autocorrelation__f_agg_""mean""__maxlag_40",1.9485307630603515e-11,5.3207976776763855e-11,10.710292733252409,10.274023254726709,1.9485307630603515e-11,5.3207976776763855e-11,3.2198971969571506e-11
773,MMA_X__autocorrelation__lag_4,1.9548337996848558e-11,6.5136445897576955e-09,10.708890160492178,8.186175941951376,1.9548337996848558e-11,6.5136445897576955e-09,3.568345919777501e-10
774,"ADXL_X__fft_coefficient__attr_""abs""__coeff_76",2.0866925811633527e-11,0.0021577573065871,10.680541528001392,2.6659974041096612,2.0866925811633527e-11,0.0021577573065871,2.121927464265996e-07
775,GYRO_Z__autocorrelation__lag_8,2.1325866343754436e-11,4.6419687855057357e-10,10.671093316987191,9.33329778424378,2.1325866343754436e-11,4.6419687855057357e-10,9.949573151224902e-11
776,ADXL_X__cid_ce__normalize_True,2.2378900573615688e-11,6.912120568521973e-08,10.650161253220556,7.160388695039131,2.2378900573615688e-11,6.912120568521973e-08,1.2437268950850792e-09
777,MMA_Z__energy_ratio_by_chunks__num_segments_10__segment_focus_7,2.2410801152839096e-11,6.867460524056554e-09,10.649542617805055,8.163203828337496,2.2410801152839096e-11,6.867460524056554e-09,3.9230764997588767e-10
778,"GYRO_X__change_quantiles__f_agg_""mean""__isabs_False__qh_1.0__ql_0.4",2.292460812720104e-11,1.223115873813944e-06,10.639698079415794,5.912532397441076,2.292460812720104e-11,1.223115873813944e-06,5.295229183080157e-09
779,MMA_Z__time_reversal_asymmetry_statistic__lag_2,2.3136436622757075e-11,0.0132263779039554,10.63570352845434,1.8785590727965724,2.3136436622757075e-11,0.0132263779039554,5.531828396863904e-07
780,MMA_Z__absolute_maximum,2.3177804839108896e-11,4.566583788037354e-07,10.6349276982864,6.340408569473767,2.3177804839108896e-11,4.566583788037354e-07,3.253358077749334e-09
781,ADXL_Z__autocorrelation__lag_1,2.4207892280914628e-11,4.521290726409845e-11,10.61604302181876,10.344737566220282,2.4207892280914628e-11,4.521290726409845e-11,3.3083367252386475e-11
782,ADXL_Z__partial_autocorrelation__lag_1,2.4207892280914628e-11,4.521290726409845e-11,10.61604302181876,10.344737566220282,2.4207892280914628e-11,4.521290726409845e-11,3.3083367252386475e-11
783,"GYRO_X__change_quantiles__f_agg_""var""__isabs_True__qh_1.0__ql_0.6",2.4693885054313966e-11,2.191435974305697e-06,10.60741057775067,5.659271213311152,2.4693885054313966e-11,2.191435974305697e-06,7.3562944512433304e-09
784,ADXL_X__large_standard_deviation__r_0.05,2.4838863214279268e-11,2.924465102833994e-11,10.60486828414211,10.533953556635094,2.4838863214279268e-11,2.924465102833994e-11,2.6951880948131754e-11
785,"GYRO_Z__change_quantiles__f_agg_""mean""__isabs_False__qh_0.6__ql_0.0",2.5557274239808122e-11,2.13160939923359e-05,10.59248546685695,4.671292373425364,2.5557274239808122e-11,2.13160939923359e-05,2.334054969112028e-08
786,"GYRO_Y__change_quantiles__f_agg_""var""__isabs_True__qh_1.0__ql_0.0",2.559750482404304e-11,7.635059275363152e-05,10.591802366483579,4.117187586916244,2.559750482404304e-11,7.635059275363152e-05,4.4208423024686465e-08
787,GYRO_X__ar_coefficient__coeff_5__k_10,2.809971642837003e-11,5.8870934686205925e-09,10.551298062807216,8.230099068895846,2.809971642837003e-11,5.8870934686205925e-09,4.067255303709714e-10
788,MMA_Z__energy_ratio_by_chunks__num_segments_10__segment_focus_3,2.809971642837003e-11,2.710692879759963e-07,10.551298062807216,6.566919684994662,2.809971642837003e-11,2.710692879759963e-07,2.7598858897725594e-09
789,"ADXL_X__cwt_coefficients__coeff_7__w_10__widths_(2, 5, 10, 20)",2.8499551978988167e-11,1.354503424173134e-124,10.545161967169825,123.86821989273668,1.354503424173134e-124,2.8499551978988167e-11,6.213110391980791e-68
790,GYRO_Y__index_mass_quantile__q_0.2,2.9437577303094054e-11,9.830247688627296e-12,10.531097935067985,11.007435539294125,9.830247688627296e-12,2.9437577303094054e-11,1.701113389055908e-11
791,"GYRO_X__change_quantiles__f_agg_""var""__isabs_True__qh_0.4__ql_0.2",2.9558005526134805e-11,2.8540601755770662e-08,10.5293248740058,7.544536874372894,2.9558005526134805e-11,2.8540601755770662e-08,9.184787773358087e-10
792,GYRO_X__percentage_of_reoccurring_values_to_all_values,2.9978548823648136e-11,2.505871255215629e-13,10.523189393940562,12.601041245626678,2.505871255215629e-13,2.9978548823648136e-11,2.7408462884711022e-12
793,GYRO_Z__autocorrelation__lag_9,3.2652355489982085e-11,1.5948847228827715e-09,10.486085483932474,8.797270701964267,3.2652355489982085e-11,1.5948847228827715e-09,2.2820329300233558e-10
794,"MMA_X__fft_coefficient__attr_""abs""__coeff_76",3.3493451837609474e-11,0.0024658764903818,10.475040091732328,2.608028679925591,3.3493451837609474e-11,0.0024658764903818,2.873860043010033e-07
795,"MMA_Z__change_quantiles__f_agg_""var""__isabs_False__qh_1.0__ql_0.0",3.4136069783894817e-11,0.0104541233091108,10.46678648232564,1.9807123815913814,3.4136069783894817e-11,0.0104541233091108,5.973798480106671e-07
796,MMA_X__fourier_entropy__bins_3,3.419229046250135e-11,1.900145559256946e-09,10.466071805845491,8.721213128962578,3.419229046250135e-11,1.900145559256946e-09,2.548927791898891e-10
797,ADXL_Y__absolute_maximum,3.4631389679764324e-11,1.6528640051566584e-06,10.460530080840261,5.781762877971031,3.4631389679764324e-11,1.6528640051566584e-06,7.565776724846975e-09
798,"ADXL_X__change_quantiles__f_agg_""var""__isabs_False__qh_0.2__ql_0.0",3.551848341169138e-11,0.0002088521218863,10.449545586249156,3.6801611080510983,3.551848341169138e-11,0.0002088521218863,8.61284542222551e-08
799,"GYRO_Z__fft_aggregated__aggtype_""centroid""",3.657903546293624e-11,4.8159551359974326e-14,10.436767750435521,13.317317567489331,4.8159551359974326e-14,3.657903546293624e-11,1.3272640796298227e-12
800,"ADXL_Y__agg_linear_trend__attr_""stderr""__chunk_len_10__f_agg_""var""",3.665721969285791e-11,1.3456635924467552e-06,10.435840477667302,5.8710634974705584,3.665721969285791e-11,1.3456635924467552e-06,7.023409851418406e-09
801,"GYRO_Y__change_quantiles__f_agg_""var""__isabs_True__qh_1.0__ql_0.4",3.668842860452216e-11,0.0003818717874737,10.435470889034448,3.4180824259343225,3.668842860452216e-11,0.0003818717874737,1.183650109230346e-07
802,MMA_X__ratio_beyond_r_sigma__r_10,3.7053715636325536e-11,3.8328943918241196e-10,10.431168235742879,9.41647314674614,3.7053715636325536e-11,3.8328943918241196e-10,1.191733942030342e-10
803,ADXL_Z__index_mass_quantile__q_0.7,3.7472285031994256e-11,5.765252650082384e-10,10.426289823145106,9.2391816559092,3.7472285031994256e-11,5.765252650082384e-10,1.4698203651648977e-10
804,MMA_X__cid_ce__normalize_True,3.863098795200631e-11,2.2536955396487438e-08,10.413064185030995,7.6471047548300755,3.863098795200631e-11,2.2536955396487438e-08,9.330728012307559e-10
805,"GYRO_X__change_quantiles__f_agg_""mean""__isabs_False__qh_1.0__ql_0.6",3.8733805955810885e-11,1.5698842026699994e-07,10.411909827454977,6.804132380709325,3.8733805955810885e-11,1.5698842026699994e-07,2.465919505566081e-09
806,"MMA_Z__agg_linear_trend__attr_""stderr""__chunk_len_50__f_agg_""var""",3.8733805955810885e-11,0.0026460300341493,10.411909827454977,2.5774052305977686,3.8733805955810885e-11,0.0026460300341493,3.20141865265989e-07
807,"MMA_X__fft_coefficient__attr_""abs""__coeff_77",3.912041022209144e-11,0.0191144626105902,10.407596599787897,1.7186379073512574,3.912041022209144e-11,0.0191144626105902,8.647344207912146e-07
808,"GYRO_X__change_quantiles__f_agg_""var""__isabs_True__qh_1.0__ql_0.4",4.0040847726989e-11,5.872204189202383e-06,10.3974967364061,5.231198851473785,4.0040847726989e-11,5.872204189202383e-06,1.533388514896468e-08
809,"GYRO_X__change_quantiles__f_agg_""var""__isabs_True__qh_0.6__ql_0.4",4.1285284201800674e-11,4.688804545823276e-22,10.384204721438689,21.328937870575206,4.688804545823276e-22,4.1285284201800674e-11,1.391325368995365e-16
810,"GYRO_X__change_quantiles__f_agg_""var""__isabs_False__qh_0.6__ql_0.4",4.1413496629121085e-11,6.023510308255175e-24,10.382858099547782,23.220150342097376,6.023510308255175e-24,4.1413496629121085e-11,1.579413257657418e-17
811,ADXL_X__autocorrelation__lag_4,4.4748324505918296e-11,4.032060033883395e-09,10.349223221162744,8.39447301024552,4.4748324505918296e-11,4.032060033883395e-09,4.2476809063718296e-10
812,GYRO_Z__index_mass_quantile__q_0.2,4.952542245475054e-11,1.0300870893892862e-10,10.30517181121628,9.987126056030466,4.952542245475054e-11,1.0300870893892862e-10,7.14251344186266e-11
813,GYRO_Y__index_mass_quantile__q_0.7,5.4935802186290735e-11,1.5809647642837266e-08,10.260144529425505,7.801077809288329,5.4935802186290735e-11,1.5809647642837266e-08,9.3194188420838e-10
814,GYRO_Y__index_mass_quantile__q_0.6,5.4935802186290735e-11,5.536920029860698e-09,10.260144529425505,8.256731748989607,5.4935802186290735e-11,5.536920029860698e-09,5.515207552592543e-10
815,"MMA_X__fft_coefficient__attr_""abs""__coeff_78",5.510848225553652e-11,0.0034246010035398,10.25878154972797,2.4653900203919985,5.510848225553652e-11,0.0034246010035398,4.3442440497267836e-07
816,"GYRO_X__fft_coefficient__attr_""abs""__coeff_35",5.926356555136659e-11,0.0004724064250916,10.227212223043272,3.3256842042785655,5.926356555136659e-11,0.0004724064250916,1.6732151427805927e-07
817,MMA_X__friedrich_coefficients__coeff_3__m_3__r_30,5.963904586377292e-11,1.9280116563807967e-18,10.224469313230664,17.714890344765887,1.9280116563807967e-18,5.963904586377292e-11,1.0723095429995161e-14
818,"ADXL_X__fft_coefficient__attr_""abs""__coeff_93",6.135514821486262e-11,0.0052851449417559,10.212148990434924,2.276943097941866,6.135514821486262e-11,0.0052851449417559,5.694478476897289e-07
819,"GYRO_X__agg_autocorrelation__f_agg_""var""__maxlag_40",6.804827626087484e-11,0.0001613850845634,10.167182871487418,3.792136605866365,6.804827626087484e-11,0.0001613850845634,1.0479492744763409e-07
820,MMA_Y__ar_coefficient__coeff_1__k_10,7.217285521183702e-11,1.668189920595543e-11,10.141626113349622,10.777754507192718,1.668189920595543e-11,7.217285521183702e-11,3.469841921543228e-11
821,GYRO_Z__index_mass_quantile__q_0.1,7.250717329742509e-11,3.402302353185004e-09,10.13961902557548,8.468227094460937,7.250717329742509e-11,3.402302353185004e-09,4.966803059641305e-10
822,"GYRO_X__fft_coefficient__attr_""abs""__coeff_46",7.269384225462371e-11,6.609210834970522e-06,10.138502375772335,5.179850393839388,7.269384225462371e-11,6.609210834970522e-06,2.191914528134929e-08
823,MMA_X__spkt_welch_density__coeff_8,7.269384225462371e-11,0.0048324291732286,10.138502375772335,2.315834502514392,7.269384225462371e-11,0.0048324291732286,5.926954057737595e-07
824,"GYRO_X__fft_coefficient__attr_""abs""__coeff_40",7.699145694159754e-11,5.8091422533315e-09,10.11355746195686,8.235887988460856,7.699145694159754e-11,5.8091422533315e-09,6.687707571843935e-10
825,"GYRO_X__change_quantiles__f_agg_""var""__isabs_True__qh_1.0__ql_0.0",7.699145694159754e-11,3.9676223237703906e-09,10.11355746195686,8.401469674851741,7.699145694159754e-11,3.9676223237703906e-09,5.526961401177768e-10
826,"ADXL_X__fft_coefficient__attr_""abs""__coeff_79",7.806498179448285e-11,0.0053309457088804,10.107543737235947,2.2731957403701255,7.806498179448285e-11,0.0053309457088804,6.451047819626861e-07
827,"ADXL_X__agg_linear_trend__attr_""slope""__chunk_len_50__f_agg_""var""",7.82363661931215e-11,1.808074391350799e-16,10.10659132921898,15.742783704895771,1.808074391350799e-16,7.82363661931215e-11,1.189357684576538e-13
828,"GYRO_Y__fft_coefficient__attr_""abs""__coeff_53",8.201288746023961e-11,0.0667319975462782,10.086117897456603,1.175665874844393,8.201288746023961e-11,0.0667319975462782,2.339419544408377e-06
829,MMA_X__large_standard_deviation__r_0.05,8.212650864077004e-11,9.534220547398915e-11,10.085516639491905,10.020714806110412,8.212650864077004e-11,9.534220547398915e-11,8.848797919316297e-11
830,ADXL_Z__energy_ratio_by_chunks__num_segments_10__segment_focus_9,8.262744553151503e-11,5.983569365646202e-10,10.082875673465457,9.223039669965345,8.262744553151503e-11,5.983569365646202e-10,2.2235265949477049e-10
831,"ADXL_Z__cwt_coefficients__coeff_12__w_5__widths_(2, 5, 10, 20)",8.317499690292024e-11,4.7748928901699644e-132,10.080007206630402,131.3210363660132,4.7748928901699644e-132,8.317499690292024e-11,1.99286653178697e-71
832,ADXL_X__number_peaks__n_3,8.995497816027868e-11,7.706812020747688e-15,10.045974797546721,14.113125233896776,7.706812020747688e-15,8.995497816027868e-11,8.326260307075028e-13
833,"MMA_Y__agg_linear_trend__attr_""stderr""__chunk_len_50__f_agg_""max""",8.995497816027868e-11,2.776512900960448e-07,10.045974797546721,6.556500304254113,8.995497816027868e-11,2.776512900960448e-07,4.997611002945599e-09
834,ADXL_Z__fourier_entropy__bins_100,9.224657258426927e-11,8.301243155081723e-08,10.035049761053903,7.080856864857176,9.224657258426927e-11,8.301243155081723e-08,2.767239110096767e-09
835,GYRO_Y__ar_coefficient__coeff_5__k_10,9.224657258426927e-11,4.119171780651001e-08,10.035049761053903,7.38519009640648,9.224657258426927e-11,4.119171780651001e-08,1.949306232101299e-09
836,"GYRO_Z__agg_linear_trend__attr_""rvalue""__chunk_len_10__f_agg_""max""",9.38068931759063e-11,1.0337038041552283e-10,10.027765247353718,9.985603885467217,9.38068931759063e-11,1.0337038041552283e-10,9.847260651161696e-11
837,MMA_Z__abs_energy,9.468353769413846e-11,3.356969681630137e-14,10.023725523743165,13.474052581051717,3.356969681630137e-14,9.468353769413846e-11,1.7828341633161146e-12
838,"GYRO_X__change_quantiles__f_agg_""var""__isabs_False__qh_0.4__ql_0.2",9.649911301815472e-11,1.067480461411401e-09,10.015476678501713,8.971640065322957,9.649911301815472e-11,1.067480461411401e-09,3.2095313939952467e-10
839,"GYRO_Y__fft_coefficient__attr_""abs""__coeff_73",9.661189747014531e-11,0.0037094246525342,10.014969388206982,2.4306934460740477,9.661189747014531e-11,0.0037094246525342,5.98643929396986e-07
840,"ADXL_X__fft_coefficient__attr_""abs""__coeff_80",1.0169800415665642e-10,0.0176970806936462,9.99268757010829,1.7520983688475649,1.0169800415665642e-10,0.0176970806936462,1.3415505156135997e-06
841,"MMA_X__fft_aggregated__aggtype_""skew""",1.1114334099814439e-10,1.7862766572604128e-11,9.954116552347747,10.748051277017089,1.7862766572604128e-11,1.1114334099814439e-10,4.455701467052293e-11
842,ADXL_X__absolute_maximum,1.1224612516947701e-10,0.0455157198978448,9.949828642276179,1.3418385838744786,1.1224612516947701e-10,0.0455157198978448,2.2603015712139703e-06
843,"MMA_Z__fft_aggregated__aggtype_""centroid""",1.1295284522182654e-10,9.924083026664628e-06,9.947102824959854,5.003309610998834,1.1295284522182654e-10,9.924083026664628e-06,3.3480642378535774e-08
844,MMA_Y__absolute_maximum,1.1420506076646235e-10,1.2488128041290549e-05,9.942314650781492,4.903502657083622,1.1420506076646235e-10,1.2488128041290549e-05,3.776516148270718e-08
845,MMA_X__ar_coefficient__coeff_1__k_10,1.1682827590452318e-10,1.990353791429177e-10,9.932452032368182,9.701069719565782,1.1682827590452318e-10,1.990353791429177e-10,1.5248921335383094e-10
846,"GYRO_X__change_quantiles__f_agg_""var""__isabs_False__qh_1.0__ql_0.4",1.1740161062528047e-10,1.2327318012599494e-05,9.93032594498897,4.909131400210916,1.1740161062528047e-10,1.2327318012599494e-05,3.8042699554174805e-08
847,ADXL_Y__large_standard_deviation__r_0.1,1.1990649231017259e-10,1.3896703813096598e-10,9.921157301487067,9.857088198705767,1.1990649231017259e-10,1.3896703813096598e-10,1.2908543716863701e-10
848,ADXL_Y__ar_coefficient__coeff_3__k_10,1.2119085677155902e-10,4.240066319027287e-09,9.916530144224561,8.372627350538789,1.2119085677155902e-10,4.240066319027287e-09,7.168383848338114e-10
849,GYRO_Y__ratio_beyond_r_sigma__r_10,1.3516162566808514e-10,3.4974516885008446e-11,9.86914659335147,10.456248275853262,3.4974516885008446e-11,1.3516162566808514e-10,6.875472754024726e-11
850,"GYRO_X__change_quantiles__f_agg_""mean""__isabs_True__qh_1.0__ql_0.8",1.3516162566808514e-10,3.5131628054394493e-06,9.86914659335147,5.454301723858515,1.3516162566808514e-10,3.5131628054394493e-06,2.179093380330101e-08
851,"GYRO_X__agg_linear_trend__attr_""intercept""__chunk_len_5__f_agg_""var""",1.372606440763825e-10,8.961806846875532e-07,9.862453967574426,6.047604420637224,1.372606440763825e-10,8.961806846875532e-07,1.109100256915609e-08
852,"MMA_X__fft_coefficient__attr_""abs""__coeff_93",1.3749201328947214e-10,0.0053524387773051,9.861722528634091,2.2714482915871206,1.3749201328947214e-10,0.0053524387773051,8.578563886224307e-07
853,"GYRO_Y__change_quantiles__f_agg_""mean""__isabs_False__qh_1.0__ql_0.6",1.3785201484603943e-10,0.0016373569836275,9.86058688186055,2.7858566235095528,1.3785201484603943e-10,0.0016373569836275,4.750925796255762e-07
854,MMA_X__benford_correlation,1.3791575917738502e-10,1.8042858054734482e-07,9.86038610559547,6.743694667509892,1.3791575917738502e-10,1.8042858054734482e-07,4.98838096615375e-09
855,"GYRO_X__agg_linear_trend__attr_""rvalue""__chunk_len_5__f_agg_""max""",1.3821190397562875e-10,4.4052258346469335e-12,9.859454550244836,11.356031822501212,4.4052258346469335e-12,1.3821190397562875e-10,2.467498024414976e-11
856,MMA_X__autocorrelation__lag_5,1.4184406629810789e-10,1.5558611651044977e-08,9.848188827142637,7.808029159222364,1.4184406629810789e-10,1.5558611651044977e-08,1.4855627696389465e-09
857,"GYRO_X__change_quantiles__f_agg_""mean""__isabs_False__qh_0.6__ql_0.0",1.4303647072468194e-10,0.0005790910039026,9.844553214178086,3.2372531817179926,1.4303647072468194e-10,0.0005790910039026,2.8780398438284504e-07
858,"GYRO_Y__fft_coefficient__attr_""abs""__coeff_36",1.437187645827403e-10,0.0434567517140285,9.842486524679222,1.3619427392533088,1.437187645827403e-10,0.0434567517140285,2.499109975395052e-06
859,ADXL_X__partial_autocorrelation__lag_1,1.4782225327289768e-10,2.629145253081999e-07,9.830260182002501,6.58018541964891,1.4782225327289768e-10,2.629145253081999e-07,6.234149304374446e-09
860,ADXL_X__autocorrelation__lag_1,1.4782225327289768e-10,2.629145253081999e-07,9.830260182002501,6.58018541964891,1.4782225327289768e-10,2.629145253081999e-07,6.234149304374446e-09
861,"MMA_X__agg_linear_trend__attr_""stderr""__chunk_len_5__f_agg_""var""",1.4895540292947043e-10,6.328186465008858e-05,9.826943739378114,4.198720732492156,1.4895540292947043e-10,6.328186465008858e-05,9.708849389645591e-08
862,"GYRO_X__fft_coefficient__attr_""abs""__coeff_48",1.4992979239920388e-10,1.842379284394848e-08,9.824112060354015,7.734620958198182,1.4992979239920388e-10,1.842379284394848e-08,1.6620094573434694e-09
863,"MMA_X__fft_coefficient__attr_""abs""__coeff_79",1.6455066542350723e-10,0.0054101509034965,9.78370035713033,2.26679062109642,1.6455066542350723e-10,0.0054101509034965,9.435273876321438e-07
864,"MMA_X__fft_coefficient__attr_""abs""__coeff_80",1.6706105836904458e-10,0.0263021509862744,9.777124771569094,1.5800087335151554,1.6706105836904458e-10,0.0263021509862744,2.096202562051056e-06
865,GYRO_Y__abs_energy,1.6731568440086032e-10,0.0186438363548965,9.776463345771203,1.7294647177152804,1.6731568440086032e-10,0.0186438363548965,1.7661840899456514e-06
866,"GYRO_Z__agg_linear_trend__attr_""rvalue""__chunk_len_50__f_agg_""max""",1.7690090719020958e-10,8.121218361518694e-13,9.752269939918474,12.090378812139102,8.121218361518694e-13,1.7690090719020958e-10,1.1986037275273444e-11
867,"GYRO_Y__change_quantiles__f_agg_""mean""__isabs_False__qh_0.8__ql_0.4",1.7891338962568724e-10,3.358463354601519e-08,9.747357156229997,7.473859386082327,1.7891338962568724e-10,3.358463354601519e-08,2.4512732664992987e-09
868,"GYRO_Y__agg_linear_trend__attr_""stderr""__chunk_len_5__f_agg_""var""",1.8272290610248155e-10,8.201552703314541e-07,9.738207006175955,6.086103919976528,1.8272290610248155e-10,8.201552703314541e-07,1.2241779055767576e-08
869,ADXL_Y__quantile__q_0.4,2.057022376464379e-10,4.923250462435855e-23,9.686760983987266,22.307748069633114,4.923250462435855e-23,2.057022376464379e-10,1.0063417096677031e-16
870,ADXL_Z__minimum,2.06392329540346e-10,5.0838369398927917e-26,9.685306447065187,25.293808387551636,5.0838369398927917e-26,2.06392329540346e-10,3.2392359423600767e-18
871,ADXL_X__autocorrelation__lag_5,2.0692605646482675e-10,9.027864521574814e-09,9.684184818824907,8.044414966870965,2.0692605646482675e-10,9.027864521574814e-09,1.3667846954616504e-09
872,ADXL_Y__partial_autocorrelation__lag_3,2.1939395962161038e-10,3.1717698980716144e-14,9.658775333639682,13.498698326910096,3.1717698980716144e-14,2.1939395962161038e-10,2.6379294094925344e-12
873,"GYRO_Z__change_quantiles__f_agg_""mean""__isabs_False__qh_0.8__ql_0.0",2.453426586453601e-10,0.0001131986299157,9.610226932822707,3.9461588295404337,2.453426586453601e-10,0.0001131986299157,1.666506910232599e-07
874,MMA_Z__fourier_entropy__bins_100,2.6446572465012416e-10,1.1090426135953169e-07,9.577630605518694,6.955051766300124,2.6446572465012416e-10,1.1090426135953169e-07,5.415752565178298e-09
875,"ADXL_Y__fft_coefficient__attr_""real""__coeff_3",2.6986813940500046e-10,3.9459067748558685e-08,9.568848385163218,7.403853179510573,2.6986813940500046e-10,3.9459067748558685e-08,3.263241516645587e-09
876,"GYRO_X__change_quantiles__f_agg_""mean""__isabs_False__qh_0.8__ql_0.2",2.8364727543423597e-10,8.236226622964916e-09,9.547221383682427,8.084271712108757,2.8364727543423597e-10,8.236226622964916e-09,1.5284577983912138e-09
877,"ADXL_X__change_quantiles__f_agg_""var""__isabs_True__qh_0.6__ql_0.0",2.895916677994896e-10,0.0002990320919646,9.538213937919508,3.5242822009222685,2.895916677994896e-10,0.0002990320919646,2.942740257610224e-07
878,"GYRO_X__fft_coefficient__attr_""abs""__coeff_60",2.895916677994896e-10,8.898746566854557e-14,9.538213937919508,13.05067116160616,8.898746566854557e-14,2.895916677994896e-10,5.076418875172136e-12
879,ADXL_X__autocorrelation__lag_6,2.9129578992712237e-10,1.802897240731913e-08,9.535665792147588,7.74402902594254,2.9129578992712237e-10,1.802897240731913e-08,2.291672698917609e-09
880,GYRO_X__ratio_value_number_to_time_series_length,3.1375804783446086e-10,1.1474574797633063e-16,9.50340512579689,15.940263398728657,1.1474574797633063e-16,3.1375804783446086e-10,1.8974298902030224e-13
881,"GYRO_X__change_quantiles__f_agg_""mean""__isabs_False__qh_0.4__ql_0.0",3.138850078243189e-10,9.025853464227196e-05,9.503229427130991,4.04451172157968,3.138850078243189e-10,9.025853464227196e-05,1.683175595486136e-07
882,"ADXL_X__change_quantiles__f_agg_""var""__isabs_True__qh_0.4__ql_0.0",3.2368941810617753e-10,0.0001037252841034,9.489871498105039,3.9841153669654155,3.2368941810617753e-10,0.0001037252841034,1.8323421311078205e-07
883,"MMA_X__fft_coefficient__attr_""abs""__coeff_53",3.2689434423514415e-10,0.0035368930984765,9.485592593303743,2.4513780664061624,3.2689434423514415e-10,0.0035368930984765,1.075262921362158e-06
884,MMA_X__autocorrelation__lag_6,3.441341987620914e-10,3.1788603346477567e-08,9.4632721666826,7.4977285526842365,3.441341987620914e-10,3.1788603346477567e-08,3.307498381315703e-09
885,GYRO_Z__large_standard_deviation__r_0.2,3.4616105395907666e-10,3.9501819567702264e-10,9.460721795507753,9.403382899056776,3.4616105395907666e-10,3.9501819567702264e-10,3.6978360557029964e-10
886,"GYRO_X__change_quantiles__f_agg_""var""__isabs_True__qh_1.0__ql_0.2",3.6262393829151527e-10,1.5304377081655385e-05,9.440543529736502,4.815184342349248,3.6262393829151527e-10,1.5304377081655385e-05,7.449653341228894e-08
887,"MMA_Y__fft_coefficient__attr_""real""__coeff_3",3.6493984562082186e-10,2.8494941192268342e-08,9.437778716003628,7.545232234984227,3.6493984562082186e-10,2.8494941192268342e-08,3.224738662229981e-09
888,"ADXL_X__cwt_coefficients__coeff_6__w_20__widths_(2, 5, 10, 20)",3.6550416249387836e-10,1.2648382145185332e-98,9.437107672774989,97.89796502155164,1.2648382145185332e-98,3.6550416249387836e-10,2.1501247226331988e-54
889,"ADXL_Z__agg_linear_trend__attr_""stderr""__chunk_len_50__f_agg_""max""",3.6846958630284776e-10,1.2696192442523898e-05,9.433598353248488,4.896326503385155,3.6846958630284776e-10,1.2696192442523898e-05,6.839708164036038e-08
890,"ADXL_X__cwt_coefficients__coeff_13__w_10__widths_(2, 5, 10, 20)",3.7013865630832845e-10,7.455425628405793e-111,9.431635555962147,110.12752755773863,7.455425628405793e-111,3.7013865630832845e-10,1.6611866915867088e-60
891,MMA_X__ar_coefficient__coeff_2__k_10,3.7778098843844206e-10,3.831420459497054e-10,9.422759901427494,9.416640185991435,3.7778098843844206e-10,3.831420459497054e-10,3.8045207428953085e-10
892,GYRO_X__index_mass_quantile__q_0.7,3.9944761355316286e-10,6.123395294801731e-09,9.398540169132461,8.213007703848639,3.9944761355316286e-10,6.123395294801731e-09,1.5639615204189705e-09
893,"GYRO_X__change_quantiles__f_agg_""var""__isabs_False__qh_1.0__ql_0.0",4.0298544304958235e-10,3.757546386939663e-09,9.394710641495175,8.42509564933917,4.0298544304958235e-10,3.757546386939663e-09,1.2305431709290974e-09
894,ADXL_Z__large_standard_deviation__r_0.1,4.0384335487631947e-10,4.5997958739589975e-10,9.393787058911883,9.337261440661953,4.0384335487631947e-10,4.5997958739589975e-10,4.3099849158504644e-10
895,"GYRO_X__change_quantiles__f_agg_""var""__isabs_False__qh_0.6__ql_0.2",4.0580283964054605e-10,5.5443439839078836e-11,9.391684918278758,10.256149832927509,5.5443439839078836e-11,4.0580283964054605e-10,1.4999701772414666e-10
896,GYRO_X__autocorrelation__lag_9,4.0664578600897886e-10,5.110556634725589e-10,9.390783723849582,9.291531794537674,4.0664578600897886e-10,5.110556634725589e-10,4.558712888164146e-10
897,MMA_X__partial_autocorrelation__lag_1,4.1728676665350936e-10,6.9318193392508756e-09,9.379565387779273,8.159152764623565,4.1728676665350936e-10,6.9318193392508756e-09,1.7007517394088602e-09
898,MMA_X__autocorrelation__lag_1,4.1728676665350936e-10,6.9318193392508756e-09,9.379565387779273,8.159152764623565,4.1728676665350936e-10,6.9318193392508756e-09,1.7007517394088602e-09
899,"ADXL_X__fft_coefficient__attr_""abs""__coeff_53",4.175802029936749e-10,0.0041374464187669,9.379260098929182,2.383267617430012,4.175802029936749e-10,0.0041374464187669,1.314426002262636e-06
900,"GYRO_X__change_quantiles__f_agg_""var""__isabs_False__qh_0.4__ql_0.0",4.2032058174865976e-10,3.773160805141502e-08,9.376419343468221,7.423294685576254,4.2032058174865976e-10,3.773160805141502e-08,3.9823826343639026e-09
901,MMA_X__minimum,4.2053428336670805e-10,0.0001050877904348,9.376198593278525,3.978447739298281,4.2053428336670805e-10,0.0001050877904348,2.1022135629162278e-07
902,"ADXL_X__agg_linear_trend__attr_""stderr""__chunk_len_5__f_agg_""var""",4.2094090549476066e-10,3.350535757387711e-05,9.375778869054885,4.474885742851688,4.2094090549476066e-10,3.350535757387711e-05,1.1875931776527502e-07
903,"ADXL_Y__change_quantiles__f_agg_""var""__isabs_True__qh_0.2__ql_0.0",4.4158170679286966e-10,0.0063854457840503,9.354988926228744,2.1948087781507457,4.4158170679286966e-10,0.0063854457840503,1.6791950595312819e-06
904,"GYRO_X__fft_coefficient__attr_""abs""__coeff_49",4.4232849226747614e-10,8.8174884729869e-08,9.354255084966818,7.0546550994088655,4.4232849226747614e-10,8.8174884729869e-08,6.245179246300418e-09
905,"GYRO_Y__fft_coefficient__attr_""abs""__coeff_95",4.72217648050143e-10,5.241898686206581e-06,9.325857786195092,5.280511377217467,4.72217648050143e-10,5.241898686206581e-06,4.975255841580015e-08
906,"GYRO_Z__agg_linear_trend__attr_""rvalue""__chunk_len_50__f_agg_""mean""",4.892408286347497e-10,2.340214069892808e-13,9.310477306928322,12.630744413905713,2.340214069892808e-13,4.892408286347497e-10,1.0700132105432426e-11
907,"MMA_Z__agg_linear_trend__attr_""stderr""__chunk_len_5__f_agg_""var""",4.913922703634383e-10,0.0010446955557014,9.308571679286358,2.9810102528472395,4.913922703634383e-10,0.0010446955557014,7.164881861933976e-07
908,MMA_Y__cid_ce__normalize_True,5.002803528140005e-10,1.4467229807788988e-08,9.300786552547354,7.839614619839276,5.002803528140005e-10,1.4467229807788988e-08,2.690291960453716e-09
909,ADXL_X__partial_autocorrelation__lag_4,5.176224643835315e-10,5.4596658172399e-08,9.285986883911807,7.262833939377742,5.176224643835315e-10,5.4596658172399e-08,5.316056503678497e-09
910,GYRO_Z__index_mass_quantile__q_0.6,5.201643069136633e-10,2.2735274511014235e-08,9.283859451913823,7.643299797654212,5.201643069136633e-10,2.2735274511014235e-08,3.4389065571070107e-09
911,"GYRO_Z__fft_coefficient__attr_""abs""__coeff_17",5.322926154381678e-10,0.0082227663352533,9.273849558806958,2.084982050827055,5.322926154381678e-10,0.0082227663352533,2.0921084576878174e-06
912,"MMA_Z__change_quantiles__f_agg_""mean""__isabs_False__qh_0.2__ql_0.0",5.458813290817835e-10,3.087975249491503e-05,9.262901759724857,4.510326189247034,5.458813290817835e-10,3.087975249491503e-05,1.298332789913308e-07
913,MMA_Z__mean_n_absolute_max__number_of_maxima_7,5.492580101566661e-10,2.44548574833003e-07,9.2602236007862,6.611634863793286,5.492580101566661e-10,2.44548574833003e-07,1.1589661927745078e-08
914,MMA_Z__friedrich_coefficients__coeff_0__m_3__r_30,5.549526801610591e-10,1.168901928083624e-12,9.255744046825207,11.932221925004814,1.168901928083624e-12,5.549526801610591e-10,2.54693003012536e-11
915,"ADXL_Y__agg_linear_trend__attr_""stderr""__chunk_len_50__f_agg_""max""",5.678262853469885e-10,3.400877837747212e-07,9.245784507342167,6.468408967992344,5.678262853469885e-10,3.400877837747212e-07,1.3896430583163785e-08
916,"ADXL_Y__fft_aggregated__aggtype_""variance""",5.69242773572177e-10,1.7312580093012457e-05,9.24470247396297,4.7616382044147025,5.69242773572177e-10,1.7312580093012457e-05,9.927266043497006e-08
917,"ADXL_X__change_quantiles__f_agg_""var""__isabs_True__qh_0.8__ql_0.0",6.40425862243706e-10,0.0004156958512321,9.193531138334654,3.381224309859907,6.40425862243706e-10,0.0004156958512321,5.159674155956449e-07
918,ADXL_X__ar_coefficient__coeff_2__k_10,6.675960282114217e-10,3.820691075730267e-09,9.175486255771991,8.417858076032996,6.675960282114217e-10,3.820691075730267e-09,1.5970842767932913e-09
919,"GYRO_Y__fft_coefficient__attr_""abs""__coeff_37",6.775009946007928e-10,0.1018016506880838,9.169090062889985,0.9922451799667055,6.775009946007928e-10,0.1018016506880838,8.30486120252345e-06
920,ADXL_Z__partial_autocorrelation__lag_6,6.806162313510858e-10,1.5592692665629192e-05,9.167097698052206,4.80707888103648,6.806162313510858e-10,1.5592692665629192e-05,1.0301766702219701e-07
921,GYRO_Y__number_peaks__n_5,6.848974932427489e-10,1.5713830170497483e-51,9.164374423325558,50.80371794486647,1.5713830170497483e-51,6.848974932427489e-10,1.0374180879961561e-30
922,"MMA_Z__agg_linear_trend__attr_""slope""__chunk_len_50__f_agg_""min""",7.226766643829625e-10,5.949453904180005e-07,9.141055968657302,6.225522896000113,7.226766643829625e-10,5.949453904180005e-07,2.0735311674467302e-08
923,ADXL_Z__mean_n_absolute_max__number_of_maxima_7,7.329671928459606e-10,1.785252629290747e-07,9.134915463673778,6.748300318630943,7.329671928459606e-10,1.785252629290747e-07,1.1439106644367422e-08
924,"GYRO_X__agg_linear_trend__attr_""slope""__chunk_len_10__f_agg_""min""",7.423296840456881e-10,1.4346015269216935e-14,9.129403172669077,13.843268711257927,1.4346015269216935e-14,7.423296840456881e-10,3.2633530275029124e-12
925,"ADXL_Y__fft_aggregated__aggtype_""centroid""",7.651828808645353e-10,6.736709960978341e-07,9.116234754835586,6.17155215014742,7.651828808645353e-10,6.736709960978341e-07,2.2704217968232727e-08
926,GYRO_Y__last_location_of_maximum,7.704354989616455e-10,1.1269256281253745e-12,9.113263714658224,11.948104744433518,1.1269256281253745e-12,7.704354989616455e-10,2.9465632669220576e-11
927,ADXL_X__sum_of_reoccurring_values,8.213360031564146e-10,3.1567597088116625e-23,9.08547913951354,22.500758475158417,3.1567597088116625e-23,8.213360031564146e-10,1.6102050807771593e-16
928,"GYRO_Y__fft_coefficient__attr_""abs""__coeff_94",8.297748862939514e-10,3.137840485598731e-06,9.081039713528503,5.503369137863511,8.297748862939514e-10,3.137840485598731e-06,5.1026475795867425e-08
929,MMA_X__fourier_entropy__bins_2,8.299564196360228e-10,1.328026638726005e-07,9.080944711489588,6.876793213420052,8.299564196360228e-10,1.328026638726005e-07,1.0498591497235699e-08
930,ADXL_Z__last_location_of_maximum,8.572161104406987e-10,1.0335009898163623e-11,9.06690967546298,10.985689103099027,1.0335009898163623e-11,8.572161104406987e-10,9.412405105109928e-11
931,"GYRO_X__change_quantiles__f_agg_""var""__isabs_False__qh_0.6__ql_0.0",8.684017365127177e-10,4.2242711948167087e-08,9.061279316773195,7.374248208222422,8.684017365127177e-10,4.2242711948167087e-08,6.0567024370357525e-09
932,"MMA_Y__change_quantiles__f_agg_""var""__isabs_True__qh_0.2__ql_0.0",9.074001518355887e-10,0.0034751349883081,9.042201152399347,2.459028320990787,9.074001518355887e-10,0.0034751349883081,1.7757640654208365e-06
933,ADXL_Z__symmetry_looking__r_0.1,9.091564381144972e-10,1.0314621637259782e-09,9.04136138150374,8.98654669826417,9.091564381144972e-10,1.0314621637259782e-09,9.683803316997835e-10
934,GYRO_Z__percentage_of_reoccurring_datapoints_to_all_datapoints,9.655695762084003e-10,1.3995405897726358e-07,9.015216426726955,6.85401450151461,9.655695762084003e-10,1.3995405897726358e-07,1.1624774467288467e-08
935,ADXL_Z__symmetry_looking__r_0.05,9.683136897928196e-10,1.0953501985437798e-09,9.01398392814937,8.96044700869599,9.683136897928196e-10,1.0953501985437798e-09,1.0298750372580282e-09
936,"MMA_Y__agg_linear_trend__attr_""stderr""__chunk_len_5__f_agg_""var""",9.851309316016559e-10,8.52099092671595e-06,9.006506044534694,5.0695098971370225,9.851309316016559e-10,8.52099092671595e-06,9.162036743980533e-08
937,"GYRO_Z__change_quantiles__f_agg_""var""__isabs_False__qh_0.6__ql_0.4",1.0105444588597211e-09,5.693879761338241e-63,8.995444574961434,62.244591708165295,5.693879761338241e-63,1.0105444588597211e-09,2.3987327158801732e-36
938,"ADXL_X__fft_coefficient__attr_""abs""__coeff_75",1.0139424015464607e-09,0.0054939805447134,8.993986715023414,2.260112882836566,1.0139424015464607e-09,0.0054939805447134,2.3602075814546985e-06
939,"ADXL_X__cwt_coefficients__coeff_6__w_10__widths_(2, 5, 10, 20)",1.019665979869349e-09,1.8468800279514286e-124,8.991542070254486,123.73356131511251,1.8468800279514286e-124,1.019665979869349e-09,4.339586078651078e-67
940,MMA_Z__large_standard_deviation__r_0.1,1.0290802210734202e-09,1.1653139046413867e-09,8.98755076886095,8.933557071470148,1.0290802210734202e-09,1.1653139046413867e-09,1.0950805863534833e-09
941,ADXL_X__fourier_entropy__bins_2,1.0652102078309823e-09,1.5967448815061837e-07,8.972564680401115,6.796764467333549,1.0652102078309823e-09,1.5967448815061837e-07,1.304173664464307e-08
942,ADXL_X__autocorrelation__lag_7,1.0652102078309823e-09,6.775695004053596e-08,8.972564680401115,7.169046151236627,1.0652102078309823e-09,6.775695004053596e-08,8.49561032737924e-09
943,"GYRO_Y__fft_coefficient__attr_""angle""__coeff_0",1.090372019305798e-09,1.2345605754920175e-09,8.962425301723098,8.908487595925244,1.090372019305798e-09,1.2345605754920175e-09,1.1602285583688065e-09
944,"GYRO_X__change_quantiles__f_agg_""var""__isabs_False__qh_0.2__ql_0.0",1.1365127660549368e-09,2.0700407484528698e-08,8.94442568163186,7.684021105434847,1.1365127660549368e-09,2.0700407484528698e-08,4.8503894038217205e-09
945,"GYRO_Z__change_quantiles__f_agg_""mean""__isabs_False__qh_0.6__ql_0.4",1.1725895541946956e-09,0.0459080442215157,8.93085397896907,1.3381112086910922,1.1725895541946956e-09,0.0459080442215157,7.336981198535094e-06
946,"GYRO_Y__agg_linear_trend__attr_""rvalue""__chunk_len_50__f_agg_""max""",1.2070902834405655e-09,3.7035707512745066e-11,8.918260245947653,10.431379354375528,3.7035707512745066e-11,1.2070902834405655e-09,2.114366162209879e-10
947,"GYRO_X__change_quantiles__f_agg_""var""__isabs_False__qh_1.0__ql_0.2",1.2494188757961587e-09,2.8447006558692653e-05,8.903291937166859,4.545963427105106,1.2494188757961587e-09,2.8447006558692653e-05,1.8852646221241126e-07
948,"GYRO_Z__agg_linear_trend__attr_""stderr""__chunk_len_5__f_agg_""var""",1.292840543356152e-09,0.0015182389245118,8.888455036922394,2.8186598783535657,1.292840543356152e-09,0.0015182389245118,1.401014216955094e-06
949,"ADXL_X__change_quantiles__f_agg_""mean""__isabs_False__qh_0.6__ql_0.2",1.302895766243503e-09,9.007124174563851e-09,8.885090327154636,8.045413849917935,1.302895766243503e-09,9.007124174563851e-09,3.4256888289902734e-09
950,"ADXL_Z__agg_linear_trend__attr_""stderr""__chunk_len_50__f_agg_""var""",1.3371468830236616e-09,0.0030773814260251,8.873820883700692,2.5118186717890345,1.3371468830236616e-09,0.0030773814260251,2.0285243359852437e-06
951,GYRO_Z__fourier_entropy__bins_5,1.350386584191163e-09,1.972759970572808e-08,8.869541885322011,7.704925752962312,1.350386584191163e-09,1.972759970572808e-08,5.161384114838648e-09
952,"MMA_Z__fft_coefficient__attr_""abs""__coeff_25",1.358456134527415e-09,0.0111154203759626,8.8669543806839,1.9540741079979576,1.358456134527415e-09,0.0111154203759626,3.885847526290426e-06
953,GYRO_Y__first_location_of_maximum,1.358456134527415e-09,2.09643837552828e-12,8.8669543806839,11.678517899089826,2.09643837552828e-12,1.358456134527415e-09,5.336590270851867e-11
954,"GYRO_X__change_quantiles__f_agg_""var""__isabs_True__qh_0.6__ql_0.2",1.373406134070638e-09,5.614267387324605e-09,8.862201017239556,8.250706907327825,1.373406134070638e-09,5.614267387324605e-09,2.7768091882706573e-09
955,"MMA_X__change_quantiles__f_agg_""var""__isabs_False__qh_0.4__ql_0.0",1.3776544372420432e-09,0.0002630921396693,8.860859704648604,3.5798921270159445,1.3776544372420432e-09,0.0002630921396693,6.02038249298925e-07
956,MMA_X__number_peaks__n_10,1.409853086167061e-09,1.5788802388261487e-14,8.850826140671703,13.801650810833689,1.5788802388261487e-14,1.409853086167061e-09,4.718038975461344e-12
957,"MMA_Z__fft_coefficient__attr_""imag""__coeff_1",1.4804808669332275e-09,6.86393267058158e-05,8.829597200864358,4.16342698520281,1.4804808669332275e-09,6.86393267058158e-05,3.1877768100533515e-07
958,"ADXL_X__fft_aggregated__aggtype_""centroid""",1.4914720601717931e-09,6.094665937093279e-07,8.826384877888154,6.215050094090399,1.4914720601717931e-09,6.094665937093279e-07,3.014966660057017e-08
959,MMA_Z__energy_ratio_by_chunks__num_segments_10__segment_focus_8,1.5517590099137842e-09,1.567540047237364e-10,8.809175724309261,9.804781355076491,1.567540047237364e-10,1.5517590099137842e-09,4.931981743377867e-10
960,ADXL_Z__fourier_entropy__bins_10,1.5525973758987036e-09,0.0008528074912793,8.808941152188881,3.06914899334685,1.5525973758987036e-09,0.0008528074912793,1.1506809606085424e-06
961,ADXL_X__ratio_beyond_r_sigma__r_1.5,1.5532390650496651e-09,4.827151483763168e-06,8.808761695178427,5.316309072109388,1.5532390650496651e-09,4.827151483763168e-06,8.658937727858658e-08
962,"GYRO_Z__agg_linear_trend__attr_""stderr""__chunk_len_10__f_agg_""var""",1.5593096257205746e-09,0.0028165184120461,8.807067640173209,2.5502874053645845,1.5593096257205746e-09,0.0028165184120461,2.0956679772623124e-06
963,"MMA_X__fft_coefficient__attr_""abs""__coeff_75",1.5595211809675295e-09,0.0064689239502749,8.807008722404207,2.189167954466267,1.5595211809675295e-09,0.0064689239502749,3.1762279386910896e-06
964,"ADXL_Z__fft_coefficient__attr_""abs""__coeff_98",1.5849450997095263e-09,1.578854192068349e-05,8.79998577654159,4.80165797544074,1.5849450997095263e-09,1.578854192068349e-05,1.5818967143510265e-07
965,"GYRO_X__change_quantiles__f_agg_""mean""__isabs_False__qh_1.0__ql_0.2",1.6863997438565612e-09,0.0066934431871687,8.773039472431549,2.1743504184792988,1.6863997438565612e-09,0.0066934431871687,3.3597352390269893e-06
966,"GYRO_X__fft_coefficient__attr_""abs""__coeff_52",1.6984439983990143e-09,3.036369218908201e-10,8.769948768244788,9.517645419869812,3.036369218908201e-10,1.6984439983990143e-09,7.181297290029244e-10
967,"GYRO_Y__change_quantiles__f_agg_""mean""__isabs_False__qh_0.8__ql_0.6",1.715637508747937e-09,4.589126660998007e-09,8.765574467408378,8.338269955507917,1.715637508747937e-09,4.589126660998007e-09,2.8059361774643695e-09
968,"GYRO_Z__fft_coefficient__attr_""abs""__coeff_35",1.7558889932734782e-09,0.0646888113962585,8.755502943516845,1.1891708285903586,1.7558889932734782e-09,0.0646888113962585,1.0657690740429384e-05
969,ADXL_X__sum_of_reoccurring_data_points,1.790925696204417e-09,1.669952496284579e-28,8.746922432240202,27.777295882681702,1.669952496284579e-28,1.790925696204417e-09,5.4687849080364865e-19
970,"GYRO_Z__agg_linear_trend__attr_""rvalue""__chunk_len_5__f_agg_""max""",1.8930045511534275e-09,1.7790895138572777e-11,8.722848341906017,10.74980220009131,1.7790895138572777e-11,1.8930045511534275e-09,1.8351633569361518e-10
971,"MMA_Y__agg_linear_trend__attr_""intercept""__chunk_len_10__f_agg_""min""",1.931259767679647e-09,2.671951028623048e-17,8.714159306706225,16.573171505849814,2.671951028623048e-17,1.931259767679647e-09,2.2716142988610416e-13
972,GYRO_X__ratio_beyond_r_sigma__r_2.5,1.9657748439264808e-09,4.3889973871313086e-10,8.706466226910841,9.357634677700206,4.3889973871313086e-10,1.9657748439264808e-09,9.288584743480452e-10
973,"ADXL_X__fft_coefficient__attr_""abs""__coeff_81",2.0155829766969287e-09,0.0034461580353796,8.695599318285018,2.4626648103704163,2.0155829766969287e-09,0.0034461580353796,2.635529827400641e-06
974,"MMA_X__cwt_coefficients__coeff_8__w_20__widths_(2, 5, 10, 20)",2.027914447812121e-09,8.037687264747984e-65,8.692950370653707,64.09486889561057,8.037687264747984e-65,2.027914447812121e-09,4.037293911914009e-37
975,GYRO_Z__first_location_of_minimum,2.089604416208954e-09,1.088115308387722e-11,8.679935922557991,10.96332507969021,1.088115308387722e-11,2.089604416208954e-09,1.5078894368459351e-10
976,"ADXL_Z__agg_linear_trend__attr_""intercept""__chunk_len_5__f_agg_""var""",2.151669831035099e-09,0.0232824960265335,8.667224369418507,1.6329704624911434,2.151669831035099e-09,0.0232824960265335,7.077870039177513e-06
977,"MMA_Z__agg_linear_trend__attr_""slope""__chunk_len_10__f_agg_""min""",2.1973580854833183e-09,6.921098690653918e-07,8.658099163890915,6.159824957940168,2.1973580854833183e-09,6.921098690653918e-07,3.8997605270498846e-08
978,"GYRO_X__change_quantiles__f_agg_""var""__isabs_True__qh_0.6__ql_0.0",2.2234052329066208e-09,8.829756743623653e-08,8.652981376537877,7.054051260902291,2.2234052329066208e-09,8.829756743623653e-08,1.4011469355162347e-08
979,MMA_X__autocorrelation__lag_7,2.2234052329066208e-09,1.353554244291088e-07,8.652981376537877,6.86852433499932,2.2234052329066208e-09,1.353554244291088e-07,1.7347909354673757e-08
980,"GYRO_X__change_quantiles__f_agg_""var""__isabs_True__qh_0.8__ql_0.0",2.295321178755455e-09,1.0802685204377929e-07,8.63915653609545,6.966468279281961,2.295321178755455e-09,1.0802685204377929e-07,1.5746628889078722e-08
981,"MMA_X__fft_coefficient__attr_""abs""__coeff_81",2.3122883979328e-09,0.0027664220595132,8.635957999914284,2.558081560982147,2.3122883979328e-09,0.0027664220595132,2.52918279924519e-06
982,"ADXL_Z__agg_linear_trend__attr_""slope""__chunk_len_50__f_agg_""min""",2.3837409639751773e-09,1.3832165307856531e-06,8.622740940218893,5.859109829460789,2.3837409639751773e-09,1.3832165307856531e-06,5.742151083419343e-08
983,"GYRO_X__fft_coefficient__attr_""abs""__coeff_29",2.4358389474631887e-09,0.0004051342645832,8.613351429725641,3.392401024429082,2.4358389474631887e-09,0.0004051342645832,9.933991245333443e-07
984,"MMA_Z__agg_linear_trend__attr_""stderr""__chunk_len_50__f_agg_""max""",2.466277683479198e-09,5.76475060264252e-06,8.60795802684273,5.23921947661543,2.466277683479198e-09,5.76475060264252e-06,1.192370570004162e-07
985,GYRO_Z__last_location_of_minimum,2.4768448711413007e-09,1.4869061213960395e-11,8.606101193138455,10.82771645060832,1.4869061213960395e-11,2.4768448711413007e-09,1.9190715986248102e-10
986,GYRO_Y__kurtosis,2.5751336476826067e-09,0.0302747727757294,8.589200226450027,1.5189191077263535,2.5751336476826067e-09,0.0302747727757294,8.82958583687401e-06
987,"GYRO_Z__linear_trend__attr_""pvalue""",2.5963615920113643e-09,3.970897434536055e-11,8.585634824013606,10.401111330309647,3.970897434536055e-11,2.5963615920113643e-09,3.2109010549759823e-10
988,"ADXL_Z__fft_coefficient__attr_""imag""__coeff_1",2.600268966217504e-09,8.57265571611097e-05,8.584981727220507,4.066884617495195,2.600268966217504e-09,8.57265571611097e-05,4.721356861821657e-07
989,GYRO_Y__last_location_of_minimum,2.614606963711723e-09,2.0267268240891097e-11,8.582593586460243,10.693204784501761,2.0267268240891097e-11,2.614606963711723e-09,2.3019761223359225e-10
990,GYRO_Y__fourier_entropy__bins_2,2.6810668470240572e-09,3.3425113675202856e-10,8.571692357620345,9.475927107074822,3.3425113675202856e-10,2.6810668470240572e-09,9.4665180574801e-10
991,"GYRO_Y__fft_coefficient__attr_""imag""__coeff_1",2.7018631994803314e-09,7.550460375939049e-07,8.56833664392052,6.122026567227189,2.7018631994803314e-09,7.550460375939049e-07,4.516670347599451e-08
992,"MMA_Z__agg_linear_trend__attr_""slope""__chunk_len_5__f_agg_""min""",2.7209537218890293e-09,1.6562926402085657e-06,8.565278844658737,5.7808629279378865,2.7209537218890293e-09,1.6562926402085657e-06,6.71319270087855e-08
993,"GYRO_Y__fft_coefficient__attr_""abs""__coeff_78",2.8468993721479573e-09,0.004050101831132,8.54562788335997,2.392534057243914,2.8468993721479573e-09,0.004050101831132,3.3956195841385094e-06
994,GYRO_Y__longest_strike_below_mean,2.857529092581146e-09,9.321683772268076e-07,8.54400933934628,6.030505634109769,2.857529092581146e-09,9.321683772268076e-07,5.1611028444604345e-08
995,ADXL_Z__first_location_of_maximum,2.962646301988016e-09,6.816827155604333e-11,8.528320194035938,10.166417717637001,6.816827155604333e-11,2.962646301988016e-09,4.493979056898537e-10
996,"ADXL_Z__fft_coefficient__attr_""abs""__coeff_25",3.0673209991690607e-09,0.017157527217693,8.51324077215154,1.7655453034974977,3.0673209991690607e-09,0.017157527217693,7.254491266012004e-06
997,"GYRO_Z__change_quantiles__f_agg_""mean""__isabs_False__qh_1.0__ql_0.2",3.096793342752897e-09,1.4978701024403431e-05,8.509087775300825,4.824525847677571,3.096793342752897e-09,1.4978701024403431e-05,2.1537395760736382e-07
998,GYRO_Y__first_location_of_minimum,3.1030190086599983e-09,2.513029038921284e-11,8.508215563980494,10.599802492955211,2.513029038921284e-11,3.1030190086599983e-09,2.792485788162101e-10
999,GYRO_X__friedrich_coefficients__coeff_0__m_3__r_30,3.149904864920843e-09,2.9567618017882213e-08,8.501702562802095,7.529183661045671,3.149904864920843e-09,2.9567618017882213e-08,9.65065717133545e-09
1000,MMA_Z__last_location_of_minimum,3.243319468278049e-09,3.8716241993372796e-11,8.489010271038117,10.41210680427552,3.8716241993372796e-11,3.243319468278049e-09,3.5435736396421917e-10
1001,"ADXL_X__fft_coefficient__attr_""abs""__coeff_95",3.3770007255197437e-09,0.0061166534881447,8.471468846060121,2.2134861218316417,3.3770007255197437e-09,0.0061166534881447,4.544880995935705e-06
1002,"MMA_Z__fft_coefficient__attr_""abs""__coeff_98",3.417924803211302e-09,2.9224035155326885e-05,8.4662374962992,4.53425981835721,3.417924803211302e-09,2.9224035155326885e-05,3.16046760159491e-07
1003,"ADXL_Z__change_quantiles__f_agg_""var""__isabs_True__qh_0.2__ql_0.0",3.468351415527157e-09,0.0525879701332896,8.45987690597888,1.2791135923910486,3.468351415527157e-09,0.0525879701332896,1.3505316014499432e-05
1004,MMA_Z__symmetry_looking__r_0.1,3.507638418111273e-09,3.954366891335305e-09,8.45498518187172,8.40292303874255,3.507638418111273e-09,3.954366891335305e-09,3.724310570743928e-09
1005,"ADXL_Z__agg_linear_trend__attr_""slope""__chunk_len_10__f_agg_""min""",3.5081310557799517e-09,8.505857580744988e-07,8.454924190751008,6.070281893243719,3.5081310557799517e-09,8.505857580744988e-07,5.4625692796570394e-08
1006,GYRO_Z__energy_ratio_by_chunks__num_segments_10__segment_focus_1,3.5243693990532634e-09,1.5846575173237097e-11,8.452918578250141,10.800064584807915,1.5846575173237097e-11,3.5243693990532634e-09,2.36324320839718e-10
1007,"MMA_Z__agg_linear_trend__attr_""slope""__chunk_len_5__f_agg_""mean""",3.5722184866249703e-09,4.417868745320546e-06,8.447061986336195,5.354787191142217,3.5722184866249703e-09,4.417868745320546e-06,1.2562480807355177e-07
1008,"MMA_Z__agg_linear_trend__attr_""slope""__chunk_len_50__f_agg_""mean""",3.5722184866249703e-09,4.382249413717697e-06,8.447061986336195,5.35830290840042,3.5722184866249703e-09,4.382249413717697e-06,1.2511735438652703e-07
1009,"MMA_Z__agg_linear_trend__attr_""slope""__chunk_len_10__f_agg_""mean""",3.5722184866249703e-09,4.415187823060986e-06,8.447061986336195,5.355050816710666,3.5722184866249703e-09,4.415187823060986e-06,1.2558668545454932e-07
1010,"MMA_Z__linear_trend__attr_""slope""",3.5743785755080504e-09,4.422075221626098e-06,8.44679945167732,5.354373874136481,3.5743785755080504e-09,4.422075221626098e-06,1.257225951508532e-07
1011,MMA_X__kurtosis,3.616250835555275e-09,2.723723181375567e-06,8.441741452997745,5.564837032922997,3.616250835555275e-09,2.723723181375567e-06,9.924548468555467e-08
1012,"GYRO_X__change_quantiles__f_agg_""var""__isabs_False__qh_0.8__ql_0.0",3.742004408153359e-09,6.390214984124747e-08,8.426895705228432,7.194484530754196,3.742004408153359e-09,6.390214984124747e-08,1.5463574179225983e-08
1013,MMA_Z__first_location_of_minimum,3.796495729907947e-09,4.743193290432652e-11,8.42061708425662,10.323929177001542,4.743193290432652e-11,3.796495729907947e-09,4.243526018920538e-10
1014,ADXL_X__sum_values,3.796495729907947e-09,5.8175770041247255e-27,8.42061708425662,26.235257859481692,5.8175770041247255e-27,3.796495729907947e-09,4.699617671105831e-18
1015,"ADXL_X__fft_coefficient__attr_""real""__coeff_0",3.796495729907947e-09,5.8175770041247255e-27,8.42061708425662,26.235257859481692,5.8175770041247255e-27,3.796495729907947e-09,4.699617671105831e-18
1016,"MMA_Z__fft_coefficient__attr_""abs""__coeff_26",3.8128933627250304e-09,0.0593383248322823,8.418745340707892,1.2266647183219261,3.8128933627250304e-09,0.0593383248322823,1.504163238841553e-05
1017,"ADXL_X__change_quantiles__f_agg_""var""__isabs_False__qh_0.4__ql_0.0",3.818464742206895e-09,0.0002099979784301,8.418111215100843,3.6777848860321676,3.818464742206895e-09,0.0002099979784301,8.954718736901013e-07
1018,"ADXL_Z__agg_linear_trend__attr_""slope""__chunk_len_5__f_agg_""min""",3.881736483224122e-09,1.9167162515253086e-06,8.410973950597874,5.71744217482032,3.881736483224122e-09,1.9167162515253086e-06,8.625652092180842e-08
1019,"GYRO_Y__fft_coefficient__attr_""abs""__coeff_18",3.896126064594526e-09,4.001733103158697e-05,8.409366999362208,4.397751880140267,3.896126064594526e-09,4.001733103158697e-05,3.9485765342420976e-07
1020,"ADXL_Z__agg_linear_trend__attr_""slope""__chunk_len_50__f_agg_""max""",3.9113895881269005e-09,0.0003003441658885,8.407668924639228,3.5223807996981127,3.9113895881269005e-09,0.0003003441658885,1.0838648639525767e-06
1021,ADXL_X__ratio_beyond_r_sigma__r_10,3.9459483170643815e-09,4.986864761176761e-09,8.403848607315135,8.302172409257286,3.9459483170643815e-09,4.986864761176761e-09,4.435979104075346e-09
1022,MMA_Y__maximum,4.109536624738268e-09,0.0002807999615864,8.386207144708939,3.551602955953969,4.109536624738268e-09,0.0002807999615864,1.0742242439846578e-06
1023,"GYRO_Y__fft_coefficient__attr_""abs""__coeff_71",4.166856745037486e-09,0.015789096640517,8.380191430166473,1.8016427170633758,4.166856745037486e-09,0.015789096640517,8.111159216449087e-06
1024,"ADXL_Z__agg_linear_trend__attr_""slope""__chunk_len_5__f_agg_""mean""",4.511122791725448e-09,4.607334059620439e-06,8.34571535134543,5.336550297625753,4.511122791725448e-09,4.607334059620439e-06,1.4416743628658551e-07
1025,ADXL_Y__minimum,4.511122791725448e-09,0.0005562891587381,8.34571535134543,3.2546994037408163,4.511122791725448e-09,0.0005562891587381,1.5841365795830922e-06
1026,"ADXL_Z__agg_linear_trend__attr_""slope""__chunk_len_10__f_agg_""mean""",4.511122791725448e-09,4.607334059620439e-06,8.34571535134543,5.336550297625753,4.511122791725448e-09,4.607334059620439e-06,1.4416743628658551e-07
1027,"ADXL_Z__agg_linear_trend__attr_""slope""__chunk_len_50__f_agg_""mean""",4.511122791725448e-09,4.579787124940687e-06,8.34571535134543,5.339154708155995,4.511122791725448e-09,4.579787124940687e-06,1.437358065360566e-07
1028,"ADXL_Z__linear_trend__attr_""slope""",4.511122791725448e-09,4.607970096811073e-06,8.34571535134543,5.3364903479077785,4.511122791725448e-09,4.607970096811073e-06,1.4417738701791536e-07
1029,"MMA_Z__agg_linear_trend__attr_""slope""__chunk_len_5__f_agg_""max""",4.5745370089787354e-09,2.2038471526053125e-05,8.339652854520109,4.6568185291859265,4.5745370089787354e-09,2.2038471526053125e-05,3.1751504471009575e-07
1030,"GYRO_X__change_quantiles__f_agg_""var""__isabs_False__qh_0.8__ql_0.4",4.594036657928e-09,2.6314714909233496e-10,8.337805543692074,9.579801330720517,2.6314714909233496e-10,4.594036657928e-09,1.0995033648695358e-09
1031,ADXL_Z__absolute_maximum,4.7317876562005475e-09,4.832367010433856e-07,8.324974753014851,6.31584008917307,4.7317876562005475e-09,4.832367010433856e-07,4.781812895775164e-08
1032,MMA_Z__fourier_entropy__bins_3,4.880991279565013e-09,0.0003012536496282,8.311491968258286,3.5210676829937153,4.880991279565013e-09,0.0003012536496282,1.2126072887676283e-06
1033,MMA_X__sum_of_reoccurring_data_points,4.9325787957083355e-09,7.094588335751832e-24,8.30692596836305,23.149072799459255,7.094588335751832e-24,4.9325787957083355e-09,1.8706847941117492e-16
1034,"GYRO_X__change_quantiles__f_agg_""var""__isabs_False__qh_0.8__ql_0.6",4.938072671633246e-09,7.481755063127501e-09,8.306442523019502,8.12599651378996,4.938072671633246e-09,7.481755063127501e-09,6.078276911517242e-09
1035,MMA_Y__friedrich_coefficients__coeff_1__m_3__r_30,4.946003294247853e-09,1.5386714504441857e-05,8.30574559871609,4.812854104334802,4.946003294247853e-09,1.5386714504441857e-05,2.758672518198212e-07
1036,ADXL_Z__fourier_entropy__bins_5,5.043582298980584e-09,0.0022493203418276,8.2972608881496,2.647948689170482,5.043582298980584e-09,0.0022493203418276,3.368179368854729e-06
1037,ADXL_Y__last_location_of_minimum,5.06275627621063e-09,8.655085522995977e-10,8.295612979278097,9.06272863639844,8.655085522995977e-10,5.06275627621063e-09,2.0932890042392055e-09
1038,"ADXL_Z__agg_linear_trend__attr_""slope""__chunk_len_5__f_agg_""max""",5.06275627621063e-09,1.9239712176745616e-05,8.295612979278097,4.7158014292309565,5.06275627621063e-09,1.9239712176745616e-05,3.1209930082476143e-07
1039,"ADXL_X__fft_coefficient__attr_""abs""__coeff_82",5.1540989613693985e-09,0.0874136409175891,8.287847247026082,1.0584207903292286,5.1540989613693985e-09,0.0874136409175891,2.1225893523309295e-05
1040,"ADXL_Z__change_quantiles__f_agg_""var""__isabs_False__qh_0.2__ql_0.0",5.251150130062052e-09,0.0920753973391999,8.279745565082688,1.035856398328606,5.251150130062052e-09,0.0920753973391999,2.1988672872941983e-05
1041,GYRO_Z__number_cwt_peaks__n_1,5.5136204120288956e-09,4.484770195643881e-13,8.258563136423174,12.348259805757177,4.484770195643881e-13,5.5136204120288956e-09,4.972657287000676e-11
1042,"GYRO_Y__fft_coefficient__attr_""abs""__coeff_24",5.559860294851579e-09,0.0564068547577533,8.254936120996598,1.248668115829193,5.559860294851579e-09,0.0564068547577533,1.7709156731055617e-05
1043,"MMA_Y__change_quantiles__f_agg_""var""__isabs_True__qh_1.0__ql_0.4",5.594002660199444e-09,0.0001679779788716,8.252277331437917,3.7747476485205493,5.594002660199444e-09,0.0001679779788716,9.693653906874623e-07
1044,"MMA_Z__agg_linear_trend__attr_""slope""__chunk_len_10__f_agg_""max""",5.623110538168348e-09,8.82618800221756e-05,8.25002337911825,4.05422682610069,5.623110538168348e-09,8.82618800221756e-05,7.044901047362171e-07
1045,"ADXL_Z__agg_linear_trend__attr_""slope""__chunk_len_10__f_agg_""max""",5.682399717179417e-09,7.117812959282677e-05,8.245468219951414,4.147653428501139,5.682399717179417e-09,7.117812959282677e-05,6.359737285986259e-07
1046,"MMA_Z__agg_linear_trend__attr_""slope""__chunk_len_50__f_agg_""max""",5.828386318128326e-09,0.0005161387915289,8.234451669964677,3.287233499360884,5.828386318128326e-09,0.0005161387915289,1.7344325500872984e-06
1047,"MMA_X__fft_coefficient__attr_""abs""__coeff_95",6.14167401429715e-09,0.0085081050374624,8.211713238617318,2.070167157120422,6.14167401429715e-09,0.0085081050374624,7.2286933549220015e-06
1048,"MMA_X__change_quantiles__f_agg_""var""__isabs_True__qh_1.0__ql_0.0",6.2496982989997926e-09,0.0001011869532925,8.20414094749467,3.9948754803652258,6.2496982989997926e-09,0.0001011869532925,7.952282250229231e-07
1049,GYRO_X__fourier_entropy__bins_2,6.2753997990070276e-09,1.802656630230288e-05,8.202358600528742,4.744086989748955,6.2753997990070276e-09,1.802656630230288e-05,3.363389816097122e-07
1050,"GYRO_X__change_quantiles__f_agg_""var""__isabs_True__qh_1.0__ql_0.8",6.2820018112069525e-09,1.1795370415956908e-06,8.201901942723081,5.928288416195924,6.2820018112069525e-09,1.1795370415956908e-06,8.608050784986007e-08
1051,GYRO_X__ratio_beyond_r_sigma__r_3,6.360900426853346e-09,2.3303370977243963e-09,8.196481402789543,8.632581251037395,2.3303370977243963e-09,6.360900426853346e-09,3.850070420086794e-09
1052,"MMA_Y__change_quantiles__f_agg_""var""__isabs_True__qh_1.0__ql_0.0",6.533094971672015e-09,0.0005926309620497,8.184881028420735,3.227215662514985,6.533094971672015e-09,0.0005926309620497,1.967667237676138e-06
1053,ADXL_X__autocorrelation__lag_8,6.648595473976325e-09,3.0660476104517133e-07,8.17727009038511,6.513421105582126,6.648595473976325e-09,3.0660476104517133e-07,4.514965145584757e-08
1054,GYRO_X__first_location_of_minimum,6.65429156085564e-09,3.1780360679797597e-10,8.176898174237158,9.497841178231315,3.1780360679797597e-10,6.65429156085564e-09,1.4542207049568699e-09
1055,"GYRO_X__change_quantiles__f_agg_""var""__isabs_True__qh_0.8__ql_0.6",6.831886556746021e-09,1.1585421399264917e-07,8.16545935370492,6.9360881648910935,6.831886556746021e-09,1.1585421399264917e-07,2.8133660393179495e-08
1056,"MMA_X__fft_coefficient__attr_""abs""__coeff_82",6.8912875994339505e-09,0.0869520273812543,8.16169962495967,1.0607202874941992,6.8912875994339505e-09,0.0869520273812543,2.4478795477679843e-05
1057,ADXL_Z__spkt_welch_density__coeff_8,6.926896998027028e-09,0.0014809421004219,8.159461270212313,2.8294619205191807,6.926896998027028e-09,0.0014809421004219,3.202863311111528e-06
1058,ADXL_Z__energy_ratio_by_chunks__num_segments_10__segment_focus_3,7.014866132715191e-09,1.0659361210513385e-05,8.153980612358762,4.972268820737364,7.014866132715191e-09,1.0659361210513385e-05,2.734483350690004e-07
1059,"MMA_Z__change_quantiles__f_agg_""var""__isabs_True__qh_0.2__ql_0.0",7.1267689998059805e-09,0.1870390848251001,8.147107317776,0.7280676311628883,7.1267689998059805e-09,0.1870390848251001,3.651005822350335e-05
1060,"MMA_X__fft_aggregated__aggtype_""centroid""",7.20744221128025e-09,7.9229163492522e-08,8.142218831065696,7.101114929363071,7.20744221128025e-09,7.9229163492522e-08,2.389643524294842e-08
1061,"ADXL_X__agg_linear_trend__attr_""rvalue""__chunk_len_50__f_agg_""min""",7.298181513780546e-09,1.46809160837514e-08,8.13678533945685,7.833246843758839,7.298181513780546e-09,1.46809160837514e-08,1.0351038129955757e-08
1062,GYRO_Y__maximum,7.3437054962178365e-09,0.0013549533466286,8.134084747919568,2.8680756580372306,7.3437054962178365e-09,0.0013549533466286,3.154422029271797e-06
1063,"MMA_X__fft_coefficient__attr_""real""__coeff_0",7.394574443535645e-09,1.2127661651955558e-22,8.131086814519312,21.916222927867892,1.2127661651955558e-22,7.394574443535645e-09,9.469894239715555e-16
1064,MMA_X__sum_values,7.394574443535645e-09,1.2127661651955558e-22,8.131086814519312,21.916222927867892,1.2127661651955558e-22,7.394574443535645e-09,9.469894239715555e-16
1065,"GYRO_X__fft_coefficient__attr_""abs""__coeff_50",7.580737752586839e-09,3.759290116876298e-09,8.120288527047853,8.424894157048469,3.759290116876298e-09,7.580737752586839e-09,5.338369836563475e-09
1066,GYRO_X__last_location_of_minimum,7.993717260774281e-09,3.8328943918241196e-10,8.097251216878655,9.41647314674614,3.8328943918241196e-10,7.993717260774281e-09,1.750402069772811e-09
1067,MMA_Z__spkt_welch_density__coeff_8,8.176119067135884e-09,0.0015118071980377,8.087452792622331,2.82050359122063,8.176119067135884e-09,0.0015118071980377,3.515780945637728e-06
1068,GYRO_Y__absolute_maximum,8.32462046052642e-09,0.0038501475173205,8.079635557900504,2.414522630301648,8.32462046052642e-09,0.0038501475173205,5.66136174420353e-06
1069,"GYRO_X__fft_coefficient__attr_""abs""__coeff_51",8.332611199942479e-09,1.1809178044348009e-10,8.079218881903957,9.927780329586051,1.1809178044348009e-10,8.332611199942479e-09,9.919742397585184e-10
1070,"GYRO_Y__fft_aggregated__aggtype_""variance""",8.393045480225168e-09,3.0996590487011303e-14,8.076080423526081,13.508686074362876,3.0996590487011303e-14,8.393045480225168e-09,1.6129345730357468e-11
1071,MMA_Z__symmetry_looking__r_0.05,8.393045480225168e-09,9.510184638531337e-09,8.076080423526081,8.021811051231158,8.393045480225168e-09,9.510184638531337e-09,8.934171041374362e-09
1072,"GYRO_X__change_quantiles__f_agg_""mean""__isabs_True__qh_0.2__ql_0.0",8.546201629563044e-09,1.6606475747958163e-08,8.068226865137634,7.779722524418706,8.546201629563044e-09,1.6606475747958163e-08,1.1913114206558218e-08
1073,"MMA_X__cwt_coefficients__coeff_9__w_10__widths_(2, 5, 10, 20)",8.671683128071904e-09,1.0490439091881414e-76,8.061896600068156,75.97920633342797,1.0490439091881414e-76,8.671683128071904e-09,9.53780706866804e-43
1074,"GYRO_X__agg_linear_trend__attr_""stderr""__chunk_len_10__f_agg_""var""",8.859390080660352e-09,6.007173106141885e-15,8.052596175824158,14.221329852993716,6.007173106141885e-15,8.859390080660352e-09,7.295196353036912e-12
1075,"MMA_X__cwt_coefficients__coeff_10__w_10__widths_(2, 5, 10, 20)",9.004222221200762e-09,1.9590327031575224e-74,8.045553795296314,73.70795831403981,1.9590327031575224e-74,9.004222221200762e-09,1.3281402711246265e-41
1076,MMA_X__ratio_beyond_r_sigma__r_1.5,9.101634976535447e-09,1.4978281307667396e-05,8.040880585974788,4.824538017171842,9.101634976535447e-09,1.4978281307667396e-05,3.6922465930413245e-07
1077,"GYRO_Y__change_quantiles__f_agg_""var""__isabs_True__qh_1.0__ql_0.2",9.278359317884718e-09,0.0013310253407779,8.032528812809616,2.8758136761141713,9.278359317884718e-09,0.0013310253407779,3.5142184583413865e-06
1078,"GYRO_X__change_quantiles__f_agg_""var""__isabs_True__qh_0.4__ql_0.0",9.590375088737664e-09,8.147044997136284e-08,8.018164406824813,7.088999885020642,9.590375088737664e-09,8.147044997136284e-08,2.7952319651034444e-08
1079,MMA_Y__number_crossing_m__m_1,9.592611798798575e-09,4.407741867193759e-11,8.018063130537948,10.355783847217962,4.407741867193759e-11,9.592611798798575e-09,6.502442359706183e-10
1080,"ADXL_Z__agg_linear_trend__attr_""stderr""__chunk_len_10__f_agg_""var""",9.622293834943298e-09,0.0003824718048288,8.016721385227466,3.4174005747812077,9.622293834943298e-09,0.0003824718048288,1.918399356141416e-06
1081,"MMA_X__agg_linear_trend__attr_""rvalue""__chunk_len_50__f_agg_""min""",9.845222511887268e-09,1.8263226593757823e-08,8.00677446392477,7.738422492515147,9.845222511887268e-09,1.8263226593757823e-08,1.340915842253207e-08
1082,"GYRO_Z__fft_coefficient__attr_""abs""__coeff_39",1.0119477854998312e-08,0.307903159785473,7.9948418956526615,0.5115858542265402,1.0119477854998312e-08,0.307903159785473,5.581952352835969e-05
1083,"ADXL_Z__fft_coefficient__attr_""abs""__coeff_26",1.0126011462774964e-08,0.0746577209097301,7.994561585321971,1.1269252719965837,1.0126011462774964e-08,0.0746577209097301,2.749518026339491e-05
1084,"ADXL_Y__change_quantiles__f_agg_""var""__isabs_True__qh_0.4__ql_0.0",1.0132450112744313e-08,0.0004386870303641,7.9942855258357834,3.357845205176925,1.0132450112744313e-08,0.0004386870303641,2.1083108049507767e-06
1085,"GYRO_Z__change_quantiles__f_agg_""var""__isabs_True__qh_0.6__ql_0.4",1.0679771811589089e-08,2.803227502196707e-37,7.971438026523417,36.55234165466952,2.803227502196707e-37,1.0679771811589089e-08,5.471547318577413e-23
1086,ADXL_Y__autocorrelation__lag_1,1.0807298588352109e-08,5.742037787563209e-12,7.966282849505378,11.240933953797683,5.742037787563209e-12,1.0807298588352109e-08,2.4911025044304446e-10
1087,ADXL_Y__partial_autocorrelation__lag_1,1.0807298588352109e-08,5.742037787563209e-12,7.966282849505378,11.240933953797683,5.742037787563209e-12,1.0807298588352109e-08,2.4911025044304446e-10
1088,MMA_Z__ratio_beyond_r_sigma__r_1,1.1085332841202708e-08,6.666463417951283e-08,7.955251262501901,7.176104499726851,1.1085332841202708e-08,6.666463417951283e-08,2.7184548159145817e-08
1089,"GYRO_Y__change_quantiles__f_agg_""var""__isabs_True__qh_0.2__ql_0.0",1.111982967118826e-08,0.0003618231790735,7.953901865040795,3.4415036148635214,1.111982967118826e-08,0.0003618231790735,2.005844491077304e-06
1090,ADXL_Y__index_mass_quantile__q_0.8,1.116164695035221e-08,4.054810585419203e-06,7.952271718599395,5.392029428414248,1.116164695035221e-08,4.054810585419203e-06,2.1274013303793928e-07
1091,ADXL_Y__ar_coefficient__coeff_2__k_10,1.1219393676747242e-08,8.104825084915048e-08,7.950030612773093,7.0912563534836845,1.1219393676747242e-08,8.104825084915048e-08,3.0154804477701116e-08
1092,"GYRO_Z__fft_coefficient__attr_""abs""__coeff_20",1.1625782210478378e-08,0.0461190852053625,7.934577817081798,1.336119315735607,1.1625782210478378e-08,0.0461190852053625,2.3155354463796058e-05
1093,"GYRO_Y__change_quantiles__f_agg_""var""__isabs_False__qh_0.2__ql_0.0",1.1722552240524261e-08,0.0002630921396693,7.930977823189593,3.5798921270159445,1.1722552240524261e-08,0.0002630921396693,1.756163816773559e-06
1094,"GYRO_X__change_quantiles__f_agg_""var""__isabs_False__qh_0.8__ql_0.2",1.2110367706675786e-08,1.4411649884123958e-07,7.916842670188421,6.841286297148967,1.2110367706675786e-08,1.4411649884123958e-07,4.177683321610347e-08
1095,"GYRO_X__change_quantiles__f_agg_""mean""__isabs_False__qh_0.2__ql_0.0",1.2126970309653481e-08,0.0004746336570107,7.916247685707753,3.323641468529651,1.2126970309653481e-08,0.0004746336570107,2.3991390677763997e-06
1096,"MMA_Y__change_quantiles__f_agg_""var""__isabs_False__qh_1.0__ql_0.4",1.231092324024032e-08,0.0002625779292924,7.909709376548227,3.580741780871625,1.231092324024032e-08,0.0002625779292924,1.7979367986945444e-06
1097,GYRO_Y__energy_ratio_by_chunks__num_segments_10__segment_focus_6,1.2641332921895917e-08,2.3569911992967665e-10,7.898207130950462,9.627642039072615,2.3569911992967665e-10,1.2641332921895917e-08,1.7261376087754173e-09
1098,"ADXL_X__change_quantiles__f_agg_""var""__isabs_False__qh_0.6__ql_0.0",1.2709446952163318e-08,0.0005970515625952,7.895873347231155,3.2239881606904426,1.2709446952163318e-08,0.0005970515625952,2.7546678860635654e-06
1099,MMA_Z__fourier_entropy__bins_10,1.3736372418141789e-08,0.001057656388599,7.8621279431710045,2.975655402975154,1.3736372418141789e-08,0.001057656388599,3.8116088524693553e-06
1100,ADXL_Z__ratio_beyond_r_sigma__r_2,1.3995248975222768e-08,1.0413651783342251e-08,7.854019371038221,7.9823969485636646,1.0413651783342251e-08,1.3995248975222768e-08,1.2072350618216297e-08
1101,ADXL_Z__last_location_of_minimum,1.4031633780070033e-08,3.042100919972196e-10,7.852891758739314,9.51682638257098,3.042100919972196e-10,1.4031633780070033e-08,2.066050484162088e-09
1102,ADXL_X__kurtosis,1.4031633780070033e-08,1.4346143028395882e-06,7.852891758739314,5.843264843643238,1.4031633780070033e-08,1.4346143028395882e-06,1.418801695554935e-07
1103,"GYRO_Y__fft_coefficient__attr_""abs""__coeff_79",1.4608049897172909e-08,0.0247503948919069,7.835407756373998,1.606417867517969,1.4608049897172909e-08,0.0247503948919069,1.9014599747449577e-05
1104,ADXL_Z__fourier_entropy__bins_3,1.4610982206653904e-08,0.0013584262757016,7.835320588131972,2.8669639265687263,1.4610982206653904e-08,0.0013584262757016,4.455102932966556e-06
1105,ADXL_Y__ar_coefficient__coeff_0__k_10,1.5290628702783916e-08,0.1117444845193603,7.815574657391053,0.9517739035599679,1.5290628702783916e-08,0.1117444845193603,4.133574025428265e-05
1106,"GYRO_Y__change_quantiles__f_agg_""var""__isabs_False__qh_1.0__ql_0.0",1.5694026251577613e-08,0.0001450294996491,7.804265625276823,3.8385436513390108,1.5694026251577613e-08,0.0001450294996491,1.508673846378382e-06
1107,"GYRO_X__change_quantiles__f_agg_""var""__isabs_True__qh_0.8__ql_0.4",1.5742047513603713e-08,1.2243837121133224e-08,7.802938781123837,7.912082456423899,1.2243837121133224e-08,1.5742047513603713e-08,1.388319364230378e-08
1108,"GYRO_Z__agg_linear_trend__attr_""stderr""__chunk_len_50__f_agg_""var""",1.5816149007352006e-08,0.0518533481709271,7.8008992520931,1.2852231959728817,1.5816149007352006e-08,0.0518533481709271,2.8637742250419928e-05
1109,"ADXL_Z__change_quantiles__f_agg_""var""__isabs_True__qh_0.4__ql_0.0",1.5846085419219766e-08,0.0021090852088737,7.800078007314152,2.6759058740319146,1.5846085419219766e-08,0.0021090852088737,5.781067753990228e-06
1110,"ADXL_X__cwt_coefficients__coeff_14__w_10__widths_(2, 5, 10, 20)",1.5874092918827112e-08,3.9939637177639773e-109,7.799311081885002,108.39859588469477,3.9939637177639773e-109,1.5874092918827112e-08,7.962446305640595e-59
1111,ADXL_Z__cid_ce__normalize_True,1.6023413027692832e-08,6.67822335558741e-10,7.79524497257014,9.175339059903248,6.67822335558741e-10,1.6023413027692832e-08,3.271206675185196e-09
1112,GYRO_Z__energy_ratio_by_chunks__num_segments_10__segment_focus_5,1.6374041817667127e-08,1.0473468717664725e-15,7.78584410480032,14.979909460111694,1.0473468717664725e-15,1.6374041817667127e-08,4.1411715100810624e-12
1113,"ADXL_X__agg_autocorrelation__f_agg_""var""__maxlag_40",1.6521261063950607e-08,0.0653287567323293,7.781956806155306,1.1848956067639103,1.6521261063950607e-08,0.0653287567323293,3.2852906187400424e-05
1114,GYRO_Z__mean,1.757975263656489e-08,1.0128152353428956e-22,7.7549872401456765,21.994469774372945,1.0128152353428956e-22,1.757975263656489e-08,1.3343553238876202e-15
1115,"GYRO_X__change_quantiles__f_agg_""mean""__isabs_False__qh_0.6__ql_0.4",1.7874106056218026e-08,0.0251153271067886,7.747775669502263,1.6000611611338103,1.7874106056218026e-08,0.0251153271067886,2.1187591187847353e-05
1116,MMA_Y__index_mass_quantile__q_0.8,1.800131876163963e-08,3.842923671524241e-06,7.744695677678714,5.415338241443806,1.800131876163963e-08,3.842923671524241e-06,2.630165279744951e-07
1117,ADXL_Y__maximum,1.80970659006474e-08,0.0002888663312525,7.742391832117088,3.5393030742975804,1.80970659006474e-08,0.0002888663312525,2.286401765472275e-06
1118,ADXL_X__cid_ce__normalize_False,1.85395093433148e-08,0.0001387011707076,7.731901763843659,3.8579198732475164,1.85395093433148e-08,0.0001387011707076,1.6035746475491097e-06
1119,ADXL_Y__large_standard_deviation__r_0.15000000000000002,1.9253838843289567e-08,2.1603259293415023e-08,7.715482667597354,7.665480721702697,1.9253838843289567e-08,2.1603259293415023e-08,2.0394746208894352e-08
1120,MMA_X__quantile__q_0.7,1.9675247598427108e-08,4.006734160005363e-32,7.706079793659926,31.397209471311424,4.006734160005363e-32,1.9675247598427108e-08,2.8077301625900836e-20
1121,"GYRO_Z__change_quantiles__f_agg_""var""__isabs_True__qh_1.0__ql_0.8",2.008184044583933e-08,0.0619237535144226,7.697196487799702,1.2081427267244658,2.008184044583933e-08,0.0619237535144226,3.526390417812692e-05
1122,MMA_Z__fourier_entropy__bins_5,2.0161400970586145e-08,0.0020753509634132,7.695479293027354,2.6829084490314314,2.0161400970586145e-08,0.0020753509634132,6.468537928161648e-06
1123,"ADXL_Y__change_quantiles__f_agg_""var""__isabs_False__qh_0.2__ql_0.0",2.0356119092860432e-08,0.0303021782544164,7.6913050169645505,1.518526151369941,2.0356119092860432e-08,0.0303021782544164,2.4836158103055832e-05
1124,"MMA_X__agg_autocorrelation__f_agg_""var""__maxlag_40",2.0653973065932024e-08,0.0894839115990455,7.684996393661802,1.0482550399000512,2.0653973065932024e-08,0.0894839115990455,4.2990676896286804e-05
1125,"GYRO_X__fft_coefficient__attr_""abs""__coeff_30",2.0948647548287426e-08,0.0001115544866781,7.678844009990075,3.952512957873594,2.0948647548287426e-08,0.0001115544866781,1.5286973617592339e-06
1126,"MMA_Y__change_quantiles__f_agg_""var""__isabs_False__qh_1.0__ql_0.6",2.2413523099448032e-08,9.296477374330916e-07,7.649489872943265,6.031681583349328,2.2413523099448032e-08,9.296477374330916e-07,1.4434916361831195e-07
1127,"MMA_X__cwt_coefficients__coeff_8__w_10__widths_(2, 5, 10, 20)",2.2513368465397024e-08,1.139317259175749e-78,7.647559520704124,77.94335532357356,1.139317259175749e-78,2.2513368465397024e-08,1.601557655996495e-43
1128,"MMA_X__change_quantiles__f_agg_""var""__isabs_False__qh_1.0__ql_0.0",2.256688131549976e-08,0.0001764690091527,7.646528455147055,3.753331552801522,2.256688131549976e-08,0.0001764690091527,1.9955839209145835e-06
1129,"GYRO_Z__fft_coefficient__attr_""abs""__coeff_16",2.2716903771753883e-08,0.0740949608372509,7.643650861626287,1.1302113271757652,2.2716903771753883e-08,0.0740949608372509,4.1026919154522205e-05
1130,ADXL_Y__mean_n_absolute_max__number_of_maxima_7,2.2716903771753883e-08,2.0515809960400727e-05,7.643650861626287,4.6879113324924,2.2716903771753883e-08,2.0515809960400727e-05,6.826827086355807e-07
1131,"ADXL_X__fft_coefficient__attr_""abs""__coeff_70",2.289302160235717e-08,0.0137460367168169,7.640296881915897,1.8618225003884257,2.289302160235717e-08,0.0137460367168169,1.7739456460243763e-05
1132,GYRO_X__kurtosis,2.397939818685462e-08,0.1271190078622712,7.6201617206286585,0.8957895053666174,2.397939818685462e-08,0.1271190078622712,5.521084410373839e-05
1133,"ADXL_Z__change_quantiles__f_agg_""mean""__isabs_True__qh_1.0__ql_0.8",2.441731010688744e-08,2.0050049232629908e-10,7.612302181098756,9.69788455663815,2.0050049232629908e-10,2.441731010688744e-08,2.2126189680364874e-09
1134,"ADXL_X__fft_coefficient__attr_""abs""__coeff_83",2.453943105173072e-08,0.0515600588205274,7.610135510637467,1.287686595868365,2.453943105173072e-08,0.0515600588205274,3.55704161973052e-05
1135,GYRO_X__cid_ce__normalize_False,2.4573271596363835e-08,1.219303301237336e-08,7.609537019276487,7.913888250354165,1.219303301237336e-08,2.4573271596363835e-08,1.730961327691872e-08
1136,MMA_X__autocorrelation__lag_8,2.5257515154741525e-08,8.908831869203532e-07,7.5976093777579745,6.050179237154725,2.5257515154741525e-08,8.908831869203532e-07,1.5000498523297567e-07
1137,"ADXL_X__fft_coefficient__attr_""abs""__coeff_94",2.5533231784840442e-08,0.0136613217516535,7.592894212320915,1.864507280033725,2.5533231784840442e-08,0.0136613217516535,1.867666176735691e-05
1138,"GYRO_X__agg_linear_trend__attr_""intercept""__chunk_len_50__f_agg_""max""",2.6048111302657268e-08,1.7147980034198024e-09,7.584223761061985,8.76578703082053,1.7147980034198024e-09,2.6048111302657268e-08,6.683356137050716e-09
1139,"GYRO_Y__agg_linear_trend__attr_""intercept""__chunk_len_10__f_agg_""var""",2.6196089222916265e-08,5.774521885549377e-05,7.581763539049687,4.2384839683299305,2.6196089222916265e-08,5.774521885549377e-05,1.229918251484765e-06
1140,MMA_Y__friedrich_coefficients__coeff_2__m_3__r_30,2.6662826496614454e-08,1.4550587529422762e-05,7.574093813406187,4.837119470208335,2.6662826496614454e-08,1.4550587529422762e-05,6.228641832059386e-07
1141,"MMA_X__cwt_coefficients__coeff_11__w_10__widths_(2, 5, 10, 20)",2.7044687187093668e-08,2.3233696401023813e-72,7.567918037468534,71.63388168994751,2.3233696401023813e-72,2.7044687187093668e-08,2.5066871591117885e-40
1142,"ADXL_X__agg_linear_trend__attr_""intercept""__chunk_len_5__f_agg_""var""",2.7272943112892628e-08,5.2178969063279695e-05,7.564267993385094,4.282504505813641,2.7272943112892628e-08,5.2178969063279695e-05,1.192926676268165e-06
1143,ADXL_Z__first_location_of_minimum,2.74378280812792e-08,2.6314714909233496e-10,7.5616502694101655,9.579801330720517,2.6314714909233496e-10,2.74378280812792e-08,2.6870404233792674e-09
1144,"ADXL_X__fft_coefficient__attr_""abs""__coeff_97",2.8730939252832808e-08,0.0189797974920242,7.5416501761084795,1.7217084256582318,2.8730939252832808e-08,0.0189797974920242,2.335181810425937e-05
1145,"ADXL_X__fft_coefficient__attr_""abs""__coeff_54",2.8887364316383673e-08,0.0008701053890912,7.539292081384206,3.06042814148624,2.8887364316383673e-08,0.0008701053890912,5.0134869470585305e-06
1146,"GYRO_Z__change_quantiles__f_agg_""mean""__isabs_False__qh_1.0__ql_0.6",2.9385533294715452e-08,0.0003715545623201,7.531866423212284,3.4299774016218936,2.9385533294715452e-08,0.0003715545623201,3.3042894791256903e-06
1147,"GYRO_Y__change_quantiles__f_agg_""var""__isabs_False__qh_1.0__ql_0.4",2.98609480226975e-08,0.0005454728708018,7.524896408449891,3.263226844258157,2.98609480226975e-08,0.0005454728708018,4.035881197806018e-06
1148,"MMA_X__fft_coefficient__attr_""abs""__coeff_97",3.111773984877415e-08,0.0214983166577525,7.50699195431897,1.6675955444969597,3.111773984877415e-08,0.0214983166577525,2.5864628838290144e-05
1149,"MMA_X__fft_coefficient__attr_""abs""__coeff_83",3.16885688522147e-08,0.0415785947958616,7.499097374366689,1.3811301923185377,3.16885688522147e-08,0.0415785947958616,3.629829422943998e-05
1150,MMA_Y__first_location_of_minimum,3.197394906311204e-08,6.998439362028427e-09,7.495203721238426,8.154998795989327,6.998439362028427e-09,3.197394906311204e-08,1.4958868395797032e-08
1151,GYRO_X__number_crossing_m__m_0,3.3883694490933655e-08,1.0256336742037711e-48,7.470009242687553,47.98900772858111,1.0256336742037711e-48,3.3883694490933655e-08,1.8641957535713455e-28
1152,"ADXL_X__change_quantiles__f_agg_""mean""__isabs_False__qh_0.8__ql_0.2",3.4386386741302395e-08,0.0001755608931713,7.463613456651277,3.7555722183352653,3.4386386741302395e-08,0.0001755608931713,2.4570113490248265e-06
1153,MMA_Y__large_standard_deviation__r_0.15000000000000002,3.4476818095440006e-08,3.8405911463971794e-08,7.462472822527086,7.415601923585822,3.4476818095440006e-08,3.8405911463971794e-08,3.6388372089624034e-08
1154,"MMA_X__agg_linear_trend__attr_""slope""__chunk_len_10__f_agg_""var""",3.463063931956967e-08,8.383933203958039e-16,7.46053949082425,15.076552190435253,8.383933203958039e-16,3.463063931956967e-08,5.388329675007228e-12
1155,MMA_Z__first_location_of_maximum,3.599701152280565e-08,2.621561308263922e-09,7.443733552927945,8.581439981349314,2.621561308263922e-09,3.599701152280565e-08,9.714338506626061e-09
1156,GYRO_Y__number_crossing_m__m_-1,3.645655371632111e-08,3.7587579183939317e-56,7.438224388141962,55.42495564398323,3.7587579183939317e-56,3.645655371632111e-08,3.701774708954824e-32
1157,ADXL_Y__ar_coefficient__coeff_1__k_10,3.8791425395255616e-08,6.6372907270534e-08,7.411264261907535,7.17800915894531,3.8791425395255616e-08,6.6372907270534e-08,5.0741498604703615e-08
1158,"GYRO_Y__fft_coefficient__attr_""abs""__coeff_25",3.955487531425504e-08,0.0297441441096492,7.402799980141312,1.526598523420959,3.955487531425504e-08,0.0297441441096492,3.430052348851848e-05
1159,ADXL_X__mean,4.0884577917265034e-08,1.1649357234539126e-27,7.388440481442483,26.93369803662885,1.1649357234539126e-27,4.0884577917265034e-08,6.9012973674633816e-18
1160,"MMA_X__change_quantiles__f_agg_""var""__isabs_False__qh_0.6__ql_0.0",4.139222296312749e-08,0.0017103634788539,7.383081249252891,2.7669115854640864,4.139222296312749e-08,0.0017103634788539,8.414020826258455e-06
1161,MMA_Z__ratio_beyond_r_sigma__r_2,4.5269770211289563e-08,3.2420370130690084e-08,7.344191709971773,7.489182031288901,3.2420370130690084e-08,4.5269770211289563e-08,3.831008621735659e-08
1162,"GYRO_X__fft_coefficient__attr_""abs""__coeff_54",4.659898157061559e-08,1.3810382816536323e-09,7.331623574792727,8.859794282840266,1.3810382816536323e-09,4.659898157061559e-08,8.022155410804022e-09
1163,MMA_Z__last_location_of_maximum,4.713032954953734e-08,1.9362853637843643e-09,7.3266995235112065,8.713030637325103,1.9362853637843643e-09,4.713032954953734e-08,9.552893137531838e-09
1164,MMA_X__mean,5.0559307853680414e-08,1.4277489539769318e-22,7.296198880085339,21.845348149343693,1.4277489539769318e-22,5.0559307853680414e-08,2.6867452224185657e-15
1165,"ADXL_X__change_quantiles__f_agg_""var""__isabs_False__qh_0.8__ql_0.0",5.116184621442213e-08,0.0008324934178452,7.291053792061465,3.0796191915811733,5.116184621442213e-08,0.0008324934178452,6.526247024003518e-06
1166,GYRO_Z__sum_values,5.1621469125629296e-08,6.162807434622843e-20,7.287169639775202,19.210221402184505,6.162807434622843e-20,5.1621469125629296e-08,5.640329544570794e-14
1167,MMA_X__absolute_maximum,5.1621469125629296e-08,0.0590550697198472,7.287169639775202,1.2287428134298992,5.1621469125629296e-08,0.0590550697198472,5.521330870591779e-05
1168,"GYRO_Z__fft_coefficient__attr_""real""__coeff_0",5.1621469125629296e-08,6.162807434622843e-20,7.287169639775202,19.210221402184505,6.162807434622843e-20,5.1621469125629296e-08,5.640329544570794e-14
1169,"ADXL_Z__fft_coefficient__attr_""abs""__coeff_99",5.1628852017965103e-08,1.7588800027311243e-05,7.287107531505283,4.754763788700234,5.1628852017965103e-08,1.7588800027311243e-05,9.529373294102991e-07
1170,GYRO_X__autocorrelation__lag_8,5.172548934843125e-08,5.956912793893509e-09,7.286295392004555,8.224978757700057,5.956912793893509e-09,5.172548934843125e-08,1.7553467727775974e-08
1171,"GYRO_Z__change_quantiles__f_agg_""var""__isabs_True__qh_1.0__ql_0.6",5.2891263888241095e-08,0.0847978081656313,7.276616054967581,1.0716153731427405,5.2891263888241095e-08,0.0847978081656313,6.69706148159986e-05
1172,MMA_X__ar_coefficient__coeff_3__k_10,5.3679704542668367e-08,2.982855633715582e-06,7.2701898832236,5.525367765410284,5.3679704542668367e-08,2.982855633715582e-06,4.001484838297982e-07
1173,"GYRO_Y__fft_coefficient__attr_""abs""__coeff_61",5.4821471760794934e-08,0.0178476669437523,7.261049309383678,1.7484185470406766,5.4821471760794934e-08,0.0178476669437523,3.1279951556116417e-05
1174,GYRO_X__energy_ratio_by_chunks__num_segments_10__segment_focus_6,5.556642315309082e-08,5.9575227053611904e-21,7.25518755813402,20.22493429379153,5.9575227053611904e-21,5.556642315309082e-08,1.8194455957523057e-14
1175,"ADXL_X__cwt_coefficients__coeff_4__w_5__widths_(2, 5, 10, 20)",5.6368247761721134e-08,3.55373448738439e-135,7.248965465255086,134.44931502306179,3.55373448738439e-135,5.6368247761721134e-08,1.4153366598242849e-71
1176,"MMA_X__fft_coefficient__attr_""abs""__coeff_54",5.6385465228586026e-08,0.0012188847890867,7.248832831912705,2.9140373426412918,5.6385465228586026e-08,0.0012188847890867,8.290198181750574e-06
1177,GYRO_Z__index_mass_quantile__q_0.7,5.658206218790485e-08,7.675969615099234e-07,7.247321228308737,6.1148667530638265,5.658206218790485e-08,7.675969615099234e-07,2.0840398031563912e-07
1178,"ADXL_X__agg_linear_trend__attr_""stderr""__chunk_len_50__f_agg_""min""",5.9012232100537524e-08,0.0740491309526163,7.229057958134886,1.1304800340326846,5.9012232100537524e-08,0.0740491309526163,6.610449684112943e-05
1179,"GYRO_Z__change_quantiles__f_agg_""var""__isabs_False__qh_1.0__ql_0.8",5.9200324464005394e-08,0.0905612984823655,7.227675912997672,1.0430573591274983,5.9200324464005394e-08,0.0905612984823655,7.322061358686962e-05
1180,"MMA_Y__fft_coefficient__attr_""abs""__coeff_37",6.118135500702066e-08,0.5337311119865685,7.213380908757757,0.2726774807821918,6.118135500702066e-08,0.5337311119865685,0.0001807052645628847
1181,"ADXL_Y__fft_coefficient__attr_""abs""__coeff_37",6.124780679963558e-08,0.525623590821288,7.212909458177626,0.2793251511849739,6.124780679963558e-08,0.525623590821288,0.0001794248927544697
1182,ADXL_X__autocorrelation__lag_9,6.38948089604402e-08,1.7675471031720871e-06,7.194534424023337,5.752629003910049,6.38948089604402e-08,1.7675471031720871e-06,3.3606113206641435e-07
1183,ADXL_Z__ratio_beyond_r_sigma__r_1,6.38948089604402e-08,2.3828299539373482e-07,7.194534424023337,6.622906949135583,6.38948089604402e-08,2.3828299539373482e-07,1.2338981509510474e-07
1184,"ADXL_X__fft_coefficient__attr_""abs""__coeff_96",6.813755660575756e-08,0.0771595674853418,7.166613444170881,1.1126102154404893,6.813755660575756e-08,0.0771595674853418,7.250837466947005e-05
1185,"MMA_X__fft_coefficient__attr_""abs""__coeff_70",6.829971548502056e-08,0.013770140703086,7.16558110544794,1.8610616221060652,6.829971548502056e-08,0.013770140703086,3.066751852056952e-05
1186,MMA_Y__last_location_of_minimum,7.051128340971081e-08,1.2988006858702569e-08,7.151741380448715,7.886457490703882,1.2988006858702569e-08,7.051128340971081e-08,3.026220468738596e-08
1187,"GYRO_X__change_quantiles__f_agg_""mean""__isabs_False__qh_0.8__ql_0.6",7.161699085100749e-08,4.738770694316483e-06,7.1449839308004846,5.3243343059877555,7.161699085100749e-08,4.738770694316483e-06,5.825602951282262e-07
1188,MMA_Z__energy_ratio_by_chunks__num_segments_10__segment_focus_2,7.216496269555903e-08,2.323007521548796e-11,7.141673608542788,10.633949384017306,2.323007521548796e-11,7.216496269555903e-08,1.2947577037193943e-09
1189,"GYRO_Y__fft_coefficient__attr_""abs""__coeff_62",7.374609380994772e-08,0.0119281825625546,7.132260978491666,1.9234257225645084,7.374609380994772e-08,0.0119281825625546,2.9659009933582313e-05
1190,ADXL_X__last_location_of_maximum,7.392006877178464e-08,5.296510524459172e-11,7.13123763774043,10.276010160413223,5.296510524459172e-11,7.392006877178464e-08,1.978682446019328e-09
1191,"MMA_Z__fft_coefficient__attr_""abs""__coeff_52",7.415630883459383e-08,0.1445058424396999,7.129851895539171,0.8401145938207281,7.415630883459383e-08,0.1445058424396999,0.0001035182103804038
1192,GYRO_X__index_mass_quantile__q_0.8,7.825400017247161e-08,1.1023030582240935e-07,7.10649345303483,6.957698987680264,7.825400017247161e-08,1.1023030582240935e-07,9.287605919093693e-08
1193,"MMA_Y__change_quantiles__f_agg_""var""__isabs_False__qh_0.2__ql_0.0",7.892262847140676e-08,0.019205442221369,7.102798459258435,1.71657568839002,7.892262847140676e-08,0.019205442221369,3.893255682672504e-05
1194,MMA_X__quantile__q_0.6,7.940112117770116e-08,8.618351486960949e-28,7.100173365106266,27.06457579781614,8.618351486960949e-28,7.940112117770116e-08,8.272283667574554e-18
1195,"MMA_Y__change_quantiles__f_agg_""var""__isabs_True__qh_0.4__ql_0.0",7.9506799661938e-08,0.000836885919761,7.099595727577772,3.0773337388943935,7.9506799661938e-08,0.000836885919761,8.157090238702434e-06
1196,ADXL_Z__energy_ratio_by_chunks__num_segments_10__segment_focus_7,7.955890964037969e-08,2.6270603526137253e-06,7.099311177538694,5.580529949861044,7.955890964037969e-08,2.6270603526137253e-06,4.571718027322107e-07
1197,"MMA_Y__change_quantiles__f_agg_""var""__isabs_True__qh_1.0__ql_0.6",8.005459904299813e-08,2.435936547664802e-06,7.096613713318415,5.613334028583475,8.005459904299813e-08,2.435936547664802e-06,4.415970149553672e-07
1198,"ADXL_X__fft_coefficient__attr_""abs""__coeff_26",8.012068211619597e-08,0.0100383202320314,7.096255361949119,1.9983389540229768,8.012068211619597e-08,0.0100383202320314,2.835977898875741e-05
1199,"GYRO_X__agg_linear_trend__attr_""slope""__chunk_len_10__f_agg_""max""",8.03247532023968e-08,2.449398389122803e-06,7.0951506001431035,5.610940572112358,8.03247532023968e-08,2.449398389122803e-06,4.435620825776674e-07
1200,"MMA_X__change_quantiles__f_agg_""mean""__isabs_False__qh_0.6__ql_0.2",8.117368454949145e-08,1.1708145234891248e-06,7.090584740552606,5.931511898954283,8.117368454949145e-08,1.1708145234891248e-06,3.082844932779937e-07
1201,"MMA_X__fft_coefficient__attr_""abs""__coeff_94",8.413346688280438e-08,0.031557574698802,7.075031214768576,1.5008963811090292,8.413346688280438e-08,0.031557574698802,5.152715949694184e-05
1202,ADXL_Z__energy_ratio_by_chunks__num_segments_10__segment_focus_2,8.43061883610032e-08,6.856039364339506e-15,7.074140545512923,14.16392669755126,6.856039364339506e-15,8.43061883610032e-08,2.4041766700067177e-11
1203,"ADXL_X__cwt_coefficients__coeff_5__w_10__widths_(2, 5, 10, 20)",8.473079119541397e-08,5.4857419221358025e-123,7.071958738238483,122.2607646277247,5.4857419221358025e-123,8.473079119541397e-08,2.155948175064553e-65
1204,ADXL_Z__energy_ratio_by_chunks__num_segments_10__segment_focus_8,8.540245159830088e-08,3.3996760323508504e-08,7.068529662093996,7.468562466506543,3.3996760323508504e-08,8.540245159830088e-08,5.388326899908237e-08
1205,"MMA_Z__change_quantiles__f_agg_""mean""__isabs_False__qh_1.0__ql_0.0",8.542200702321615e-08,1.8511004963175266e-07,7.068430228871874,6.732570002742834,8.542200702321615e-08,1.8511004963175266e-07,1.257476519053595e-07
1206,MMA_Z__mean_change,8.542200702321615e-08,1.8511004963175266e-07,7.068430228871874,6.732570002742834,8.542200702321615e-08,1.8511004963175266e-07,1.257476519053595e-07
1207,"ADXL_X__cwt_coefficients__coeff_5__w_5__widths_(2, 5, 10, 20)",8.84525669265358e-08,3.3966281076435333e-137,7.053289559183271,136.46895200086024,3.3966281076435333e-137,8.84525669265358e-08,1.7333218830208435e-72
1208,"GYRO_Y__fft_coefficient__attr_""abs""__coeff_26",8.89210225066049e-08,0.0813275416339883,7.0509955519736875,1.089762355339465,8.89210225066049e-08,0.0813275416339883,8.503956820235342e-05
1209,GYRO_Y__quantile__q_0.7,8.927409398610006e-08,2.442406389613184e-141,7.049274548627019,140.6121820725441,2.442406389613184e-141,8.927409398610006e-08,1.476630006394895e-74
1210,ADXL_Y__autocorrelation__lag_2,8.981327378191485e-08,7.10452185017384e-10,7.046659472862484,9.14846514571945,7.10452185017384e-10,8.981327378191485e-08,7.987993277533847e-09
1211,"ADXL_Z__fft_coefficient__attr_""abs""__coeff_52",8.99650236354913e-08,0.1634058973987055,7.045926301610596,0.7867322736206338,8.99650236354913e-08,0.1634058973987055,0.00012124691922541045
1212,"MMA_Y__change_quantiles__f_agg_""var""__isabs_True__qh_1.0__ql_0.2",9.172373055724542e-08,0.0003252170812423,7.037518290101297,3.4878266522094035,9.172373055724542e-08,0.0003252170812423,5.461696067384427e-06
1213,"MMA_X__fft_coefficient__attr_""abs""__coeff_96",9.512778073029557e-08,0.093925399029341,7.021692634944923,1.0272169512193523,9.512778073029557e-08,0.093925399029341,9.452467806805092e-05
1214,"GYRO_Z__agg_linear_trend__attr_""rvalue""__chunk_len_10__f_agg_""mean""",9.530563355412105e-08,2.458182212856889e-12,7.020881427282382,11.609385928160183,2.458182212856889e-12,9.530563355412105e-08,4.840233601674583e-10
1215,"GYRO_X__change_quantiles__f_agg_""var""__isabs_True__qh_0.8__ql_0.2",9.921167791649965e-08,2.5753128195418323e-06,7.003437205303489,5.589170010292922,9.921167791649965e-08,2.5753128195418323e-06,5.054711722607105e-07
1216,GYRO_Y__quantile__q_0.2,1.077166682069315e-07,1.2495462023235104e-70,6.967717088250897,69.9032476810796,1.2495462023235104e-70,1.077166682069315e-07,3.6687457486845945e-39
1217,"MMA_Z__fft_coefficient__attr_""abs""__coeff_99",1.0834413344229305e-07,2.696930186022329e-05,6.965194599642894,4.569130295748701,1.0834413344229305e-07,2.696930186022329e-05,1.7093758040844951e-06
1218,"GYRO_Z__fft_coefficient__attr_""angle""__coeff_1",1.1070988139048807e-07,1.4890403615055102e-07,6.955813614515665,6.827093530225287,1.1070988139048807e-07,1.4890403615055102e-07,1.2839450214394872e-07
1219,"ADXL_Z__change_quantiles__f_agg_""mean""__isabs_False__qh_1.0__ql_0.0",1.1384675758554337e-07,1.516380199180516e-07,6.943679333803858,6.81919189520497,1.1384675758554337e-07,1.516380199180516e-07,1.3139062711762287e-07
1220,ADXL_Z__mean_change,1.1384675758554337e-07,1.516380199180516e-07,6.943679333803858,6.81919189520497,1.1384675758554337e-07,1.516380199180516e-07,1.3139062711762287e-07
1221,"GYRO_Y__fft_coefficient__attr_""angle""__coeff_1",1.1639312456687345e-07,9.67284957466723e-08,6.934072673044012,7.014445566015545,9.67284957466723e-08,1.1639312456687345e-07,1.061062291037087e-07
1222,ADXL_X__quantile__q_0.7,1.217761143551023e-07,1.6361114158929132e-50,6.914437887573827,49.78618712507795,1.6361114158929132e-50,1.217761143551023e-07,4.4636228657836194e-29
1223,ADXL_X__energy_ratio_by_chunks__num_segments_10__segment_focus_3,1.2272025802503582e-07,5.26706897073923e-05,6.911083740269838,4.278430994645112,1.2272025802503582e-07,5.26706897073923e-05,2.542392698079465e-06
1224,"MMA_Z__change_quantiles__f_agg_""mean""__isabs_True__qh_1.0__ql_0.8",1.2286553751784958e-07,1.1235049849867197e-06,6.910569915035906,5.9494249962778545,1.2286553751784958e-07,1.1235049849867197e-06,3.715374057674097e-07
1225,ADXL_Y__partial_autocorrelation__lag_2,1.272245157788933e-07,1.0106157774052496e-11,6.8954291933920215,10.995413925980479,1.0106157774052496e-11,1.272245157788933e-07,1.133909621261292e-09
1226,"GYRO_Z__fft_coefficient__attr_""abs""__coeff_19",1.2858892382946588e-07,0.1128427066489332,6.890796438308446,0.9475265053897798,1.2858892382946588e-07,0.1128427066489332,0.00012045879880685526
1227,"ADXL_X__agg_linear_trend__attr_""slope""__chunk_len_10__f_agg_""var""",1.2858892382946588e-07,1.7073639769442862e-15,6.890796438308446,14.767673885840056,1.7073639769442862e-15,1.2858892382946588e-07,1.4817155475342182e-11
1228,"GYRO_X__agg_linear_trend__attr_""stderr""__chunk_len_5__f_agg_""var""",1.3134616017390673e-07,1.5797469117638262e-11,6.881582619030628,10.801412484962386,1.5797469117638262e-11,1.3134616017390673e-07,1.4404641297400155e-09
1229,ADXL_Y__value_count__value_0,1.316918575616429e-07,6.968296709218541e-07,6.880441076407743,6.156873365400953,1.316918575616429e-07,6.968296709218541e-07,3.029303447457308e-07
1230,"ADXL_Y__change_quantiles__f_agg_""mean""__isabs_False__qh_0.8__ql_0.6",1.378142894467704e-07,0.0490948941533292,6.860705749727804,1.3089636719572149,1.378142894467704e-07,0.0490948941533292,8.225556487682438e-05
1231,"GYRO_Y__fft_coefficient__attr_""abs""__coeff_69",1.4169103957052386e-07,0.0258559365805447,6.848657613324318,1.5874397261419428,1.4169103957052386e-07,0.0258559365805447,6.052730403022188e-05
1232,"MMA_X__cwt_coefficients__coeff_7__w_20__widths_(2, 5, 10, 20)",1.4178551220945333e-07,5.680790910481306e-63,6.848368143546029,62.24559119524929,5.680790910481306e-63,1.4178551220945333e-07,2.838051882889738e-35
1233,"ADXL_Y__fft_coefficient__attr_""imag""__coeff_2",1.5034119748142574e-07,0.0015371234056522,6.82292199488077,2.8132912644180457,1.5034119748142574e-07,0.0015371234056522,1.5201742448893124e-05
1234,"MMA_X__cwt_coefficients__coeff_7__w_10__widths_(2, 5, 10, 20)",1.5072274039850044e-07,7.089779853352386e-79,6.821821218259216,78.1493672500015,7.089779853352386e-79,1.5072274039850044e-07,3.268931091839273e-43
1235,"ADXL_X__change_quantiles__f_agg_""var""__isabs_True__qh_1.0__ql_0.0",1.5634054864978786e-07,1.4413712502794456e-05,6.805928368295766,4.84122414466697,1.5634054864978786e-07,1.4413712502794456e-05,1.5011488003416557e-06
1236,GYRO_Z__large_standard_deviation__r_0.05,1.574882913820373e-07,1.706808857947379e-07,6.802751728713691,6.767815111917901,1.574882913820373e-07,1.706808857947379e-07,1.6395194745835108e-07
1237,"MMA_X__change_quantiles__f_agg_""var""__isabs_False__qh_0.8__ql_0.0",1.627234430222063e-07,0.0015352942065393,6.788549875202268,2.8138083888947074,1.627234430222063e-07,0.0015352942065393,1.5805959614655518e-05
1238,ADXL_Z__autocorrelation__lag_2,1.741737461764844e-07,8.509533853135612e-07,6.759017307135257,6.070094229639944,1.741737461764844e-07,8.509533853135612e-07,3.8498537497108167e-07
1239,"ADXL_Z__change_quantiles__f_agg_""var""__isabs_True__qh_0.6__ql_0.0",1.792533668619732e-07,0.0102331646300015,6.746532678361172,1.989990038935964,1.792533668619732e-07,0.0102331646300015,4.282906972583723e-05
1240,"MMA_Y__change_quantiles__f_agg_""var""__isabs_False__qh_1.0__ql_0.0",1.8021338165089533e-07,0.002154195127531,6.744212963848802,2.6667149607539833,1.8021338165089533e-07,0.002154195127531,1.9703166970521344e-05
1241,MMA_X__quantile__q_0.8,1.8021338165089533e-07,1.072505070134098e-31,6.744212963848802,30.96960064606533,1.072505070134098e-31,1.8021338165089533e-07,1.3902509324816021e-19
1242,MMA_X__value_count__value_1,1.8352603675212478e-07,0.0052054567877641,6.736302313888005,2.283541154395331,1.8352603675212478e-07,0.0052054567877641,3.090852396577345e-05
1243,ADXL_X__ar_coefficient__coeff_1__k_10,1.8656265863531685e-07,6.501807628559304e-07,6.729175277907249,6.186965884284849,1.8656265863531685e-07,6.501807628559304e-07,3.482807082109786e-07
1244,"MMA_X__change_quantiles__f_agg_""var""__isabs_True__qh_1.0__ql_0.8",1.8826679773897992e-07,0.010661949752697,6.725226264317757,1.9721633685356699,1.8826679773897992e-07,0.010661949752697,4.480280278726068e-05
1245,MMA_X__cid_ce__normalize_False,1.8850322320066617e-07,0.0005598549176393,6.724681219430095,3.2519245026939125,1.8850322320066617e-07,0.0005598549176393,1.027299647131992e-05
1246,"GYRO_X__agg_linear_trend__attr_""rvalue""__chunk_len_10__f_agg_""max""",1.8993464754586107e-07,1.0020325211919169e-07,6.72139580479721,6.999118183114485,1.0020325211919169e-07,1.8993464754586107e-07,1.3795676632266984e-07
1247,"ADXL_X__fft_aggregated__aggtype_""kurtosis""",1.9186789234979675e-07,2.502522986047029e-06,6.716997695102838,5.601621924770706,1.9186789234979675e-07,2.502522986047029e-06,6.929313175847685e-07
1248,MMA_Y__ar_coefficient__coeff_2__k_10,1.9763795413591878e-07,3.46861602187188e-07,6.704129650391201,6.459843774188517,1.9763795413591878e-07,3.46861602187188e-07,2.618263115589852e-07
1249,"MMA_X__cwt_coefficients__coeff_12__w_10__widths_(2, 5, 10, 20)",2.0014034015611747e-07,7.0899735088846425e-71,6.698665366428895,70.14935538752027,7.0899735088846425e-71,2.0014034015611747e-07,3.7669479818097224e-39
1250,GYRO_Z__percentage_of_reoccurring_values_to_all_values,2.038563826412669e-07,5.2236929602479984e-08,6.690675686456182,7.282022358070819,5.2236929602479984e-08,2.038563826412669e-07,1.0319317569029496e-07
1251,MMA_Y__spkt_welch_density__coeff_2,2.051077075882171e-07,0.0485385431959567,6.688018019299422,1.3139132624386036,2.051077075882171e-07,0.0485385431959567,9.977789998087919e-05
1252,"GYRO_X__fft_coefficient__attr_""abs""__coeff_45",2.060805953922269e-07,0.0003892099710053,6.685962899588211,3.409816042254889,2.060805953922269e-07,0.0003892099710053,8.955926672174332e-06
1253,"GYRO_Z__agg_linear_trend__attr_""rvalue""__chunk_len_5__f_agg_""mean""",2.0828239678549946e-07,4.053354156706278e-12,6.6813474333742615,11.392185448667963,4.053354156706278e-12,2.0828239678549946e-07,9.188265988635998e-10
1254,"GYRO_Z__fft_coefficient__attr_""abs""__coeff_21",2.115355245813697e-07,0.1344562319374407,6.674616688174927,0.8714190637767217,2.115355245813697e-07,0.1344562319374407,0.00016864836066834694
1255,GYRO_Z__longest_strike_below_mean,2.1253104970072482e-07,6.7749978469013485e-06,6.672577612773116,5.169090838472599,2.1253104970072482e-07,6.7749978469013485e-06,1.199957250956089e-06
1256,"MMA_Y__change_quantiles__f_agg_""var""__isabs_False__qh_1.0__ql_0.8",2.129896201388943e-07,2.926897934072289e-06,6.671641561003723,5.533592421892159,2.129896201388943e-07,2.926897934072289e-06,7.895561279373185e-07
1257,GYRO_Y__energy_ratio_by_chunks__num_segments_10__segment_focus_3,2.200182770229729e-07,1.491263777382091e-10,6.657541240629961,9.82644553097399,1.491263777382091e-10,2.200182770229729e-07,5.728047545947728e-09
1258,"ADXL_X__fft_coefficient__attr_""abs""__coeff_74",2.2095176735641045e-07,0.0023683869511446,6.6557025202385205,2.6255473403706096,2.2095176735641045e-07,0.0023683869511446,2.2875735674274168e-05
1259,"ADXL_Z__fft_coefficient__attr_""imag""__coeff_2",2.2231870921063446e-07,0.0004954818192458,6.653023987750683,3.304972276488665,2.2231870921063446e-07,0.0004954818192458,1.0495469426950999e-05
1260,MMA_Y__friedrich_coefficients__coeff_3__m_3__r_30,2.249502622453831e-07,6.609210834970522e-06,6.647913496200764,5.179850393839388,2.249502622453831e-07,6.609210834970522e-06,1.219321003904077e-06
1261,"ADXL_X__fft_aggregated__aggtype_""skew""",2.278378451968139e-07,5.353261252988593e-07,6.6423741354148955,6.271381561405903,2.278378451968139e-07,5.353261252988593e-07,3.4923853004164886e-07
1262,MMA_Y__energy_ratio_by_chunks__num_segments_10__segment_focus_3,2.2807009561266246e-07,9.719182483972584e-08,6.641931655371364,7.0123702636365985,9.719182483972584e-08,2.2807009561266246e-07,1.488843470078887e-07
1263,MMA_Z__number_crossing_m__m_-1,2.324234521290107e-07,3.8506674103888446e-24,6.633720052631329,23.41446399061397,3.8506674103888446e-24,2.324234521290107e-07,9.46036686668785e-16
1264,"GYRO_X__fft_coefficient__attr_""abs""__coeff_59",2.337950744131012e-07,1.356513283335714e-12,6.631164642779585,11.867575949155494,1.356513283335714e-12,2.337950744131012e-07,5.6315728177822e-10
1265,"GYRO_Y__fft_coefficient__attr_""abs""__coeff_23",2.3485140295738206e-07,0.0008426501455403,6.629206841080777,3.074352699869227,2.3485140295738206e-07,0.0008426501455403,1.4067607077338407e-05
1266,"ADXL_Y__fft_coefficient__attr_""abs""__coeff_49",2.355383867630141e-07,0.7515577032240094,6.627938303818338,0.12403766946201933,2.355383867630141e-07,0.7515577032240094,0.00042073826659420855
1267,"MMA_X__agg_linear_trend__attr_""slope""__chunk_len_5__f_agg_""var""",2.40882520575697e-07,6.010076596389745e-16,6.6181947130483145,15.221119993025976,6.010076596389745e-16,2.40882520575697e-07,1.2032133640345621e-11
1268,"GYRO_Y__agg_linear_trend__attr_""slope""__chunk_len_5__f_agg_""min""",2.4555354684517654e-07,2.897119114381349e-09,6.60985378841422,8.538033648512126,2.897119114381349e-09,2.4555354684517654e-07,2.667204293205335e-08
1269,MMA_Y__autocorrelation__lag_1,2.493978782281823e-07,3.7516345618737694e-10,6.603107245635792,9.425779471863104,3.7516345618737694e-10,2.493978782281823e-07,9.67289873625706e-09
1270,MMA_Y__partial_autocorrelation__lag_1,2.493978782281823e-07,3.7516345618737694e-10,6.603107245635792,9.425779471863104,3.7516345618737694e-10,2.493978782281823e-07,9.67289873625706e-09
1271,"GYRO_X__change_quantiles__f_agg_""mean""__isabs_False__qh_0.8__ql_0.0",2.533044089918633e-07,0.001853624912669,6.596357250856225,2.731978142272694,2.533044089918633e-07,0.001853624912669,2.1668672386563402e-05
1272,GYRO_Y__time_reversal_asymmetry_statistic__lag_3,2.559059490647985e-07,1.6796522695139432e-09,6.5919196179190545,8.77478061890653,1.6796522695139432e-09,2.559059490647985e-07,2.073241443076055e-08
1273,"GYRO_Y__fft_coefficient__attr_""abs""__coeff_54",2.577684886884157e-07,0.0431833296677593,6.588770174745177,1.364683874262473,2.577684886884157e-07,0.0431833296677593,0.00010550498388698013
1274,"GYRO_Y__agg_linear_trend__attr_""slope""__chunk_len_10__f_agg_""mean""",2.622242984269824e-07,2.8089800516991147e-11,6.581327067856376,10.551451344980608,2.8089800516991147e-11,2.622242984269824e-07,2.7140059383726284e-09
1275,"GYRO_Y__agg_linear_trend__attr_""slope""__chunk_len_50__f_agg_""mean""",2.622242984269824e-07,3.086598957039984e-11,6.581327067856376,10.510519794897265,3.086598957039984e-11,2.622242984269824e-07,2.8449626465654436e-09
1276,"GYRO_Y__linear_trend__attr_""slope""",2.622242984269824e-07,2.7932148517968867e-11,6.581327067856376,10.553895657438595,2.7932148517968867e-11,2.622242984269824e-07,2.7063791398624587e-09
1277,"GYRO_Y__agg_linear_trend__attr_""slope""__chunk_len_5__f_agg_""mean""",2.622242984269824e-07,2.8007882941085568e-11,6.581327067856376,10.552719717372517,2.8007882941085568e-11,2.622242984269824e-07,2.710045655455127e-09
1278,MMA_Z__permutation_entropy__dimension_7__tau_1,2.638752021648765e-07,4.0802480316436277e-10,6.57860142095456,9.389313436052259,4.0802480316436277e-10,2.638752021648765e-07,1.0376301240002633e-08
1279,"ADXL_X__change_quantiles__f_agg_""var""__isabs_False__qh_1.0__ql_0.0",2.726815167768024e-07,2.444250512194467e-05,6.564344298926319,4.611854285136423,2.726815167768024e-07,2.444250512194467e-05,2.5816698802280346e-06
1280,MMA_X__last_location_of_minimum,2.75103591445622e-07,8.14174361841365e-10,6.560503739908992,9.089282577572108,8.14174361841365e-10,2.75103591445622e-07,1.496603791941965e-08
1281,"GYRO_Z__linear_trend__attr_""rvalue""",2.873295423377605e-07,4.585996265678877e-12,6.541619718892581,11.338566303246663,4.585996265678877e-12,2.873295423377605e-07,1.1479077524697662e-09
1282,"MMA_X__fft_coefficient__attr_""abs""__coeff_74",2.892189512086043e-07,0.0025852116111282,6.538773253093739,2.5875039021700745,2.892189512086043e-07,0.0025852116111282,2.7343960774233208e-05
1283,ADXL_X__quantile__q_0.4,2.903894774784611e-07,8.968406200419749e-32,6.537019124734464,31.047284729738937,8.968406200419749e-32,2.903894774784611e-07,1.6137939119833368e-19
1284,"GYRO_Y__fft_coefficient__attr_""abs""__coeff_38",2.9154223403737377e-07,0.1068249529169845,6.535298522617607,0.9713272899256812,2.9154223403737377e-07,0.1068249529169845,0.00017647658605139362
1285,MMA_Y__mean_n_absolute_max__number_of_maxima_7,2.9177952410015413e-07,0.0001967959986298,6.534945188392978,3.7059837361417935,2.9177952410015413e-07,0.0001967959986298,7.577667373606315e-06
1286,MMA_X__number_crossing_m__m_0,3.0077732977037024e-07,4.85777814500254e-15,6.521754900549354,14.313562323331075,4.85777814500254e-15,3.0077732977037024e-07,3.822446257399476e-11
1287,"ADXL_Z__fft_coefficient__attr_""imag""__coeff_3",3.017547677194237e-07,4.485057006828406e-06,6.520345859332091,5.348232032532115,3.017547677194237e-07,4.485057006828406e-06,1.1633517676540829e-06
1288,"MMA_Z__fft_coefficient__attr_""abs""__coeff_49",3.056707147262902e-07,0.0763808076547973,6.5147461675611495,1.1170157536850462,3.056707147262902e-07,0.0763808076547973,0.00015279848188778968
1289,ADXL_Z__cid_ce__normalize_False,3.0976168711327495e-07,0.000377668769957,6.5089722989856265,3.4228889262026674,3.0976168711327495e-07,0.000377668769957,1.081606746243179e-05
1290,"MMA_Y__fft_coefficient__attr_""abs""__coeff_49",3.220489075684005e-07,0.8671660019062658,6.4920781696886944,0.06189775741309372,3.220489075684005e-07,0.8671660019062658,0.0005284598978109601
1291,"ADXL_Z__agg_linear_trend__attr_""stderr""__chunk_len_5__f_agg_""var""",3.23715923877226e-07,0.0005120768474091,6.489835936736094,3.2906648595293535,3.23715923877226e-07,0.0005120768474091,1.287507008738881e-05
1292,"MMA_Z__agg_linear_trend__attr_""intercept""__chunk_len_5__f_agg_""var""",3.253205354432245e-07,0.0415785947958616,6.487688521568477,1.3811301923185377,3.253205354432245e-07,0.0415785947958616,0.0001163029265408509
1293,MMA_Z__ar_coefficient__coeff_3__k_10,3.319053168144661e-07,1.0037643555854957e-07,6.478985790542016,6.998368230498336,1.0037643555854957e-07,3.319053168144661e-07,1.8252526577098094e-07
1294,"MMA_Z__fft_coefficient__attr_""imag""__coeff_3",3.336613625130412e-07,4.656226668365879e-06,6.4766940810853795,5.331965886084886,3.336613625130412e-07,4.656226668365879e-06,1.2464360931618265e-06
1295,"GYRO_X__fft_coefficient__attr_""abs""__coeff_44",3.3459337411431725e-07,0.0001416582746984,6.475482663535255,3.848758051917323,3.3459337411431725e-07,0.0001416582746984,6.884614738861607e-06
1296,MMA_X__autocorrelation__lag_9,3.34767450956575e-07,6.233941624549731e-06,6.475256774565084,5.205237268830856,3.34767450956575e-07,6.233941624549731e-06,1.4446178550269284e-06
1297,ADXL_Y__first_location_of_minimum,3.356671064985103e-07,5.443425059764715e-08,6.474091215100253,7.264127751682807,5.443425059764715e-08,3.356671064985103e-07,1.3517317556574243e-07
1298,MMA_Y__energy_ratio_by_chunks__num_segments_10__segment_focus_4,3.474486426255228e-07,2.111714793346907e-08,6.45910938063555,7.675364737672189,2.111714793346907e-08,3.474486426255228e-07,8.565701597421073e-08
1299,"MMA_X__agg_linear_trend__attr_""intercept""__chunk_len_5__f_agg_""var""",3.540799039478215e-07,9.167294265956694e-05,6.450898721228998,4.03775882777176,3.540799039478215e-07,9.167294265956694e-05,5.697328034395914e-06
1300,"MMA_Z__fft_coefficient__attr_""abs""__coeff_96",3.557441494823925e-07,4.521417017750139e-05,6.448862233530133,4.344725435421907,3.557441494823925e-07,4.521417017750139e-05,4.010570597103034e-06
1301,GYRO_X__last_location_of_maximum,3.589234819920098e-07,7.905245528939074e-10,6.444998127718725,9.102084636774475,7.905245528939074e-10,3.589234819920098e-07,1.6844519141989716e-08
1302,"MMA_X__agg_linear_trend__attr_""intercept""__chunk_len_50__f_agg_""mean""",3.6661801921228493e-07,5.0038482046989535e-30,6.4357861933504905,29.300695873411378,5.0038482046989535e-30,3.6661801921228493e-07,1.3544374910809573e-18
1303,ADXL_X__mean_n_absolute_max__number_of_maxima_7,3.667825766142787e-07,0.1390033608962361,6.43559130293658,0.8569746990189716,3.667825766142787e-07,0.1390033608962361,0.0002257963925034365
1304,ADXL_X__first_location_of_maximum,3.688860923123433e-07,4.6142050694152496e-10,6.4331077181694125,9.335903108008171,4.6142050694152496e-10,3.688860923123433e-07,1.3046517072323924e-08
1305,"GYRO_Y__agg_linear_trend__attr_""stderr""__chunk_len_50__f_agg_""max""",3.68928862026836e-07,0.0020370190305967,6.433057367736941,2.691004913638752,3.68928862026836e-07,0.0020370190305967,2.7413775969119052e-05
1306,"ADXL_Z__fft_coefficient__attr_""abs""__coeff_96",3.695649327203692e-07,5.204506384935747e-05,6.432309244834414,4.283620454331024,3.695649327203692e-07,5.204506384935747e-05,4.385661924945323e-06
1307,ADXL_X__ar_coefficient__coeff_3__k_10,3.695649327203692e-07,5.081214769938281e-06,6.432309244834414,5.294032448185979,3.695649327203692e-07,5.081214769938281e-06,1.370342582929534e-06
1308,"ADXL_X__agg_linear_trend__attr_""intercept""__chunk_len_10__f_agg_""var""",3.719435590486643e-07,0.0010841125629156,6.429522957573541,2.9649256228574594,3.719435590486643e-07,0.0010841125629156,2.008055489921026e-05
1309,"MMA_Z__fft_coefficient__attr_""imag""__coeff_2",3.775044797372549e-07,0.0008213647956316,6.4230778903563115,3.085463915300946,3.775044797372549e-07,0.0008213647956316,1.760877309324542e-05
1310,MMA_X__quantile__q_0.4,3.853924016803373e-07,1.7361367802434758e-24,6.414096852059474,23.760416062244257,1.7361367802434758e-24,3.853924016803373e-07,8.179816155535533e-16
1311,MMA_Z__autocorrelation__lag_2,3.883013203061446e-07,0.0002922879994629,6.410831132758876,3.534189015207159,3.883013203061446e-07,0.0002922879994629,1.0653441514416162e-05
1312,GYRO_Z__energy_ratio_by_chunks__num_segments_10__segment_focus_3,3.8866070112880337e-07,9.985054552710167e-07,6.4104293702144854,6.000649558046531,3.8866070112880337e-07,9.985054552710167e-07,6.229605367329205e-07
1313,"ADXL_X__cwt_coefficients__coeff_5__w_20__widths_(2, 5, 10, 20)",3.963200342212266e-07,1.6784903642201693e-91,6.4019539732580135,90.7750811475813,1.6784903642201693e-91,3.963200342212266e-07,2.5791846746360304e-49
1314,"MMA_Z__change_quantiles__f_agg_""var""__isabs_True__qh_0.4__ql_0.0",3.9640130728342125e-07,0.0644363582271546,6.401864921933886,1.1908690127367463,3.9640130728342125e-07,0.0644363582271546,0.00015982070153089343
1315,"GYRO_Z__fft_coefficient__attr_""abs""__coeff_27",3.96968028449544e-07,0.401209709390852,6.401244469627497,0.3966285654725414,3.96968028449544e-07,0.401209709390852,0.0003990832335888104
1316,GYRO_X__first_location_of_maximum,3.9787386893201646e-07,9.44067119222788e-10,6.400254582972969,9.024997128083438,9.44067119222788e-10,3.9787386893201646e-07,1.938090909262705e-08
1317,"GYRO_Y__fft_coefficient__attr_""abs""__coeff_15",3.9787386893201646e-07,0.000459434260895,6.400254582972969,3.3377766217599736,3.9787386893201646e-07,0.000459434260895,1.3520239898101478e-05
1318,"GYRO_Y__agg_linear_trend__attr_""slope""__chunk_len_10__f_agg_""min""",4.079041324746157e-07,5.183725844266684e-08,6.389441894825511,7.2853579753995446,5.183725844266684e-08,4.079041324746157e-07,1.4541193876335763e-07
1319,"ADXL_Y__agg_linear_trend__attr_""intercept""__chunk_len_50__f_agg_""max""",4.162459071415738e-07,4.660029200713178e-25,6.380650023790894,24.33161136192183,4.660029200713178e-25,4.162459071415738e-07,4.4042230665090976e-16
1320,"GYRO_Z__change_quantiles__f_agg_""var""__isabs_True__qh_1.0__ql_0.0",4.187601936108302e-07,0.0059541793360741,6.378034608074378,2.2251780888202215,4.187601936108302e-07,0.0059541793360741,4.993368894411863e-05
1321,"ADXL_Z__change_quantiles__f_agg_""var""__isabs_False__qh_0.4__ql_0.0",4.192745562623744e-07,0.0021135599492858,6.377501492020784,2.6749854292758073,4.192745562623744e-07,0.0021135599492858,2.9768471742276766e-05
1322,"GYRO_X__fft_coefficient__attr_""abs""__coeff_42",4.233443785423914e-07,6.149072348543616e-06,6.373306202714645,5.211190397118236,4.233443785423914e-07,6.149072348543616e-06,1.613435840684841e-06
1323,"ADXL_X__change_quantiles__f_agg_""var""__isabs_True__qh_1.0__ql_0.8",4.236407261654921e-07,0.008959707253248,6.373002296206788,2.0477061801119825,4.236407261654921e-07,0.008959707253248,6.160922728777087e-05
1324,ADXL_X__quantile__q_0.8,4.26339317524144e-07,3.379416652799242e-52,6.370244614347009,51.471158260176466,3.379416652799242e-52,4.26339317524144e-07,1.2003242017822335e-29
1325,ADXL_Y__energy_ratio_by_chunks__num_segments_10__segment_focus_3,4.3166102026208346e-07,1.1023030582240935e-07,6.364857167117198,6.957698987680264,1.1023030582240935e-07,4.3166102026208346e-07,2.1813327640482252e-07
1326,"GYRO_Z__fft_coefficient__attr_""abs""__coeff_34",4.337255644601461e-07,0.1053461713192133,6.36278497910379,0.9773812436833519,4.337255644601461e-07,0.1053461713192133,0.00021375529845863713
1327,"GYRO_Z__change_quantiles__f_agg_""var""__isabs_True__qh_1.0__ql_0.4",4.3408105610072365e-07,0.1055502093689092,6.362429166961214,0.9765409008909363,4.3408105610072365e-07,0.1055502093689092,0.00021404986884954777
1328,GYRO_Y__minimum,4.419686997641753e-07,0.0023752357241033,6.3546084863093615,2.624293283471855,4.419686997641753e-07,0.0023752357241033,3.2400306242616825e-05
1329,ADXL_Z__large_standard_deviation__r_0.2,4.491340237379554e-07,4.869364768019411e-07,6.3476240441090725,6.312527690887604,4.491340237379554e-07,4.869364768019411e-07,4.6765343913077274e-07
1330,GYRO_X__energy_ratio_by_chunks__num_segments_10__segment_focus_5,4.5594040186475533e-07,4.688327725049358e-15,6.341091922319883,14.328982037731043,4.688327725049358e-15,4.5594040186475533e-07,4.6234165149082974e-11
1331,"ADXL_Y__change_quantiles__f_agg_""var""__isabs_True__qh_0.6__ql_0.0",4.574384439498778e-07,0.0023336607066428,6.3396673393058025,2.631962286227315,4.574384439498778e-07,0.0023336607066428,3.267271219769878e-05
1332,"MMA_X__change_quantiles__f_agg_""var""__isabs_False__qh_1.0__ql_0.8",4.6481887461190083e-07,0.0153605908566399,6.3327162451328585,1.813592078520459,4.6481887461190083e-07,0.0153605908566399,8.449788491647121e-05
1333,"MMA_Y__fft_coefficient__attr_""imag""__coeff_2",4.6522344298556405e-07,0.0020131043625611,6.332338408941983,2.6961337100047653,4.6522344298556405e-07,0.0020131043625611,3.060299564813769e-05
1334,"ADXL_Z__fft_coefficient__attr_""abs""__coeff_49",4.791943709453381e-07,0.0805248328751327,6.319488292208345,1.0940701678616764,4.791943709453381e-07,0.0805248328751327,0.00019643585883203122
1335,MMA_Y__minimum,4.808698164286679e-07,0.0041000953242095,6.317972482169005,2.387206046134672,4.808698164286679e-07,0.0041000953242095,4.440283871435093e-05
1336,"GYRO_Y__agg_linear_trend__attr_""slope""__chunk_len_5__f_agg_""max""",4.874149195997558e-07,2.807949711067845e-13,6.312101181346047,12.551610674462927,2.807949711067845e-13,4.874149195997558e-07,3.699508862890169e-10
1337,"ADXL_X__cwt_coefficients__coeff_3__w_5__widths_(2, 5, 10, 20)",5.071517638296242e-07,1.3954355159020565e-131,6.294862059737574,130.85529022777797,1.3954355159020565e-131,5.071517638296242e-07,2.6602586024674926e-69
1338,"GYRO_X__change_quantiles__f_agg_""var""__isabs_True__qh_0.2__ql_0.0",5.296502455529809e-07,4.761552570125772e-08,6.276010822036409,7.322251416460499,4.761552570125772e-08,5.296502455529809e-07,1.5880672177148366e-07
1339,"GYRO_X__fft_coefficient__attr_""abs""__coeff_38",5.310870101443823e-07,6.693093019576479e-08,6.274834320858413,7.174373139196701,6.693093019576479e-08,5.310870101443823e-07,1.8853686006680783e-07
1340,"MMA_X__agg_linear_trend__attr_""intercept""__chunk_len_10__f_agg_""mean""",5.547105030436058e-07,4.577918862951585e-29,6.255933610990287,28.339331908840304,4.577918862951585e-29,5.547105030436058e-07,5.039265497431829e-18
1341,MMA_Z__fourier_entropy__bins_2,5.67043676914929e-07,0.0036271508940532,6.246383487998477,2.4404343768453938,5.67043676914929e-07,0.0036271508940532,4.535143856251087e-05
1342,"GYRO_Z__fft_coefficient__attr_""abs""__coeff_18",5.745405475032465e-07,0.014590391119185,6.240679316087073,1.8359330659799484,5.745405475032465e-07,0.014590391119185,9.155747540153702e-05
1343,MMA_X__first_location_of_minimum,5.780762003228005e-07,1.8391882068048675e-09,6.23801491037103,8.735373826501712,1.8391882068048675e-09,5.780762003228005e-07,3.2606608690084025e-08
1344,"MMA_X__agg_linear_trend__attr_""intercept""__chunk_len_5__f_agg_""mean""",5.840481053313107e-07,5.903037497215522e-29,6.233551380593883,28.228924458048997,5.903037497215522e-29,5.840481053313107e-07,5.871675966832986e-18
1345,MMA_X__number_crossing_m__m_-1,5.876424269810358e-07,0.0003033201124045,6.230886856281079,3.518098791744406,5.876424269810358e-07,0.0003033201124045,1.33507964933011e-05
1346,"GYRO_Z__fft_coefficient__attr_""abs""__coeff_76",5.967630296022349e-07,0.0734628076783813,6.224198089920577,1.1339324773530135,5.967630296022349e-07,0.0734628076783813,0.0002093797690161042
1347,"MMA_X__linear_trend__attr_""intercept""",6.091736414739989e-07,7.28762633293608e-29,6.215258896554067,28.1374139035576,7.28762633293608e-29,6.091736414739989e-07,6.6629046750921456e-18
1348,"MMA_Y__change_quantiles__f_agg_""var""__isabs_True__qh_1.0__ql_0.8",6.143007437069995e-07,4.329618171002158e-06,6.211618958898814,5.363550402385361,6.143007437069995e-07,4.329618171002158e-06,1.6308548869884055e-06
1349,"ADXL_Y__change_quantiles__f_agg_""var""__isabs_True__qh_1.0__ql_0.0",6.401579949372044e-07,7.697526933269638e-05,6.193712826232936,4.113648782846989,6.401579949372044e-07,7.697526933269638e-05,7.01971039828355e-06
1350,"GYRO_Y__change_quantiles__f_agg_""mean""__isabs_False__qh_0.8__ql_0.0",6.566690535442896e-07,0.0002904964486766,6.1826534499704096,3.53685917249769,6.566690535442896e-07,0.0002904964486766,1.3811590350515042e-05
1351,GYRO_Z__longest_strike_above_mean,6.570384070528852e-07,0.0002870785567899,6.182409243098343,3.5419992457327343,6.570384070528852e-07,0.0002870785567899,1.3733959285372778e-05
1352,"GYRO_Y__agg_linear_trend__attr_""stderr""__chunk_len_5__f_agg_""max""",7.118733069877957e-07,0.0010563088959111,6.14759729143615,2.976209062699187,7.118733069877957e-07,0.0010563088959111,2.7421854549480458e-05
1353,"ADXL_X__change_quantiles__f_agg_""mean""__isabs_False__qh_0.8__ql_0.4",7.204974519270232e-07,0.0003955140990176,6.1423675507500475,3.402838030456049,7.204974519270232e-07,0.0003955140990176,1.6880962666370458e-05
1354,"ADXL_Z__change_quantiles__f_agg_""var""__isabs_True__qh_0.8__ql_0.0",7.264647780073435e-07,0.0058446681002095,6.138785437233641,2.233240145980356,7.264647780073435e-07,0.0058446681002095,6.516092014348245e-05
1355,"GYRO_Y__fft_coefficient__attr_""abs""__coeff_59",7.320352030560546e-07,0.1112318337415659,6.1354680335244245,0.9537709030437707,7.320352030560546e-07,0.1112318337415659,0.00028535174434249474
1356,MMA_Z__time_reversal_asymmetry_statistic__lag_3,7.372200604854845e-07,0.088289383288127,6.132402855710674,1.0540915167688882,7.372200604854845e-07,0.088289383288127,0.00025512488018203773
1357,"ADXL_Z__agg_linear_trend__attr_""rvalue""__chunk_len_50__f_agg_""max""",7.725020241444124e-07,4.503190708844233e-05,6.112100373943779,4.34647966039996,7.725020241444124e-07,4.503190708844233e-05,5.8980708182341124e-06
1358,"ADXL_X__cwt_coefficients__coeff_6__w_5__widths_(2, 5, 10, 20)",7.773118199055176e-07,2.627287534772005e-134,6.109404728305431,133.58049239469344,2.627287534772005e-134,7.773118199055176e-07,1.4290632089129955e-70
1359,MMA_Z__value_count__value_-1,7.781218261628145e-07,1.4677529541437153e-18,6.1089524026398,17.8333470368457,1.4677529541437153e-18,7.781218261628145e-07,1.0686863941466522e-12
1360,"ADXL_X__change_quantiles__f_agg_""var""__isabs_False__qh_1.0__ql_0.8",8.026060877666943e-07,0.0115169893187405,6.095497550466303,1.938661035942668,8.026060877666943e-07,0.0115169893187405,9.614367238651287e-05
1361,"GYRO_Z__fft_coefficient__attr_""abs""__coeff_78",8.032831501572943e-07,0.0747259022195513,6.095131342796906,1.126528832707455,8.032831501572943e-07,0.0747259022195513,0.0002450021594461304
1362,GYRO_Z__c3__lag_3,8.21868544728948e-07,0.0010752261369575,6.085197640932331,2.9685001871860357,8.21868544728948e-07,0.0010752261369575,2.972700019234684e-05
1363,"MMA_X__cwt_coefficients__coeff_2__w_2__widths_(2, 5, 10, 20)",8.23700251761662e-07,2.0609996672847675e-82,6.08423080127541,81.68592207833063,2.0609996672847675e-82,8.23700251761662e-07,1.302937429358434e-44
1364,ADXL_Y__large_standard_deviation__r_0.2,8.306904562659824e-07,8.887818031633898e-07,6.08056077907952,6.051204845681307,8.306904562659824e-07,8.887818031633898e-07,8.592453442356839e-07
1365,ADXL_Y__energy_ratio_by_chunks__num_segments_10__segment_focus_5,8.499493852910263e-07,3.738518123951333e-06,6.070606935866066,5.42730050959722,8.499493852910263e-07,3.738518123951333e-06,1.7825687031224902e-06
1366,"ADXL_X__agg_linear_trend__attr_""intercept""__chunk_len_50__f_agg_""var""",8.547376994483915e-07,0.0057132381157865,6.068167140429146,2.2431176750787656,8.547376994483915e-07,0.0057132381157865,6.98807556018695e-05
1367,"GYRO_Y__agg_linear_trend__attr_""stderr""__chunk_len_10__f_agg_""mean""",8.572151452034906e-07,0.0006431650671926,6.066910164484854,3.191677551848979,8.572151452034906e-07,0.0006431650671926,2.3480435184708936e-05
1368,MMA_X__number_crossing_m__m_1,8.65108118115548e-07,0.4214299722031483,6.062929612573667,0.37527458049927803,8.65108118115548e-07,0.4214299722031483,0.0006038066662187105
1369,MMA_X__energy_ratio_by_chunks__num_segments_10__segment_focus_1,8.69093037170641e-07,5.037935712789995e-06,6.0609337294581,5.297747378671708,8.69093037170641e-07,5.037935712789995e-06,2.0924709913638216e-06
1370,MMA_Y__energy_ratio_by_chunks__num_segments_10__segment_focus_5,8.701632856278894e-07,1.651153422468428e-06,6.060399244630507,5.7822125709311845,8.701632856278894e-07,1.651153422468428e-06,1.1986546988899104e-06
1371,"MMA_X__fft_coefficient__attr_""abs""__coeff_26",8.909660418552766e-07,0.0130249992210382,6.0501388482817715,1.885222294001476,8.909660418552766e-07,0.0130249992210382,0.00010772572580928136
1372,"ADXL_Z__agg_linear_trend__attr_""intercept""__chunk_len_10__f_agg_""var""",9.027565009478796e-07,0.0746192136002704,6.044429375439906,1.127149332229829,9.027565009478796e-07,0.0746192136002704,0.00025954379239978467
1373,"MMA_Z__agg_linear_trend__attr_""stderr""__chunk_len_50__f_agg_""min""",9.280719923025962e-07,5.566047895122596e-07,6.032418333428714,6.254453060938023,5.566047895122596e-07,9.280719923025962e-07,7.18727567251883e-07
1374,GYRO_Y__friedrich_coefficients__coeff_2__m_3__r_30,9.281833693237298e-07,4.0052238780697724e-10,6.032366217295613,9.397373203351806,4.0052238780697724e-10,9.281833693237298e-07,1.9281032633245182e-08
1375,ADXL_Y__spkt_welch_density__coeff_2,9.791664031702385e-07,0.1011936770659946,6.009143496309719,0.9948466228829441,9.791664031702385e-07,0.1011936770659946,0.00031477841221449825
1376,MMA_X__quantile__q_0.9,9.815342828647896e-07,7.505795433546125e-20,6.008094526834244,19.124603276226264,7.505795433546125e-20,9.815342828647896e-07,2.714257824561902e-13
1377,"GYRO_X__fft_coefficient__attr_""abs""__coeff_28",9.82370630612056e-07,0.0007234819547812,6.007724629869218,3.1405722966619916,9.82370630612056e-07,0.0007234819547812,2.665947156555903e-05
1378,"GYRO_Y__agg_linear_trend__attr_""stderr""__chunk_len_50__f_agg_""mean""",9.840808808133834e-07,9.91322185443414e-05,6.006969205788768,4.003785174354473,9.840808808133834e-07,9.91322185443414e-05,9.876948969297164e-06
1379,GYRO_Z__c3__lag_2,9.866385764827454e-07,0.0050089813714349,6.005841908105521,2.300250583462826,9.866385764827454e-07,0.0050089813714349,7.029974573169607e-05
1380,"ADXL_Y__agg_linear_trend__attr_""stderr""__chunk_len_5__f_agg_""var""",1.0183422802211591e-06,2.654212539888529e-06,5.992106224527069,5.576064303323524,1.0183422802211591e-06,2.654212539888529e-06,1.6440489196072235e-06
1381,"ADXL_X__fft_coefficient__attr_""abs""__coeff_65",1.018772747716336e-06,0.0317709448798281,5.99192268097846,1.4979698688998506,1.018772747716336e-06,0.0317709448798281,0.0001799093460962124
1382,ADXL_X__benford_correlation,1.0204492900452924e-06,0.0013367667262195,5.991208572134292,2.8739443731080137,1.0204492900452924e-06,0.0013367667262195,3.6933760392449324e-05
1383,"MMA_Z__change_quantiles__f_agg_""var""__isabs_True__qh_0.6__ql_0.0",1.0370906671389885e-06,0.2024030627729385,5.984183273970768,0.6937829200174037,1.0370906671389885e-06,0.2024030627729385,0.000458159718222981
1384,"ADXL_Y__fft_coefficient__attr_""abs""__coeff_48",1.0371313046798757e-06,0.8128939985291433,5.984166256833733,0.08996608276420555,1.0371313046798757e-06,0.8128939985291433,0.0009181926885251109
1385,"MMA_Z__agg_linear_trend__attr_""rvalue""__chunk_len_50__f_agg_""max""",1.041198958236595e-06,5.283207954142254e-05,5.982466275092503,4.277102294564051,1.041198958236595e-06,5.283207954142254e-05,7.416785434404994e-06
1386,"GYRO_Y__fft_coefficient__attr_""abs""__coeff_16",1.0555407086100365e-06,0.0003252170812423,5.976525012774344,3.4878266522094035,1.0555407086100365e-06,0.0003252170812423,1.8527813373050398e-05
1387,"GYRO_Y__fft_coefficient__attr_""abs""__coeff_58",1.0723604253594552e-06,0.0297467869713613,5.969659221698805,1.5265599366905818,1.0723604253594552e-06,0.0297467869713613,0.00017860368733507744
1388,"GYRO_Z__change_quantiles__f_agg_""mean""__isabs_False__qh_1.0__ql_0.4",1.075870111735359e-06,0.0004352974098089,5.968240157258473,3.361213917058197,1.075870111735359e-06,0.0004352974098089,2.1640782632086426e-05
1389,"MMA_Y__agg_linear_trend__attr_""intercept""__chunk_len_50__f_agg_""max""",1.0841602953197645e-06,1.3343238253714701e-24,5.964906501721795,23.874738759246146,1.3343238253714701e-24,1.0841602953197645e-06,1.2027555497967702e-15
1390,ADXL_X__value_count__value_-1,1.1076619384386729e-06,0.1834565174659979,5.955592767290825,0.7364668549124476,1.1076619384386729e-06,0.1834565174659979,0.00045078576037358976
1391,ADXL_Y__autocorrelation__lag_3,1.1097203372424968e-06,2.422426240800825e-08,5.954786454812686,7.615749437683128,2.422426240800825e-08,1.1097203372424968e-06,1.6395778922901362e-07
1392,"GYRO_Y__agg_linear_trend__attr_""stderr""__chunk_len_10__f_agg_""max""",1.1119448305034945e-06,0.0016866485502931,5.953916759878313,2.7729754026328237,1.1119448305034945e-06,0.0016866485502931,4.33065830604843e-05
1393,"ADXL_X__fft_coefficient__attr_""abs""__coeff_37",1.1184373597654472e-06,0.0071126889054897,5.951388334383634,2.14796618604189,1.1184373597654472e-06,0.0071126889054897,8.919135047911815e-05
1394,ADXL_X__quantile__q_0.9,1.1213455341094125e-06,2.9155053156464987e-32,5.9502605422362675,31.535286162422036,2.9155053156464987e-32,1.1213455341094125e-06,1.8081174921371825e-19
1395,"GYRO_Y__fft_coefficient__attr_""abs""__coeff_63",1.13379358259927e-06,0.1136682792051719,5.945466005494293,0.9443607146279812,1.13379358259927e-06,0.1136682792051719,0.0003589935452176347
1396,GYRO_Z__number_cwt_peaks__n_5,1.1610008018268334e-06,4.19323878574305e-10,5.93516748032271,9.377450405810647,4.19323878574305e-10,1.1610008018268334e-06,2.20643458831189e-08
1397,MMA_Z__cid_ce__normalize_True,1.1610008018268334e-06,5.163410161177777e-05,5.93516748032271,4.287063374921592,1.1610008018268334e-06,5.163410161177777e-05,7.742559872088957e-06
1398,"ADXL_Z__fft_coefficient__attr_""abs""__coeff_97",1.1855534273013356e-06,0.0003199939200476,5.926078869640819,3.4948582732890388,1.1855534273013356e-06,0.0003199939200476,1.9477419968466606e-05
1399,"ADXL_Z__agg_linear_trend__attr_""slope""__chunk_len_50__f_agg_""var""",1.1993820536527917e-06,1.4637529846879767e-14,5.921042453795616,13.834532206363852,1.4637529846879767e-14,1.1993820536527917e-06,1.324990211592323e-10
1400,"MMA_Z__fft_coefficient__attr_""abs""__coeff_48",1.204867791079107e-06,0.017289740996085,5.919060605167847,1.7622115124989859,1.204867791079107e-06,0.017289740996085,0.00014433243586347045
1401,"GYRO_X__fft_coefficient__attr_""abs""__coeff_41",1.2348641903812717e-06,2.0285536127385745e-05,5.908380803223143,4.692813509818745,1.2348641903812717e-06,2.0285536127385745e-05,5.0049857288901675e-06
1402,"ADXL_X__fft_coefficient__attr_""abs""__coeff_52",1.246145921029509e-06,0.0028692431927172,5.904431099741568,2.542232640049919,1.246145921029509e-06,0.0028692431927172,5.979544883221652e-05
1403,"MMA_Z__agg_linear_trend__attr_""slope""__chunk_len_50__f_agg_""var""",1.2463766655780837e-06,3.51010505744123e-14,5.904350690372361,13.454679884906195,3.51010505744123e-14,1.2463766655780837e-06,2.0916292781758358e-10
1404,"GYRO_Y__agg_linear_trend__attr_""slope""__chunk_len_10__f_agg_""max""",1.2717791511458806e-06,4.2246556020719133e-13,5.895588298881038,12.374208689368995,4.2246556020719133e-13,1.2717791511458806e-06,7.32995833241002e-10
1405,MMA_X__median,1.2794985764967888e-06,1.3810588302283964e-28,5.892960192949858,27.859787820987354,1.3810588302283964e-28,1.2794985764967888e-06,1.3293091466380398e-17
1406,"GYRO_Y__fft_coefficient__attr_""abs""__coeff_8",1.2924192515951778e-06,0.0008273380941007,5.8885965814503685,3.082316978480745,1.2924192515951778e-06,0.0008273380941007,3.269965871983694e-05
1407,"ADXL_X__agg_linear_trend__attr_""rvalue""__chunk_len_10__f_agg_""mean""",1.2990170808967975e-06,1.4550587529422762e-05,5.886385138310764,4.837119470208335,1.2990170808967975e-06,1.4550587529422762e-05,4.347581136425645e-06
1408,"GYRO_X__fft_coefficient__attr_""abs""__coeff_34",1.299140418928623e-06,0.0410459688249978,5.886343905224106,1.3867294890445712,1.299140418928623e-06,0.0410459688249978,0.00023092093264717004
1409,"GYRO_Y__change_quantiles__f_agg_""var""__isabs_True__qh_0.4__ql_0.0",1.3209269216610087e-06,0.0006376174306992,5.8791212084242845,3.195439819038222,1.3209269216610087e-06,0.0006376174306992,2.9021475323127455e-05
1410,GYRO_X__fourier_entropy__bins_3,1.3352307771970576e-06,8.963649333426681e-05,5.874443665684111,4.047515141822012,1.3352307771970576e-06,8.963649333426681e-05,1.0940082479576283e-05
1411,GYRO_Y__cid_ce__normalize_False,1.3434853249678258e-06,0.0004846054906106,5.871767073049423,3.3146116695869208,1.3434853249678258e-06,0.0004846054906106,2.5515884563035916e-05
1412,"ADXL_X__fft_coefficient__attr_""abs""__coeff_27",1.3435703942322972e-06,0.033001097795418,5.871739574466578,1.4814716128929521,1.3435703942322972e-06,0.033001097795418,0.00021056898626124494
1413,"GYRO_Y__agg_linear_trend__attr_""stderr""__chunk_len_5__f_agg_""mean""",1.3475952721194213e-06,0.0010638172265989,5.870440521359698,2.97313298134363,1.3475952721194213e-06,0.0010638172265989,3.7862845441988015e-05
1414,GYRO_X__fourier_entropy__bins_5,1.4043447767707537e-06,1.664400014695177e-06,5.8525262566883685,5.778742289044655,1.4043447767707537e-06,1.664400014695177e-06,1.5288529906744917e-06
1415,GYRO_Z__c3__lag_1,1.4281623352854296e-06,0.0196350726563648,5.84522242469452,1.706967487355115,1.4281623352854296e-06,0.0196350726563648,0.00016745766993008423
1416,"MMA_Z__fft_coefficient__attr_""abs""__coeff_97",1.4484700890138511e-06,0.0003513274559758,5.839090468572305,3.454287909095398,1.4484700890138511e-06,0.0003513274559758,2.2558530790596202e-05
1417,GYRO_Y__skewness,1.4493867212107025e-06,1.1947557023706926e-09,5.8388157218581815,8.922720887986733,1.1947557023706926e-09,1.4493867212107025e-06,4.161325570184155e-08
1418,"MMA_X__fft_coefficient__attr_""abs""__coeff_52",1.473600524308113e-06,0.0021047187442855,5.831620232624914,2.6768059311659926,1.473600524308113e-06,0.0021047187442855,5.5691243881782946e-05
1419,GYRO_Y__mean_n_absolute_max__number_of_maxima_7,1.4871592715625077e-06,0.0041705375729595,5.827642516981362,2.3798079618313435,1.4871592715625077e-06,0.0041705375729595,7.875438793506378e-05
1420,"MMA_Y__fft_coefficient__attr_""abs""__coeff_48",1.4871592715625077e-06,0.8564320289427674,5.827642516981362,0.067307099279283,1.4871592715625077e-06,0.8564320289427674,0.0011285613994397143
1421,"GYRO_X__change_quantiles__f_agg_""mean""__isabs_True__qh_1.0__ql_0.6",1.4922279321650393e-06,7.481243510314232e-05,5.826164834959201,4.126026208982806,1.4922279321650393e-06,7.481243510314232e-05,1.0565850904408658e-05
1422,"GYRO_X__change_quantiles__f_agg_""mean""__isabs_True__qh_0.4__ql_0.0",1.5099995532775688e-06,7.142020692802373e-08,5.821023181189688,7.14617889584628,7.142020692802373e-08,1.5099995532775688e-06,3.283968339620639e-07
1423,ADXL_X__first_location_of_minimum,1.5419334445762776e-06,5.8870934686205925e-09,5.81193437160093,8.230099068895846,5.8870934686205925e-09,1.5419334445762776e-06,9.52759482273079e-08
1424,GYRO_Y__count_above_mean,1.5431110300017763e-06,2.8735348062312446e-06,5.811602824434388,5.541583538024762,1.5431110300017763e-06,2.8735348062312446e-06,2.1057500456106965e-06
1425,"MMA_X__change_quantiles__f_agg_""mean""__isabs_False__qh_0.8__ql_0.2",1.5765446493568096e-06,0.0040343312769773,5.802293725078021,2.3942284427975014,1.5765446493568096e-06,0.0040343312769773,7.975151025812231e-05
1426,"ADXL_X__agg_linear_trend__attr_""rvalue""__chunk_len_5__f_agg_""mean""",1.5782569020074602e-06,1.3509881069551372e-05,5.801822302746879,4.869348474150798,1.5782569020074602e-06,1.3509881069551372e-05,4.617581947656087e-06
1427,"GYRO_Y__fft_coefficient__attr_""abs""__coeff_9",1.5929284765143504e-06,0.0002747724291921,5.797803723855171,3.561026846759662,1.5929284765143504e-06,0.0002747724291921,2.0921109603009088e-05
1428,ADXL_X__partial_autocorrelation__lag_2,1.6666855119376351e-06,1.4516868715417827e-06,5.778146339773091,5.838127050734393,1.4516868715417827e-06,1.6666855119376351e-06,1.5554759646708656e-06
1429,"ADXL_X__fft_coefficient__attr_""abs""__coeff_39",1.6811154407777831e-06,0.0115627952836907,5.774402462901181,1.9369371633608035,1.6811154407777831e-06,0.0115627952836907,0.00013942163996297333
1430,"MMA_X__agg_linear_trend__attr_""intercept""__chunk_len_5__f_agg_""max""",1.6826514516217251e-06,2.2228911060062673e-19,5.774005835488301,18.653081811803453,2.2228911060062673e-19,1.6826514516217251e-06,6.115840863134413e-13
1431,"MMA_Y__fft_aggregated__aggtype_""centroid""",1.6852130769749728e-06,3.714448070749176e-06,5.773345179478707,5.430105708857815,1.6852130769749728e-06,3.714448070749176e-06,2.5019265501950633e-06
1432,"ADXL_X__change_quantiles__f_agg_""var""__isabs_True__qh_1.0__ql_0.6",1.7080755521826945e-06,0.0015255985181192,5.76749292335992,2.8165597418111377,1.7080755521826945e-06,0.0015255985181192,5.104740474544767e-05
1433,"ADXL_Z__fft_coefficient__attr_""imag""__coeff_11",1.739034269393403e-06,1.913219423992648e-05,5.759691859709875,4.7182352185955985,1.739034269393403e-06,1.913219423992648e-05,5.768148873938954e-06
1434,"ADXL_Y__fft_coefficient__attr_""abs""__coeff_59",1.7659776399272588e-06,0.1483629955058464,5.7530147995793355,0.8286744066825596,1.7659776399272588e-06,0.1483629955058464,0.0005118649554872389
1435,"MMA_X__cwt_coefficients__coeff_6__w_10__widths_(2, 5, 10, 20)",1.7973983478666242e-06,1.8714092477987243e-78,5.745355661840181,77.72783122873437,1.8714092477987243e-78,1.7973983478666242e-06,1.8340305041562828e-42
1436,"ADXL_Z__fft_coefficient__attr_""abs""__coeff_48",1.7973983478666242e-06,0.0213490843543068,5.745355661840181,1.6706207467934995,1.7973983478666242e-06,0.0213490843543068,0.00019588978775550358
1437,"MMA_Z__cwt_coefficients__coeff_13__w_5__widths_(2, 5, 10, 20)",1.8118336289816076e-06,2.965299257890062e-117,5.741881683774264,116.5279314711051,2.965299257890062e-117,1.8118336289816076e-06,7.329821904684601e-62
1438,"GYRO_X__agg_linear_trend__attr_""rvalue""__chunk_len_50__f_agg_""max""",1.8517594373158545e-06,9.688074695472363e-08,5.732415433330206,7.013762521422971,9.688074695472363e-08,1.8517594373158545e-06,4.235561798246116e-07
1439,"ADXL_X__agg_linear_trend__attr_""rvalue""__chunk_len_10__f_agg_""min""",1.8775997218417487e-06,2.427855853465439e-07,5.726396987748302,6.614777101741307,2.427855853465439e-07,1.8775997218417487e-06,6.751697175628192e-07
1440,"GYRO_Y__agg_autocorrelation__f_agg_""var""__maxlag_40",1.9283003394977715e-06,6.088003665250216e-05,5.714825322285813,4.2155250947727225,1.9283003394977715e-06,6.088003665250216e-05,1.083489710821735e-05
1441,"MMA_Z__fft_coefficient__attr_""abs""__coeff_29",1.9367695688594957e-06,0.1414936006405611,5.712922047285978,0.8492632016191182,1.9367695688594957e-06,0.1414936006405611,0.000523488777252194
1442,"GYRO_Y__fft_coefficient__attr_""abs""__coeff_10",1.953075498813385e-06,0.0039960335023773,5.709280968138521,2.3983708793458054,1.953075498813385e-06,0.0039960335023773,8.834339322173754e-05
1443,"ADXL_Z__agg_linear_trend__attr_""rvalue""__chunk_len_10__f_agg_""max""",1.953075498813385e-06,1.744344927026538e-05,5.709280968138521,4.758367633455871,1.953075498813385e-06,1.744344927026538e-05,5.8368119195798604e-06
1444,"GYRO_Y__agg_linear_trend__attr_""intercept""__chunk_len_5__f_agg_""var""",1.9594466169781167e-06,0.0001036092906188,5.707866563912155,3.984601299768679,1.9594466169781167e-06,0.0001036092906188,1.4248398997449158e-05
1445,GYRO_Y__longest_strike_above_mean,1.988011317095618e-06,0.0234683643753567,5.701581147635794,1.6295171774448713,1.988011317095618e-06,0.0234683643753567,0.0002159985508560943
1446,"MMA_Z__change_quantiles__f_agg_""var""__isabs_False__qh_0.2__ql_0.0",2.0068467141047444e-06,0.2684077139759602,5.697485798295176,0.5712050068001711,2.0068467141047444e-06,0.2684077139759602,0.0007339299277403953
1447,GYRO_Y__spkt_welch_density__coeff_2,2.009150171504801e-06,8.420076792704804e-05,5.696987601221652,4.074683947633858,2.009150171504801e-06,8.420076792704804e-05,1.300661321487898e-05
1448,ADXL_Z__number_peaks__n_5,2.0103049495681547e-06,4.9815263632869535e-11,5.696738058067454,10.302637566961963,4.9815263632869535e-11,2.0103049495681547e-06,1.0007190966759859e-08
1449,"ADXL_Z__agg_linear_trend__attr_""rvalue""__chunk_len_5__f_agg_""max""",2.0365867247329976e-06,5.881788282004667e-06,5.691097091460113,5.23049061220092,2.0365867247329976e-06,5.881788282004667e-06,3.4610362513011633e-06
1450,"ADXL_Y__change_quantiles__f_agg_""var""__isabs_False__qh_1.0__ql_0.0",2.069071151083371e-06,0.0002618288625662,5.6842245745872475,3.5819824809238328,2.069071151083371e-06,0.0002618288625662,2.3275363499990656e-05
1451,"MMA_X__fft_coefficient__attr_""abs""__coeff_65",2.0949808686005048e-06,0.0357729421414166,5.678819938663876,1.4464453398835624,2.0949808686005048e-06,0.0357729421414166,0.0002737583412424552
1452,ADXL_Z__ratio_beyond_r_sigma__r_10,2.115524370661881e-06,7.378688592775471e-08,5.674581967268157,7.132020818059041,7.378688592775471e-08,2.115524370661881e-06,3.950923378343514e-07
1453,GYRO_X__spkt_welch_density__coeff_2,2.1231352180132515e-06,1.4666892703127863e-06,5.673022345651735,5.833661885122246,1.4666892703127863e-06,2.1231352180132515e-06,1.7646471725767829e-06
1454,ADXL_Z__lempel_ziv_complexity__bins_2,2.153332204453953e-06,0.0010301338529896,5.6668889644023865,2.9871063405007807,2.153332204453953e-06,0.0010301338529896,4.7097987223879746e-05
1455,"GYRO_Y__fft_coefficient__attr_""real""__coeff_1",2.1557349676426048e-06,1.9668459905007305e-05,5.6664046336362945,4.70622964521248,2.1557349676426048e-06,1.9668459905007305e-05,6.511527223079144e-06
1456,ADXL_Z__fourier_entropy__bins_2,2.1667664104706675e-06,0.0096825727410711,5.664187905529134,2.0140092316589855,2.1667664104706675e-06,0.0096825727410711,0.0001448443073865582
1457,"GYRO_Y__fft_coefficient__attr_""abs""__coeff_34",2.1670372118811427e-06,0.0973753087804812,5.664133631007877,1.011551152154332,2.1670372118811427e-06,0.0973753087804812,0.000459364689158537
1458,ADXL_X__quantile__q_0.6,2.177026196445856e-06,4.828094994519461e-39,5.662136345004184,38.316224193589235,4.828094994519461e-39,2.177026196445856e-06,1.0252262814617062e-22
1459,"ADXL_X__agg_linear_trend__attr_""intercept""__chunk_len_50__f_agg_""max""",2.177496136224164e-06,2.0302818656950286e-10,5.662042606937068,9.69244366444232,2.0302818656950286e-10,2.177496136224164e-06,2.1026009887748347e-08
1460,"ADXL_X__agg_linear_trend__attr_""rvalue""__chunk_len_50__f_agg_""mean""",2.228813484097493e-06,7.339725767753807e-05,5.651926273474213,4.134320166211472,2.228813484097493e-06,7.339725767753807e-05,1.279018364244529e-05
1461,GYRO_Y__energy_ratio_by_chunks__num_segments_10__segment_focus_9,2.302713755865073e-06,8.610975005428215e-66,5.637760044656064,65.06494767136822,8.610975005428215e-66,2.302713755865073e-06,4.452932808431975e-36
1462,"GYRO_Y__linear_trend__attr_""stderr""",2.314227011040065e-06,0.0017742061868356,5.635594041751442,2.7509959106590154,2.314227011040065e-06,0.0017742061868356,6.407742098999726e-05
1463,"MMA_Z__fft_coefficient__attr_""abs""__coeff_20",2.3305071603183053e-06,0.0057379033639222,5.632549558390288,2.2412467702881296,2.3305071603183053e-06,0.0057379033639222,0.00011563833652744741
1464,ADXL_X__quantile__q_0.3,2.3503409149618823e-06,6.788914732400258e-32,5.628869139111916,31.168199645955244,6.788914732400258e-32,2.3503409149618823e-06,3.994529266853333e-19
1465,GYRO_Z__sum_of_reoccurring_values,2.4024180357334305e-06,1.9729131432833323e-08,5.619351420406934,7.704892033968837,1.9729131432833323e-08,2.4024180357334305e-06,2.1770994736941653e-07
1466,"MMA_X__agg_linear_trend__attr_""intercept""__chunk_len_5__f_agg_""min""",2.4272925476809194e-06,8.134740689009304e-19,5.614877877484797,18.089656286504294,8.134740689009304e-19,2.4272925476809194e-06,1.405183100231035e-12
1467,"GYRO_Y__fft_coefficient__attr_""abs""__coeff_7",2.4342898699033777e-06,0.0004121489049159,5.613627708191442,3.3849458497438834,2.4342898699033777e-06,0.0004121489049159,3.1674751840046765e-05
1468,"MMA_Y__fft_coefficient__attr_""abs""__coeff_59",2.494707317079212e-06,0.2036084737447598,5.602980399152238,0.6912041515611617,2.494707317079212e-06,0.2036084737447598,0.0007127015850062233
1469,"GYRO_Y__fft_coefficient__attr_""abs""__coeff_20",2.547800958160545e-06,0.0005420472569667,5.593834503396749,3.2659628489870705,2.547800958160545e-06,0.0005420472569667,3.716219208642102e-05
1470,"ADXL_X__fft_coefficient__attr_""abs""__coeff_69",2.564272713726478e-06,0.0507850168406997,5.591035788915972,1.2942643991965954,2.564272713726478e-06,0.0507850168406997,0.0003608692740463586
1471,"MMA_Z__agg_linear_trend__attr_""rvalue""__chunk_len_5__f_agg_""max""",2.5666292488365047e-06,8.232449142571911e-06,5.590636860901317,5.084470943539663,2.5666292488365047e-06,8.232449142571911e-06,4.596699333095876e-06
1472,MMA_Y__autocorrelation__lag_2,2.585111249182838e-06,8.376064124715234e-09,5.587520762486247,8.076960006484017,8.376064124715234e-09,2.585111249182838e-06,1.471497794516803e-07
1473,"MMA_X__fft_coefficient__attr_""abs""__coeff_62",2.586193036642067e-06,0.0028572987495468,5.587339061969309,2.544044348872929,2.586193036642067e-06,0.0028572987495468,8.596235297898738e-05
1474,"MMA_X__agg_linear_trend__attr_""rvalue""__chunk_len_10__f_agg_""min""",2.6434607546721307e-06,3.653476465852378e-07,5.577827132830594,6.43729368585082,3.653476465852378e-07,2.6434607546721307e-06,9.827421663691344e-07
1475,"ADXL_X__fft_coefficient__attr_""abs""__coeff_62",2.703965621266247e-06,0.0028443857624472,5.5679988343980344,2.5460115038842845,2.703965621266247e-06,0.0028443857624472,8.769903828022524e-05
1476,"MMA_X__fft_coefficient__attr_""abs""__coeff_27",2.707867727574316e-06,0.0608891653550971,5.567372553645529,1.2154599790438523,2.707867727574316e-06,0.0608891653550971,0.00040605394447536594
1477,"MMA_Z__agg_linear_trend__attr_""rvalue""__chunk_len_10__f_agg_""max""",2.743590191116552e-06,2.4735103829922768e-05,5.5616807585003745,4.606686262268958,2.743590191116552e-06,2.4735103829922768e-05,8.237899504365513e-06
1478,ADXL_Y__energy_ratio_by_chunks__num_segments_10__segment_focus_4,2.7443814064613497e-06,6.685556450674457e-08,5.561555531736892,7.174862439800643,6.685556450674457e-08,2.7443814064613497e-06,4.2834234923806817e-07
1479,GYRO_Z__range_count__max_1__min_-1,2.74470639942762e-06,3.9601110026866857e-10,5.561504105103883,9.402292640544523,3.9601110026866857e-10,2.74470639942762e-06,3.29686851595842e-08
1480,MMA_Z__spkt_welch_density__coeff_5,2.8179665217458912e-06,0.0302747727757294,5.550064170739575,1.5189191077263535,2.8179665217458912e-06,0.0302747727757294,0.00029208439899362884
1481,MMA_Z__ar_coefficient__coeff_2__k_10,2.830756513952256e-06,7.900335917623758e-07,5.548097484642177,6.102354442371735,7.900335917623758e-07,2.830756513952256e-06,1.4954573668688928e-06
1482,"GYRO_X__fft_coefficient__attr_""abs""__coeff_58",2.895954185309558e-06,8.417383276882813e-12,5.5382083130635085,11.074822897221688,8.417383276882813e-12,2.895954185309558e-06,4.9372417735050674e-09
1483,"MMA_X__cwt_coefficients__coeff_13__w_10__widths_(2, 5, 10, 20)",2.8995244374815416e-06,6.06600667400538e-70,5.537673226623074,69.21709711620107,6.06600667400538e-70,2.8995244374815416e-06,4.1938686900289e-38
1484,"GYRO_Y__linear_trend__attr_""pvalue""",3.0094007379209967e-06,1.356513283335714e-12,5.521519976872875,11.867575949155494,1.356513283335714e-12,3.0094007379209967e-06,2.0204682813323575e-09
1485,"ADXL_Z__change_quantiles__f_agg_""var""__isabs_False__qh_0.6__ql_0.0",3.018486582576882e-06,0.0090928252953444,5.520210750281197,2.0413011531331904,3.018486582576882e-06,0.0090928252953444,0.00016567006715672192
1486,"ADXL_X__fft_coefficient__attr_""abs""__coeff_72",3.020295491428054e-06,0.0327434344460286,5.5199505656458845,1.4848757695565986,3.020295491428054e-06,0.0327434344460286,0.0003144755116558525
1487,"MMA_Z__fft_coefficient__attr_""imag""__coeff_11",3.029799215253126e-06,3.0220380055288983e-05,5.51858615123265,4.5197000782207875,3.029799215253126e-06,3.0220380055288983e-05,9.568786954267807e-06
1488,"GYRO_X__fft_coefficient__attr_""abs""__coeff_39",3.0449496175323582e-06,1.789958494810213e-05,5.516419888912453,4.747157039234565,3.0449496175323582e-06,1.789958494810213e-05,7.382637356779185e-06
1489,MMA_X__first_location_of_maximum,3.117754147742729e-06,2.8303352070745103e-09,5.506158134332674,8.548162126326696,2.8303352070745103e-09,3.117754147742729e-06,9.393768855661092e-08
1490,GYRO_X__ar_coefficient__coeff_10__k_10,3.138114254616862e-06,4.628971326585597e-07,5.503331248369757,6.3345155093758025,4.628971326585597e-07,3.138114254616862e-06,1.2052485595996781e-06
1491,"ADXL_Z__fft_coefficient__attr_""abs""__coeff_29",3.154203372906517e-06,0.1786100403979845,5.501110308190505,0.748094131299219,3.154203372906517e-06,0.1786100403979845,0.000750581369245395
1492,GYRO_Y__root_mean_square,3.215173642429675e-06,0.0022450084634474,5.492795567090427,2.6487820174127403,3.215173642429675e-06,0.0022450084634474,8.49593552159362e-05
1493,GYRO_Z__absolute_maximum,3.271742001127431e-06,0.1928201661888903,5.485220950692777,0.7148475471626645,3.271742001127431e-06,0.1928201661888903,0.0007942655956193519
1494,"ADXL_Y__fft_coefficient__attr_""abs""__coeff_72",3.33127001944486e-06,0.0044525464894633,5.477390163705658,2.3513915373308674,3.33127001944486e-06,0.0044525464894633,0.00012178930425342593
1495,"GYRO_Z__agg_linear_trend__attr_""intercept""__chunk_len_50__f_agg_""var""",3.381095061751625e-06,0.1344562319374407,5.470942618582415,0.8714190637767217,3.381095061751625e-06,0.1344562319374407,0.0006742472112107041
1496,"MMA_Z__agg_linear_trend__attr_""rvalue""__chunk_len_50__f_agg_""min""",3.3834301600016947e-06,1.8834393879714615e-06,5.470642783696228,5.725048351512262,1.8834393879714615e-06,3.3834301600016947e-06,2.524378265989029e-06
1497,"ADXL_Z__linear_trend__attr_""rvalue""",3.411561313123313e-06,3.8009232803094856e-06,5.467046819104333,5.420110896320207,3.411561313123313e-06,3.8009232803094856e-06,3.6009835902505302e-06
1498,ADXL_X__median,3.472535535401502e-06,1.4723066768826696e-36,5.459353301313941,35.83200171839147,1.4723066768826696e-36,3.472535535401502e-06,2.2611141621961435e-21
1499,"MMA_X__fft_coefficient__attr_""abs""__coeff_37",3.473565142980717e-06,0.0128089386906093,5.459224551987043,1.8924868530739467,3.473565142980717e-06,0.0128089386906093,0.0002109328873226684
1500,"MMA_X__fft_coefficient__attr_""abs""__coeff_69",3.502244925158168e-06,0.0537657854715962,5.455653485344186,1.2694940051476757,3.502244925158168e-06,0.0537657854715962,0.00043393657291710335
1501,"ADXL_Y__fft_coefficient__attr_""abs""__coeff_67",3.502244925158168e-06,0.0203439398873165,5.455653485344186,1.6915649360925376,3.502244925158168e-06,0.0203439398873165,0.00026692594521341876
1502,"ADXL_Y__change_quantiles__f_agg_""var""__isabs_True__qh_0.8__ql_0.0",3.502244925158168e-06,0.0017117092066353,5.455653485344186,2.7665700134207976,3.502244925158168e-06,0.0017117092066353,7.74262544766631e-05
1503,"GYRO_Y__change_quantiles__f_agg_""var""__isabs_False__qh_1.0__ql_0.2",3.522703921130816e-06,0.0016822342843066,5.4531238571941945,2.7741135202527385,3.522703921130816e-06,0.0016822342843066,7.69806034633891e-05
1504,"MMA_Z__linear_trend__attr_""rvalue""",3.538635950683757e-06,3.941562700143132e-06,5.451164114599468,5.404331560535933,3.538635950683757e-06,3.941562700143132e-06,3.7346693926772993e-06
1505,MMA_Z__energy_ratio_by_chunks__num_segments_10__segment_focus_4,3.564344356364285e-06,0.0004054915529264,5.448020344802288,3.3920181884458294,3.564344356364285e-06,0.0004054915529264,3.801725303367675e-05
1506,"MMA_Y__change_quantiles__f_agg_""var""__isabs_True__qh_0.6__ql_0.0",3.5901224421918966e-06,0.0074378991755163,5.444890739426836,2.1285497130184137,3.5901224421918966e-06,0.0074378991755163,0.00016341043036716376
1507,"ADXL_X__fft_coefficient__attr_""abs""__coeff_86",3.7203460617002103e-06,0.0041490491369302,5.429416660737305,2.3820514218181037,3.7203460617002103e-06,0.0041490491369302,0.0001242412919136747
1508,"MMA_Z__change_quantiles__f_agg_""var""__isabs_True__qh_0.8__ql_0.0",3.72357507141035e-06,0.2050663843832504,5.429039885873088,0.6881055257524309,3.72357507141035e-06,0.2050663843832504,0.0008738306911946523
1509,"ADXL_X__fft_coefficient__attr_""abs""__coeff_84",3.864359052875683e-06,0.0342355722186896,5.412922528364685,1.4655224088703445,3.864359052875683e-06,0.0342355722186896,0.00036372866732452145
1510,ADXL_Z__ar_coefficient__coeff_2__k_10,3.893797558510334e-06,3.383536422358227e-05,5.409626631528705,4.470629144156407,3.893797558510334e-06,3.383536422358227e-05,1.1478155714447009e-05
1511,"MMA_X__change_quantiles__f_agg_""var""__isabs_True__qh_1.0__ql_0.6",3.922034789469738e-06,0.0055612477125709,5.4064885583460205,2.2548277598760484,3.922034789469738e-06,0.0055612477125709,0.0001476868545320201
1512,"ADXL_Z__agg_linear_trend__attr_""rvalue""__chunk_len_5__f_agg_""mean""",3.922034789469738e-06,4.339693449323759e-06,5.4064885583460205,5.362540947438916,3.922034789469738e-06,4.339693449323759e-06,4.125582223623923e-06
1513,"GYRO_Y__fft_coefficient__attr_""abs""__coeff_90",3.929161641204496e-06,0.0025468288265138,5.405700104443686,2.5940002431787685,3.929161641204496e-06,0.0025468288265138,0.0001000345047063856
1514,"ADXL_Y__change_quantiles__f_agg_""var""__isabs_False__qh_1.0__ql_0.4",3.946542100034728e-06,5.130656805751417e-06,5.403783259964849,5.289827034721584,3.946542100034728e-06,5.130656805751417e-06,4.499817005693416e-06
1515,"GYRO_Z__fft_coefficient__attr_""abs""__coeff_77",3.946542100034728e-06,0.0165878706973261,5.403783259964849,1.7802093586261192,3.946542100034728e-06,0.0165878706973261,0.00025586076302733463
1516,"GYRO_X__fft_aggregated__aggtype_""centroid""",3.9877271151607145e-06,7.252173051856137e-06,5.399274568623866,5.139531841287848,3.9877271151607145e-06,7.252173051856137e-06,5.37770277374313e-06
1517,"MMA_Z__agg_linear_trend__attr_""rvalue""__chunk_len_5__f_agg_""mean""",4.160734004236662e-06,4.5211841479125e-06,5.380830047769841,5.344747803783323,4.160734004236662e-06,4.5211841479125e-06,4.337216229753285e-06
1518,ADXL_Z__spkt_welch_density__coeff_5,4.274771661267057e-06,0.0314367702025239,5.369087078339359,1.5025620795306749,4.274771661267057e-06,0.0314367702025239,0.00036658561671663257
1519,MMA_Y__median,4.358633563090444e-06,1.6401548791895137e-17,5.360649641240915,16.785115139756297,1.6401548791895137e-17,4.358633563090444e-06,8.455077826431858e-12
1520,"GYRO_Z__fft_coefficient__attr_""abs""__coeff_97",4.459072840772223e-06,0.0188881621329182,5.350755433215082,1.7238102979999828,4.459072840772223e-06,0.0188881621329182,0.0002902131816079309
1521,"ADXL_Z__agg_linear_trend__attr_""stderr""__chunk_len_50__f_agg_""min""",4.5566637698843855e-06,3.791768750781463e-06,5.341353016243346,5.42115815691466,3.791768750781463e-06,4.5566637698843855e-06,4.1566591501427765e-06
1522,"ADXL_Z__agg_linear_trend__attr_""rvalue""__chunk_len_50__f_agg_""min""",4.64195649366117e-06,2.2302173796500943e-06,5.333298934248784,5.651652804135049,2.2302173796500943e-06,4.64195649366117e-06,3.2175413047454034e-06
1523,ADXL_Y__autocorrelation__lag_4,4.656582354287758e-06,6.222267838472243e-07,5.331932711898051,6.206051298552455,6.222267838472243e-07,4.656582354287758e-06,1.7021898431221494e-06
1524,"GYRO_Z__fft_coefficient__attr_""angle""__coeff_0",4.736193584753726e-06,5.031904567888202e-06,5.324570554791867,5.298267604055745,4.736193584753726e-06,5.031904567888202e-06,4.881810538470852e-06
1525,"MMA_Z__fft_coefficient__attr_""abs""__coeff_95",4.736193584753726e-06,0.0002715389635719,5.324570554791867,3.566167843975117,4.736193584753726e-06,0.0002715389635719,3.586169401018179e-05
1526,GYRO_Y__standard_deviation,4.75968824164341e-06,0.0023226634897885,5.3224214925248905,2.6340137067362446,4.75968824164341e-06,0.0023226634897885,0.00010514349291154813
1527,"MMA_X__agg_linear_trend__attr_""rvalue""__chunk_len_10__f_agg_""mean""",4.8275192521223724e-06,5.535402864029531e-05,5.316275985580916,4.256850765885888,4.8275192521223724e-06,5.535402864029531e-05,1.6346945859809986e-05
1528,ADXL_Z__partial_autocorrelation__lag_4,4.843674896444111e-06,8.769445819791113e-12,5.314825014046443,11.057027850762953,8.769445819791113e-12,4.843674896444111e-06,6.517387864248142e-09
1529,"GYRO_Z__change_quantiles__f_agg_""var""__isabs_True__qh_1.0__ql_0.2",4.9060289742537046e-06,0.1122225489757673,5.309269891245544,0.9499198711383706,4.9060289742537046e-06,0.1122225489757673,0.0007420020733392325
1530,ADXL_Z__ar_coefficient__coeff_1__k_10,4.923302712832841e-06,4.451926268578678e-06,5.307743460495543,5.351452036928206,4.451926268578678e-06,4.923302712832841e-06,4.6816856660208615e-06
1531,"ADXL_X__fft_coefficient__attr_""abs""__coeff_68",5.235400107658301e-06,0.02130397451325,5.281050122407651,1.6715393661317095,5.235400107658301e-06,0.02130397451325,0.00033396830756857567
1532,"ADXL_X__linear_trend__attr_""rvalue""",5.235400107658301e-06,1.9832300198138902e-05,5.281050122407651,4.702626912349126,5.235400107658301e-06,1.9832300198138902e-05,1.0189701987420836e-05
1533,"GYRO_X__fft_coefficient__attr_""abs""__coeff_32",5.4459397921820335e-06,0.0011054262654137,5.263927164330547,2.956470220603966,5.4459397921820335e-06,0.0011054262654137,7.758920598987753e-05
1534,"MMA_X__fft_coefficient__attr_""abs""__coeff_39",5.52319886282849e-06,0.0216123367397528,5.257809319717793,1.6652982743793177,5.52319886282849e-06,0.0216123367397528,0.0003454985292357538
1535,MMA_Y__range_count__max_1000000000000.0__min_0,5.587546625868857e-06,0.1350138875393722,5.252778839829032,0.869621557641906,5.587546625868857e-06,0.1350138875393722,0.0008685599528910232
1536,MMA_Z__number_peaks__n_1,5.6357029405869466e-06,6.028176029658886e-13,5.2490519067379715,12.219814074274908,6.028176029658886e-13,5.6357029405869466e-06,1.843176860117453e-09
1537,"GYRO_Y__fft_coefficient__attr_""abs""__coeff_98",5.6554816099593664e-06,8.346491068557651e-05,5.247530405479167,4.078496067013377,5.6554816099593664e-06,8.346491068557651e-05,2.172634961191546e-05
1538,"ADXL_Z__fft_coefficient__attr_""abs""__coeff_95",5.688447489006277e-06,0.0002045456601805,5.245006246602858,3.6892097304391616,5.688447489006277e-06,0.0002045456601805,3.411080836100042e-05
1539,ADXL_X__energy_ratio_by_chunks__num_segments_10__segment_focus_2,5.921384781310522e-06,1.3830832986219158e-07,5.2275767168321545,6.859151662954724,1.3830832986219158e-07,5.921384781310522e-06,9.049733916389237e-07
1540,MMA_Z__ratio_beyond_r_sigma__r_10,5.921556172061078e-06,1.7419014931162945e-06,5.2275641466340055,5.758976408573856,1.7419014931162945e-06,5.921556172061078e-06,3.211661180399514e-06
1541,ADXL_Z__number_peaks__n_3,5.924901018402452e-06,8.352780606094786e-12,5.227318900595613,11.078168925611228,8.352780606094786e-12,5.924901018402452e-06,7.034870170766711e-09
1542,GYRO_Z__number_peaks__n_10,5.93860091349301e-06,8.905902851029127e-22,5.226315859247549,21.050322046628118,8.905902851029127e-22,5.93860091349301e-06,7.272455074223668e-14
1543,"ADXL_Z__agg_linear_trend__attr_""rvalue""__chunk_len_10__f_agg_""mean""",5.96288218458242e-06,5.9589705875344974e-06,5.224543771417503,5.224828758173635,5.9589705875344974e-06,5.96288218458242e-06,5.960926065206654e-06
1544,"ADXL_X__fft_coefficient__attr_""abs""__coeff_91",6.021056858298237e-06,0.0047945813130458,5.220327271625507,2.31924931161593,6.021056858298237e-06,0.0047945813130458,0.00016990717082449164
1545,MMA_Z__ar_coefficient__coeff_4__k_10,6.055595585150147e-06,0.0036638404413161,5.217843136315503,2.4360634479312693,6.055595585150147e-06,0.0036638404413161,0.00014895212654114187
1546,"GYRO_Y__agg_linear_trend__attr_""intercept""__chunk_len_50__f_agg_""max""",6.138665147712107e-06,4.670568512746154e-07,5.211926055895989,6.3306302528554745,4.670568512746154e-07,6.138665147712107e-06,1.693252968377625e-06
1547,"MMA_X__fft_coefficient__attr_""abs""__coeff_86",6.195239453256385e-06,0.0052651898886051,5.2079419029734435,2.2785859614041812,6.195239453256385e-06,0.0052651898886051,0.0001806076192378741
1548,"MMA_X__agg_linear_trend__attr_""rvalue""__chunk_len_5__f_agg_""mean""",6.205771623515148e-06,5.5767121022324666e-05,5.20720421078088,4.2536217753827685,6.205771623515148e-06,5.5767121022324666e-05,1.8603172233935736e-05
1549,"MMA_Z__agg_linear_trend__attr_""rvalue""__chunk_len_10__f_agg_""mean""",6.228938511611281e-06,6.021012968134505e-06,5.205585956202392,5.220330437402852,6.021012968134505e-06,6.228938511611281e-06,6.12409336605215e-06
1550,"MMA_Z__fft_coefficient__attr_""abs""__coeff_23",6.247565822264763e-06,0.0116241980794004,5.204289159595945,1.9346369981544924,6.247565822264763e-06,0.0116241980794004,0.0002694864423901463
1551,"GYRO_Y__fft_coefficient__attr_""abs""__coeff_35",6.276011068046288e-06,0.2272072571985421,5.202316299185294,0.6435778009938297,6.276011068046288e-06,0.2272072571985421,0.001194133686367858
1552,"MMA_Y__change_quantiles__f_agg_""var""__isabs_False__qh_1.0__ql_0.2",6.305991427417474e-06,0.0011054262654137,5.20024662398263,2.956470220603966,6.305991427417474e-06,0.0011054262654137,8.349136813671762e-05
1553,"ADXL_X__agg_linear_trend__attr_""rvalue""__chunk_len_5__f_agg_""min""",6.307731608298267e-06,1.711493784254108e-06,5.2001267940233555,5.7666246737794165,1.711493784254108e-06,6.307731608298267e-06,3.2856724487303433e-06
1554,"GYRO_Y__fft_coefficient__attr_""abs""__coeff_97",6.363005110253891e-06,0.0009772461130993,5.196337727973241,3.0099960482560455,6.363005110253891e-06,0.0009772461130993,7.885570373553583e-05
1555,MMA_Z__variance_larger_than_standard_deviation,6.433867670221133e-06,6.835671124623621e-06,5.191527875775324,5.165218840070231,6.433867670221133e-06,6.835671124623621e-06,6.631727033961821e-06
1556,ADXL_Z__variance_larger_than_standard_deviation,6.433867670221133e-06,6.835671124623621e-06,5.191527875775324,5.165218840070231,6.433867670221133e-06,6.835671124623621e-06,6.631727033961821e-06
1557,"ADXL_X__fft_coefficient__attr_""abs""__coeff_51",6.453691558487054e-06,0.0199121839603925,5.190191794687933,1.7008811041146952,6.453691558487054e-06,0.0199121839603925,0.00035847886065460874
1558,MMA_Z__cid_ce__normalize_False,6.598389433168921e-06,0.0150065810299803,5.180562056222428,1.8237182423967733,6.598389433168921e-06,0.0150065810299803,0.00031467326816273286
1559,MMA_X__last_location_of_maximum,6.64317316619558e-06,5.037902528766965e-09,5.177624426748123,8.297750239304788,5.037902528766965e-09,6.64317316619558e-06,1.829416816720934e-07
1560,"MMA_Z__agg_linear_trend__attr_""rvalue""__chunk_len_5__f_agg_""min""",6.64317316619558e-06,4.21566718985645e-06,5.177624426748123,5.375133682262789,4.21566718985645e-06,6.64317316619558e-06,5.2920135254235226e-06
1561,ADXL_Y__c3__lag_2,6.683309033351481e-06,9.82151147167419e-07,5.1750084568209,6.007821671755289,9.82151147167419e-07,6.683309033351481e-06,2.5620342765038356e-06
1562,ADXL_X__last_location_of_minimum,6.796887161048249e-06,2.4135720946078732e-08,5.167689939985178,7.617339724057743,2.4135720946078732e-08,6.796887161048249e-06,4.0502811238362927e-07
1563,ADXL_X__ratio_beyond_r_sigma__r_0.5,6.831371287317432e-06,1.7446993407530036e-05,5.165492109973182,4.75827940303262,6.831371287317432e-06,1.7446993407530036e-05,1.0917274834601224e-05
1564,MMA_X__friedrich_coefficients__coeff_1__m_3__r_30,7.068532123784035e-06,1.5399255494121086e-10,5.150670763958106,9.812500275436975,1.5399255494121086e-10,7.068532123784035e-06,3.2992443398837964e-08
1565,"MMA_X__agg_linear_trend__attr_""rvalue""__chunk_len_50__f_agg_""mean""",7.110263213669511e-06,0.0002427618103955,5.148114321896345,3.6148196324196493,7.110263213669511e-06,0.0002427618103955,4.154636410251728e-05
1566,ADXL_Z__energy_ratio_by_chunks__num_segments_10__segment_focus_4,7.124421984688883e-06,0.0001714422537496,5.147250364869343,3.765882132770116,7.124421984688883e-06,0.0001714422537496,3.494891932117873e-05
1567,"ADXL_Y__change_quantiles__f_agg_""var""__isabs_False__qh_1.0__ql_0.6",7.149811464822148e-06,2.3770858777491236e-09,5.1457054100684205,8.623955128091405,2.3770858777491236e-09,7.149811464822148e-06,1.3036761814805663e-07
1568,ADXL_Z__count_below_mean,7.149811464822148e-06,5.5577742854903975e-08,5.1457054100684205,7.255099094938374,5.5577742854903975e-08,7.149811464822148e-06,6.303732093394592e-07
1569,"ADXL_X__change_quantiles__f_agg_""var""__isabs_False__qh_1.0__ql_0.6",7.171451120944669e-06,0.0020042748220306,5.14439295729543,2.698042729157958,7.171451120944669e-06,0.0020042748220306,0.00011988977820953931
1570,"ADXL_X__agg_linear_trend__attr_""slope""__chunk_len_5__f_agg_""var""",7.218755288575778e-06,3.1680617460851813e-16,5.141537680256549,15.499206362523596,3.1680617460851813e-16,7.218755288575778e-06,4.782202681201103e-11
1571,"GYRO_X__augmented_dickey_fuller__attr_""usedlag""__autolag_""AIC""",7.360731839000714e-06,0.0002627240008914,5.133079003890916,3.580500250858509,7.360731839000714e-06,0.0002627240008914,4.3975458135543965e-05
1572,"MMA_X__fft_coefficient__attr_""abs""__coeff_84",7.4259585302722676e-06,0.055381796352171,5.129247480389177,1.2566329616785092,7.4259585302722676e-06,0.055381796352171,0.0006412978426933977
1573,"ADXL_Z__agg_autocorrelation__f_agg_""var""__maxlag_40",7.439957212651399e-06,0.0978877494443972,5.128429562083533,1.0092716563235513,7.439957212651399e-06,0.0978877494443972,0.000853393618155805
1574,ADXL_Y__count_below__t_0,7.583687669152108e-06,0.1222130275341315,5.120119561529291,0.9128824971652807,7.583687669152108e-06,0.1222130275341315,0.0009627177311758312
1575,GYRO_X__autocorrelation__lag_7,7.589281005388032e-06,9.482384161104197e-08,5.119799366421158,7.02308245402992,9.482384161104197e-08,7.589281005388032e-06,8.483187962061221e-07
1576,"ADXL_X__change_quantiles__f_agg_""var""__isabs_True__qh_1.0__ql_0.4",7.606580397092648e-06,0.0093224207074006,5.1188105401342785,2.0304713018776046,7.606580397092648e-06,0.0093224207074006,0.0002662925883429052
1577,MMA_Z__large_standard_deviation__r_0.2,7.6586452969925e-06,8.201786043937295e-06,5.115848043953833,5.086091564132827,7.6586452969925e-06,8.201786043937295e-06,7.925564340306568e-06
1578,MMA_Y__ratio_beyond_r_sigma__r_10,7.689688671985427e-06,2.775950441512157e-08,5.114091242874226,7.55658829152047,2.775950441512157e-08,7.689688671985427e-06,4.620194223632701e-07
1579,"GYRO_Y__fft_coefficient__attr_""abs""__coeff_57",7.717750614329868e-06,0.1136459494158733,5.112509259007724,0.9444460388451626,7.717750614329868e-06,0.1136459494158733,0.0009365314174764546
1580,MMA_Y__large_standard_deviation__r_0.4,7.75868314342532e-06,8.313066101791634e-06,5.110211983906087,5.080238766168476,7.75868314342532e-06,8.313066101791634e-06,8.031092443382232e-06
1581,GYRO_X__ar_coefficient__coeff_6__k_10,7.75868314342532e-06,0.0201311590997732,5.110211983906087,1.6961312188449156,7.75868314342532e-06,0.0201311590997732,0.0003952104309921786
1582,"GYRO_Z__fft_coefficient__attr_""abs""__coeff_15",8.060098559724425e-06,0.0813535645716177,5.093659647564295,1.0896234133495148,8.060098559724425e-06,0.0813535645716177,0.0008097640079876012
1583,ADXL_Y__c3__lag_1,8.209320241379627e-06,1.657824801984737e-06,5.085692802398211,5.780461367363292,1.657824801984737e-06,8.209320241379627e-06,3.689121128886184e-06
1584,GYRO_Y__large_standard_deviation__r_0.1,8.292773019225709e-06,8.869721220642132e-06,5.081300221491769,5.05209003002616,8.292773019225709e-06,8.869721220642132e-06,8.576396960646981e-06
1585,ADXL_Z__large_standard_deviation__r_0.15000000000000002,8.346399274879988e-06,8.921228540531434e-06,5.078500843356703,5.049575334902522,8.346399274879988e-06,8.921228540531434e-06,8.629028648795311e-06
1586,"ADXL_Z__agg_linear_trend__attr_""rvalue""__chunk_len_5__f_agg_""min""",8.394204829446854e-06,4.456082021534771e-06,5.076020437648574,5.351046823854949,4.456082021534771e-06,8.394204829446854e-06,6.1159844036408785e-06
1587,"GYRO_Z__fft_coefficient__attr_""abs""__coeff_22",8.45089274342455e-06,0.0208544556152626,5.073097410214392,1.6808011424939233,8.45089274342455e-06,0.0208544556152626,0.0004198080128190648
1588,"MMA_Z__fft_coefficient__attr_""real""__coeff_3",8.505812481406061e-06,0.0004934886432714,5.070284195944625,3.306722837363778,8.505812481406061e-06,0.0004934886432714,6.478828490838461e-05
1589,"MMA_Z__fft_coefficient__attr_""abs""__coeff_15",8.530268439129564e-06,0.0002466346434307,5.069037301798676,3.607945920465099,8.530268439129564e-06,0.0002466346434307,4.5867850558456234e-05
1590,"MMA_X__fft_coefficient__attr_""abs""__coeff_51",8.589148574013857e-06,0.0267460822025114,5.066049884822332,1.5727398249489832,8.589148574013857e-06,0.0267460822025114,0.00047929747945316614
1591,ADXL_Y__c3__lag_3,8.606749199280058e-06,2.3541558830084827e-07,5.065160852193593,6.628164783255978,2.3541558830084827e-07,8.606749199280058e-06,1.4234334990108844e-06
1592,"GYRO_Z__change_quantiles__f_agg_""var""__isabs_False__qh_1.0__ql_0.6",8.631042998798867e-06,0.120808462106958,5.063936719782717,0.9179026442112146,8.631042998798867e-06,0.120808462106958,0.001021128312732498
1593,MMA_X__count_below_mean,8.71411547946648e-06,1.4732833149450848e-05,5.05977668909125,4.8317137295416694,8.71411547946648e-06,1.4732833149450848e-05,1.1330649116622866e-05
1594,"ADXL_Z__fft_coefficient__attr_""abs""__coeff_28",8.912162488516471e-06,0.0249513150625591,5.0500169039451706,1.6029065598858052,8.912162488516471e-06,0.0249513150625591,0.0004715614213861172
1595,"ADXL_Y__agg_linear_trend__attr_""stderr""__chunk_len_50__f_agg_""min""",8.915705757675019e-06,0.0029325747263165,5.049844272843968,2.532750912609389,8.915705757675019e-06,0.0029325747263165,0.00016169716562831971
1596,"MMA_Z__fft_coefficient__attr_""abs""__coeff_30",8.940960882420127e-06,0.5016270776824999,5.0486158051964605,0.29961902845585975,8.940960882420127e-06,0.5016270776824999,0.0021177884878150494
1597,"MMA_Z__fft_coefficient__attr_""abs""__coeff_47",9.003026442851635e-06,0.0304411070358401,5.045611474284266,1.516539557853686,9.003026442851635e-06,0.0304411070358401,0.0005235093997182337
1598,"MMA_X__fft_coefficient__attr_""abs""__coeff_91",9.08920616370128e-06,0.0088081253441062,5.041474045686609,2.0551165137608356,9.08920616370128e-06,0.0088081253441062,0.00028294675677290157
1599,"MMA_Z__agg_linear_trend__attr_""rvalue""__chunk_len_10__f_agg_""min""",9.267852236337188e-06,3.318336759868276e-06,5.033020899078756,5.47907954190085,3.318336759868276e-06,9.267852236337188e-06,5.545615814394746e-06
1600,"GYRO_Z__fft_coefficient__attr_""abs""__coeff_62",9.343340758070774e-06,0.0046849039116241,5.029497811844726,2.3292993121570733,9.343340758070774e-06,0.0046849039116241,0.00020921915224262488
1601,"MMA_X__agg_linear_trend__attr_""rvalue""__chunk_len_5__f_agg_""min""",9.38590554069445e-06,2.798865989825388e-06,5.027523820820476,5.553017895128922,2.798865989825388e-06,9.38590554069445e-06,5.125416256418923e-06
1602,"ADXL_Y__fft_coefficient__attr_""abs""__coeff_71",9.4211647034203e-06,0.0521656063568705,5.02589540368264,1.2826157401478682,9.4211647034203e-06,0.0521656063568705,0.0007010426301886826
1603,MMA_X__energy_ratio_by_chunks__num_segments_10__segment_focus_3,9.456966175114444e-06,0.0001729361186904,5.0242481643091095,3.762114292383974,9.456966175114444e-06,0.0001729361186904,4.0440709995135965e-05
1604,"MMA_X__fft_coefficient__attr_""abs""__coeff_72",9.558139865680324e-06,0.0345963072374973,5.019626618673067,1.4609702547322438,9.558139865680324e-06,0.0345963072374973,0.0005750446447120846
1605,"ADXL_Z__change_quantiles__f_agg_""var""__isabs_False__qh_0.8__ql_0.0",9.578058052969142e-06,0.0033436561413924,5.018722535010288,2.4757783913928173,9.578058052969142e-06,0.0033436561413924,0.0001789573486376662
1606,MMA_Y__count_below__t_0,9.579722461188944e-06,0.1024931602792278,5.01864707289642,0.9893051156043361,9.579722461188944e-06,0.1024931602792278,0.000990886486760798
1607,"ADXL_X__fft_coefficient__attr_""abs""__coeff_34",9.581756527626531e-06,0.0235741908107435,5.018554868757741,1.627563205587887,9.581756527626531e-06,0.0235741908107435,0.0004752706141603486
1608,MMA_Y__large_standard_deviation__r_0.2,9.659115993645168e-06,1.0405358777804117e-05,5.015062618579284,4.9827429406773165,9.659115993645168e-06,1.0405358777804117e-05,1.002529637418784e-05
1609,"MMA_Z__change_quantiles__f_agg_""mean""__isabs_True__qh_1.0__ql_0.6",9.721955657843893e-06,4.765083414727542e-10,5.012246364088223,9.321929492457176,4.765083414727542e-10,9.721955657843893e-06,6.806315424949723e-08
1610,"ADXL_Y__change_quantiles__f_agg_""mean""__isabs_True__qh_1.0__ql_0.8",9.758981162333572e-06,8.297230342703368e-09,5.01059552031209,8.081066853119893,8.297230342703368e-09,9.758981162333572e-06,2.8455669841700214e-07
1611,ADXL_Z__symmetry_looking__r_0.15000000000000002,9.789984822628206e-06,1.056136293750054e-05,5.0092179814812265,4.976280032745312,9.789984822628206e-06,1.056136293750054e-05,1.0168361857467423e-05
1612,"MMA_X__agg_linear_trend__attr_""stderr""__chunk_len_50__f_agg_""min""",9.789984822628206e-06,0.0926844670407697,5.0092179814812265,1.032993043026156,9.789984822628206e-06,0.0926844670407697,0.0009525647094148089
1613,MMA_Y__autocorrelation__lag_3,9.79714324158166e-06,1.201758147484947e-07,5.008900542193665,6.920182924830055,1.201758147484947e-07,9.79714324158166e-06,1.0850712747394913e-06
1614,"ADXL_X__cwt_coefficients__coeff_4__w_10__widths_(2, 5, 10, 20)",9.89651710272417e-06,1.790163778661679e-120,5.004517620473473,119.74710723443059,1.790163778661679e-120,9.89651710272417e-06,4.2090838019933307e-63
1615,GYRO_Y__quantile__q_0.1,9.912729339128407e-06,5.360277686202861e-13,5.0038067517988525,12.270812711340476,5.360277686202861e-13,9.912729339128407e-06,2.3051026416604195e-09
1616,"ADXL_Y__change_quantiles__f_agg_""var""__isabs_True__qh_1.0__ql_0.2",9.95451168163864e-06,1.3175010643653898e-05,5.001980039420731,4.880249025263174,9.95451168163864e-06,1.3175010643653898e-05,1.145210886072806e-05
1617,ADXL_Y__autocorrelation__lag_5,9.960374336416283e-06,5.495717215236564e-06,5.001724339368973,5.259975622204318,5.495717215236564e-06,9.960374336416283e-06,7.39860802521957e-06
1618,MMA_Z__count_below_mean,1.0034220675356636e-05,1.29535465673082e-07,4.998516352078865,6.887611309286335,1.29535465673082e-07,1.0034220675356636e-05,1.1400822110044474e-06
1619,"MMA_X__cwt_coefficients__coeff_6__w_20__widths_(2, 5, 10, 20)",1.008797367646934e-05,4.8881760201037225e-60,4.996196059680318,59.31085316381637,4.8881760201037225e-60,1.008797367646934e-05,7.022235471468826e-33
1620,"ADXL_Y__fft_coefficient__attr_""abs""__coeff_62",1.022546916677275e-05,0.1832235690240382,4.990316756487757,0.7370186614612557,1.022546916677275e-05,0.1832235690240382,0.0013687757141626093
1621,"ADXL_Y__change_quantiles__f_agg_""var""__isabs_True__qh_1.0__ql_0.4",1.0533215476355e-05,4.485057006828406e-06,4.977439031429268,5.348232032532115,4.485057006828406e-06,1.0533215476355e-05,6.873286832124744e-06
1622,GYRO_Y__time_reversal_asymmetry_statistic__lag_2,1.0764506834666503e-05,4.4917047966570827e-10,4.968005862160896,9.347588794128237,4.4917047966570827e-10,1.0764506834666503e-05,6.953487397192827e-08
1623,"MMA_X__cwt_coefficients__coeff_3__w_2__widths_(2, 5, 10, 20)",1.0850295062986742e-05,7.857628757873154e-79,4.964558451448211,78.10470849374968,7.857628757873154e-79,1.0850295062986742e-05,2.919890246538964e-42
1624,"ADXL_X__change_quantiles__f_agg_""mean""__isabs_False__qh_0.4__ql_0.2",1.0974282901384358e-05,9.328633206687624e-05,4.9596238485023845,4.030181982649705,1.0974282901384358e-05,9.328633206687624e-05,3.199610287104327e-05
1625,GYRO_Y__quantile__q_0.9,1.097894027106683e-05,2.277126890560806e-06,4.959439577612617,5.6426127680959155,2.277126890560806e-06,1.097894027106683e-05,5.0000440119170174e-06
1626,MMA_Y__count_above__t_0,1.0988289696820134e-05,0.1013077395449248,4.959069899299537,0.9943573748444909,1.0988289696820134e-05,0.1013077395449248,0.0010550823620218636
1627,MMA_X__mean_n_absolute_max__number_of_maxima_7,1.105749282503573e-05,0.188556567528028,4.956343333762419,0.7245583362813832,1.105749282503573e-05,0.188556567528028,0.0014439400585046925
1628,"ADXL_X__agg_linear_trend__attr_""rvalue""__chunk_len_5__f_agg_""max""",1.113159647660056e-05,0.0002019596215617,4.953442545345725,3.694735451770468,1.113159647660056e-05,0.0002019596215617,4.7414481034719785e-05
1629,"MMA_Z__fft_coefficient__attr_""abs""__coeff_58",1.1259898857584076e-05,0.0497417088308455,4.948465510531777,1.3032792990206694,1.1259898857584076e-05,0.0497417088308455,0.0007483893441509686
1630,GYRO_Z__variance,1.1326469534630236e-05,0.0499465432424834,4.945905438818241,1.3014945635473818,1.1326469534630236e-05,0.0499465432424834,0.0007521422740386821
1631,ADXL_Z__number_peaks__n_10,1.1326469534630236e-05,3.352919996825434e-14,4.945905438818241,13.474576809038155,3.352919996825434e-14,1.1326469534630236e-05,6.162527581771605e-10
1632,"GYRO_Z__agg_linear_trend__attr_""rvalue""__chunk_len_50__f_agg_""min""",1.1456372958167838e-05,1.357797867482442e-05,4.940952856502896,4.867164877751284,1.1456372958167838e-05,1.357797867482442e-05,1.24721444714547e-05
1633,"GYRO_X__fft_coefficient__attr_""abs""__coeff_27",1.1477215482196504e-05,0.0045537477858158,4.94016346449909,2.3416310269184524,1.1477215482196504e-05,0.0045537477858158,0.00022861396411720598
1634,"ADXL_X__agg_linear_trend__attr_""slope""__chunk_len_50__f_agg_""min""",1.1514633078742378e-05,2.5887309454639124e-07,4.9387498965548415,6.586913084741787,2.5887309454639124e-07,1.1514633078742378e-05,1.7265076593112118e-06
1635,"MMA_Y__fft_coefficient__attr_""abs""__coeff_67",1.1519738217933503e-05,0.0331151996356107,4.938557389992557,1.4799726224566587,1.1519738217933503e-05,0.0331151996356107,0.0006176394019465097
1636,"GYRO_Y__fft_coefficient__attr_""abs""__coeff_80",1.1571363031030108e-05,9.870102696355335e-05,4.936615480980027,4.005678328563555,1.1571363031030108e-05,9.870102696355335e-05,3.3795050148368874e-05
1637,"ADXL_X__change_quantiles__f_agg_""mean""__isabs_False__qh_0.8__ql_0.6",1.1612618612117618e-05,0.0068104104681488,4.935069837060727,2.1668267120696134,1.1612618612117618e-05,0.0068104104681488,0.00028122357539613464
1638,"MMA_Z__fft_coefficient__attr_""abs""__coeff_28",1.166550760582778e-05,0.0217367306455955,4.933096358832197,1.662805776227207,1.166550760582778e-05,0.0217367306455955,0.0005035573419899904
1639,"ADXL_Z__fft_coefficient__attr_""abs""__coeff_20",1.166550760582778e-05,0.0127240112193647,4.933096358832197,1.8953759566264448,1.166550760582778e-05,0.0127240112193647,0.0003852688018204133
1640,"GYRO_X__fft_coefficient__attr_""abs""__coeff_53",1.169146137200473e-05,2.64544337150611e-07,4.932131200888541,6.5775015305619515,2.64544337150611e-07,1.169146137200473e-05,1.758667080199935e-06
1641,"ADXL_Z__fft_coefficient__attr_""real""__coeff_3",1.1883179480713072e-05,0.0005737018683703,4.925067343346074,3.2413137357518798,1.1883179480713072e-05,0.0005737018683703,8.256756185248963e-05
1642,"ADXL_X__agg_linear_trend__attr_""intercept""__chunk_len_50__f_agg_""min""",1.2292914744547978e-05,4.259320959062812e-13,4.910345130344692,12.370659632643344,4.259320959062812e-13,1.2292914744547978e-05,2.288219163878877e-09
1643,"GYRO_X__agg_linear_trend__attr_""slope""__chunk_len_50__f_agg_""min""",1.2306240455426163e-05,6.335127323722386e-18,4.909874603351314,17.198244652219472,6.335127323722386e-18,1.2306240455426163e-05,8.829586635934216e-12
1644,ADXL_Y__energy_ratio_by_chunks__num_segments_10__segment_focus_0,1.2399467737852276e-05,0.4140777517421148,4.90659695705349,0.3829181033667424,1.2399467737852276e-05,0.4140777517421148,0.0022659090281140497
1645,"ADXL_Z__agg_linear_trend__attr_""rvalue""__chunk_len_10__f_agg_""min""",1.2454139330229762e-05,3.5800600255848656e-06,4.904686279933756,5.4461096916349705,3.5800600255848656e-06,1.2454139330229762e-05,6.677317303320237e-06
1646,"MMA_Z__fft_coefficient__attr_""abs""__coeff_37",1.2477425767834637e-05,0.291803473123341,4.903875005209842,0.534909543322192,1.2477425767834637e-05,0.291803473123341,0.0019081289722376778
1647,"ADXL_Y__agg_linear_trend__attr_""stderr""__chunk_len_10__f_agg_""max""",1.2509354274861576e-05,0.0003494001562819,4.902765107740813,3.4566769050990764,1.2509354274861576e-05,0.0003494001562819,6.61118018104354e-05
1648,"GYRO_Z__agg_autocorrelation__f_agg_""var""__maxlag_40",1.265581167572296e-05,1.7844732030929733e-05,4.897709996299215,4.748489969331315,1.265581167572296e-05,1.7844732030929733e-05,1.5027959541707184e-05
1649,ADXL_Y__range_count__max_1000000000000.0__min_0,1.2671514264591462e-05,0.1716986391191027,4.897171483185985,0.7652331470371408,1.2671514264591462e-05,0.1716986391191027,0.0014750192387927186
1650,"ADXL_Z__fft_coefficient__attr_""abs""__coeff_58",1.269391054057608e-05,0.0572037125641482,4.896404566670484,1.2425757842524146,1.269391054057608e-05,0.0572037125641482,0.0008521377880824938
1651,"GYRO_Y__agg_linear_trend__attr_""stderr""__chunk_len_5__f_agg_""min""",1.2761221194246474e-05,0.0049839181628461,4.894107763503158,2.3024290975118387,1.2761221194246474e-05,0.0049839181628461,0.00025219215310969055
1652,"ADXL_Z__fft_coefficient__attr_""abs""__coeff_47",1.2762596705824989e-05,0.0227169291664033,4.894060954119761,1.6436503761397936,1.2762596705824989e-05,0.0227169291664033,0.0005384487026129772
1653,"MMA_X__change_quantiles__f_agg_""mean""__isabs_False__qh_0.4__ql_0.2",1.2895000976102072e-05,1.595357484085346e-05,4.889578620651617,4.797141985979889,1.2895000976102072e-05,1.595357484085346e-05,1.4342990035035332e-05
1654,"GYRO_Y__change_quantiles__f_agg_""var""__isabs_False__qh_0.4__ql_0.2",1.3362068293039137e-05,2.073733641163453e-06,4.874126312913537,5.6832470269256135,2.073733641163453e-06,1.3362068293039137e-05,5.2639690856613865e-06
1655,"GYRO_Y__fft_coefficient__attr_""abs""__coeff_50",1.3456807312853835e-05,0.0060119357505398,4.871057966180506,2.2209856693584378,1.3456807312853835e-05,0.0060119357505398,0.0002844318213074469
1656,ADXL_Y__ar_coefficient__coeff_4__k_10,1.3465111331760824e-05,2.4422103388769125e-05,4.870790051419236,4.612216934543603,1.3465111331760824e-05,2.4422103388769125e-05,1.813412090743716e-05
1657,ADXL_Y__ratio_beyond_r_sigma__r_10,1.3465111331760824e-05,3.354835852805122e-07,4.870790051419236,6.474328724366805,3.354835852805122e-07,1.3465111331760824e-05,2.1253996861250296e-06
1658,"MMA_Y__agg_linear_trend__attr_""stderr""__chunk_len_10__f_agg_""max""",1.3613185619539812e-05,0.0003717246375097,4.866040233716651,3.4297786533785475,1.3613185619539812e-05,0.0003717246375097,7.113618270455407e-05
1659,"MMA_X__fft_coefficient__attr_""abs""__coeff_68",1.3796091227467422e-05,0.0228616876007156,4.86024394249726,1.640891714070805,1.3796091227467422e-05,0.0228616876007156,0.0005616065595711407
1660,"GYRO_Y__fft_coefficient__attr_""abs""__coeff_19",1.3796091227467422e-05,0.0051629890135082,4.86024394249726,2.2870987991011096,1.3796091227467422e-05,0.0051629890135082,0.0002668877431370185
1661,ADXL_Y__cid_ce__normalize_False,1.3821399374467688e-05,0.0007950790992449,4.859447983746013,3.0995896629702764,1.3821399374467688e-05,0.0007950790992449,0.00010482893572366265
1662,"GYRO_Z__fft_coefficient__attr_""abs""__coeff_23",1.3984703750239374e-05,0.0968304856276639,4.854346729220881,1.0139878900522865,1.3984703750239374e-05,0.0968304856276639,0.0011636776424313957
1663,"GYRO_X__change_quantiles__f_agg_""mean""__isabs_True__qh_0.4__ql_0.2",1.3984703750239374e-05,3.71063198710408e-14,4.854346729220881,13.430552115954454,3.71063198710408e-14,1.3984703750239374e-05,7.203616388024324e-10
1664,"ADXL_X__fft_coefficient__attr_""abs""__coeff_49",1.4105450771766911e-05,0.0071901390988268,4.85061303041873,2.1432627077716964,1.4105450771766911e-05,0.0071901390988268,0.00031846530910078407
1665,ADXL_Y__index_mass_quantile__q_0.7,1.4375102330235262e-05,0.0001138253464167,4.842389055069753,3.94376101928349,1.4375102330235262e-05,0.0001138253464167,4.04505995322015e-05
1666,"ADXL_Z__fft_coefficient__attr_""abs""__coeff_15",1.4375102330235262e-05,0.000458110052472,4.842389055069753,3.339030178240901,1.4375102330235262e-05,0.000458110052472,8.115034739786667e-05
1667,MMA_X__ratio_beyond_r_sigma__r_0.5,1.441976299815898e-05,2.8447006558692653e-05,4.841041877580364,4.545963427105106,1.441976299815898e-05,2.8447006558692653e-05,2.0253372375568027e-05
1668,"ADXL_X__cwt_coefficients__coeff_7__w_5__widths_(2, 5, 10, 20)",1.4692254577057556e-05,2.8418348813996978e-130,4.832911555112107,129.5464011594065,2.8418348813996978e-130,1.4692254577057556e-05,6.461653158711517e-68
1669,MMA_X__energy_ratio_by_chunks__num_segments_10__segment_focus_6,1.4716296441790151e-05,0.0020839058400301,4.832201472421708,2.681121908251206,1.4716296441790151e-05,0.0020839058400301,0.00017512103271355122
1670,"MMA_X__fft_coefficient__attr_""abs""__coeff_34",1.4869152935497614e-05,0.0171332270861693,4.82771377162045,1.7661608288780906,1.4869152935497614e-05,0.0171332270861693,0.0005047341615373993
1671,"GYRO_X__fft_coefficient__attr_""abs""__coeff_31",1.4959745998820306e-05,0.0026556550774195,4.825075780284874,2.5758283328059126,1.4959745998820306e-05,0.0026556550774195,0.00019931865296221826
1672,"ADXL_Z__change_quantiles__f_agg_""mean""__isabs_True__qh_1.0__ql_0.6",1.497637872521338e-05,8.793735531893095e-14,4.824593185954352,13.055826599754132,8.793735531893095e-14,1.497637872521338e-05,1.147598857332111e-09
1673,"GYRO_Z__fft_coefficient__attr_""abs""__coeff_50",1.50701366223475e-05,0.0369535290998123,4.821882810454932,1.4323440797214821,1.50701366223475e-05,0.0369535290998123,0.000746253798792385
1674,"MMA_Z__fft_coefficient__attr_""abs""__coeff_51",1.5384810391295252e-05,0.2126227853493331,4.812907851806618,0.6723901969094064,1.5384810391295252e-05,0.2126227853493331,0.0018086351863956865
1675,MMA_X__index_mass_quantile__q_0.1,1.5738204748365676e-05,5.7552754450556425e-05,4.803044808974727,4.239933886386039,1.5738204748365676e-05,5.7552754450556425e-05,3.0096129873710854e-05
1676,ADXL_Z__ar_coefficient__coeff_4__k_10,1.5738204748365676e-05,2.2422224991238886e-06,4.803044808974727,5.649321293905543,2.2422224991238886e-06,1.5738204748365676e-05,5.940417222940147e-06
1677,"GYRO_Z__fft_coefficient__attr_""abs""__coeff_64",1.5812184761308968e-05,0.0133587228717046,4.801008119680183,1.874235059546364,1.5812184761308968e-05,0.0133587228717046,0.00045959829658356774
1678,"GYRO_Z__fft_coefficient__attr_""abs""__coeff_96",1.5945464943901332e-05,0.0204904155245101,4.797362812913537,1.6884492344649813,1.5945464943901332e-05,0.0204904155245101,0.0005716023114299377
1679,GYRO_Y__count_below_mean,1.594932829506514e-05,8.531013108544002e-05,4.797257602505824,4.068999390717162,1.594932829506514e-05,8.531013108544002e-05,3.688684437000168e-05
1680,"ADXL_Z__fft_coefficient__attr_""abs""__coeff_51",1.6039222338853173e-05,0.2623001598258837,4.794816692294513,0.5812014447833475,1.6039222338853173e-05,0.2623001598258837,0.002051119348785943
1681,ADXL_X__maximum,1.6212191932913224e-05,0.038168753406237,4.790158263373986,1.4182920239029642,1.6212191932913224e-05,0.038168753406237,0.0007866378811511366
1682,"GYRO_Y__fft_coefficient__attr_""abs""__coeff_39",1.6309231521906944e-05,0.2831573273300497,4.7875665020902005,0.5479721955496053,1.6309231521906944e-05,0.2831573273300497,0.002148971476904747
1683,GYRO_Y__percentage_of_reoccurring_datapoints_to_all_datapoints,1.64522254861256e-05,0.0016216142192983,4.783775346895113,2.790052456140582,1.64522254861256e-05,0.0016216142192983,0.00016333757310368964
1684,"GYRO_Y__agg_linear_trend__attr_""slope""__chunk_len_50__f_agg_""max""",1.646141475941303e-05,6.965354737923081e-09,4.783532842525778,8.157056760532281,6.965354737923081e-09,1.646141475941303e-05,3.386142248745532e-07
1685,"ADXL_X__fft_coefficient__attr_""abs""__coeff_64",1.654030097115227e-05,0.0159100836449006,4.781456592188465,1.798327537108712,1.654030097115227e-05,0.0159100836449006,0.0005129888614413214
1686,GYRO_Z__index_mass_quantile__q_0.9,1.6869111421026764e-05,4.967092604284363e-05,4.772907793232356,4.303897743134473,1.6869111421026764e-05,4.967092604284363e-05,2.8946578136323974e-05
1687,MMA_Y__energy_ratio_by_chunks__num_segments_10__segment_focus_0,1.6869111421026764e-05,0.4202535300788697,4.772907793232356,0.37648862985200154,1.6869111421026764e-05,0.4202535300788697,0.002662574623175898
1688,"ADXL_Z__fft_coefficient__attr_""abs""__coeff_30",1.690286759208506e-05,0.5510627014126654,4.772039610547696,0.2587989831295802,1.690286759208506e-05,0.5510627014126654,0.0030519731120891265
1689,"MMA_Y__fft_coefficient__attr_""abs""__coeff_72",1.6922284063820573e-05,0.0083842691246544,4.771541018994007,2.076534789821645,1.6922284063820573e-05,0.0083842691246544,0.00037667092241759517
1690,"ADXL_Y__change_quantiles__f_agg_""var""__isabs_False__qh_0.4__ql_0.0",1.7099290177103378e-05,0.0046995061982296,4.767021917594134,2.3279477732665423,1.7099290177103378e-05,0.0046995061982296,0.0002834752549564492
1691,"ADXL_Y__fft_coefficient__attr_""abs""__coeff_58",1.7155573741557364e-05,0.110837183800287,4.765594753059527,0.9553145174940388,1.7155573741557364e-05,0.110837183800287,0.0013789399841879887
1692,"GYRO_Z__fft_coefficient__attr_""abs""__coeff_31",1.7211936350414985e-05,0.0416484358077482,4.76417026860358,1.3804013047690797,1.7211936350414985e-05,0.0416484358077482,0.0008466700810925743
1693,"MMA_Z__agg_linear_trend__attr_""rvalue""__chunk_len_50__f_agg_""mean""",1.749422272347255e-05,1.5088714390733498e-05,4.757105348660114,4.821347762000127,1.5088714390733498e-05,1.749422272347255e-05,1.624700988374037e-05
1694,"GYRO_Y__agg_linear_trend__attr_""slope""__chunk_len_50__f_agg_""min""",1.7556515218723512e-05,1.8119315596658162e-07,4.755561682704864,6.741858210533832,1.8119315596658162e-07,1.7556515218723512e-05,1.78356956697961e-06
1695,"ADXL_Y__change_quantiles__f_agg_""var""__isabs_False__qh_1.0__ql_0.2",1.7564234658396738e-05,4.344409192084893e-05,4.755370769349131,4.362069276076862,1.7564234658396738e-05,4.344409192084893e-05,2.762358095936782e-05
1696,"ADXL_X__fft_coefficient__attr_""abs""__coeff_71",1.7666953361650563e-05,0.1092998245087502,4.7528383374374075,0.9613805353507784,1.7666953361650563e-05,0.1092998245087502,0.001389602425887592
1697,"GYRO_X__fft_coefficient__attr_""abs""__coeff_43",1.779636832998119e-05,0.0015240468773491,4.749668614273569,2.8170016745574826,1.779636832998119e-05,0.0015240468773491,0.00016468909976517042
1698,"ADXL_Z__agg_linear_trend__attr_""rvalue""__chunk_len_50__f_agg_""mean""",1.798804291890857e-05,1.6299794784125318e-05,4.74501608488979,4.787817863368006,1.6299794784125318e-05,1.798804291890857e-05,1.712312495271375e-05
1699,"ADXL_Z__fft_coefficient__attr_""abs""__coeff_37",1.813584150375345e-05,0.2491319226798745,4.741462288335115,0.6035706202938715,1.813584150375345e-05,0.2491319226798745,0.002125609809736388
1700,"GYRO_X__fft_coefficient__attr_""real""__coeff_68",1.849127860362435e-05,0.0037764571706776,4.733033057943044,2.4229154363325907,1.849127860362435e-05,0.0037764571706776,0.0002642565451935949
1701,"ADXL_X__fft_coefficient__attr_""abs""__coeff_50",1.881383896234697e-05,0.0212921928603486,4.725522577652606,1.6717796087304568,1.881383896234697e-05,0.0212921928603486,0.0006329201273698226
1702,ADXL_X__count_below_mean,1.8991808249447857e-05,9.275725081863976e-06,4.7214336832161,5.03265213165962,9.275725081863976e-06,1.8991808249447857e-05,1.3272633202547061e-05
1703,"MMA_Y__fft_coefficient__attr_""abs""__coeff_36",1.912471351950749e-05,0.8092738647408328,4.7184050616817395,0.0919044847923191,1.912471351950749e-05,0.8092738647408328,0.003934098476397494
1704,"MMA_X__linear_trend__attr_""rvalue""",1.921164780463544e-05,8.20440153727625e-05,4.71643538361466,4.085953092677644,1.921164780463544e-05,8.20440153727625e-05,3.970139453242933e-05
1705,"ADXL_Z__fft_coefficient__attr_""abs""__coeff_23",1.9231453165772546e-05,0.0231523831144978,4.715987898391158,1.6354042996694185,1.9231453165772546e-05,0.0231523831144978,0.0006672735357726152
1706,"GYRO_Z__fft_coefficient__attr_""abs""__coeff_75",1.925989600946768e-05,0.0779677217503896,4.7153460621043335,1.1080851558612776,1.925989600946768e-05,0.0779677217503896,0.0012254183828422091
1707,"ADXL_Y__fft_coefficient__attr_""abs""__coeff_36",1.925989600946768e-05,0.7951821635455872,4.7153460621043335,0.09953337000989365,1.925989600946768e-05,0.7951821635455872,0.0039134544559086834
1708,MMA_Y__autocorrelation__lag_4,1.925989600946768e-05,1.992568305993247e-06,4.7153460621043335,5.700586781897983,1.992568305993247e-06,1.925989600946768e-05,6.194889697580669e-06
1709,ADXL_Y__count_above__t_0,1.9606744364883373e-05,0.139578648623326,4.707594513509514,0.8551810107548662,1.9606744364883373e-05,0.139578648623326,0.001654292260259182
1710,"GYRO_Y__change_quantiles__f_agg_""var""__isabs_True__qh_0.4__ql_0.2",1.973795270337574e-05,1.9362252421192e-05,4.704697896029964,4.713044122379158,1.9362252421192e-05,1.973795270337574e-05,1.954920004809174e-05
1711,ADXL_Y__autocorrelation__lag_6,2.0029611217692986e-05,3.172762848033829e-05,4.698327480444281,4.498562388548621,2.0029611217692986e-05,3.172762848033829e-05,2.5208967914624735e-05
1712,MMA_Y__symmetry_looking__r_0.1,2.0352296231824397e-05,2.2038471526053125e-05,4.6913865847408776,4.6568185291859265,2.0352296231824397e-05,2.2038471526053125e-05,2.117860951514193e-05
1713,"GYRO_Y__fft_coefficient__attr_""abs""__coeff_51",2.0644907170602568e-05,0.138247169233648,4.68518706558103,0.8593437526004264,2.0644907170602568e-05,0.138247169233648,0.0016894081731266858
1714,"GYRO_X__fft_coefficient__attr_""abs""__coeff_6",2.073850577761768e-05,0.0010301338529896,4.683222538010276,2.9871063405007807,2.073850577761768e-05,0.0010301338529896,0.00014616236472479632
1715,"ADXL_X__fft_coefficient__attr_""abs""__coeff_67",2.103015197315552e-05,0.0256808312625499,4.677157588898826,1.5903909227022668,2.103015197315552e-05,0.0256808312625499,0.0007348957642063178
1716,"ADXL_Y__fft_coefficient__attr_""abs""__coeff_65",2.1328885887426323e-05,0.0119271941965475,4.6710318292941135,1.9234617095797264,2.1328885887426323e-05,0.0119271941965475,0.0005043746266172944
1717,"MMA_Z__fft_coefficient__attr_""abs""__coeff_24",2.139399812800769e-05,0.003569393411851,4.669708046532964,2.447405582282526,2.139399812800769e-05,0.003569393411851,0.0002763396387984599
1718,GYRO_Z__index_mass_quantile__q_0.8,2.1816805823158085e-05,7.10702969808603e-05,4.6612088337166036,4.148311869771033,2.1816805823158085e-05,7.10702969808603e-05,3.937673004485781e-05
1719,"MMA_Y__change_quantiles__f_agg_""mean""__isabs_True__qh_1.0__ql_0.8",2.2402333452079245e-05,1.183657714875218e-06,4.6497067427113175,5.926773866897064,1.183657714875218e-06,2.2402333452079245e-05,5.149436359618475e-06
1720,"MMA_Z__fft_coefficient__attr_""abs""__coeff_72",2.251282821011377e-05,0.0196280766212729,4.647569942632054,1.707122255351247,2.251282821011377e-05,0.0196280766212729,0.0006647431963319873
1721,MMA_Y__index_mass_quantile__q_0.7,2.2607230978927573e-05,0.000123208873326,4.645752628464758,3.9093580137807824,2.2607230978927573e-05,0.000123208873326,5.277699743197135e-05
1722,"ADXL_X__fft_coefficient__attr_""abs""__coeff_90",2.2820595198938382e-05,0.0577056540034054,4.641673032650337,1.2387816325603767,2.2820595198938382e-05,0.0577056540034054,0.0011475527746913048
1723,"GYRO_Z__fft_coefficient__attr_""imag""__coeff_2",2.3525036436015262e-05,5.478653522647824e-05,4.62846969525679,4.261326164058833,2.3525036436015262e-05,5.478653522647824e-05,3.590063004190782e-05
1724,"MMA_X__change_quantiles__f_agg_""mean""__isabs_False__qh_0.8__ql_0.6",2.3585426079487222e-05,0.0369535290998123,4.627356273656198,1.4323440797214821,2.3585426079487222e-05,0.0369535290998123,0.0009335763112674845
1725,"GYRO_Y__agg_linear_trend__attr_""intercept""__chunk_len_50__f_agg_""min""",2.3690452015269637e-05,7.934308012087336e-11,4.6254266528329735,10.100490944099654,7.934308012087336e-11,2.3690452015269637e-05,4.3355200753165065e-08
1726,"GYRO_Z__fft_coefficient__attr_""abs""__coeff_53",2.3959016111617688e-05,0.0308583867574294,4.620531020425828,1.5106267821179757,2.3959016111617688e-05,0.0308583867574294,0.0008598468383961069
1727,ADXL_Z__ar_coefficient__coeff_10__k_10,2.3959016111617688e-05,5.122027823978365e-07,4.620531020425828,6.290558066678318,5.122027823978365e-07,2.3959016111617688e-05,3.5031235656032994e-06
1728,"MMA_X__agg_linear_trend__attr_""intercept""__chunk_len_50__f_agg_""var""",2.4326254676227255e-05,0.0075337495406572,4.613924750857773,2.1229888220035473,2.4326254676227255e-05,0.0075337495406572,0.000428098014469744
1729,MMA_X__quantile__q_0.3,2.4450813644037905e-05,2.7996705382676113e-23,4.61170668438345,22.552893072883133,2.7996705382676113e-23,2.4450813644037905e-05,2.616375787150704e-14
1730,"MMA_X__fft_coefficient__attr_""abs""__coeff_64",2.463771906244543e-05,0.0203439398873165,4.6083995012335235,1.6915649360925376,2.463771906244543e-05,0.0203439398873165,0.0007079747704311091
1731,ADXL_Y__count_below_mean,2.4672116201225044e-05,8.875067911106076e-08,4.607793598175506,7.051828315083483,8.875067911106076e-08,2.4672116201225044e-05,1.479752367109351e-06
1732,MMA_Y__cid_ce__normalize_False,2.4676291593588128e-05,0.0044542433016381,4.607720106448076,2.3512260644297345,2.4676291593588128e-05,0.0044542433016381,0.00033153311529922385
1733,ADXL_Z__ratio_beyond_r_sigma__r_7,2.488155301463407e-05,8.093042998472474e-07,4.604122516077817,6.09188815218749,8.093042998472474e-07,2.488155301463407e-05,4.487398783440201e-06
1734,"ADXL_Z__fft_coefficient__attr_""abs""__coeff_72",2.496828070846397e-05,0.0139936946429662,4.602611361714895,1.8540676070797075,2.496828070846397e-05,0.0139936946429662,0.000591099396035987
1735,MMA_Y__energy_ratio_by_chunks__num_segments_10__segment_focus_2,2.5057662219651776e-05,0.0011803735314703,4.601059449401912,2.9279805376211416,2.5057662219651776e-05,0.0011803735314703,0.0001719808165017258
1736,"GYRO_X__fft_coefficient__attr_""abs""__coeff_9",2.5057662219651776e-05,0.0011065995025967,4.601059449401912,2.9560095293320208,2.5057662219651776e-05,0.0011065995025967,0.00016651965814432472
1737,"GYRO_Z__agg_linear_trend__attr_""rvalue""__chunk_len_5__f_agg_""min""",2.542410450847799e-05,4.344522348170841e-07,4.594754334919498,6.36205796442974,4.344522348170841e-07,2.542410450847799e-05,3.323485974384632e-06
1738,"MMA_Y__fft_coefficient__attr_""abs""__coeff_58",2.549296969864769e-05,0.185155823672094,4.5935795702344535,0.7324626236151902,2.549296969864769e-05,0.185155823672094,0.002172595637112633
1739,MMA_Y__autocorrelation__lag_5,2.559989445769562e-05,1.523125503639445e-05,4.5917618251777945,4.817264309866575,1.523125503639445e-05,2.559989445769562e-05,1.9746354635474944e-05
1740,"MMA_Y__fft_coefficient__attr_""abs""__coeff_62",2.586205988392207e-05,0.2709400327982589,4.5873368870119675,0.5671268209584226,2.586205988392207e-05,0.2709400327982589,0.002647086578331049
1741,"MMA_Z__fft_coefficient__attr_""imag""__coeff_7",2.5890129932920856e-05,0.0015677107791811,4.586865769997382,2.804734055549131,2.5890129932920856e-05,0.0015677107791811,0.0002014652222351026
1742,"ADXL_X__fft_coefficient__attr_""abs""__coeff_24",2.5890129932920856e-05,0.0060838437089331,4.586865769997382,2.2158219512955304,2.5890129932920856e-05,0.0060838437089331,0.0003968771902186634
1743,"GYRO_Y__fft_coefficient__attr_""abs""__coeff_17",2.599205638039344e-05,0.0002618288625662,4.585159359616783,3.5819824809238328,2.599205638039344e-05,0.0002618288625662,8.249527597283954e-05
1744,MMA_Z__large_standard_deviation__r_0.15000000000000002,2.6218413823984224e-05,2.8447006558692653e-05,4.581393586037556,4.545963427105106,2.6218413823984224e-05,2.8447006558692653e-05,2.7309987001267455e-05
1745,"MMA_X__agg_linear_trend__attr_""intercept""__chunk_len_10__f_agg_""var""",2.6264326439442207e-05,0.0013768621645606,4.580633732396924,2.8611095340836314,2.6264326439442207e-05,0.0013768621645606,0.00019016402749241665
1746,"ADXL_Z__fft_aggregated__aggtype_""variance""",2.661289325619353e-05,5.974013250992532e-05,4.574907907977935,4.223733818419779,2.661289325619353e-05,5.974013250992532e-05,3.987302057278203e-05
1747,"ADXL_Z__fft_coefficient__attr_""imag""__coeff_7",2.677023943152374e-05,0.0013211746120782,4.572347744490148,2.8790397803789594,2.677023943152374e-05,0.0013211746120782,0.00018806424619311325
1748,"MMA_Z__fft_coefficient__attr_""abs""__coeff_74",2.706931871419573e-05,0.0904967448926901,4.567522674498749,1.0433670417955354,2.706931871419573e-05,0.0904967448926901,0.0015651470314630167
1749,"ADXL_Z__cwt_coefficients__coeff_13__w_5__widths_(2, 5, 10, 20)",2.7339193295316545e-05,1.5771133470267562e-111,4.563214304419308,110.80213709283515,1.5771133470267562e-111,2.7339193295316545e-05,2.0764634993899635e-58
1750,"ADXL_X__fft_coefficient__attr_""abs""__coeff_48",2.7339193295316545e-05,0.0205717960478678,4.563214304419308,1.6867277899957396,2.7339193295316545e-05,0.0205717960478678,0.0007499442036475025
1751,"ADXL_Y__fft_coefficient__attr_""abs""__coeff_52",2.783837724550389e-05,0.548899250604953,4.555356084214618,0.26050736214670683,2.783837724550389e-05,0.548899250604953,0.003909023459652687
1752,MMA_Z__permutation_entropy__dimension_6__tau_1,2.9467311889369163e-05,1.5393935592081848e-10,4.530659480195568,9.812650334852151,1.5393935592081848e-10,2.9467311889369163e-05,6.73511619273741e-08
1753,"ADXL_Z__change_quantiles__f_agg_""var""__isabs_True__qh_0.8__ql_0.4",2.980791834303155e-05,3.626809838670527e-06,4.5256683521693635,5.440475214803107,3.626809838670527e-06,2.980791834303155e-05,1.0397482941404353e-05
1754,"ADXL_Y__fft_coefficient__attr_""abs""__coeff_73",3.0016747743664484e-05,0.0503037528491602,4.522636364507635,1.2983996137336546,3.0016747743664484e-05,0.0503037528491602,0.0012288022867137274
1755,GYRO_Z__fourier_entropy__bins_3,3.0166314047648244e-05,0.0010111428925573,4.52047775202459,2.9951874665019558,3.0166314047648244e-05,0.0010111428925573,0.00017464951773174455
1756,GYRO_Z__count_above_mean,3.053817352729907e-05,1.6471204847248348e-05,4.515156941435987,4.783274631590829,1.6471204847248348e-05,3.053817352729907e-05,2.2427672902665572e-05
1757,"GYRO_Z__fft_coefficient__attr_""abs""__coeff_40",3.069583480826677e-05,0.5621656167294071,4.512920550988892,0.2501357203104528,3.069583480826677e-05,0.5621656167294071,0.004154051384613976
1758,"MMA_Y__change_quantiles__f_agg_""var""__isabs_True__qh_0.8__ql_0.0",3.105342302187761e-05,0.0074143679436046,4.5078905205252155,2.1299258655802524,3.105342302187761e-05,0.0074143679436046,0.00047983487179716565
1759,"MMA_X__change_quantiles__f_agg_""mean""__isabs_False__qh_0.8__ql_0.4",3.105342302187761e-05,0.0076883769955529,4.5078905205252155,2.1141653294141567,3.105342302187761e-05,0.0076883769955529,0.0004886209401924733
1760,"MMA_Z__agg_autocorrelation__f_agg_""var""__maxlag_40",3.123028767261225e-05,0.104857681312685,4.505424015319828,0.9793997499432926,3.123028767261225e-05,0.104857681312685,0.0018096230414310739
1761,"MMA_X__agg_linear_trend__attr_""slope""__chunk_len_50__f_agg_""min""",3.125696259857086e-05,3.281037052989888e-07,4.505053226917315,6.483988865067112,3.281037052989888e-07,3.125696259857086e-05,3.2024249007561456e-06
1762,"MMA_X__fft_coefficient__attr_""abs""__coeff_49",3.135584396515844e-05,0.005949277091645,4.503681505382062,2.225535803041766,3.135584396515844e-05,0.005949277091645,0.0004319080969270109
1763,"MMA_X__agg_linear_trend__attr_""intercept""__chunk_len_10__f_agg_""max""",3.144927172193847e-05,2.344623998056984e-12,4.502389407160066,11.629926794169368,2.344623998056984e-12,3.144927172193847e-05,8.587008629358179e-09
1764,MMA_Y__count_below_mean,3.144927172193847e-05,3.350970096532953e-07,4.502389407160066,6.474829447714915,3.350970096532953e-07,3.144927172193847e-05,3.246314357821116e-06
1765,"ADXL_Y__change_quantiles__f_agg_""var""__isabs_True__qh_1.0__ql_0.6",3.147045695554694e-05,1.7568510788344773e-08,4.502096951022855,7.755265050332533,1.7568510788344773e-08,3.147045695554694e-05,7.435651030929748e-07
1766,"MMA_X__change_quantiles__f_agg_""var""__isabs_False__qh_1.0__ql_0.6",3.15080300029357e-05,0.006939505395584,4.501578749653679,2.158671482228625,3.15080300029357e-05,0.006939505395584,0.00046760041083129393
1767,GYRO_X__time_reversal_asymmetry_statistic__lag_3,3.168611866963411e-05,1.0411387771798662e-09,4.49913095562181,8.982491377937652,1.0411387771798662e-09,3.168611866963411e-05,1.8163052288995643e-07
1768,"MMA_X__fft_coefficient__attr_""abs""__coeff_67",3.206221539171603e-05,0.0230271107632913,4.494006472650723,1.6377605500199413,3.206221539171603e-05,0.0230271107632913,0.0008592439613646105
1769,"MMA_X__fft_coefficient__attr_""abs""__coeff_50",3.24313570653986e-05,0.0171332270861693,4.489034878225478,1.7661608288780906,3.24313570653986e-05,0.0171332270861693,0.0007454218975279137
1770,"MMA_X__fft_coefficient__attr_""abs""__coeff_55",3.26381357644866e-05,0.1069217812929182,4.486274655381359,0.9709338146064754,3.26381357644866e-05,0.1069217812929182,0.0018680812653680268
1771,"MMA_X__change_quantiles__f_agg_""var""__isabs_True__qh_0.6__ql_0.4",3.270245803443155e-05,9.053354892769968e-11,4.485419602976718,10.043190454891771,9.053354892769968e-11,3.270245803443155e-05,5.441203529106639e-08
1772,"GYRO_Y__fft_coefficient__attr_""abs""__coeff_66",3.278639774444963e-05,0.0203917221334679,4.484306296830105,1.6905460953851887,3.278639774444963e-05,0.0203917221334679,0.0008176619794035769
1773,"ADXL_Z__change_quantiles__f_agg_""var""__isabs_False__qh_0.6__ql_0.4",3.318176659797654e-05,7.9229163492522e-08,4.479100495848455,7.101114929363071,7.9229163492522e-08,3.318176659797654e-05,1.6214079100466325e-06
1774,"MMA_X__fft_coefficient__attr_""abs""__coeff_90",3.345988408002715e-05,0.0497287524912206,4.475475567960945,1.3033924354585986,3.345988408002715e-05,0.0497287524912206,0.0012899295693178765
1775,"MMA_X__agg_linear_trend__attr_""intercept""__chunk_len_10__f_agg_""min""",3.3494609510168975e-05,2.453582875471541e-13,4.475025080973863,12.61019926812851,2.453582875471541e-13,3.3494609510168975e-05,2.8667368263368163e-09
1776,MMA_Z__ratio_beyond_r_sigma__r_7,3.472754062021957e-05,1.1125283142088006e-06,4.4593259720272025,5.953688927270031,1.1125283142088006e-06,3.472754062021957e-05,6.215735855297467e-06
1777,"GYRO_X__fft_coefficient__attr_""abs""__coeff_55",3.542889896493372e-05,6.751242527262718e-09,4.4506423441636835,8.170616290417339,6.751242527262718e-09,3.542889896493372e-05,4.890696160938181e-07
1778,"MMA_X__cwt_coefficients__coeff_5__w_10__widths_(2, 5, 10, 20)",3.558836453318566e-05,4.1745608779311236e-78,4.4486919695834795,77.37938920121543,4.1745608779311236e-78,3.558836453318566e-05,1.2188756880411898e-41
1779,"ADXL_Z__fft_coefficient__attr_""abs""__coeff_24",3.658484497124249e-05,0.0071126889054897,4.436698780955218,2.14796618604189,3.658484497124249e-05,0.0071126889054897,0.0005101143214378686
1780,"ADXL_X__fft_coefficient__attr_""abs""__coeff_35",3.659382401777463e-05,0.0904169835934313,4.4365922048057715,1.0437499855850618,3.659382401777463e-05,0.0904169835934313,0.001818984108186776
1781,"GYRO_Y__fft_coefficient__attr_""abs""__coeff_99",3.66934749540743e-05,0.0001641759841693,4.435411157638519,3.7846903716110085,3.66934749540743e-05,0.0001641759841693,7.761563865083317e-05
1782,ADXL_X__energy_ratio_by_chunks__num_segments_10__segment_focus_6,3.685595491950507e-05,0.0024784025269646,4.433492331963922,2.605828156780551,3.685595491950507e-05,0.0024784025269646,0.0003022315202062729
1783,"MMA_Y__fft_coefficient__attr_""abs""__coeff_52",3.705522762058918e-05,0.5510627014126654,4.431150514631401,0.2587989831295802,3.705522762058918e-05,0.5510627014126654,0.00451882217331719
1784,"GYRO_X__linear_trend__attr_""pvalue""",3.764918050187607e-05,3.233674424085081e-07,4.424244472514716,6.49030370828278,3.233674424085081e-07,3.764918050187607e-05,3.4892003679450594e-06
1785,"ADXL_X__change_quantiles__f_agg_""var""__isabs_True__qh_0.6__ql_0.4",3.800057940544528e-05,1.6541735559091146e-08,4.4202097815234715,7.781418926210708,1.6541735559091146e-08,3.800057940544528e-05,7.928401702847308e-07
1786,"GYRO_Y__change_quantiles__f_agg_""var""__isabs_True__qh_0.6__ql_0.0",3.816196609427604e-05,0.000719638700157,4.418369258656119,3.142885489555639,3.816196609427604e-05,0.000719638700157,0.00016571912284199525
1787,"GYRO_Y__agg_linear_trend__attr_""stderr""__chunk_len_10__f_agg_""min""",3.889784203940289e-05,0.0107588847731239,4.410074491640245,1.9682327437235136,3.889784203940289e-05,0.0107588847731239,0.0006469137503756667
1788,ADXL_Y__symmetry_looking__r_0.1,3.889784203940289e-05,4.229176433984261e-05,4.410074491640245,4.373744196454555,3.889784203940289e-05,4.229176433984261e-05,4.0559319137022624e-05
1789,GYRO_X__fourier_entropy__bins_10,3.894994709718143e-05,1.503790842669984e-06,4.409493127860936,5.8228125641373385,1.503790842669984e-06,3.894994709718143e-05,7.653272095464904e-06
1790,"MMA_Z__fft_coefficient__attr_""abs""__coeff_85",3.912589809808731e-05,0.0025675558649006,4.407535680510875,2.590480098245147,3.912589809808731e-05,0.0025675558649006,0.00031695098853174017
1791,ADXL_Z__autocorrelation__lag_3,3.9312069093790624e-05,6.000297563184134e-05,4.405474097559517,4.221827211808942,3.9312069093790624e-05,6.000297563184134e-05,4.856790219756235e-05
1792,"MMA_Z__fft_coefficient__attr_""abs""__coeff_68",3.9312069093790624e-05,0.0030928955722964,4.405474097559517,2.5096347431526747,3.9312069093790624e-05,0.0030928955722964,0.00034869488731266934
1793,ADXL_Y__number_crossing_m__m_1,3.948834503421367e-05,1.959821160397243e-11,4.403531067265479,10.707783557519178,1.959821160397243e-11,3.948834503421367e-05,2.7819075144066047e-08
1794,"GYRO_X__fft_coefficient__attr_""abs""__coeff_18",3.974164171447814e-05,0.0053677257915363,4.40075419628982,2.2702096780597034,3.974164171447814e-05,0.0053677257915363,0.0004618682011448712
1795,"GYRO_X__fft_coefficient__attr_""abs""__coeff_8",3.985805526936673e-05,0.0020003476716706,4.399483894957828,2.6988945149531807,3.985805526936673e-05,0.0020003476716706,0.0002823649554307259
1796,"MMA_Z__fft_coefficient__attr_""abs""__coeff_59",4.008273985631152e-05,0.0471762179307295,4.397042599920042,1.3262768790005006,4.008273985631152e-05,0.0471762179307295,0.0013751189296646634
1797,"GYRO_Y__fft_coefficient__attr_""abs""__coeff_60",4.019549829662296e-05,0.0531988491628765,4.3958225830949,1.2740977625849952,4.019549829662296e-05,0.0531988491628765,0.0014623112701845338
1798,"MMA_X__change_quantiles__f_agg_""mean""__isabs_False__qh_1.0__ql_0.6",4.037184900036025e-05,0.0011674192169663,4.393921359773125,2.932773162016323,4.037184900036025e-05,0.0011674192169663,0.00021709645862492155
1799,MMA_X__skewness,4.081556001193538e-05,1.1788147059963244e-08,4.3891742403644916,7.928554454860443,1.1788147059963244e-08,4.081556001193538e-05,6.936424322051307e-07
1800,MMA_Y__autocorrelation__lag_6,4.135102232097989e-05,7.282771846362797e-05,4.383513748919853,4.137703295348176,4.135102232097989e-05,7.282771846362797e-05,5.487714106780271e-05
1801,MMA_Z__kurtosis,4.1684178335144655e-05,2.8046230416110013e-08,4.380028754753,7.552125502304301,2.8046230416110013e-08,4.1684178335144655e-05,1.0812419110882115e-06
1802,"ADXL_Z__fft_coefficient__attr_""abs""__coeff_59",4.170215205200743e-05,0.0512978012667162,4.3798415325515325,1.2899012492779793,4.170215205200743e-05,0.0512978012667162,0.0014626102380190897
1803,"GYRO_Z__fft_coefficient__attr_""abs""__coeff_63",4.217570492542119e-05,0.0019131405622775,4.374937649873108,2.7182531203130793,4.217570492542119e-05,0.0019131405622775,0.0002840564236828138
1804,MMA_Z__symmetry_looking__r_0.15000000000000002,4.289987253533857e-05,4.67723031756569e-05,4.367543998194794,4.330011243906959,4.289987253533857e-05,4.67723031756569e-05,4.4794261288918384e-05
1805,"ADXL_Z__fft_coefficient__attr_""abs""__coeff_74",4.321836123680081e-05,0.1453630598795948,4.364331704812974,0.8375459437432478,4.321836123680081e-05,0.1453630598795948,0.0025064622942232817
1806,"GYRO_Y__fft_coefficient__attr_""abs""__coeff_30",4.361971286749808e-05,0.017667432759513,4.360317197548506,1.7528265528915776,4.361971286749808e-05,0.017667432759513,0.0008778657893298875
1807,MMA_X__maximum,4.372824428608201e-05,0.0595750554978714,4.359237959475942,1.224935544408983,4.372824428608201e-05,0.0595750554978714,0.001614036114889569
1808,ADXL_Y__energy_ratio_by_chunks__num_segments_10__segment_focus_2,4.375203086191263e-05,0.001823421814861,4.359001783289624,2.7391128537389564,4.375203086191263e-05,0.001823421814861,0.0002824507169721529
1809,GYRO_Z__maximum,4.415798137578048e-05,0.2005947684755441,4.354990788027892,0.6976803975959104,4.415798137578048e-05,0.2005947684755441,0.002976215726459034
1810,"GYRO_X__fft_coefficient__attr_""abs""__coeff_56",4.46224561615617e-05,1.5605291909742383e-09,4.350446528448076,8.80672810308935,1.5605291909742383e-09,4.46224561615617e-05,2.6388377254595496e-07
1811,"GYRO_Y__change_quantiles__f_agg_""var""__isabs_False__qh_0.4__ql_0.0",4.488011019318148e-05,0.0005846593121936,4.3479460854365675,3.2330971286779397,4.488011019318148e-05,0.0005846593121936,0.00016198634003124603
1812,"MMA_Y__change_quantiles__f_agg_""mean""__isabs_False__qh_1.0__ql_0.6",4.499026066678448e-05,8.626392541124068e-05,4.34688149059042,4.064170783314428,4.499026066678448e-05,8.626392541124068e-05,6.229796537923025e-05
1813,ADXL_Y__autocorrelation__lag_7,4.511223554262445e-05,0.0001372346154695,4.34570565085021,3.8625363302381266,4.511223554262445e-05,0.0001372346154695,7.868265563427291e-05
1814,MMA_Z__lempel_ziv_complexity__bins_2,4.562779382018821e-05,0.0041175795544385,4.340770529581089,2.385358001212274,4.562779382018821e-05,0.0041175795544385,0.0004334467336918601
1815,"ADXL_Y__fft_coefficient__attr_""abs""__coeff_51",4.649296084878543e-05,0.6848688634482719,4.332612795409868,0.16439257789870948,4.649296084878543e-05,0.6848688634482719,0.005642834505357452
1816,"MMA_Z__change_quantiles__f_agg_""var""__isabs_False__qh_0.6__ql_0.4",4.691526806408764e-05,6.380348734512335e-10,4.328685797862768,9.195155583138519,6.380348734512335e-10,4.691526806408764e-05,1.730132281711455e-07
1817,"GYRO_X__change_quantiles__f_agg_""mean""__isabs_True__qh_0.6__ql_0.0",4.700612645633277e-05,3.9031539530780064e-08,4.327845535409312,7.408584318394993,3.9031539530780064e-08,4.700612645633277e-05,1.354518912001305e-06
1818,ADXL_Y__median,4.705759703331564e-05,2.175276428235088e-14,4.327370253569178,13.662485546236276,2.175276428235088e-14,4.705759703331564e-05,1.0117474071919183e-09
1819,"ADXL_Z__fft_coefficient__attr_""abs""__coeff_68",4.705759703331564e-05,0.0025468288265138,4.327370253569178,2.5940002431787685,4.705759703331564e-05,0.0025468288265138,0.00034619018563633277
1820,"ADXL_Y__fft_coefficient__attr_""angle""__coeff_2",4.7507056642490704e-05,1.246383577795924e-06,4.323241875990447,5.904348281847054,1.246383577795924e-06,4.7507056642490704e-05,7.694934387544912e-06
1821,"ADXL_Z__cwt_coefficients__coeff_5__w_2__widths_(2, 5, 10, 20)",4.815014862635814e-05,2.4589563892060127e-122,4.317402367988926,121.60924917361798,2.4589563892060127e-122,4.815014862635814e-05,1.0881135768200048e-63
1822,"MMA_Y__fft_coefficient__attr_""abs""__coeff_51",4.8182667093480486e-05,0.7802299653054741,4.317109163824549,0.10777737430503866,4.8182667093480486e-05,0.7802299653054741,0.006131358795134361
1823,"MMA_Y__change_quantiles__f_agg_""var""__isabs_False__qh_0.4__ql_0.0",4.888613164359826e-05,0.0051482206826258,4.310814327070526,2.2883428449859005,4.888613164359826e-05,0.0051482206826258,0.0005016737924400079
1824,MMA_X__index_mass_quantile__q_0.2,4.97264441337142e-05,8.963649333426681e-05,4.303412595429349,4.047515141822012,4.97264441337142e-05,8.963649333426681e-05,6.676304425450104e-05
1825,"MMA_X__cwt_coefficients__coeff_14__w_10__widths_(2, 5, 10, 20)",5.016163549980671e-05,1.0111640005586943e-68,4.29962831195083,67.99517840053025,1.0111640005586943e-68,5.016163549980671e-05,7.1219126663103345e-37
1826,MMA_Z__percentage_of_reoccurring_datapoints_to_all_datapoints,5.0951827247815314e-05,5.990471505796309e-08,4.292840236595462,7.22253899325233,5.990471505796309e-08,5.0951827247815314e-05,1.7470703171203316e-06
1827,"ADXL_X__fft_coefficient__attr_""abs""__coeff_55",5.124865281181255e-05,0.1188256323274332,4.290317546547054,0.9250898659405524,5.124865281181255e-05,0.1188256323274332,0.0024677223458672804
1828,"GYRO_Y__change_quantiles__f_agg_""var""__isabs_True__qh_0.8__ql_0.6",5.170306913490677e-05,1.5941061658538926e-06,4.286483676078356,5.797482758404693,1.5941061658538926e-06,5.170306913490677e-05,9.078556124270256e-06
1829,GYRO_Z__skewness,5.208472116247805e-05,0.0002710974263761,4.283289656508171,3.5668746053113023,5.208472116247805e-05,0.0002710974263761,0.00011882774869812434
1830,MMA_Z__autocorrelation__lag_3,5.208472116247805e-05,0.0010104938287048,4.283289656508171,2.995466334466971,5.208472116247805e-05,0.0010104938287048,0.0002294151026076844
1831,"ADXL_Z__agg_linear_trend__attr_""intercept""__chunk_len_50__f_agg_""var""",5.214901107960754e-05,0.0399429721258608,4.282753922841318,1.3985596227443151,5.214901107960754e-05,0.0399429721258608,0.0014432555199769617
1832,"ADXL_Z__fft_coefficient__attr_""abs""__coeff_57",5.238366392240879e-05,0.0145088113662322,4.280804128559989,1.8383681656622857,5.238366392240879e-05,0.0145088113662322,0.0008717939541671142
1833,"MMA_X__fft_coefficient__attr_""abs""__coeff_48",5.260623132278568e-05,0.0240007643642326,4.27896280967107,1.6197749268766317,5.260623132278568e-05,0.0240007643642326,0.001123650195598475
1834,ADXL_X__spkt_welch_density__coeff_2,5.334015993019387e-05,0.008890554570784,4.272945686495851,2.051071147970232,5.334015993019387e-05,0.008890554570784,0.0006886389494312203
1835,"ADXL_Y__change_quantiles__f_agg_""var""__isabs_False__qh_1.0__ql_0.8",5.464961690143397e-05,6.318643018097815e-08,4.262412878145685,7.1993761801083425,6.318643018097815e-08,5.464961690143397e-05,1.8582556882086116e-06
1836,"GYRO_Y__fft_coefficient__attr_""abs""__coeff_12",5.5407441708068735e-05,0.0986377015877534,4.256431901775097,1.0059570560330204,5.5407441708068735e-05,0.0986377015877534,0.002337790131928297
1837,"MMA_X__fft_coefficient__attr_""abs""__coeff_71",5.562976096806215e-05,0.1151508721427174,4.254692806147157,0.9387327683785585,5.562976096806215e-05,0.1151508721427174,0.002530971254788022
1838,GYRO_X__c3__lag_1,5.568744548621665e-05,4.934005242795543e-11,4.254242703760184,10.306800393371624,4.934005242795543e-11,5.568744548621665e-05,5.24177592030491e-08
1839,MMA_X__energy_ratio_by_chunks__num_segments_10__segment_focus_2,5.706369896619069e-05,1.9024596569711968e-07,4.243640080058225,6.720684543987383,1.9024596569711968e-07,5.706369896619069e-05,3.2948654776898978e-06
1840,GYRO_Z__mean_n_absolute_max__number_of_maxima_7,5.7156840992766725e-05,0.2785674893491375,4.24293178228348,0.5550695699656877,5.7156840992766725e-05,0.2785674893491375,0.0039902428114693585
1841,"GYRO_X__change_quantiles__f_agg_""mean""__isabs_True__qh_1.0__ql_0.4",5.7249204518001066e-05,0.0002297946582215,4.242230543500612,3.6386600710867674,5.7249204518001066e-05,0.0002297946582215,0.00011469769564235721
1842,"MMA_Y__fft_coefficient__attr_""abs""__coeff_71",5.731477291618479e-05,0.1188937043875398,4.241733423947583,0.9248411413622941,5.731477291618479e-05,0.1188937043875398,0.002610433999957832
1843,"MMA_Z__agg_linear_trend__attr_""intercept""__chunk_len_10__f_agg_""var""",5.807858073753857e-05,0.0864750450735089,4.235984005004012,1.0631092029456206,5.807858073753857e-05,0.0864750450735089,0.0022410595456355178
1844,"ADXL_Z__change_quantiles__f_agg_""var""__isabs_True__qh_0.6__ql_0.4",6.214766109193328e-05,5.4504026553233916e-08,4.206575211253728,7.2635714124893225,5.4504026553233916e-08,6.214766109193328e-05,1.8404612928220234e-06
1845,"MMA_Z__change_quantiles__f_agg_""var""__isabs_True__qh_0.8__ql_0.4",6.217091864298665e-05,1.4637709421585763e-06,4.206412715410799,5.834526878427627,1.4637709421585763e-06,6.217091864298665e-05,9.539600838447527e-06
1846,ADXL_Z__ar_coefficient__coeff_7__k_10,6.483118371992098e-05,0.0002283008389588,4.188216048760561,3.6414924925636067,6.483118371992098e-05,0.0002283008389588,0.00012165941654450778
1847,"MMA_X__change_quantiles__f_agg_""var""__isabs_True__qh_1.0__ql_0.4",6.502529960777313e-05,0.0186595189950558,4.186917638090908,1.7290995556852045,6.502529960777313e-05,0.0186595189950558,0.0011015175047135826
1848,"ADXL_Y__fft_coefficient__attr_""abs""__coeff_70",6.510438066534104e-05,0.0554601129378299,4.186389788163349,1.2560192503689327,6.510438066534104e-05,0.0554601129378299,0.001900183229177461
1849,"MMA_Z__fft_coefficient__attr_""abs""__coeff_57",6.51865670307447e-05,0.0133391550476316,4.185841889934842,1.8748716793979614,6.51865670307447e-05,0.0133391550476316,0.0009324879219839439
1850,"MMA_Y__fft_coefficient__attr_""abs""__coeff_29",6.649978388728915e-05,0.1155993029029871,4.177179766075998,0.9370447848281097,6.649978388728915e-05,0.1155993029029871,0.0027726032281179215
1851,"ADXL_X__fft_coefficient__attr_""abs""__coeff_87",6.649978388728915e-05,0.0113689555292254,4.177179766075998,1.9442794322981805,6.649978388728915e-05,0.0113689555292254,0.0008695016306584422
1852,ADXL_X__quantile__q_0.2,6.656976369155056e-05,3.79352355905325e-27,4.176722984698288,26.42095721447719,3.79352355905325e-27,6.656976369155056e-05,5.025275782327819e-16
1853,"ADXL_Z__fft_coefficient__attr_""abs""__coeff_85",6.691646556254859e-05,0.0026460300341493,4.1744670059526054,2.5774052305977686,6.691646556254859e-05,0.0026460300341493,0.0004207885189232483
1854,"MMA_Z__change_quantiles__f_agg_""var""__isabs_True__qh_0.6__ql_0.4",6.736802847709978e-05,3.019155064650409e-09,4.17154616207355,8.520114580917749,3.019155064650409e-09,6.736802847709978e-05,4.5099282075455347e-07
1855,"GYRO_Z__fft_coefficient__attr_""abs""__coeff_13",6.78638315274164e-05,0.1666010465980255,4.168361624145085,0.7783222746560047,6.78638315274164e-05,0.1666010465980255,0.00336246715353766
1856,GYRO_Y__large_standard_deviation__r_0.2,6.78638315274164e-05,7.385768579946886e-05,4.168361624145085,4.131604304324712,6.78638315274164e-05,7.385768579946886e-05,7.079735550216554e-05
1857,"ADXL_X__fft_coefficient__attr_""imag""__coeff_1",6.812828290780301e-05,3.9647938340567376e-08,4.166672556797628,7.40177939070688,3.9647938340567376e-08,6.812828290780301e-05,1.6435163400396433e-06
1858,ADXL_Y__ratio_beyond_r_sigma__r_1,6.905033785477451e-05,8.957235989447395e-05,4.160834192130892,4.0478259836101795,6.905033785477451e-05,8.957235989447395e-05,7.864478185590497e-05
1859,"GYRO_Y__fft_coefficient__attr_""abs""__coeff_64",6.964124620724659e-05,0.1796808796384736,4.157133465927941,0.7454981349628487,6.964124620724659e-05,0.1796808796384736,0.0035374002286478103
1860,"ADXL_Z__fft_coefficient__attr_""abs""__coeff_62",6.976783332937942e-05,0.0196087489186951,4.15634476401678,1.707550114391361,6.976783332937942e-05,0.0196087489186951,0.0011696409390736838
1861,ADXL_Y__quantile__q_0.2,7.193787241341451e-05,1.2567578946925478e-91,4.143042410731819,90.90074837794342,1.2567578946925478e-91,7.193787241341451e-05,3.006800443709957e-48
1862,ADXL_Y__symmetry_looking__r_0.25,7.336449138711193e-05,7.969219463888908e-05,4.134514088939317,4.098584212998626,7.336449138711193e-05,7.969219463888908e-05,7.646291471821373e-05
1863,"GYRO_X__change_quantiles__f_agg_""mean""__isabs_True__qh_1.0__ql_0.0",7.559967222874881e-05,3.3335756700197626e-07,4.121480087429406,6.477089682221621,3.3335756700197626e-07,7.559967222874881e-05,5.020131751291252e-06
1864,GYRO_X__mean_abs_change,7.559967222874881e-05,3.3335756700197626e-07,4.121480087429406,6.477089682221621,3.3335756700197626e-07,7.559967222874881e-05,5.020131751291252e-06
1865,"ADXL_X__agg_linear_trend__attr_""slope""__chunk_len_10__f_agg_""min""",7.893283493749221e-05,2.8706279216774603e-08,4.102742298872077,7.54202309522006,2.8706279216774603e-08,7.893283493749221e-05,1.5052800400879674e-06
1866,"GYRO_Z__change_quantiles__f_agg_""var""__isabs_True__qh_0.2__ql_0.0",7.983214922542347e-05,0.0090866967008629,4.097822178580918,2.0415939677480655,7.983214922542347e-05,0.0090866967008629,0.000851710353928758
1867,"GYRO_X__fft_coefficient__attr_""imag""__coeff_1",8.00024454159723e-05,3.1068112950707504e-08,4.0968967378276675,7.507685124600939,3.1068112950707504e-08,8.00024454159723e-05,1.5765547914729255e-06
1868,"GYRO_Z__agg_autocorrelation__f_agg_""median""__maxlag_40",8.013710256659608e-05,6.171784571508548e-05,4.096166363950823,4.209589241558651,6.171784571508548e-05,8.013710256659608e-05,7.032701708631724e-05
1869,GYRO_Z__abs_energy,8.013710256659608e-05,0.0487022193042066,4.096166363950823,1.3124512480336221,8.013710256659608e-05,0.0487022193042066,0.0019755644114029945
1870,"GYRO_Y__fft_coefficient__attr_""abs""__coeff_11",8.041725285995159e-05,0.0160365441171548,4.0946507669473835,1.794889216635231,8.041725285995159e-05,0.0160365441171548,0.0011356120918997853
1871,"GYRO_Y__fft_coefficient__attr_""abs""__coeff_33",8.14527405379092e-05,0.0736315090707357,4.089094298949473,1.132936298608219,8.14527405379092e-05,0.0736315090707357,0.002448976970849939
1872,"ADXL_X__fft_coefficient__attr_""abs""__coeff_41",8.233152891226026e-05,0.0930325708163112,4.084433819581889,1.0313649777970528,8.233152891226026e-05,0.0930325708163112,0.002767582662531514
1873,"GYRO_Z__agg_linear_trend__attr_""intercept""__chunk_len_10__f_agg_""min""",8.300927376345619e-05,0.0014375089626431,4.080873385704537,2.8423894388718574,8.300927376345619e-05,0.0014375089626431,0.0003454367887435602
1874,"GYRO_Z__fft_coefficient__attr_""imag""__coeff_3",8.315389601569569e-05,0.00144359234247,4.080117397935991,2.840555430319821,8.315389601569569e-05,0.00144359234247,0.000346468364406918
1875,"ADXL_X__fft_coefficient__attr_""abs""__coeff_32",8.375365131597878e-05,0.0127383158805551,4.076996250418702,1.8948879858255288,8.375365131597878e-05,0.0127383158805551,0.0010328990592564245
1876,"ADXL_X__fft_coefficient__attr_""abs""__coeff_73",8.401622391889191e-05,0.081786900826945,4.075636841579757,1.0873162483350869,8.401622391889191e-05,0.081786900826945,0.002621340606161057
1877,MMA_Y__ratio_beyond_r_sigma__r_1,8.485180033655052e-05,0.0001462729259172,4.071338938638767,3.8348360512695514,8.485180033655052e-05,0.0001462729259172,0.00011140700653266518
1878,"GYRO_Z__fft_coefficient__attr_""abs""__coeff_88",8.522958881524138e-05,0.0453267921763875,4.069409606778597,1.343645015320082,8.522958881524138e-05,0.0453267921763875,0.0019654983743334427
1879,"GYRO_Z__agg_linear_trend__attr_""slope""__chunk_len_50__f_agg_""min""",8.556181225389781e-05,0.0053467916694694,4.067720025368247,2.2719067372691155,8.556181225389781e-05,0.0053467916694694,0.0006763735543202777
1880,"GYRO_Y__fft_coefficient__attr_""abs""__coeff_29",8.632862615363584e-05,0.1962739698843587,4.0638451704596585,0.7071372932944295,8.632862615363584e-05,0.1962739698843587,0.004116316577941592
1881,ADXL_Y__energy_ratio_by_chunks__num_segments_10__segment_focus_1,8.653282540199308e-05,0.1883776474300174,4.062819115810425,0.7249706311276453,8.653282540199308e-05,0.1883776474300174,0.004037431123214352
1882,GYRO_Z__ratio_beyond_r_sigma__r_2,8.668167421325949e-05,2.188199229587087e-05,4.062072709090126,4.659913139207307,2.188199229587087e-05,8.668167421325949e-05,4.355189694293158e-05
1883,"ADXL_X__fft_coefficient__attr_""abs""__coeff_33",8.777666945682099e-05,0.0301671749891437,4.0566209017772765,1.520465357510475,8.777666945682099e-05,0.0301671749891437,0.0016272597049850845
1884,"GYRO_Z__fft_coefficient__attr_""abs""__coeff_51",8.790605708889447e-05,0.0088831498600526,4.055981199219141,2.051433011217064,8.790605708889447e-05,0.0088831498600526,0.0008836756637630057
1885,"GYRO_X__fft_coefficient__attr_""angle""__coeff_1",8.790605708889447e-05,0.0001079810633499,4.055981199219141,3.966652400103153,8.790605708889447e-05,0.0001079810633499,9.742786828908779e-05
1886,GYRO_Z__fourier_entropy__bins_2,8.88443073668547e-05,2.8259563852796795e-05,4.051370394064257,4.548834545169178,2.8259563852796795e-05,8.88443073668547e-05,5.010689949489127e-05
1887,"GYRO_Z__fft_coefficient__attr_""abs""__coeff_28",8.885587974944896e-05,0.4929536909685649,4.051313828880035,0.307193877277443,8.885587974944896e-05,0.4929536909685649,0.006618295391318661
1888,"ADXL_X__change_quantiles__f_agg_""var""__isabs_False__qh_1.0__ql_0.4",8.999734617527308e-05,0.0146872408998632,4.0457702967654265,1.8330597817800836,8.999734617527308e-05,0.0146872408998632,0.0011497011366544863
1889,"MMA_Z__fft_coefficient__attr_""abs""__coeff_62",9.090844934722834e-05,0.0218171809227962,4.041395750063583,1.6612013668901615,9.090844934722834e-05,0.0218171809227962,0.0014083203068973103
1890,ADXL_Z__partial_autocorrelation__lag_2,9.211769316819118e-05,2.584778075513554e-05,4.035656946270869,4.587576738727593,2.584778075513554e-05,9.211769316819118e-05,4.879588032488248e-05
1891,MMA_Y__autocorrelation__lag_7,9.301985840510475e-05,0.0002925742969872,4.031424325907372,3.533763829840716,9.301985840510475e-05,0.0002925742969872,0.00016497036000058437
1892,ADXL_X__quantile__q_0.1,9.306281446050425e-05,8.149925257518349e-17,4.031223817414362,16.08884637413072,8.149925257518349e-17,9.306281446050425e-05,8.708932093588785e-11
1893,"GYRO_Z__fft_coefficient__attr_""abs""__coeff_89",9.486432368032228e-05,0.0724818058527718,4.022897085168933,1.139770994937701,9.486432368032228e-05,0.0724818058527718,0.002622200886917633
1894,MMA_X__energy_ratio_by_chunks__num_segments_10__segment_focus_7,9.542825857053148e-05,0.0014221862328944,4.020323001354881,2.8470435297506893,9.542825857053148e-05,0.0014221862328944,0.0003683975509800478
1895,"MMA_Z__change_quantiles__f_agg_""var""__isabs_False__qh_0.4__ql_0.0",9.557641201574572e-05,0.0762632988194714,4.019649277131934,1.1176844129607553,9.557641201574572e-05,0.0762632988194714,0.002699809709896187
1896,"GYRO_Z__fft_coefficient__attr_""abs""__coeff_12",9.593898621165496e-05,0.4253644440777388,4.0180048750405435,0.3712388152941297,9.593898621165496e-05,0.4253644440777388,0.006388194857336653
1897,"GYRO_X__agg_linear_trend__attr_""stderr""__chunk_len_50__f_agg_""mean""",9.62673761615999e-05,0.0052694226344485,4.016520865040215,2.278236967407869,9.62673761615999e-05,0.0052694226344485,0.0007122313464773243
1898,"ADXL_X__cwt_coefficients__coeff_2__w_5__widths_(2, 5, 10, 20)",9.72045108174475e-05,1.2962864383347908e-119,4.01231358098246,118.88729902250623,1.2962864383347908e-119,9.72045108174475e-05,3.549716736834429e-62
1899,"ADXL_Y__fft_coefficient__attr_""abs""__coeff_68",9.753211298276662e-05,0.0380306274550406,4.010852366917036,1.419866509244904,9.753211298276662e-05,0.0380306274550406,0.0019259302826817293
1900,"GYRO_Y__change_quantiles__f_agg_""var""__isabs_True__qh_0.8__ql_0.0",9.77249761777146e-05,0.0014323685579715,4.009994426763082,2.8439452207859013,9.77249761777146e-05,0.0014323685579715,0.00037413658362351075
1901,"MMA_Z__fft_coefficient__attr_""abs""__coeff_65",9.816461443226028e-05,0.014790410663808,4.008045034884094,1.8300197674128622,9.816461443226028e-05,0.014790410663808,0.0012049460403302313
1902,"MMA_X__fft_coefficient__attr_""abs""__coeff_73",9.919624458566348e-05,0.082038656958651,4.003504769242958,1.0859814580089513,9.919624458566348e-05,0.082038656958651,0.002852705151457067
1903,"ADXL_Z__change_quantiles__f_agg_""var""__isabs_False__qh_0.8__ql_0.4",9.95843502888957e-05,1.5066561142712508e-06,4.0018089057248005,5.821985861631609,1.5066561142712508e-06,9.95843502888957e-05,1.2249055892128778e-05
1904,"MMA_X__agg_linear_trend__attr_""rvalue""__chunk_len_5__f_agg_""max""",0.000100106053862,0.0009935444905325,3.9995396579916034,3.002812680582209,0.000100106053862,0.0009935444905325,0.0003153725071776863
1905,"GYRO_X__fft_coefficient__attr_""abs""__coeff_25",0.0001001372080471,0.0277176557198648,3.9994045214516043,1.5572435038935595,0.0001001372080471,0.0277176557198648,0.0016660037987345625
1906,"MMA_Z__change_quantiles__f_agg_""var""__isabs_False__qh_0.8__ql_0.4",0.0001001378697209,1.496965704404577e-07,3.999401651785709,6.824788149261797,1.496965704404577e-07,0.0001001378697209,3.871730319693261e-06
1907,"MMA_X__change_quantiles__f_agg_""mean""__isabs_False__qh_1.0__ql_0.8",0.0001005531452332,0.0048880108078745,3.9976043404221895,2.3108678424964624,0.0001005531452332,0.0048880108078745,0.0007010740764467446
1908,"ADXL_X__change_quantiles__f_agg_""var""__isabs_True__qh_1.0__ql_0.2",0.0001006729883559,0.0079017538329582,3.9970870396908382,2.1022765042234357,0.0001006729883559,0.0079017538329582,0.0008919042390394772
1909,"ADXL_X__agg_linear_trend__attr_""rvalue""__chunk_len_10__f_agg_""max""",0.0001006826594136,0.0015887517411864,3.997045321596084,2.7989439604742965,0.0001006826594136,0.0015887517411864,0.0003999496848987811
1910,ADXL_Z__partial_autocorrelation__lag_8,0.0001028543315241,9.136397557217826e-09,3.987777414057701,8.039225010986424,9.136397557217826e-09,0.0001028543315241,9.693905628208167e-07
1911,"ADXL_Z__fft_coefficient__attr_""abs""__coeff_73",0.0001033733196861,0.0485385431959567,3.9855915367572745,1.3139132624386036,0.0001033733196861,0.0485385431959567,0.0022399978443947677
1912,ADXL_X__energy_ratio_by_chunks__num_segments_10__segment_focus_4,0.0001038499423529,1.6194633689128146e-06,3.9835937402056696,5.790628870968995,1.6194633689128146e-06,0.0001038499423529,1.2968468587471268e-05
1913,MMA_X__energy_ratio_by_chunks__num_segments_10__segment_focus_4,0.0001041293815602,2.427855853465439e-07,3.982426710940435,6.614777101741307,2.427855853465439e-07,0.0001041293815602,5.028032702147707e-06
1914,"GYRO_X__fft_coefficient__attr_""abs""__coeff_33",0.0001060183981178,0.0167271813865523,3.974618762021079,1.776577233657769,0.0001060183981178,0.0167271813865523,0.0013316865155238884
1915,"GYRO_Y__change_quantiles__f_agg_""var""__isabs_False__qh_0.8__ql_0.6",0.000106451142232,2.978169048950934e-07,3.972849674174994,6.5260506541517245,2.978169048950934e-07,0.000106451142232,5.6305372480857995e-06
1916,"GYRO_Z__fft_coefficient__attr_""abs""__coeff_61",0.0001084354360955,0.0023538488364482,3.9648287695888893,2.6282214308742167,0.0001084354360955,0.0023538488364482,0.0005052134450736103
1917,MMA_Y__energy_ratio_by_chunks__num_segments_10__segment_focus_1,0.0001088491873504,0.1632947855857488,3.963174808979841,0.7870276831597943,0.0001088491873504,0.1632947855857488,0.004215982057547988
1918,"MMA_Y__fft_coefficient__attr_""angle""__coeff_2",0.0001115258721935,7.00087995851333e-07,3.9526243716519764,6.154847368970281,7.00087995851333e-07,0.0001115258721935,8.836171362616239e-06
1919,"MMA_X__fft_coefficient__attr_""abs""__coeff_87",0.0001128160717695,0.0146937394380125,3.9476290263845204,1.832867665705518,0.0001128160717695,0.0146937394380125,0.0012875130923610644
1920,GYRO_X__friedrich_coefficients__coeff_1__m_3__r_30,0.0001129576494673,3.988113170993935e-08,3.947084353420478,7.399232526177631,3.988113170993935e-08,0.0001129576494673,2.122469998857593e-06
1921,ADXL_Z__count_above_mean,0.0001133152759673,4.422075221626098e-06,3.945711539200124,5.354373874136481,4.422075221626098e-06,0.0001133152759673,2.238501003097208e-05
1922,MMA_Z__number_peaks__n_10,0.0001154259915296,3.287599579345709e-12,3.937696386094695,11.483121083793323,3.287599579345709e-12,0.0001154259915296,1.948010372657893e-08
1923,"ADXL_X__agg_linear_trend__attr_""slope""__chunk_len_5__f_agg_""min""",0.0001169351517123,2.4494092352261264e-07,3.9320549165552117,6.610938649030994,2.4494092352261264e-07,0.0001169351517123,5.3518411834309485e-06
1924,"GYRO_Z__change_quantiles__f_agg_""var""__isabs_False__qh_1.0__ql_0.0",0.0001194170074347,0.0184102998633283,3.9229338163470118,1.7349391377356254,0.0001194170074347,0.0184102998633283,0.0014827349445042874
1925,"ADXL_X__fft_coefficient__attr_""abs""__coeff_31",0.0001218762436279,0.0584988752878508,3.9140809397202467,1.2328524836780876,0.0001218762436279,0.0584988752878508,0.002670135422884061
1926,"ADXL_X__fft_coefficient__attr_""abs""__coeff_42",0.0001223866492374,0.1069322492343375,3.9122659553829924,0.9708912980433065,0.0001223866492374,0.1069322492343375,0.0036176068994860536
1927,"MMA_Z__fft_coefficient__attr_""abs""__coeff_73",0.0001226866900535,0.0579713470993003,3.9112025501487904,1.2367866076679503,0.0001226866900535,0.0579713470993003,0.002666891953858596
1928,ADXL_Y__autocorrelation__lag_8,0.0001244775542276,0.0004834236097638,3.9049089534190737,3.315672143047633,0.0001244775542276,0.0004834236097638,0.0002453067235101304
1929,"MMA_Z__fft_coefficient__attr_""abs""__coeff_50",0.0001248503863717,0.0482035121402306,3.9036101093091284,1.3169213176210433,0.0001248503863717,0.0482035121402306,0.0024532075157191087
1930,ADXL_X__symmetry_looking__r_0.05,0.000125987469216,0.00013682623799,3.8996726479060153,3.8638306137150145,0.000125987469216,0.00013682623799,0.00013129505492099163
1931,GYRO_X__fourier_entropy__bins_100,0.0001282205618284,0.0001018728621137,3.8920423244852045,3.991941492185369,0.0001018728621137,0.0001282205618284,0.00011428996288076105
1932,"MMA_X__cwt_coefficients__coeff_6__w_5__widths_(2, 5, 10, 20)",0.0001285755998397,1.3683064688584242e-81,3.8908414409017658,80.86381661984721,1.3683064688584242e-81,0.0001285755998397,4.194410864448232e-43
1933,"GYRO_X__fft_coefficient__attr_""abs""__coeff_17",0.0001299729902277,0.0027278216733719,3.8861468893378763,2.564184024338859,0.0001299729902277,0.0027278216733719,0.000595435252312184
1934,GYRO_Z__count_below_mean,0.0001300619940508,2.8240977526633634e-05,3.8858495918734035,4.549120274791783,2.8240977526633634e-05,0.0001300619940508,6.060592257409997e-05
1935,MMA_Z__ratio_beyond_r_sigma__r_2.5,0.0001310389885091,0.0002195142446093,3.882599467892965,3.658537292485684,0.0001310389885091,0.0002195142446093,0.00016960225404440187
1936,ADXL_X__energy_ratio_by_chunks__num_segments_10__segment_focus_1,0.0001330787119,0.0317709448798281,3.8758914114208096,1.4979698688998506,0.0001330787119,0.0317709448798281,0.0020562189621860373
1937,"GYRO_Z__change_quantiles__f_agg_""var""__isabs_False__qh_1.0__ql_0.4",0.0001361116397241,0.1380468859192064,3.8661047340781,0.8599733857893603,0.0001361116397241,0.1380468859192064,0.004334718906834555
1938,"MMA_X__fft_coefficient__attr_""abs""__coeff_63",0.0001381609003723,0.1618334713167631,3.859614845204296,0.790931650184702,0.0001381609003723,0.1618334713167631,0.004728536571445628
1939,"GYRO_X__fft_coefficient__attr_""abs""__coeff_57",0.000139814661324,2.9575226061372306e-10,3.8544472849690816,9.529071927111483,2.9575226061372306e-10,0.000139814661324,2.0334822879365109e-07
1940,"GYRO_Z__agg_linear_trend__attr_""intercept""__chunk_len_5__f_agg_""min""",0.0001399123605403,1.8909226818852703e-05,3.854143916120639,4.723326228699684,1.8909226818852703e-05,0.0001399123605403,5.143573232897175e-05
1941,"GYRO_Z__change_quantiles__f_agg_""var""__isabs_False__qh_0.2__ql_0.0",0.0001402199458016,0.032024261737125,3.8531902050894167,1.4945208733612148,0.0001402199458016,0.032024261737125,0.0021190658897532943
1942,"MMA_Z__change_quantiles__f_agg_""var""__isabs_False__qh_0.6__ql_0.0",0.0001424046158688,0.2399502088320191,3.8464759333546428,0.6198788677588402,0.0001424046158688,0.2399502088320191,0.005845512579437497
1943,ADXL_Z__ratio_beyond_r_sigma__r_2.5,0.0001435268216968,0.0002023397785364,3.8430669321952524,3.693918729682895,0.0001435268216968,0.0002023397785364,0.00017041474500806522
1944,"ADXL_Y__fft_coefficient__attr_""abs""__coeff_69",0.0001445574577365,0.1092998245087502,3.8399594981111953,0.9613805353507784,0.0001445574577365,0.1092998245087502,0.003974934560723047
1945,MMA_Z__ratio_value_number_to_time_series_length,0.0001450186733133,1.4142051257788588e-07,3.838576072283789,6.84948759299117,1.4142051257788588e-07,0.0001450186733133,4.528643849248014e-06
1946,"ADXL_X__cwt_coefficients__coeff_4__w_20__widths_(2, 5, 10, 20)",0.0001456304780048,5.445921209586495e-82,3.8367477249946393,81.2639286462295,5.445921209586495e-82,0.0001456304780048,2.8161891075149053e-43
1947,"MMA_Y__fft_coefficient__attr_""abs""__coeff_65",0.0001460845252684,0.0185870441473318,3.8353957864372723,1.7307896695379668,0.0001460845252684,0.0185870441473318,0.0016478105232112577
1948,"ADXL_Y__change_quantiles__f_agg_""var""__isabs_True__qh_1.0__ql_0.8",0.0001469969588924,1.740388350006336e-07,3.8326916499450983,6.759353832495441,1.740388350006336e-07,0.0001469969588924,5.0579817589893826e-06
1949,"GYRO_X__fft_coefficient__attr_""abs""__coeff_26",0.0001474303728846,0.0208544556152626,3.831413036033695,1.6808011424939233,0.0001474303728846,0.0208544556152626,0.0017534480795459858
1950,"ADXL_X__fft_coefficient__attr_""abs""__coeff_85",0.0001485430969978,0.0137282589334234,3.8281475256538013,1.862384538040209,0.0001485430969978,0.0137282589334234,0.0014280189418766217
1951,"ADXL_X__fft_coefficient__attr_""abs""__coeff_63",0.0001489644868234,0.1585060636551576,3.826917255177867,0.7999541191774359,0.0001489644868234,0.1585060636551576,0.004859194833589998
1952,"MMA_X__fft_coefficient__attr_""abs""__coeff_41",0.0001494186762994,0.0985928062955764,3.82559511532624,1.006154771672471,0.0001494186762994,0.0985928062955764,0.003838177511440577
1953,"GYRO_Y__fft_coefficient__attr_""abs""__coeff_14",0.0001507592352853,0.0267360494024419,3.8217160741424165,1.5729027649675866,0.0001507592352853,0.0267360494024419,0.0020076619143825345
1954,"ADXL_Y__fft_coefficient__attr_""abs""__coeff_29",0.0001519872285319,0.1700755974013944,3.818192904233874,0.7693579948776205,0.0001519872285319,0.1700755974013944,0.005084222525612461
1955,"ADXL_Z__fft_coefficient__attr_""abs""__coeff_50",0.0001526058702999,0.0508994601198173,3.816428760025841,1.2932868241117226,0.0001526058702999,0.0508994601198173,0.0027870336218603054
1956,"ADXL_X__fft_coefficient__attr_""imag""__coeff_5",0.0001536744613979,0.047541338472106,3.813398300330612,1.3229285953704184,0.0001536744613979,0.047541338472106,0.0027029409138632963
1957,"GYRO_Z__agg_linear_trend__attr_""intercept""__chunk_len_50__f_agg_""min""",0.0001554122547436,0.1687008107437002,3.808514738703172,0.7728828302699787,0.0001554122547436,0.1687008107437002,0.005120368480368555
1958,"MMA_X__fft_coefficient__attr_""abs""__coeff_35",0.000156069003482,0.1453630598795948,3.8066833426353917,0.8375459437432478,0.000156069003482,0.1453630598795948,0.00476305237200922
1959,"GYRO_Z__fft_coefficient__attr_""abs""__coeff_99",0.0001571411300311,0.0436020617038721,3.8037101280874808,1.360492974826697,0.0001571411300311,0.0436020617038721,0.0026175708677764983
1960,"GYRO_Y__fft_coefficient__attr_""abs""__coeff_31",0.0001581786081245,0.0082511597000215,3.8008522503052706,2.0834850070956192,0.0001581786081245,0.0082511597000215,0.001142434661922671
1961,MMA_Z__energy_ratio_by_chunks__num_segments_10__segment_focus_6,0.0001590106514641,3.5182612774063656e-06,3.798573783118886,5.453671911574876,3.5182612774063656e-06,0.0001590106514641,2.3652505527772377e-05
1962,"ADXL_Y__agg_linear_trend__attr_""intercept""__chunk_len_5__f_agg_""var""",0.000159620575912,0.0003709676322233,3.796911126587617,3.430663981921487,0.000159620575912,0.0003709676322233,0.0002433394072076986
1963,GYRO_X__ratio_beyond_r_sigma__r_2,0.0001603704059401,5.19463409854604e-05,3.7948757714802497,4.284445038016118,5.19463409854604e-05,0.0001603704059401,9.127242623564434e-05
1964,"MMA_Z__agg_linear_trend__attr_""stderr""__chunk_len_10__f_agg_""min""",0.0001615048611963,2.8430166621030778e-06,3.791814401141204,5.546220595027033,2.8430166621030778e-06,0.0001615048611963,2.1428042640234915e-05
1965,"ADXL_X__agg_linear_trend__attr_""slope""__chunk_len_50__f_agg_""mean""",0.0001668043607091,1.8431419985867468e-05,3.7777925999384228,4.734441204755394,1.8431419985867468e-05,0.0001668043607091,5.544764402302006e-05
1966,"ADXL_X__linear_trend__attr_""slope""",0.0001670081866055,1.883746466087088e-05,3.7772622395682767,4.724977549414042,1.883746466087088e-05,0.0001670081866055,5.608931104281132e-05
1967,"ADXL_X__agg_linear_trend__attr_""slope""__chunk_len_10__f_agg_""mean""",0.0001670081866055,1.878501175871292e-05,3.7772622395682767,4.726188528748452,1.878501175871292e-05,0.0001670081866055,5.6011166290175026e-05
1968,"ADXL_X__agg_linear_trend__attr_""slope""__chunk_len_5__f_agg_""mean""",0.0001670081866055,1.8845824678377643e-05,3.7772622395682767,4.724784853415629,1.8845824678377643e-05,0.0001670081866055,5.610175580693558e-05
1969,"GYRO_Z__fft_coefficient__attr_""abs""__coeff_14",0.0001728824069745,0.177440494294855,3.762249199569595,0.7509472613818574,0.0001728824069745,0.177440494294855,0.00553862254973559
1970,"MMA_X__cwt_coefficients__coeff_7__w_5__widths_(2, 5, 10, 20)",0.0001739577705036,6.567721847785948e-82,3.759556167022962,81.18258524847839,6.567721847785948e-82,0.0001739577705036,3.380098001432248e-43
1971,"ADXL_Z__fft_coefficient__attr_""abs""__coeff_65",0.0001744420077952,0.0193453946961971,3.7583489233207965,1.7134224051191762,0.0001744420077952,0.0193453946961971,0.0018370219085234762
1972,"GYRO_Z__fft_coefficient__attr_""abs""__coeff_93",0.0001747237576729,0.0297764261877396,3.757648038779291,1.5261274281446973,0.0001747237576729,0.0297764261877396,0.002280931624050052
1973,ADXL_X__ar_coefficient__coeff_5__k_10,0.0001764630958727,5.249079532667238e-07,3.7533461057698556,6.279916846866678,5.249079532667238e-07,0.0001764630958727,9.624286076465547e-06
1974,"MMA_Y__agg_linear_trend__attr_""stderr""__chunk_len_50__f_agg_""min""",0.0001769506850311,0.0046847939565554,3.752147751734289,2.3293095052028403,0.0001769506850311,0.0046847939565554,0.0009104820151117952
1975,"GYRO_Z__fft_coefficient__attr_""abs""__coeff_10",0.0001798085539369,0.0431636801970178,3.7451896516504615,1.3648815338427183,0.0001798085539369,0.0431636801970178,0.002785892840512818
1976,"GYRO_X__change_quantiles__f_agg_""mean""__isabs_True__qh_0.8__ql_0.6",0.0001813702169502,2.853307087876485e-11,3.7414340275081703,10.54465148477715,2.853307087876485e-11,0.0001813702169502,7.193781519852418e-08
1977,"ADXL_X__fft_coefficient__attr_""abs""__coeff_38",0.0001813836996661,0.1040960742852993,3.7414017440848855,0.9825656484758221,0.0001813836996661,0.1040960742852993,0.004345265362965162
1978,"GYRO_Z__agg_linear_trend__attr_""intercept""__chunk_len_10__f_agg_""var""",0.000181443868926,0.095139069112711,3.741257702231089,1.0216411022454288,0.000181443868926,0.095139069112711,0.004154804542433782
1979,"GYRO_X__change_quantiles__f_agg_""mean""__isabs_True__qh_1.0__ql_0.2",0.0001857761397993,0.0002086938417037,3.731010065471108,3.680490366236709,0.0001857761397993,0.0002086938417037,0.00019690184435804442
1980,"MMA_X__fft_coefficient__attr_""abs""__coeff_24",0.0001867029317223,0.0084442300986152,3.728848862442883,2.0734399410207827,0.0001867029317223,0.0084442300986152,0.0012556124065766251
1981,MMA_Z__count_above_mean,0.0001885020028838,8.882484043982228e-06,3.724684030939562,5.05146556398124,8.882484043982228e-06,0.0001885020028838,4.0919017985211294e-05
1982,"GYRO_Z__fft_coefficient__attr_""real""__coeff_38",0.0001896842539974,0.059418721985138,3.721968719115907,1.2260766935079745,0.0001896842539974,0.059418721985138,0.0033572006125982125
1983,"GYRO_Z__agg_linear_trend__attr_""rvalue""__chunk_len_10__f_agg_""min""",0.0001901145076909,5.883694498017937e-05,3.7209847407374173,4.230349885446463,5.883694498017937e-05,0.0001901145076909,0.00010576273837672402
1984,MMA_Y__large_standard_deviation__r_0.05,0.000190294557707,0.0002069108879869,3.720573632057785,3.684216655452127,0.000190294557707,0.0002069108879869,0.0001984288686512871
1985,"GYRO_Y__fft_coefficient__attr_""abs""__coeff_67",0.000192066702489,0.3343831193453332,3.7165479197750586,0.47575565515712215,0.000192066702489,0.3343831193453332,0.008013979230110588
1986,"MMA_Z__fft_coefficient__attr_""abs""__coeff_69",0.0001942190009323,0.0639257840603575,3.711708284230389,1.1943239365750176,0.0001942190009323,0.0639257840603575,0.0035235779988552233
1987,MMA_Y__number_cwt_peaks__n_5,0.0001968859164427,2.988101226581795e-07,3.7057853485138574,6.52460469420562,2.988101226581795e-07,0.0001968859164427,7.670169805285361e-06
1988,GYRO_Y__percentage_of_reoccurring_values_to_all_values,0.0001983640910167,8.163776810455077e-05,3.7025369434961886,4.088108876973208,8.163776810455077e-05,0.0001983640910167,0.00012725565473758468
1989,"GYRO_Y__agg_linear_trend__attr_""stderr""__chunk_len_50__f_agg_""min""",0.0002042009163646,0.0232824960265335,3.6899423133206257,1.6329704624911434,0.0002042009163646,0.0232824960265335,0.002180437346926827
1990,GYRO_X__partial_autocorrelation__lag_1,0.0002051192188875,3.1437425049749904e-05,3.687993645990715,4.502553033004175,3.1437425049749904e-05,0.0002051192188875,8.030205520432853e-05
1991,GYRO_X__autocorrelation__lag_1,0.0002051192188875,3.1437425049749904e-05,3.687993645990715,4.502553033004175,3.1437425049749904e-05,0.0002051192188875,8.030205520432853e-05
1992,GYRO_X__large_standard_deviation__r_0.15000000000000002,0.0002052604415381,0.0002224654048345,3.6876947412144268,3.6527375157285835,0.0002052604415381,0.0002224654048345,0.00021368983883957054
1993,"ADXL_Y__fft_coefficient__attr_""abs""__coeff_74",0.0002053332334602,0.0670360349017443,3.6875407537940093,1.1736916815976386,0.0002053332334602,0.0670360349017443,0.0037100843393009244
1994,"ADXL_Z__fft_coefficient__attr_""abs""__coeff_69",0.0002076400686236,0.0861346414692742,3.682688836261856,1.0648221496701455,0.0002076400686236,0.0861346414692742,0.004229066429550295
1995,"MMA_Y__change_quantiles__f_agg_""mean""__isabs_False__qh_0.6__ql_0.0",0.0002113546644349,0.0342315794460719,3.6749881631839814,1.4655730620397889,0.0002113546644349,0.0342315794460719,0.0026897962723784765
1996,"GYRO_Y__fft_coefficient__attr_""abs""__coeff_22",0.0002121760722864,0.0153837051020347,3.673303594326802,1.81293905389871,0.0002121760722864,0.0153837051020347,0.0018066693459960997
1997,"MMA_Y__augmented_dickey_fuller__attr_""pvalue""__autolag_""AIC""",0.0002137084230236,0.4166029136580015,3.6701783603788387,0.3802776969874874,0.0002137084230236,0.4166029136580015,0.009435653220889823
1998,"MMA_Z__fft_coefficient__attr_""abs""__coeff_22",0.0002148034928948,0.1025370375585618,3.667958660902631,0.9891192341021228,0.0002148034928948,0.1025370375585618,0.004693113446174551
1999,"MMA_Y__fft_coefficient__attr_""abs""__coeff_73",0.0002154008865808,0.0863663476461183,3.6667525134969194,1.0636554459305145,0.0002154008865808,0.0863663476461183,0.00431316448257187
2000,"ADXL_Y__fft_coefficient__attr_""abs""__coeff_2",0.0002181247541028,0.0020551217256857,3.6612950452869213,2.687162449589385,0.0002181247541028,0.0020551217256857,0.0006695318671030643
2001,GYRO_Z__energy_ratio_by_chunks__num_segments_10__segment_focus_6,0.0002241897667862,9.868332049746162e-11,3.6493842147995337,10.005756245790906,9.868332049746162e-11,0.0002241897667862,1.4874068242419003e-07
2002,"ADXL_X__fft_coefficient__attr_""abs""__coeff_40",0.0002262497293311,0.2189159176112868,3.6454119316811235,0.659722659266159,0.0002262497293311,0.2189159176112868,0.007037731673332184
2003,"MMA_X__cwt_coefficients__coeff_5__w_5__widths_(2, 5, 10, 20)",0.0002310948048559,4.108768515616156e-82,3.6362098176008377,81.38628832581587,4.108768515616156e-82,0.0002310948048559,3.0814202217717424e-43
2004,"MMA_X__fft_coefficient__attr_""abs""__coeff_85",0.0002325362161719,0.0129367923819724,3.633509398650423,1.8881733916345078,0.0002325362161719,0.0129367923819724,0.0017344373006555538
2005,"GYRO_Y__fft_coefficient__attr_""abs""__coeff_6",0.0002331715515728,0.0011376112226689,3.632324437397653,2.944006132226884,0.0002331715515728,0.0011376112226689,0.000515032594964957
2006,"GYRO_X__fft_coefficient__attr_""abs""__coeff_7",0.0002336756520658,0.0147102627432355,3.6313865367491505,1.8323795701740146,0.0002336756520658,0.0147102627432355,0.0018540308084238513
2007,"ADXL_Y__fft_coefficient__attr_""abs""__coeff_35",0.0002344701165881,0.7211185642354891,3.6299125006158266,0.1419933239630593,0.0002344701165881,0.7211185642354891,0.013003105545604805
2008,"MMA_X__fft_coefficient__attr_""imag""__coeff_1",0.0002376597655493,3.612207368766718e-07,3.624044335642155,6.442227325765506,3.612207368766718e-07,0.0002376597655493,9.265399917847863e-06
2009,"GYRO_Z__fft_coefficient__attr_""abs""__coeff_98",0.0002380333015598,0.0527642306568653,3.6233622796160647,1.2776603898263983,0.0002380333015598,0.0527642306568653,0.003543958807254461
2010,"ADXL_X__agg_linear_trend__attr_""slope""__chunk_len_5__f_agg_""max""",0.00023825350036,0.0002097128376385,3.622960710098385,3.6783749832451456,0.0002097128376385,0.00023825350036,0.00022352811375261274
2011,"MMA_X__agg_linear_trend__attr_""slope""__chunk_len_10__f_agg_""min""",0.0002426326960664,8.13850520794326e-08,3.6150506759985888,7.089455354269931,8.13850520794326e-08,0.0002426326960664,4.443723056800132e-06
2012,MMA_Y__autocorrelation__lag_8,0.0002484011572535,0.0009726873745322,3.6048463851957857,3.012026721223914,0.0002484011572535,0.0009726873745322,0.0004915451855930105
2013,GYRO_X__number_peaks__n_10,0.0002488281129876,8.089462585722305e-24,3.6041005539424535,23.092080329291043,8.089462585722305e-24,0.0002488281129876,4.486519486516327e-14
2014,GYRO_Y__quantile__q_0.8,0.0002491474971308,1.871347014394475e-38,3.6035434712773604,37.7278456713655,1.871347014394475e-38,0.0002491474971308,2.1592624317103712e-21
2015,"MMA_Y__fft_coefficient__attr_""imag""__coeff_3",0.0002504061338559,0.0199539968731564,3.6013550370145513,1.6999701001727765,0.0002504061338559,0.0199539968731564,0.002235308303563473
2016,"MMA_X__fft_coefficient__attr_""abs""__coeff_32",0.0002504939657072,0.0174026147438806,3.601202731639571,1.7593854940435485,0.0002504939657072,0.0174026147438806,0.002087881697048288
2017,ADXL_Y__kurtosis,0.0002522002764949,1.582434437669256e-13,3.598254441632313,12.80067427432691,1.582434437669256e-13,0.0002522002764949,6.317360229678517e-09
2018,ADXL_X__ar_coefficient__coeff_10__k_10,0.0002549763601372,6.576066762396748e-06,3.593500082851863,5.182033786344934,6.576066762396748e-06,0.0002549763601372,4.094803496011919e-05
2019,"MMA_Y__fft_coefficient__attr_""abs""__coeff_35",0.0002561419657314,0.7631171454910907,3.5915192618576812,0.11740878873552367,0.0002561419657314,0.7631171454910907,0.013980927212793245
2020,"MMA_Y__agg_linear_trend__attr_""intercept""__chunk_len_5__f_agg_""var""",0.0002565817673162,0.0010677480606647,3.590774207802465,2.971531208703184,0.0002565817673162,0.0010677480606647,0.0005234163586035441
2021,MMA_X__time_reversal_asymmetry_statistic__lag_2,0.0002595100496184,0.0001701447544394,3.5858458192825484,3.7691814356550943,0.0001701447544394,0.0002595100496184,0.00021012918328228275
2022,"GYRO_Z__fft_coefficient__attr_""abs""__coeff_25",0.0002596343562316,0.5232252366444834,3.5856378398587108,0.2813113169178921,0.0002596343562316,0.5232252366444834,0.011655352739420501
2023,"GYRO_X__agg_linear_trend__attr_""slope""__chunk_len_50__f_agg_""max""",0.0002647720171185,5.420091934230523e-06,3.577127915958908,5.26599334700582,5.420091934230523e-06,0.0002647720171185,3.7882564253148546e-05
2024,GYRO_Y__friedrich_coefficients__coeff_1__m_3__r_30,0.0002657626441115,1.9079798672791637e-05,3.5755060640117295,4.719426212218766,1.9079798672791637e-05,0.0002657626441115,7.120883192691897e-05
2025,"MMA_Z__change_quantiles__f_agg_""var""__isabs_False__qh_0.8__ql_0.0",0.0002671047487976,0.2322979756939908,3.573318390682259,0.6339545747402726,0.0002671047487976,0.2322979756939908,0.007877048460174306
2026,GYRO_Y__symmetry_looking__r_0.05,0.0002714339848267,0.0002922879994629,3.5663357775359326,3.534189015207159,0.0002714339848267,0.0002922879994629,0.0002816680606871132
2027,"MMA_Z__change_quantiles__f_agg_""mean""__isabs_True__qh_1.0__ql_0.4",0.0002721660358863,4.862124389798975e-08,3.5651660721800433,7.313173934609865,4.862124389798975e-08,0.0002721660358863,3.6377261045297e-06
2028,"ADXL_X__fft_aggregated__aggtype_""variance""",0.0002741537814129,0.0140677892204318,3.5620057594998857,1.8517741473986793,0.0002741537814129,0.0140677892204318,0.001963857838770671
2029,"MMA_Z__fft_coefficient__attr_""abs""__coeff_63",0.0002758002088053,0.0121493643973503,3.559405409360476,1.915446441896443,0.0002758002088053,0.0121493643973503,0.001830518297543319
2030,"GYRO_Z__fft_coefficient__attr_""abs""__coeff_29",0.0002774862210454,0.472566419259336,3.556758577487329,0.32553714273015427,0.0002774862210454,0.472566419259336,0.011451230059396645
2031,"MMA_X__fft_coefficient__attr_""abs""__coeff_40",0.0002799632579296,0.2296025558039779,3.5528989612487245,0.6390232819300457,0.0002799632579296,0.2296025558039779,0.008017498335007277
2032,"MMA_X__fft_coefficient__attr_""abs""__coeff_89",0.0002858239015253,0.0088878786207843,3.5439014569078284,2.0512018850621874,0.0002858239015253,0.0088878786207843,0.001593853237809514
2033,"MMA_X__cwt_coefficients__coeff_1__w_2__widths_(2, 5, 10, 20)",0.0002871833014043,4.763869204339691e-84,3.541840816236161,83.32204017091162,4.763869204339691e-84,0.0002871833014043,3.698788565950409e-44
2034,"GYRO_Y__fft_coefficient__attr_""abs""__coeff_49",0.0002878766788822,0.0211657190267916,3.540793516236921,1.6743669733953206,0.0002878766788822,0.0211657190267916,0.0024684239707932175
2035,"ADXL_X__fft_coefficient__attr_""abs""__coeff_19",0.000289921929742,0.0272964193601111,3.5377189332971795,1.563894318312133,0.000289921929742,0.0272964193601111,0.00281315313766071
2036,"GYRO_Y__fft_coefficient__attr_""abs""__coeff_81",0.0002907564286945,0.0284668794392586,3.536470674138012,1.5456601379316912,0.0002907564286945,0.0284668794392586,0.0028769651026447508
2037,"GYRO_X__change_quantiles__f_agg_""mean""__isabs_True__qh_0.8__ql_0.0",0.0002942727277901,1.0649282641066552e-08,3.5312499849921015,7.972679646264613,1.0649282641066552e-08,0.0002942727277901,1.770252369520915e-06
2038,"ADXL_X__change_quantiles__f_agg_""var""__isabs_False__qh_0.6__ql_0.4",0.000299056794389,2.3442661967363157e-07,3.5242463262325443,6.629993074731732,2.3442661967363157e-07,0.000299056794389,8.372984736582621e-06
2039,"GYRO_Z__change_quantiles__f_agg_""var""__isabs_True__qh_0.4__ql_0.0",0.0002993394717695,0.0279065126641814,3.5238360120558534,1.5542944317066483,0.0002993394717695,0.0279065126641814,0.0028902457957455663
2040,"GYRO_Z__fft_coefficient__attr_""abs""__coeff_72",0.0003007497689892,0.0462920709369908,3.5217946975766603,1.3344933900448124,0.0003007497689892,0.0462920709369908,0.003731263812749193
2041,ADXL_Z__kurtosis,0.000305648442648,1.2570040917921612e-08,3.5147778127029365,7.900663308598955,1.2570040917921612e-08,0.000305648442648,1.9601054641483904e-06
2042,MMA_X__energy_ratio_by_chunks__num_segments_10__segment_focus_5,0.000310984957904,1.351679293518376e-05,3.507260616945115,4.869126339146786,1.351679293518376e-05,0.000310984957904,6.483455314834216e-05
2043,MMA_X__value_count__value_-1,0.0003121907708434,0.0125676202487259,3.5055799399380128,1.9007469506904362,0.0003121907708434,0.0125676202487259,0.001980781424871725
2044,"GYRO_Z__fft_coefficient__attr_""abs""__coeff_52",0.0003155957764136,0.0282582919146712,3.500868817542913,1.5488540928219277,0.0003155957764136,0.0282582919146712,0.0029863351414288405
2045,"MMA_Y__fft_coefficient__attr_""abs""__coeff_50",0.000324068582635,0.879283433417109,3.489363070324232,0.05587110930899124,0.000324068582635,0.879283433417109,0.01688040686719129
2046,"GYRO_X__change_quantiles__f_agg_""mean""__isabs_True__qh_0.6__ql_0.2",0.0003285109191089,1.6280886592623397e-18,3.4834501907010584,17.788321948844857,1.6280886592623397e-18,0.0003285109191089,2.3126714030424813e-11
2047,"MMA_X__fft_coefficient__attr_""abs""__coeff_38",0.0003285704874806,0.1066411393756079,3.4833714479001308,0.9720752234788942,0.0003285704874806,0.1066411393756079,0.005919386045032888
2048,"ADXL_Z__fft_coefficient__attr_""abs""__coeff_63",0.0003324068768863,0.0135725348769305,3.47833000004172,1.8673390336775137,0.0003324068768863,0.0135725348769305,0.002124053655129938
2049,"MMA_Z__fft_coefficient__attr_""abs""__coeff_16",0.000336028479637,0.0012583576966148,3.4736239130118194,2.900195890222318,0.000336028479637,0.0012583576966148,0.0006502645797158172
2050,"MMA_Z__fft_coefficient__attr_""abs""__coeff_86",0.000336028479637,0.0546582888345328,3.4736239130118194,1.2623439687164033,0.000336028479637,0.0546582888345328,0.0042856436735487086
2051,GYRO_X__absolute_sum_of_changes,0.0003369032491494,0.0001406753679526,3.4724948005924894,3.851781940225331,0.0001406753679526,0.0003369032491494,0.00021770160435448865
2052,"GYRO_Y__fft_coefficient__attr_""abs""__coeff_47",0.0003369032491494,0.0779266285144911,3.4724948005924894,1.1083141130489793,0.0003369032491494,0.0779266285144911,0.005123839804462112
2053,"ADXL_X__agg_linear_trend__attr_""slope""__chunk_len_10__f_agg_""max""",0.0003389092473801,0.0006636926041875,3.4699165809668173,3.1780330218614288,0.0003389092473801,0.0006636926041875,0.0004742695024739881
2054,"ADXL_Z__fft_coefficient__attr_""abs""__coeff_22",0.0003401319036152,0.1735866210435074,3.4683526303013172,0.7604837505356057,0.0003401319036152,0.1735866210435074,0.007683901864135077
2055,"ADXL_X__fft_coefficient__attr_""abs""__coeff_89",0.0003438392600406,0.0052625419629892,3.463644536475218,2.278804428121217,0.0003438392600406,0.0052625419629892,0.0013451648726036571
2056,"GYRO_Z__fft_coefficient__attr_""abs""__coeff_49",0.0003463476642649,0.0181377487601294,3.460487736857186,1.741416618142869,0.0003463476642649,0.0181377487601294,0.0025063852293880132
2057,"ADXL_X__cwt_coefficients__coeff_8__w_5__widths_(2, 5, 10, 20)",0.0003494927609451,5.30701173965451e-122,3.456561815380837,121.2751499516656,5.30701173965451e-122,0.0003494927609451,4.3066950034335066e-63
2058,"ADXL_Y__fft_coefficient__attr_""abs""__coeff_66",0.0003513882949581,0.1091472725480798,3.4542127093170283,0.9619871122875793,0.0003513882949581,0.1091472725480798,0.006192985871128465
2059,"ADXL_Z__fft_coefficient__attr_""abs""__coeff_84",0.0003517551084121,0.002640022318739,3.4537595867458775,2.5783924015906923,0.0003517551084121,0.002640022318739,0.0009636603846472059
2060,ADXL_Z__energy_ratio_by_chunks__num_segments_10__segment_focus_6,0.0003558116109825,1.923069021865909e-05,3.4487798839548693,4.716005127993683,1.923069021865909e-05,0.0003558116109825,8.271942255000633e-05
2061,"ADXL_X__fft_coefficient__attr_""angle""__coeff_1",0.0003571382059429,2.776625833462532e-05,3.447163687352381,4.5564826400231855,2.776625833462532e-05,0.0003571382059429,9.958108097111208e-05
2062,"ADXL_Y__fft_coefficient__attr_""imag""__coeff_3",0.0003590967526107,0.0208873586904228,3.444788522274736,1.680116475227922,0.0003590967526107,0.0208873586904228,0.0027387191671191316
2063,"ADXL_Z__agg_linear_trend__attr_""stderr""__chunk_len_10__f_agg_""min""",0.0003595626736809,2.098861566136066e-05,3.444225398851491,4.678016205079278,2.098861566136066e-05,0.0003595626736809,8.687187556430246e-05
2064,"GYRO_Z__fft_coefficient__attr_""abs""__coeff_24",0.0003602865612677,0.1044347994698417,3.443351936812011,0.9811547628332418,0.0003602865612677,0.1044347994698417,0.006134040656669231
2065,MMA_Y__time_reversal_asymmetry_statistic__lag_3,0.0003616174146861,1.847461284051944e-06,3.4417506630419084,5.733424654042085,1.847461284051944e-06,0.0003616174146861,2.584713085182815e-05
2066,"MMA_X__agg_linear_trend__attr_""slope""__chunk_len_5__f_agg_""min""",0.0003637296301206,7.248230257526893e-07,3.4392213190340253,6.139768018699764,7.248230257526893e-07,0.0003637296301206,1.6236982818858922e-05
2067,"GYRO_Z__fft_coefficient__attr_""abs""__coeff_30",0.0003716012262652,0.2198984521768643,3.429922861526267,0.6577778275442236,0.0003716012262652,0.2198984521768643,0.009039609199669098
2068,"ADXL_X__fft_coefficient__attr_""real""__coeff_1",0.0003743437064808,5.2810527352450535e-08,3.42672946389466,7.277279495735974,5.2810527352450535e-08,0.0003743437064808,4.44626681051891e-06
2069,"MMA_X__fft_coefficient__attr_""abs""__coeff_33",0.0003759653341942,0.0515600588205274,3.424852197259115,1.287686595868365,0.0003759653341942,0.0515600588205274,0.004402816683162291
2070,"ADXL_Y__fft_coefficient__attr_""imag""__coeff_62",0.0003864730017293,0.7812445118922335,3.4128808396745733,0.1072130204808805,0.0003864730017293,0.7812445118922335,0.01737613051273307
2071,"MMA_Y__fft_coefficient__attr_""abs""__coeff_2",0.0003880623311079,0.0017117092066353,3.411098511823111,2.7665700134207976,0.0003880623311079,0.0017117092066353,0.0008150152544006453
2072,GYRO_Z__quantile__q_0.9,0.0003921397849571,0.2256540422450463,3.4065590936579593,0.6465568823565797,0.0003921397849571,0.2256540422450463,0.009406802198445165
2073,"MMA_X__change_quantiles__f_agg_""mean""__isabs_False__qh_0.6__ql_0.0",0.000392947116456,0.0001632967685729,3.405665893840212,3.787022409291769,0.0001632967685729,0.000392947116456,0.0002533120493330387
2074,"GYRO_Z__change_quantiles__f_agg_""mean""__isabs_True__qh_0.2__ql_0.0",0.0003945611719292,0.1583966461257923,3.4038856551370062,0.8002540183556283,0.0003945611719292,0.1583966461257923,0.00790551493104955
2075,"MMA_Y__fft_coefficient__attr_""imag""__coeff_62",0.0003965077034567,0.7551703743588901,3.401748370676171,0.12195505592506653,0.0003965077034567,0.7551703743588901,0.017304070933037114
2076,ADXL_Y__autocorrelation__lag_9,0.0003970740944426,0.0016220985001162,3.401128445868939,2.7899227772777104,0.0003970740944426,0.0016220985001162,0.0008025542305852856
2077,"MMA_Z__agg_linear_trend__attr_""stderr""__chunk_len_5__f_agg_""min""",0.0004011425435194,2.263759617204593e-06,3.3967012760988435,5.645169691646404,2.263759617204593e-06,0.0004011425435194,3.013453651148386e-05
2078,"ADXL_Y__fft_coefficient__attr_""abs""__coeff_50",0.0004074621607129,0.8418642984343672,3.3899127161426867,0.07475790753925447,0.0004074621607129,0.8418642984343672,0.01852101093534359
2079,MMA_Z__permutation_entropy__dimension_5__tau_1,0.0004166380145351,4.5997958739589975e-10,3.3802411070487866,9.337261440661953,4.5997958739589975e-10,0.0004166380145351,4.3777275157243647e-07
2080,"MMA_X__fft_coefficient__attr_""abs""__coeff_42",0.0004175811426502,0.154057954796924,3.3792591216625825,0.8123158719318201,0.0004175811426502,0.154057954796924,0.008020704258258895
2081,"GYRO_Z__fft_coefficient__attr_""abs""__coeff_11",0.0004229014847776,0.3071705784599939,3.3737607900728053,0.5126203844230435,0.0004229014847776,0.3071705784599939,0.011397495062983168
2082,"GYRO_Y__fft_coefficient__attr_""real""__coeff_12",0.0004229014847776,0.0137460367168169,3.3737607900728053,1.8618225003884257,0.0004229014847776,0.0137460367168169,0.002411061869249579
2083,MMA_X__time_reversal_asymmetry_statistic__lag_3,0.0004231510328801,0.0005681034009382,3.373504594707231,3.245572610820836,0.0004231510328801,0.0005681034009382,0.0004902994400258856
2084,"MMA_Y__fft_coefficient__attr_""abs""__coeff_70",0.0004273131565172,0.0783119030865964,3.369253735512176,1.106172221953048,0.0004273131565172,0.0783119030865964,0.005784782320952325
2085,"MMA_X__cwt_coefficients__coeff_5__w_20__widths_(2, 5, 10, 20)",0.0004322790192409,1.9354236600265343e-55,3.36423584253487,54.713223954121865,1.9354236600265343e-55,0.0004322790192409,9.146819346482707e-30
2086,"MMA_Z__fft_coefficient__attr_""imag""__coeff_9",0.0004345859371592,0.0021998070823467,3.3619243311976703,2.6576154040623243,0.0004345859371592,0.0021998070823467,0.0009777551955633301
2087,ADXL_Y__large_standard_deviation__r_0.35000000000000003,0.0004345859371592,0.0004675776531986,3.3619243311976703,3.3301462531227912,0.0004345859371592,0.0004675776531986,0.0004507800712210035
2088,"ADXL_Y__fft_coefficient__attr_""abs""__coeff_81",0.0004347199680502,0.0089527813139479,3.361790410844712,2.048042023717257,0.0004347199680502,0.0089527813139479,0.0019728032863820604
2089,"GYRO_Z__fft_coefficient__attr_""abs""__coeff_65",0.0004431397713686,0.0121493643973503,3.353459270706815,1.915446441896443,0.0004431397713686,0.0121493643973503,0.002320316047721866
2090,"MMA_Z__fft_coefficient__attr_""abs""__coeff_18",0.0004495491058273,0.0297367444470666,3.3472228618284054,1.5267065793939654,0.0004495491058273,0.0297367444470666,0.003656244914716972
2091,"GYRO_Z__agg_linear_trend__attr_""intercept""__chunk_len_5__f_agg_""var""",0.0004502373245108,0.0482020055619255,3.3465585049881708,1.3169348915047816,0.0004502373245108,0.0482020055619255,0.004658577252794681
2092,"ADXL_Z__change_quantiles__f_agg_""var""__isabs_True__qh_0.4__ql_0.2",0.0004502373245108,0.0001310251419224,3.3465585049881708,3.8826453612107015,0.0001310251419224,0.0004502373245108,0.00024288353040663178
2093,"ADXL_Z__fft_coefficient__attr_""imag""__coeff_9",0.0004503680012516,0.002047965563082,3.3464324737817868,2.6886773503764814,0.0004503680012516,0.002047965563082,0.0009603843799632248
2094,MMA_X__spkt_welch_density__coeff_2,0.0004514186026098,0.0217929224724003,3.345420547951394,1.6616845261313866,0.0004514186026098,0.0217929224724003,0.0031365156797431527
2095,"MMA_X__change_quantiles__f_agg_""var""__isabs_False__qh_0.6__ql_0.4",0.0004519290310886,7.77254309383673e-10,3.3449297594950536,9.109436861389806,7.77254309383673e-10,0.0004519290310886,5.926751107893787e-07
2096,ADXL_Y__number_peaks__n_1,0.0004565304975713,4.693332567764454e-10,3.3405302050201153,9.328518670754983,4.693332567764454e-10,0.0004565304975713,4.628876162125201e-07
2097,MMA_X__count_above_mean,0.0004565304975713,3.3501993810839866e-05,3.3405302050201153,4.474929345939903,3.3501993810839866e-05,0.0004565304975713,0.00012367166977159054
2098,"MMA_X__fft_coefficient__attr_""abs""__coeff_99",0.0004575753571487,0.2261908769843723,3.33953737263837,0.6455249155699183,0.0004575753571487,0.2261908769843723,0.010173464076699825
2099,MMA_X__c3__lag_1,0.0004580351425641,7.77254309383673e-10,3.3391011996464375,9.109436861389806,7.77254309383673e-10,0.0004580351425641,5.966655582544645e-07
2100,"MMA_X__fft_coefficient__attr_""imag""__coeff_5",0.0004666029190652,0.0937891772016765,3.331052548589966,1.0278472741238633,0.0004666029190652,0.0937891772016765,0.0066153082965970346
2101,"MMA_Z__fft_coefficient__attr_""abs""__coeff_84",0.0004706810366185,0.0043476828478395,3.327273298735777,2.3617421440836504,0.0004706810366185,0.0043476828478395,0.0014305145471855813
2102,MMA_Y__symmetry_looking__r_0.25,0.000473915575021,0.0005106507620447,3.3242990181743606,3.291876015657651,0.000473915575021,0.0005106507620447,0.0004919403922522787
2103,"MMA_X__fft_coefficient__attr_""real""__coeff_1",0.000482968133767,1.3038093312321878e-08,3.3160815230491094,7.884785915082803,1.3038093312321878e-08,0.000482968133767,2.509379125387812e-06
2104,"GYRO_Z__fft_coefficient__attr_""abs""__coeff_41",0.0004853552696292,0.6547405658193033,3.3139402507653988,0.18393075062267855,0.0004853552696292,0.6547405658193033,0.017826434973387217
2105,"MMA_X__change_quantiles__f_agg_""var""__isabs_True__qh_1.0__ql_0.2",0.0004940571771222,0.0180125320214397,3.3062227873684114,1.7444252341184288,0.0004940571771222,0.0180125320214397,0.002983156168110502
2106,"GYRO_X__change_quantiles__f_agg_""mean""__isabs_True__qh_0.6__ql_0.4",0.0004940571771222,1.2560479303579126e-26,3.3062227873684114,25.900993787754246,1.2560479303579126e-26,0.0004940571771222,2.4911031588491312e-15
2107,"ADXL_Y__augmented_dickey_fuller__attr_""pvalue""__autolag_""AIC""",0.0004944180640296,0.4539522644347831,3.305905670271465,0.3429898131837121,0.0004944180640296,0.4539522644347831,0.014981395120071378
2108,"MMA_Y__fft_coefficient__attr_""abs""__coeff_68",0.0004968061169865,0.0654398163604933,3.303813065494262,1.184157928067423,0.0004968061169865,0.0654398163604933,0.005701833131753885
2109,GYRO_Z__quantile__q_0.1,0.0004968870356379,0.0762766508104272,3.303742334356041,1.117608384405306,0.0004968870356379,0.0762766508104272,0.0061563689712021315
2110,"ADXL_Z__fft_coefficient__attr_""abs""__coeff_86",0.0004972546344765,0.065852441602123,3.3034211605048016,1.181428118125567,0.0004972546344765,0.065852441602123,0.005722362429822908
2111,MMA_X__large_standard_deviation__r_0.1,0.0004973739524108,0.000535763093553,3.3033169625732515,3.271027206402177,0.0004973739524108,0.000535763093553,0.0005162117854101094
2112,"GYRO_Y__fft_coefficient__attr_""abs""__coeff_5",0.0004997160743357,0.004723827639746,3.3012766804092943,2.3257059570519245,0.0004997160743357,0.004723827639746,0.001536415504989567
2113,"GYRO_Z__fft_coefficient__attr_""abs""__coeff_59",0.0005074876880733,0.0379333147220817,3.2945744895067444,1.4209792057387964,0.0005074876880733,0.0379333147220817,0.004387560847357689
2114,"GYRO_Z__fft_coefficient__attr_""abs""__coeff_74",0.000517421762438,0.0011645439537762,3.286155309079129,2.9338441150964805,0.000517421762438,0.0011645439537762,0.0007762476312359337
2115,MMA_Z__energy_ratio_by_chunks__num_segments_10__segment_focus_5,0.0005381803632273,0.001109430206508,3.269072152535863,2.954900013740083,0.0005381803632273,0.001109430206508,0.0007727053458555944
2116,GYRO_X__autocorrelation__lag_6,0.0005382388329477,1.515065209198482e-06,3.2690249718890603,5.8195686744979085,1.515065209198482e-06,0.0005382388329477,2.8556381599191694e-05
2117,"ADXL_X__fft_coefficient__attr_""abs""__coeff_98",0.0005398999396477,0.1643580028284456,3.26768672107603,0.7842091446421892,0.0005398999396477,0.1643580028284456,0.009420025255151617
2118,"MMA_Z__change_quantiles__f_agg_""mean""__isabs_True__qh_0.6__ql_0.4",0.0005398999396477,1.1384194279264695e-11,3.26768672107603,10.943697701320412,1.1384194279264695e-11,0.0005398999396477,7.839850639082801e-08
2119,ADXL_X__count_above_mean,0.0005411767551234,3.4021192334189054e-05,3.2666608656931175,4.468250469821488,3.4021192334189054e-05,0.0005411767551234,0.00013568890327821773
2120,"MMA_X__agg_linear_trend__attr_""slope""__chunk_len_50__f_agg_""mean""",0.0005497891477657,7.935971582905311e-05,3.2598038369043145,4.1003998959710035,7.935971582905311e-05,0.0005497891477657,0.0002088806131085009
2121,"MMA_X__linear_trend__attr_""slope""",0.0005501473520946,8.20440153727625e-05,3.2595209729954355,4.085953092677644,8.20440153727625e-05,0.0005501473520946,0.00021245304848962262
2122,"MMA_X__agg_linear_trend__attr_""slope""__chunk_len_5__f_agg_""mean""",0.0005501473520946,8.20440153727625e-05,3.2595209729954355,4.085953092677644,8.20440153727625e-05,0.0005501473520946,0.00021245304848962262
2123,"MMA_X__agg_linear_trend__attr_""slope""__chunk_len_10__f_agg_""mean""",0.0005501473520946,8.123378306456954e-05,3.2595209729954355,4.0902633211616894,8.123378306456954e-05,0.0005501473520946,0.00021140139700011467
2124,"GYRO_Y__fft_coefficient__attr_""abs""__coeff_86",0.0005501473520946,0.0300783148052511,3.2595209729954355,1.5217464995724905,0.0005501473520946,0.0300783148052511,0.004067862490986722
2125,"GYRO_X__fft_coefficient__attr_""abs""__coeff_20",0.0005513362952215,0.0475012421303343,3.2585834163805862,1.323295033674149,0.0005513362952215,0.0475012421303343,0.005117534450744611
2126,"MMA_Z__cwt_coefficients__coeff_5__w_2__widths_(2, 5, 10, 20)",0.0005513362952215,6.252308129521929e-146,3.2585834163805862,145.20395962699746,6.252308129521929e-146,0.0005513362952215,5.871221679270751e-75
2127,"MMA_X__cwt_coefficients__coeff_8__w_5__widths_(2, 5, 10, 20)",0.0005552866755259,2.2956766262727964e-76,3.255482747588128,75.63908928757901,2.2956766262727964e-76,0.0005552866755259,3.5703762293146856e-40
2128,"GYRO_Y__fft_coefficient__attr_""abs""__coeff_44",0.000556092863553,0.1229870018591893,3.2548526782722087,0.9101407854640293,0.000556092863553,0.1229870018591893,0.008269957318128959
2129,"ADXL_Z__fft_coefficient__attr_""abs""__coeff_16",0.0005687623412943,0.0017455009528234,3.2450691666902345,2.758079909779718,0.0005687623412943,0.0017455009528234,0.0009963810559516216
2130,"GYRO_Z__fft_coefficient__attr_""abs""__coeff_58",0.0005716030272825,0.0344479660364109,3.242905479796037,1.4628364157081926,0.0005716030272825,0.0344479660364109,0.004437404835051363
2131,"ADXL_X__fft_coefficient__attr_""abs""__coeff_36",0.0005716098614596,0.1014536070737689,3.2429002873328794,0.9937325074834185,0.0005716098614596,0.1014536070737689,0.007615240133049892
2132,"ADXL_Z__change_quantiles__f_agg_""mean""__isabs_True__qh_1.0__ql_0.4",0.000572153713225,1.313230596726005e-11,3.242487279183792,10.881659007274962,1.313230596726005e-11,0.000572153713225,8.668158756261137e-08
2133,"ADXL_Z__change_quantiles__f_agg_""mean""__isabs_True__qh_0.6__ql_0.4",0.0005944823495091,4.973860384232693e-08,3.2258610352834665,7.303306409497993,4.973860384232693e-08,0.0005944823495091,5.437712945116619e-06
2134,"ADXL_X__change_quantiles__f_agg_""mean""__isabs_False__qh_0.4__ql_0.0",0.0005995398748194,1.0754453659726127e-05,3.222181927097014,4.968411647442299,1.0754453659726127e-05,0.0005995398748194,8.029771977399633e-05
2135,"MMA_X__fft_coefficient__attr_""abs""__coeff_19",0.0006058222319431,0.0600095744121732,3.2176547933454396,1.2217794532389052,0.0006058222319431,0.0600095744121732,0.00602952189716053
2136,ADXL_Y__large_standard_deviation__r_0.05,0.0006059100100798,0.0006500401280699,3.217591872579374,3.1870598328011375,0.0006059100100798,0.0006500401280699,0.0006275873011391385
2137,"MMA_Z__fft_coefficient__attr_""imag""__coeff_4",0.0006078459690219,0.0390525135754296,3.216206459014833,1.4083510079631911,0.0006078459690219,0.0390525135754296,0.004872156910137225
2138,"ADXL_X__cwt_coefficients__coeff_4__w_2__widths_(2, 5, 10, 20)",0.0006213458026121,2.30581938511336e-115,3.2066666311148597,114.63717471400604,2.30581938511336e-115,0.0006213458026121,1.196959145719602e-59
2139,MMA_X__index_mass_quantile__q_0.3,0.0006262035831142,0.0021807207803437,3.2032844516947137,2.6613999379604727,0.0006262035831142,0.0021807207803437,0.0011685782671361038
2140,"MMA_Z__fft_coefficient__attr_""abs""__coeff_27",0.0006311992197054,0.344881339174942,3.1998335466773566,0.462330303784537,0.0006311992197054,0.344881339174942,0.014754281825225408
2141,"MMA_X__fft_coefficient__attr_""abs""__coeff_98",0.0006379977472362,0.1683470690913937,3.1951808547656944,0.7737944402412325,0.0006379977472362,0.1683470690913937,0.010363640809779452
2142,"GYRO_Z__change_quantiles__f_agg_""var""__isabs_True__qh_0.6__ql_0.0",0.0006410843092035,0.0329536683193524,3.1930848525184343,1.4820962338111654,0.0006410843092035,0.0329536683193524,0.004596311531024991
2143,"MMA_Y__fft_coefficient__attr_""abs""__coeff_74",0.000644922669454,0.1134303185168097,3.190492357059022,0.9452708484000498,0.000644922669454,0.1134303185168097,0.00855299852770234
2144,MMA_Z__partial_autocorrelation__lag_2,0.0006549470709244,1.329102108560828e-29,3.1837937957857303,28.876441653006804,1.329102108560828e-29,0.0006549470709244,9.330013574273932e-17
2145,"ADXL_X__fft_coefficient__attr_""abs""__coeff_99",0.0006568986719321,0.2405692949345701,3.1825016161549904,0.6187598046414589,0.0006568986719321,0.2405692949345701,0.012570984462251187
2146,"GYRO_Y__fft_coefficient__attr_""abs""__coeff_48",0.0006635450022374,0.1163723674602304,3.178129617546181,0.9341501303751715,0.0006635450022374,0.1163723674602304,0.008787394541430932
2147,"ADXL_Z__fft_coefficient__attr_""abs""__coeff_94",0.0006641710027575,0.0057825343014229,3.1777200893177486,2.237881782357688,0.0006641710027575,0.0057825343014229,0.001959742739610403
2148,GYRO_X__c3__lag_2,0.0006692515323626,8.684429514223277e-12,3.174410625750504,11.061258705364537,8.684429514223277e-12,0.0006692515323626,7.623691861617256e-08
2149,"MMA_X__fft_coefficient__attr_""abs""__coeff_31",0.0006702045176487,0.0799999744498342,3.173792649041349,1.0969101517117787,0.0006702045176487,0.0799999744498342,0.007322318231821084
2150,"MMA_Z__fft_coefficient__attr_""abs""__coeff_94",0.0006728112602809,0.0098944883847179,3.172106748724804,2.0046066569844387,0.0006728112602809,0.0098944883847179,0.002580140151223723
2151,"GYRO_X__fft_coefficient__attr_""abs""__coeff_3",0.0007038201579739,0.0025675558649006,3.152538298780364,2.590480098245147,0.0007038201579739,0.0025675558649006,0.0013442832939678875
2152,"MMA_X__fft_coefficient__attr_""abs""__coeff_61",0.0007080681807342,0.0733856575687171,3.1499249215602685,1.1343888099395576,0.0007080681807342,0.0733856575687171,0.0072084706454742875
2153,"MMA_Z__fft_coefficient__attr_""imag""__coeff_13",0.0007335069781457,0.0002521089249843,3.134595750183676,3.5984117794611077,0.0002521089249843,0.0007335069781457,0.0004300275057816591
2154,"GYRO_Y__fft_coefficient__attr_""abs""__coeff_68",0.000735723106544,0.0632936023604944,3.1332856040404558,1.1986401857164741,0.000735723106544,0.0632936023604944,0.006823969940805982
2155,ADXL_X__large_standard_deviation__r_0.1,0.0007357655364075,0.0007887919836143,3.1332605585796167,3.1030375117201987,0.0007357655364075,0.0007887919836143,0.0007618175351998084
2156,"GYRO_Z__change_quantiles__f_agg_""mean""__isabs_True__qh_1.0__ql_0.8",0.0007379237779629,0.1753604882803659,3.1319884952497095,0.7560682539280851,0.0007379237779629,0.1753604882803659,0.01137552961480328
2157,"ADXL_Z__fft_coefficient__attr_""abs""__coeff_60",0.0007407771167619,0.0045728207950329,3.1303124418465473,2.3398158179180983,0.0007407771167619,0.0045728207950329,0.0018405002048392527
2158,"GYRO_Y__fft_coefficient__attr_""abs""__coeff_87",0.0007550613554397,0.0201068357433282,3.122017756653935,1.6966562698974479,0.0007550613554397,0.0201068357433282,0.00389639508391549
2159,"ADXL_X__fft_coefficient__attr_""abs""__coeff_66",0.0007558664577016,0.1468496062437846,3.1215549264647464,0.8331272136381562,0.0007558664577016,0.1468496062437846,0.010535591662852364
2160,ADXL_X__energy_ratio_by_chunks__num_segments_10__segment_focus_8,0.0007632902748632,0.0043698805382435,3.1173102709606724,2.359530435407335,0.0007632902748632,0.0043698805382435,0.001826331655848748
2161,"GYRO_Z__fft_coefficient__attr_""abs""__coeff_79",0.0007661797065322,0.0416022463182307,3.115669355169178,1.3808832189580198,0.0007661797065322,0.0416022463182307,0.00564577690625323
2162,MMA_Y__autocorrelation__lag_9,0.0007690023705478,0.0033168330287223,3.1140723214284236,2.479276390563643,0.0007690023705478,0.0033168330287223,0.0015970762229144506
2163,ADXL_Y__symmetry_looking__r_0.2,0.0007771400747134,0.0008324934178452,3.109500695237301,3.0796191915811733,0.0007771400747134,0.0008324934178452,0.0008043407219223905
2164,"MMA_X__augmented_dickey_fuller__attr_""usedlag""__autolag_""AIC""",0.0007807830428221,0.0085653108909264,3.107469627319798,2.067256869036657,0.0007807830428221,0.0085653108909264,0.0025860490134826885
2165,MMA_X__quantile__q_0.2,0.0007837457093314,1.5799035961160028e-20,3.1058248237290704,19.801369412382403,1.5799035961160028e-20,0.0007837457093314,3.5188672390602722e-12
2166,"ADXL_X__change_quantiles__f_agg_""mean""__isabs_False__qh_0.2__ql_0.0",0.0007862870218048,0.0009318378438393,3.1044188925965837,3.030659655943131,0.0007862870218048,0.0009318378438393,0.0008559743004538218
2167,"MMA_Z__fft_coefficient__attr_""abs""__coeff_31",0.0007884502427698,0.3026225228691587,3.1032257087679915,0.5190987524734931,0.0007884502427698,0.3026225228691587,0.015446773178363096
2168,GYRO_Z__ratio_value_number_to_time_series_length,0.0007884631378734,0.0245065620801213,3.1032186059398894,1.6107176097742704,0.0007884631378734,0.0245065620801213,0.004395738940858717
2169,"ADXL_Y__change_quantiles__f_agg_""var""__isabs_False__qh_0.6__ql_0.0",0.00079616999677,0.0120237713078216,3.0989941925930964,1.919959292625378,0.00079616999677,0.0120237713078216,0.0030940210024031096
2170,"ADXL_X__change_quantiles__f_agg_""mean""__isabs_False__qh_0.6__ql_0.4",0.0008061827873031,0.0545454364902266,3.093566478645241,1.2632415785315128,0.0008061827873031,0.0545454364902266,0.006631258705883453
2171,MMA_X__c3__lag_2,0.0008183823365803,2.5726436047533666e-13,3.087043752717806,12.589620373606822,2.5726436047533666e-13,0.0008183823365803,1.4510017520480207e-08
2172,"ADXL_X__cwt_coefficients__coeff_3__w_10__widths_(2, 5, 10, 20)",0.0008193584663759,2.5763999173797895e-113,3.0865260543942563,112.58898672344311,2.5763999173797895e-113,0.0008193584663759,1.452926386667714e-58
2173,"MMA_X__agg_linear_trend__attr_""slope""__chunk_len_5__f_agg_""max""",0.0008193584663759,0.0010301338529896,3.0865260543942563,2.9871063405007807,0.0008193584663759,0.0010301338529896,0.0009187213363950222
2174,"ADXL_Z__fft_coefficient__attr_""imag""__coeff_4",0.0008195451184933,0.0445839004205667,3.08642713218099,1.350821939960081,0.0008195451184933,0.0445839004205667,0.006044709914716075
2175,"GYRO_Y__change_quantiles__f_agg_""mean""__isabs_True__qh_0.2__ql_0.0",0.0008245235461471,0.0016869296819006,3.083796937574658,2.7729030201963094,0.0008245235461471,0.0016869296819006,0.0011793698501409479
2176,"MMA_Y__change_quantiles__f_agg_""mean""__isabs_False__qh_0.8__ql_0.4",0.0008319698957104,1.2969311776935577e-05,3.079892388088352,4.8870830693599805,1.2969311776935577e-05,0.0008319698957104,0.00010387529526549012
2177,"MMA_X__cwt_coefficients__coeff_4__w_10__widths_(2, 5, 10, 20)",0.0008346796994808,1.1818778482941659e-76,3.0784801489890903,75.92742740717148,1.1818778482941659e-76,0.0008346796994808,3.140842955700251e-40
2178,"MMA_X__fft_coefficient__attr_""abs""__coeff_56",0.0008426115152016,0.0845534458263981,3.07437261006279,1.072868688800761,0.0008426115152016,0.0845534458263981,0.00844071721498225
2179,"ADXL_Z__fft_coefficient__attr_""abs""__coeff_27",0.000845852947833,0.3655733120699359,3.0727051328188435,0.437025516559151,0.000845852947833,0.3655733120699359,0.017584688330005413
2180,GYRO_Z__time_reversal_asymmetry_statistic__lag_3,0.000845852947833,3.0675037361973165e-11,3.0727051328188435,10.513214899633105,3.0675037361973165e-11,0.000845852947833,1.610793927773271e-07
2181,"ADXL_Y__agg_linear_trend__attr_""intercept""__chunk_len_10__f_agg_""var""",0.0008516600492682,0.0035368930984765,3.0697337247038865,2.4513780664061624,0.0008516600492682,0.0035368930984765,0.0017355778722099602
2182,ADXL_Y__count_above_mean,0.0008609979989239,0.0008629501343323,3.064997857904438,3.0640142993137762,0.0008609979989239,0.0008629501343323,0.000861973513996353
2183,"GYRO_Z__fft_coefficient__attr_""abs""__coeff_32",0.0008631891092451,0.2117639934260223,3.0638940477326924,0.6741478817438614,0.0008631891092451,0.2117639934260223,0.013520072960438986
2184,"GYRO_Y__fft_coefficient__attr_""abs""__coeff_32",0.0008644475395216,0.0426759376587285,3.063261357494275,1.3698169279627772,0.0008644475395216,0.0426759376587285,0.006073805175165321
2185,"MMA_Z__change_quantiles__f_agg_""var""__isabs_False__qh_0.8__ql_0.6",0.0008658215176172,4.185711704675017e-07,3.062571625191503,6.378230687459472,4.185711704675017e-07,0.0008658215176172,1.9037014630581656e-05
2186,"ADXL_X__fft_coefficient__attr_""abs""__coeff_56",0.0008677182677324,0.1220685923598615,3.0616212594205385,0.9133960634869314,0.0008677182677324,0.1220685923598615,0.010291800012973022
2187,"MMA_Z__fft_coefficient__attr_""abs""__coeff_60",0.0008699311068416,0.0028944213799721,3.0605151394540697,2.5384382425069214,0.0008699311068416,0.0028944213799721,0.0015868040820293855
2188,"ADXL_X__agg_linear_trend__attr_""stderr""__chunk_len_50__f_agg_""max""",0.0008716232081781,0.3531454938340393,3.0596712145782643,0.45204633101127617,0.0008716232081781,0.3531454938340393,0.017544509348775324
2189,"GYRO_Z__fft_coefficient__attr_""abs""__coeff_70",0.0008781896646339,0.0033814961413005,3.0564116783895434,2.4708911038213257,0.0008781896646339,0.0033814961413005,0.001723251276595933
2190,"ADXL_X__fft_coefficient__attr_""abs""__coeff_15",0.0008792838543913,0.1062724885658179,3.055870901382039,0.9735791494979329,0.0008792838543913,0.1062724885658179,0.009666627300248403
2191,"MMA_Y__fft_coefficient__attr_""abs""__coeff_69",0.0008810875174383,0.1756053041421613,3.0549809514599175,0.7554623704066695,0.0008810875174383,0.1756053041421613,0.012438795820963319
2192,"ADXL_Z__fft_coefficient__attr_""imag""__coeff_17",0.0008828832598158,0.0013811701670134,3.054096717679025,2.8597528108912083,0.0008828832598158,0.0013811701670134,0.0011042699033357395
2193,"ADXL_X__fft_coefficient__attr_""abs""__coeff_43",0.0008872299722095,0.1687008107437002,3.0519637953695713,0.7728828302699787,0.0008872299722095,0.1687008107437002,0.012234231305147588
2194,"MMA_X__change_quantiles__f_agg_""mean""__isabs_False__qh_0.8__ql_0.0",0.0008991707134772,0.0052842514171299,3.0461578467732084,2.2770165274552014,0.0008991707134772,0.0052842514171299,0.002179780749739202
2195,"GYRO_Y__fft_coefficient__attr_""abs""__coeff_91",0.000900863138651,9.862777372867746e-05,3.045341183097986,4.006000769859887,9.862777372867746e-05,0.000900863138651,0.0002980773822338371
2196,"GYRO_Y__fft_coefficient__attr_""abs""__coeff_70",0.0009067501468307,0.0742074585287937,3.0425123654219064,1.129552441956711,0.0009067501468307,0.0742074585287937,0.00820290338337084
2197,GYRO_Y__ratio_beyond_r_sigma__r_1.5,0.0009067501468307,0.0020003476716706,3.0425123654219064,2.6988945149531807,0.0009067501468307,0.0020003476716706,0.001346779694307783
2198,"MMA_Z__agg_linear_trend__attr_""intercept""__chunk_len_50__f_agg_""var""",0.0009193579009109,0.0418433590844441,3.0365153872734383,1.378373458622594,0.0009193579009109,0.0418433590844441,0.006202340104745593
2199,"ADXL_Z__change_quantiles__f_agg_""var""__isabs_False__qh_0.8__ql_0.6",0.000957129746989,3.371556340972284e-05,3.019029185961982,4.4721695785740465,3.371556340972284e-05,0.000957129746989,0.00017963899542120472
2200,"MMA_Z__fft_coefficient__attr_""imag""__coeff_17",0.0009684898682637,0.0017096997833038,3.0139049182388127,2.767080143351234,0.0009684898682637,0.0017096997833038,0.0012867893836608902
2201,"MMA_Z__fft_coefficient__attr_""imag""__coeff_12",0.0009684898682637,0.0017284060665433,3.0139049182388127,2.7623542180252048,0.0009684898682637,0.0017284060665433,0.001293809786519139
2202,"GYRO_Z__change_quantiles__f_agg_""var""__isabs_False__qh_1.0__ql_0.2",0.0009697590396774,0.1512854870835411,3.0133361634023426,0.8202027321344105,0.0009697590396774,0.1512854870835411,0.012112409697135517
2203,"GYRO_X__agg_autocorrelation__f_agg_""mean""__maxlag_40",0.0009803918035418,0.0001873345179539,3.0086003282761893,3.727382192855858,0.0001873345179539,0.0009803918035418,0.0004285571442905342
2204,"GYRO_Z__fft_coefficient__attr_""abs""__coeff_60",0.0009814362226412,0.0956195737680428,3.008137917210121,1.019453196538573,0.0009814362226412,0.0956195737680428,0.009687337781324109
2205,ADXL_X__energy_ratio_by_chunks__num_segments_10__segment_focus_5,0.0009862109303533,0.0002651650095885,3.006030188414273,3.5764837847363804,0.0002651650095885,0.0009862109303533,0.0005113791458432933
2206,"ADXL_Z__fft_coefficient__attr_""imag""__coeff_13",0.0009909951602629,0.0003581818513086,3.003928466479658,3.44589642316652,0.0003581818513086,0.0009909951602629,0.0005957822430559912
2207,"ADXL_X__fft_coefficient__attr_""abs""__coeff_88",0.0009921380849471,0.0200031252548581,3.0034278788971203,1.6989021455908069,0.0009921380849471,0.0200031252548581,0.0044548695136122545
2208,"ADXL_X__change_quantiles__f_agg_""mean""__isabs_False__qh_1.0__ql_0.0",0.0009933890287279,0.000455854875961,3.002880640786582,3.341173395494998,0.000455854875961,0.0009933890287279,0.0006729347906534296
2209,"GYRO_Z__fft_coefficient__attr_""abs""__coeff_90",0.0009933890287279,0.0328518516784374,3.002880640786582,1.483440146619763,0.0009933890287279,0.0328518516784374,0.005712676170653817
2210,ADXL_X__mean_change,0.0009933890287279,0.000455854875961,3.002880640786582,3.341173395494998,0.000455854875961,0.0009933890287279,0.0006729347906534296
2211,"MMA_X__agg_linear_trend__attr_""rvalue""__chunk_len_10__f_agg_""max""",0.0009940931038871,0.0065895763559718,3.0025729389317988,2.1811425053115823,0.0009940931038871,0.0065895763559718,0.0025594242346686203
2212,MMA_Z__time_reversal_asymmetry_statistic__lag_1,0.0009968034437873,0.0030532092141532,3.0013904702683347,2.515243435649195,0.0009968034437873,0.0030532092141532,0.001744548497253953
2213,"GYRO_X__fft_coefficient__attr_""abs""__coeff_16",0.0009978033167652,0.0028143165732174,3.000955056770429,2.5506270517952068,0.0009978033167652,0.0028143165732174,0.0016757489105422667
2214,"ADXL_X__fft_coefficient__attr_""abs""__coeff_61",0.0009978033167652,0.0583759525232048,3.000955056770429,1.2337660199642173,0.0009978033167652,0.0583759525232048,0.007632019329573373
2215,"ADXL_X__fft_coefficient__attr_""abs""__coeff_23",0.0009999914831797,0.1130950980087716,3.000003698823811,0.9465562187162585,0.0009999914831797,0.1130950980087716,0.010634572619440098
2216,ADXL_X__energy_ratio_by_chunks__num_segments_10__segment_focus_7,0.0010042927168199,0.0017955484424437,2.9981396868209655,2.745802873466235,0.0010042927168199,0.0017955484424437,0.0013428537610043483
2217,"MMA_X__cwt_coefficients__coeff_4__w_5__widths_(2, 5, 10, 20)",0.0010357387042672,1.7865708556220824e-81,2.9847497944054107,80.74797975494687,1.7865708556220824e-81,0.0010357387042672,1.3603016515036503e-42
2218,"MMA_X__fft_coefficient__attr_""abs""__coeff_88",0.0010388229368503,0.019757100155472,2.9834584698652753,1.70427679855889,0.0010388229368503,0.019757100155472,0.004530356366463122
2219,"ADXL_Z__fft_coefficient__attr_""real""__coeff_1",0.0010490780846667,0.0001182807807876,2.979192185326191,3.9270858172992256,0.0001182807807876,0.0010490780846667,0.0003522581084397309
2220,"ADXL_Z__agg_linear_trend__attr_""stderr""__chunk_len_5__f_agg_""min""",0.0010567595706587,1.7600618187991727e-05,2.9760238102456293,4.75447207815638,1.7600618187991727e-05,0.0010567595706587,0.00013638043011983004
2221,"ADXL_Y__change_quantiles__f_agg_""mean""__isabs_False__qh_0.6__ql_0.0",0.0010572281681542,0.3659393527584073,2.975831274304076,0.43659088440015603,0.0010572281681542,0.3659393527584073,0.019669300739281623
2222,"GYRO_Z__change_quantiles__f_agg_""var""__isabs_False__qh_0.4__ql_0.0",0.0010651570565328,0.0779266285144911,2.972586351139206,1.1083141130489793,0.0010651570565328,0.0779266285144911,0.009110658497277806
2223,"GYRO_X__cwt_coefficients__coeff_7__w_10__widths_(2, 5, 10, 20)",0.0010652393090252,1.0260431940909183e-124,2.972552815780089,123.98883435602686,1.0260431940909183e-124,0.0010652393090252,3.306027137068628e-64
2224,"MMA_X__fft_coefficient__attr_""abs""__coeff_15",0.0010693692879057,0.150710193634665,2.97087229291626,0.8218573721739838,0.0010693692879057,0.150710193634665,0.012695071974874026
2225,"ADXL_Z__change_quantiles__f_agg_""var""__isabs_True__qh_0.8__ql_0.6",0.0010693692879057,3.810759631417038e-05,2.97087229291626,4.418988444048988,3.810759631417038e-05,0.0010693692879057,0.00020186899993382404
2226,"ADXL_Y__fft_coefficient__attr_""abs""__coeff_43",0.001070933775131,0.6061487957492784,2.970237384429044,0.2174207533243429,0.001070933775131,0.6061487957492784,0.02547832840126848
2227,"ADXL_Z__fft_coefficient__attr_""abs""__coeff_87",0.0010755359123765,0.0135961596644067,2.9683750838478278,1.8665837439886812,0.0010755359123765,0.0135961596644067,0.0038240237956208155
2228,"MMA_Z__cwt_coefficients__coeff_1__w_20__widths_(2, 5, 10, 20)",0.001080722765213,6.219797831129722e-65,2.9662857001077443,64.20622373142682,6.219797831129722e-65,0.001080722765213,2.5926583097516597e-34
2229,"ADXL_Z__fft_coefficient__attr_""abs""__coeff_71",0.0010873794620318,0.0303334652163351,2.9636188740292613,1.5180779741809178,0.0010873794620318,0.0303334652163351,0.005743168732372294
2230,"ADXL_Z__fft_coefficient__attr_""imag""__coeff_6",0.0010902776631832,0.1136132641027444,2.962462885332911,0.9445709627240167,0.0010902776631832,0.1136132641027444,0.011129690206495233
2231,"ADXL_Y__agg_linear_trend__attr_""intercept""__chunk_len_50__f_agg_""min""",0.0010977892748475,0.0001262215384581,2.959481016492372,3.8988665307070236,0.0001262215384581,0.0010977892748475,0.00037224273152615546
2232,"ADXL_X__fft_coefficient__attr_""abs""__coeff_17",0.0011013416377571,0.1077683971542969,2.9580779413571956,0.967508576382203,0.0011013416377571,0.1077683971542969,0.010894485899773836
2233,"GYRO_Z__agg_linear_trend__attr_""stderr""__chunk_len_10__f_agg_""mean""",0.0011026315784768,0.0307861068239211,2.957569573835858,1.5116452280110924,0.0011026315784768,0.0307861068239211,0.005826296727975284
2234,"GYRO_Z__fft_coefficient__attr_""abs""__coeff_80",0.0011042920591949,0.0284129428818148,2.9569160507714924,1.5464837817243682,0.0011042920591949,0.0284129428818148,0.005601445099503014
2235,ADXL_Y__spkt_welch_density__coeff_5,0.0011064337810304,0.1606923825607422,2.95607457305499,0.7940047099836727,0.0011064337810304,0.1606923825607422,0.013333997165871362
2236,"ADXL_Y__fft_coefficient__attr_""abs""__coeff_83",0.0011133164421407,0.0227605388646364,2.9533813769566626,1.642817460063973,0.0011133164421407,0.0227605388646364,0.005033853608318593
2237,"GYRO_Y__fft_coefficient__attr_""abs""__coeff_40",0.0011403865071035,0.205063457576989,2.9429479298448307,0.6881117242568014,0.0011403865071035,0.205063457576989,0.015292207169692321
2238,"MMA_Z__fft_coefficient__attr_""real""__coeff_62",0.0011423729734341,0.7147851743205705,2.942192080101583,0.14582446396933169,0.0011423729734341,0.7147851743205705,0.02857536115178952
2239,"ADXL_Z__fft_coefficient__attr_""imag""__coeff_5",0.0011423729734341,0.0104286759964436,2.942192080101583,1.9817708252204402,0.0011423729734341,0.0104286759964436,0.003451584796443237
2240,"MMA_X__agg_linear_trend__attr_""slope""__chunk_len_10__f_agg_""max""",0.0011611044552037,0.0025003745484373,2.935128708531899,2.601994930473719,0.0011611044552037,0.0025003745484373,0.0017038767642844621
2241,"GYRO_Z__fft_coefficient__attr_""abs""__coeff_26",0.001164142397046,0.2405924392090622,2.9339938938537307,0.6187180247990729,0.001164142397046,0.2405924392090622,0.016735706106764114
2242,"GYRO_Y__change_quantiles__f_agg_""var""__isabs_False__qh_0.6__ql_0.0",0.0011761397213687,0.0009272345688669,2.9295410824988375,3.0328103855126654,0.0009272345688669,0.0011761397213687,0.001044297566534818
2243,"MMA_Y__agg_linear_trend__attr_""slope""__chunk_len_5__f_agg_""var""",0.0011765883353107,1.5665095720806426e-13,2.929375461519971,12.805066947038833,1.5665095720806426e-13,0.0011765883353107,1.3576217771023858e-08
2244,"GYRO_Z__agg_autocorrelation__f_agg_""mean""__maxlag_40",0.0011815362612121,0.0006841385352888,2.927552945379334,3.1648559464970365,0.0006841385352888,0.0011815362612121,0.0008990742389459566
2245,"MMA_Z__augmented_dickey_fuller__attr_""pvalue""__autolag_""AIC""",0.0011865319845886,0.3695992043660036,2.9257205502885206,0.43226897235405803,0.0011865319845886,0.3695992043660036,0.02094137716242086
2246,"MMA_X__fft_coefficient__attr_""abs""__coeff_66",0.0011913168289989,0.1458141239020373,2.9239727231625348,0.8362004071865318,0.0011913168289989,0.1458141239020373,0.013179940049568805
2247,"ADXL_Z__fft_coefficient__attr_""imag""__coeff_21",0.001216445997254,0.0195572420212405,2.914907166318181,1.7086923898044555,0.001216445997254,0.0195572420212405,0.004877533062324205
2248,ADXL_X__number_crossing_m__m_-1,0.001217266691055,0.0028768554783758,2.914614261733076,2.541081954766055,0.001217266691055,0.0028768554783758,0.001871336514047102
2249,"GYRO_Y__agg_linear_trend__attr_""slope""__chunk_len_50__f_agg_""var""",0.0012256970434314,5.385421386659027e-12,2.9116168614857,11.268780309312916,5.385421386659027e-12,0.0012256970434314,8.124589264239884e-08
2250,"ADXL_Z__fft_coefficient__attr_""imag""__coeff_12",0.0012303741462506,0.0022450124378212,2.9099628032405214,2.6487812485750672,0.0012303741462506,0.0022450124378212,0.001661988345779307
2251,ADXL_Y__mean,0.001232026601495,7.366753720237695e-13,2.909379914933148,12.13272384890847,7.366753720237695e-13,0.001232026601495,3.0126461043400194e-08
2252,ADXL_X__energy_ratio_by_chunks__num_segments_10__segment_focus_9,0.001232026601495,0.0053160704539432,2.909379914933148,2.274409271981374,0.001232026601495,0.0053160704539432,0.002559206950342161
2253,"MMA_Z__fft_coefficient__attr_""imag""__coeff_5",0.001240070304372,0.0109774691900854,2.9065536923093087,1.9594977731344994,0.001240070304372,0.0109774691900854,0.003689557366376549
2254,"ADXL_Y__agg_linear_trend__attr_""stderr""__chunk_len_5__f_agg_""max""",0.001240070304372,0.0057995494755083,2.9065536923093087,2.236605742281928,0.001240070304372,0.0057995494755083,0.0026817623092500295
2255,"MMA_Z__fft_coefficient__attr_""abs""__coeff_71",0.0012472330239371,0.0291819201050746,2.904052398521766,1.5348861358968549,0.0012472330239371,0.0291819201050746,0.0060329639860472436
2256,"GYRO_Z__fft_coefficient__attr_""abs""__coeff_87",0.001247565448066,0.0201721204435899,2.9039366617459845,1.6952484474219705,0.001247565448066,0.0201721204435899,0.005016576569698558
2257,"GYRO_X__cwt_coefficients__coeff_8__w_10__widths_(2, 5, 10, 20)",0.001247565448066,6.074998125335341e-129,2.9039366617459845,128.21645385174722,6.074998125335341e-129,0.001247565448066,2.75299069345214e-66
2258,"MMA_X__fft_coefficient__attr_""angle""__coeff_1",0.0012496662189953,7.935971582905311e-05,2.9032059698765904,4.1003998959710035,7.935971582905311e-05,0.0012496662189953,0.0003149176972172797
2259,"ADXL_Z__fft_coefficient__attr_""abs""__coeff_61",0.001252762910321,0.0023439706459838,2.9021311129500607,2.6300478313771047,0.001252762910321,0.0023439706459838,0.0017136042390732055
2260,"ADXL_Y__fft_coefficient__attr_""abs""__coeff_47",0.0012579301518034,0.8844899536037687,2.9003434729833772,0.05330709561940796,0.0012579301518034,0.8844899536037687,0.03335605764483223
2261,GYRO_Z__root_mean_square,0.0012797030880023,0.0518034089886407,2.8928907820708716,1.2856416600184501,0.0012797030880023,0.0518034089886407,0.008142050260948382
2262,GYRO_Z__standard_deviation,0.0012882927423865,0.0499465432424834,2.8899854398044673,1.3014945635473818,0.0012882927423865,0.0499465432424834,0.008021581462940137
2263,GYRO_X__ratio_beyond_r_sigma__r_7,0.0013045143240408,0.0215179568400724,2.8845511478265244,1.6671989679130659,0.0013045143240408,0.0215179568400724,0.005298158446287365
2264,"MMA_X__change_quantiles__f_agg_""var""__isabs_False__qh_1.0__ql_0.4",0.0013159471933813,0.0247566401539391,2.880761537836992,1.6063082959045407,0.0013159471933813,0.0247566401539391,0.0057077518453526824
2265,"ADXL_X__agg_linear_trend__attr_""slope""__chunk_len_50__f_agg_""max""",0.0013159471933813,0.0113530334309812,2.880761537836992,1.944888083288346,0.0013159471933813,0.0113530334309812,0.0038652286452244685
2266,"MMA_Y__fft_coefficient__attr_""abs""__coeff_66",0.0013262872240351,0.2110042936898921,2.8773624138606895,0.6757087072290632,0.0013262872240351,0.2110042936898921,0.01672878653511527
2267,"ADXL_Y__fft_coefficient__attr_""abs""__coeff_75",0.0013319041373026,0.0117604977930681,2.8755270320266058,1.9295742952490664,0.0013319041373026,0.0117604977930681,0.003957758919808722
2268,MMA_Y__c3__lag_1,0.0013344917914356,0.0069602530143849,2.874684093247914,2.157374972924784,0.0013344917914356,0.0069602530143849,0.0030476877323655617
2269,"MMA_Z__fft_coefficient__attr_""abs""__coeff_67",0.0013344917914356,0.0457434249521277,2.874684093247914,1.339671321536793,0.0013344917914356,0.0457434249521277,0.007813080385530717
2270,ADXL_X__large_standard_deviation__r_0.15000000000000002,0.0013370257702752,0.0014372154166355,2.873860221922415,2.8424781328785924,0.0013370257702752,0.0014372154166355,0.0013862157297760227
2271,MMA_X__quantile__q_0.1,0.0013389343331287,1.0804116854607013e-12,2.873240722061312,11.96641072723944,1.0804116854607013e-12,0.0013389343331287,3.803419907894445e-08
2272,GYRO_Z__minimum,0.001353240341694,0.1414442528637824,2.8686250638592687,0.8494146940200186,0.001353240341694,0.1414442528637824,0.013835030505063494
2273,ADXL_X__c3__lag_2,0.0013718593899438,4.350130173070909e-13,2.8626903997815405,12.361497747045242,4.350130173070909e-13,0.0013718593899438,2.442901333538703e-08
2274,"GYRO_X__fft_coefficient__attr_""imag""__coeff_84",0.0013736485406758,0.0277176557198648,2.8621243708937514,1.5572435038935595,0.0013736485406758,0.0277176557198648,0.006170438990100018
2275,ADXL_Y__time_reversal_asymmetry_statistic__lag_3,0.0013885778233868,5.442375491816975e-06,2.8574297750276494,5.264211497764197,5.442375491816975e-06,0.0013885778233868,8.693193840287285e-05
2276,"GYRO_Y__fft_coefficient__attr_""abs""__coeff_13",0.0013916703443536,0.1285024127548822,2.8564636272135524,0.8910887179646376,0.0013916703443536,0.1285024127548822,0.013372845509047628
2277,"ADXL_Z__fft_coefficient__attr_""abs""__coeff_18",0.0013951814396807,0.0305427778160398,2.855369309861243,1.515091467105513,0.0013951814396807,0.0305427778160398,0.0065278416590194765
2278,"MMA_Z__fft_coefficient__attr_""real""__coeff_1",0.0014261197304297,0.0001971099977391,2.8458440115934756,3.705291347040673,0.0001971099977391,0.0014261197304297,0.0005301909626169463
2279,ADXL_X__c3__lag_1,0.0014556521052398,2.1479880025126506e-10,2.836942407185064,9.66796814869739,2.1479880025126506e-10,0.0014556521052398,5.591711060031064e-07
2280,"MMA_Z__cwt_coefficients__coeff_14__w_5__widths_(2, 5, 10, 20)",0.0014642427082259,3.598374081610415e-90,2.834386930035287,89.44389369003598,3.598374081610415e-90,0.0014642427082259,7.258714080653073e-47
2281,"GYRO_Z__fft_coefficient__attr_""imag""__coeff_27",0.0014801034174616,0.7986558030688263,2.829707938616008,0.09764034838888719,0.0014801034174616,0.7986558030688263,0.03438158203890142
2282,"GYRO_Y__fft_coefficient__attr_""abs""__coeff_43",0.001495706984233,0.2474722905099936,2.8251534783932373,0.6064734219922683,0.001495706984233,0.2474722905099936,0.01923917964259223
2283,"ADXL_Z__fft_coefficient__attr_""abs""__coeff_31",0.0014957801897463,0.366583408079938,2.825132222911513,0.43582719551781446,0.0014957801897463,0.366583408079938,0.023416408770254568
2284,"GYRO_Y__fft_coefficient__attr_""abs""__coeff_65",0.0014984906493605,0.1907313931060846,2.824345962724214,0.7195778191162361,0.0014984906493605,0.1907313931060846,0.016905892733274086
2285,"GYRO_X__cwt_coefficients__coeff_6__w_10__widths_(2, 5, 10, 20)",0.0015011732591165,5.230484292627525e-119,2.823569180417749,118.28145809777166,5.230484292627525e-119,0.0015011732591165,2.8021176192874778e-61
2286,"ADXL_X__fft_coefficient__attr_""abs""__coeff_18",0.0015060914253961,0.0286263027303741,2.8221486640318187,1.543234740259422,0.0015060914253961,0.0286263027303741,0.006566112174111054
2287,"ADXL_X__fft_coefficient__attr_""abs""__coeff_57",0.0015082707619156,0.0592905636868561,2.821520687743155,1.2270144207137745,0.0015082707619156,0.0592905636868561,0.0094565439599454
2288,"MMA_Y__fft_coefficient__attr_""abs""__coeff_30",0.0015121540629567,0.4965809051812621,2.820403959308746,0.30400998420523234,0.0015121540629567,0.4965809051812621,0.027402679309814968
2289,"ADXL_Z__fft_coefficient__attr_""real""__coeff_62",0.0015144269327744,0.7592761012824065,2.819751675423489,0.11960026961308547,0.0015144269327744,0.7592761012824065,0.03390970623868658
2290,"MMA_Y__agg_linear_trend__attr_""stderr""__chunk_len_5__f_agg_""max""",0.0015149144347331,0.0067734817641633,2.819611896252558,2.1691880340825707,0.0015149144347331,0.0067734817641633,0.003203317857773781
2291,"GYRO_X__change_quantiles__f_agg_""mean""__isabs_True__qh_0.8__ql_0.4",0.0015189875725893,5.02150626014142e-15,2.8184457792497675,14.299165991550929,5.02150626014142e-15,0.0015189875725893,2.76181201475303e-09
2292,"MMA_X__fft_coefficient__attr_""abs""__coeff_57",0.0015196636160328,0.0709600930026978,2.818252534337036,1.1489858239749209,0.0015196636160328,0.0709600930026978,0.01038438594845663
2293,"ADXL_X__change_quantiles__f_agg_""mean""__isabs_False__qh_0.8__ql_0.0",0.0015201618060498,0.000780208571647,2.818110183282474,3.107789282685412,0.000780208571647,0.0015201618060498,0.0010890561378415892
2294,"GYRO_X__fft_coefficient__attr_""abs""__coeff_10",0.001522473984457,0.0626050295196437,2.817450119715317,1.2033907753377262,0.001522473984457,0.0626050295196437,0.009762915995737136
2295,"ADXL_Z__fft_coefficient__attr_""abs""__coeff_67",0.00152974747327,0.035737312662417,2.8153802554680043,1.4468781082311368,0.00152974747327,0.035737312662417,0.00739385310557306
2296,"MMA_Z__fft_coefficient__attr_""abs""__coeff_61",0.0015347932225742,0.0015511122102214,2.8139501272513634,2.809356783413194,0.0015347932225742,0.0015511122102214,0.0015429311415937823
2297,"GYRO_X__change_quantiles__f_agg_""mean""__isabs_True__qh_0.8__ql_0.2",0.0015414732567433,2.0303655303528141e-13,2.8120640055139003,12.692425768232349,2.0303655303528141e-13,0.0015414732567433,1.7691111232628353e-08
2298,MMA_Y__c3__lag_2,0.0015427178696298,0.001801952600951,2.8117134899226763,2.7442566370063255,0.0015427178696298,0.001801952600951,0.0016673045545769387
2299,MMA_Y__symmetry_looking__r_0.2,0.001546198616334,0.0016611055714002,2.810734719707786,2.779602765128644,0.001546198616334,0.0016611055714002,0.0016026225806732189
2300,GYRO_Y__ratio_beyond_r_sigma__r_7,0.0015594393552501,0.0062930185558969,2.8070315097765723,2.201140987669049,0.0015594393552501,0.0062930185558969,0.0031326635311480196
2301,ADXL_Z__energy_ratio_by_chunks__num_segments_10__segment_focus_5,0.0015630537819106,0.0019807181880557,2.806026078420253,2.703177310467797,0.0015630537819106,0.0019807181880557,0.0017595366022733296
2302,"GYRO_Z__change_quantiles__f_agg_""var""__isabs_True__qh_0.6__ql_0.2",0.0015862775791709,1.913219423992648e-05,2.799620814146969,4.7182352185955985,1.913219423992648e-05,0.0015862775791709,0.00017420955990742304
2303,"MMA_X__fft_coefficient__attr_""angle""__coeff_3",0.0015870625958273,0.0017888986229362,2.7994059437641985,2.7474142702469915,0.0015870625958273,0.0017888986229362,0.0016849611545044615
2304,ADXL_Z__percentage_of_reoccurring_datapoints_to_all_datapoints,0.001588734472078,0.0049839181628461,2.7989486811106628,2.3024290975118387,0.001588734472078,0.0049839181628461,0.0028139158820635088
2305,GYRO_X__time_reversal_asymmetry_statistic__lag_2,0.0016072901282634,1.6263030307044213e-08,2.7939057226572723,7.788798528667529,1.6263030307044213e-08,0.0016072901282634,5.1126713240888715e-06
2306,"MMA_Y__fft_coefficient__attr_""abs""__coeff_47",0.0016347404342011,0.8637442006460202,2.7865511952625415,0.0636148555493079,0.0016347404342011,0.8637442006460202,0.037576556116849735
2307,"ADXL_Y__fft_coefficient__attr_""abs""__coeff_60",0.001639134804052,0.0174569824357872,2.7853853281570964,1.7580308250488639,0.001639134804052,0.0174569824357872,0.005349238028375935
2308,"MMA_Z__change_quantiles__f_agg_""var""__isabs_True__qh_0.8__ql_0.6",0.0016405794129936,3.038784849170554e-06,2.7850027425469492,5.5173000475757785,3.038784849170554e-06,0.0016405794129936,7.060713748670224e-05
2309,"GYRO_X__fft_coefficient__attr_""imag""__coeff_48",0.0016475884681473,0.4936553305392936,2.7831512564324936,0.3065761690696721,0.0016475884681473,0.4936553305392936,0.028519130944613016
2310,MMA_X__c3__lag_3,0.0016666872193774,1.3405611191363525e-15,2.778145894859349,14.872713380786992,1.3405611191363525e-15,0.0016666872193774,1.4947561955244817e-09
2311,"MMA_Z__fft_coefficient__attr_""abs""__coeff_21",0.0016768739604331,0.0139181150893078,2.7754995792218886,1.8564195766321627,0.0016768739604331,0.0139181150893078,0.004831037649570873
2312,GYRO_Z__variance_larger_than_standard_deviation,0.0016800234395684,0.0017986161668098,2.7746846589859224,2.7450615072615276,0.0016800234395684,0.0017986161668098,0.0017383087525025959
2313,ADXL_Z__time_reversal_asymmetry_statistic__lag_1,0.0016800234395684,1.7844732030929733e-05,2.7746846589859224,4.748489969331315,1.7844732030929733e-05,0.0016800234395684,0.00017314608885209902
2314,ADXL_Z__autocorrelation__lag_4,0.0016876160084781,0.0004289549811203,2.772726363616817,3.367588284684653,0.0004289549811203,0.0016876160084781,0.0008508297673771408
2315,GYRO_Y__ar_coefficient__coeff_7__k_10,0.0016876160084781,0.0073441994121876,2.772726363616817,2.1340555395359884,0.0016876160084781,0.0073441994121876,0.00352053809771507
2316,"GYRO_Z__agg_linear_trend__attr_""intercept""__chunk_len_50__f_agg_""mean""",0.0016890379662224,2.100998136112603e-07,2.7723605882409683,6.677574332875518,2.100998136112603e-07,0.0016890379662224,1.8837902268715284e-05
2317,"MMA_X__fft_coefficient__attr_""real""__coeff_2",0.0016948606602059,0.0008773374790922,2.7708660007005226,3.0568333175635214,0.0008773374790922,0.0016948606602059,0.0012194116528217967
2318,"GYRO_Z__fft_coefficient__attr_""abs""__coeff_94",0.0016960012667808,0.0089942854413328,2.7705738276950447,2.046033333842944,0.0016960012667808,0.0089942854413328,0.0039056778543920564
2319,"ADXL_X__fft_coefficient__attr_""real""__coeff_2",0.0017057881713264,0.0013533580349214,2.768074901501412,2.8685872942960478,0.0013533580349214,0.0017057881713264,0.0015193887348333426
2320,"GYRO_X__agg_autocorrelation__f_agg_""median""__maxlag_40",0.0017121850108213,0.0005984568200162,2.766449309263103,3.222967179435024,0.0005984568200162,0.0017121850108213,0.0010122592537761847
2321,GYRO_Z__energy_ratio_by_chunks__num_segments_10__segment_focus_4,0.0017121850108213,1.6156906682045733e-05,2.766449309263103,4.791641783382681,1.6156906682045733e-05,0.0017121850108213,0.00016632382103065456
2322,GYRO_X__ar_coefficient__coeff_9__k_10,0.001717242007396,1.989493384912257e-05,2.7651684962948924,4.7012575005491986,1.989493384912257e-05,0.001717242007396,0.00018483618731211123
2323,"GYRO_Z__change_quantiles__f_agg_""var""__isabs_True__qh_0.8__ql_0.4",0.0017313566842466,0.0068391662649586,2.761613452030696,2.164996838133276,0.0017313566842466,0.0068391662649586,0.0034410806772742085
2324,"ADXL_Z__fft_coefficient__attr_""abs""__coeff_56",0.0017314883856216,0.1184031351963968,2.7615804172403458,0.9266367977780672,0.0017314883856216,0.1184031351963968,0.014318297853227706
2325,"ADXL_Z__agg_linear_trend__attr_""stderr""__chunk_len_10__f_agg_""max""",0.0017344771858554,0.0314073689856165,2.7608314082014376,1.502968443190379,0.0017344771858554,0.0314073689856165,0.007380742846983241
2326,"GYRO_X__fft_coefficient__attr_""abs""__coeff_13",0.0017344771858554,0.0125491435119272,2.7608314082014376,1.9013859140823126,0.0017344771858554,0.0125491435119272,0.004665426360308674
2327,"ADXL_Y__fft_coefficient__attr_""imag""__coeff_68",0.0017417938532321,0.7992307062574917,2.759003246401568,0.09732783896874735,0.0017417938532321,0.7992307062574917,0.03731079108614087
2328,"ADXL_X__augmented_dickey_fuller__attr_""usedlag""__autolag_""AIC""",0.0017468676220869,0.0012110799859249,2.7577400046767533,2.916827172877865,0.0012110799859249,0.0017468676220869,0.001454508994530342
2329,GYRO_X__ar_coefficient__coeff_7__k_10,0.0017506467958414,0.0403746702814381,2.7568014667607548,1.3938910112995209,0.0017506467958414,0.0403746702814381,0.008407246110430727
2330,"MMA_Z__fft_coefficient__attr_""abs""__coeff_87",0.001751057915591,0.0226909318335438,2.756699489550118,1.6441476688635683,0.001751057915591,0.0226909318335438,0.006303422546463364
2331,"MMA_Y__fft_coefficient__attr_""abs""__coeff_43",0.0017554322390085,0.5588061294365035,2.7556159299654572,0.25273883883943904,0.0017554322390085,0.5588061294365035,0.031320062180148926
2332,"MMA_Z__fft_coefficient__attr_""imag""__coeff_6",0.0017618934323308,0.1418626114012846,2.7540203633191607,0.8481320499384292,0.0017618934323308,0.1418626114012846,0.015809705984654483
2333,"GYRO_Z__change_quantiles__f_agg_""var""__isabs_True__qh_0.8__ql_0.0",0.0017644999473294,0.0440846927669283,2.75337835026777,1.3557121815268642,0.0017644999473294,0.0440846927669283,0.00881971870669795
2334,"ADXL_X__fft_coefficient__attr_""imag""__coeff_4",0.0017697397858652,0.0003386992884046,2.752090585542512,3.470185715791981,0.0003386992884046,0.0017697397858652,0.0007742154778444128
2335,"ADXL_Y__agg_linear_trend__attr_""slope""__chunk_len_5__f_agg_""var""",0.0017763955616798,1.9939840436564304e-14,2.750460320580764,13.700278321340155,1.9939840436564304e-14,0.0017763955616798,5.951558119695735e-09
2336,"MMA_Z__fft_coefficient__attr_""imag""__coeff_21",0.0017873327128163,0.0175805822062463,2.747794595848913,1.754966746738167,0.0017873327128163,0.0175805822062463,0.005605564172104371
2337,"GYRO_Y__fft_coefficient__attr_""abs""__coeff_21",0.0017880541968368,0.0034461580353796,2.7476193216528304,2.4626648103704163,0.0017880541968368,0.0034461580353796,0.0024823209579188897
2338,ADXL_X__index_mass_quantile__q_0.6,0.0017886448105568,0.0060649427024096,2.7474758931555856,2.2171732977067045,0.0017886448105568,0.0060649427024096,0.0032936345108389403
2339,MMA_X__energy_ratio_by_chunks__num_segments_10__segment_focus_0,0.0018088857562762,0.0001318846250553,2.7425888609929143,3.8798058310104246,0.0001318846250553,0.0018088857562762,0.0004884303632395916
2340,GYRO_Z__ratio_beyond_r_sigma__r_7,0.0018120811837762,0.0268097147552793,2.7418223492220006,1.5717078067133983,0.0018120811837762,0.0268097147552793,0.006970034408125168
2341,"ADXL_X__fft_coefficient__attr_""abs""__coeff_21",0.0018151987637099,0.0734609464764434,2.741075812910996,1.1339434804714137,0.0018151987637099,0.0734609464764434,0.011547563345788547
2342,"MMA_Z__change_quantiles__f_agg_""var""__isabs_True__qh_0.4__ql_0.2",0.0018431287590518,0.013240724701403,2.73444432436182,1.8780882441102866,0.0018431287590518,0.013240724701403,0.004940076971854126
2343,GYRO_Z__spkt_welch_density__coeff_5,0.0018503566332045,0.0117366279449677,2.732744558674903,1.930456662479464,0.0018503566332045,0.0117366279449677,0.0046601445652923994
2344,"ADXL_Y__fft_coefficient__attr_""angle""__coeff_3",0.0018586758568997,0.0005324964447301,2.7307963422529378,3.273683287493457,0.0005324964447301,0.0018586758568997,0.0009948559120318693
2345,"GYRO_Z__agg_linear_trend__attr_""intercept""__chunk_len_10__f_agg_""mean""",0.0018586758568997,2.610599448446955e-07,2.7307963422529378,6.583259758078971,2.610599448446955e-07,0.0018586758568997,2.2027841852673694e-05
2346,"ADXL_X__change_quantiles__f_agg_""mean""__isabs_False__qh_1.0__ql_0.2",0.0018624289752271,0.00111790957941,2.729920280327374,2.9515933223452673,0.00111790957941,0.0018624289752271,0.0014429231415349622
2347,GYRO_Y__ar_coefficient__coeff_6__k_10,0.0018624289752271,0.576931033573593,2.729920280327374,0.23887609937212226,0.0018624289752271,0.576931033573593,0.0327794611553512
2348,MMA_Z__autocorrelation__lag_4,0.0018658950012786,0.0019636357778048,2.7291127987718937,2.7069390635747936,0.0018658950012786,0.0019636357778048,0.0019141416306370312
2349,"GYRO_Z__agg_linear_trend__attr_""intercept""__chunk_len_5__f_agg_""mean""",0.001872618734063,2.631651387180843e-07,2.7275506361579622,6.579771641901243,2.631651387180843e-07,0.001872618734063,2.219927856746189e-05
2350,MMA_Y__large_standard_deviation__r_0.35000000000000003,0.001872618734063,0.0020164583346082,2.7275506361579622,2.695410747242621,0.001872618734063,0.0020164583346082,0.0019432080830021248
2351,"ADXL_X__change_quantiles__f_agg_""mean""__isabs_False__qh_0.6__ql_0.0",0.001872618734063,1.779782531255568e-06,2.7275506361579622,5.749633060188594,1.779782531255568e-06,0.001872618734063,5.773087657906506e-05
2352,"GYRO_Z__linear_trend__attr_""intercept""",0.0018853640499165,2.639464425476073e-07,2.724604778294025,6.578484187015382,2.639464425476073e-07,0.0018853640499165,2.230773708565281e-05
2353,ADXL_Y__index_mass_quantile__q_0.6,0.0019686160018021,0.002763543875095,2.7058389890737975,2.5585336359997415,0.0019686160018021,0.002763543875095,0.0023324572223717634
2354,"GYRO_X__cwt_coefficients__coeff_2__w_2__widths_(2, 5, 10, 20)",0.0019755077400584,2.929997884994917e-178,2.704321264409228,177.53313269313918,2.929997884994917e-178,0.0019755077400584,7.608044098296355e-91
2355,"MMA_Y__fft_coefficient__attr_""abs""__coeff_81",0.0019806666215652,0.0295502443562852,2.7031886171412722,1.5294389235086985,0.0019806666215652,0.0295502443562852,0.007650436762407067
2356,"ADXL_X__change_quantiles__f_agg_""var""__isabs_False__qh_1.0__ql_0.2",0.0019899651899741,0.0094174760870138,2.7011545205422474,2.0260654738898807,0.0019899651899741,0.0094174760870138,0.004329024092167998
2357,"ADXL_X__fft_coefficient__attr_""abs""__coeff_14",0.0019899651899741,0.3022642902802537,2.7011545205422474,0.5196131576527973,0.0019899651899741,0.3022642902802537,0.024525403479452312
2358,"GYRO_Y__fft_coefficient__attr_""real""__coeff_8",0.001998052497731,0.0230496446607414,2.699393105111357,1.6373357654183132,0.001998052497731,0.0230496446607414,0.006786339225694981
2359,MMA_Y__large_standard_deviation__r_0.25,0.0020093441678109,0.0021561996067978,2.6969456693346316,2.666311037493554,0.0020093441678109,0.0021561996067978,0.0020814771448553824
2360,"MMA_Z__fft_coefficient__attr_""real""__coeff_2",0.0020093441678109,0.0034114167924046,2.6969456693346316,2.4670652170970264,0.0020093441678109,0.0034114167924046,0.0026181501935126543
2361,ADXL_Z__ratio_beyond_r_sigma__r_6,0.0020145175751252,1.5567905221631737e-06,2.6958289393718564,5.807769821079297,1.5567905221631737e-06,0.0020145175751252,5.60016237950834e-05
2362,GYRO_X__autocorrelation__lag_2,0.0020402638248295,6.173459269673562e-05,2.6903136706822632,4.209471412832748,6.173459269673562e-05,0.0020402638248295,0.0003549011921926061
2363,GYRO_Y__energy_ratio_by_chunks__num_segments_10__segment_focus_4,0.0020425861391935,0.0001232464009527,2.689819619501747,3.9092257541538102,0.0001232464009527,0.0020425861391935,0.0005017383683668906
2364,"GYRO_Z__agg_linear_trend__attr_""stderr""__chunk_len_5__f_agg_""mean""",0.002073377829354,0.0491974042127422,2.6833215496901537,1.3080578111721188,0.002073377829354,0.0491974042127422,0.010099742925266303
2365,"GYRO_Z__fft_coefficient__attr_""abs""__coeff_95",0.0021139536284448,0.0678946618213229,2.6749045435808263,1.1681643705306857,0.0021139536284448,0.0678946618213229,0.011980240678267619
2366,GYRO_Z__cid_ce__normalize_False,0.0021878371030814,0.0385965358885846,2.659985016829692,1.4134516723226425,0.0021878371030814,0.0385965358885846,0.00918928361013296
2367,"MMA_X__fft_coefficient__attr_""angle""__coeff_4",0.0021882753123572,0.0027916386711876,2.659898039232698,2.5541407942381373,0.0021882753123572,0.0027916386711876,0.0024716136399489065
2368,"MMA_Y__fft_coefficient__attr_""abs""__coeff_28",0.0021882753123572,0.1048199829956423,2.659898039232698,0.9795559150865767,0.0021882753123572,0.1048199829956423,0.015145130604622251
2369,"ADXL_Z__agg_linear_trend__attr_""slope""__chunk_len_10__f_agg_""var""",0.0021882753123572,7.047805808286867e-12,2.659898039232698,11.151946070763902,7.047805808286867e-12,0.0021882753123572,1.2418751731378573e-07
2370,"GYRO_Z__fft_coefficient__attr_""abs""__coeff_86",0.0021885957783851,0.0351538017662635,2.6598344428301917,1.4540277006064108,0.0021885957783851,0.0351538017662635,0.008771400238264754
2371,ADXL_Y__ar_coefficient__coeff_5__k_10,0.0021961820256048,3.395828839054275e-06,2.6583316672093837,5.4690542077471545,3.395828839054275e-06,0.0021961820256048,8.635889217886838e-05
2372,MMA_X__friedrich_coefficients__coeff_2__m_3__r_30,0.0022181313356606,1.720019020505898e-05,2.6540127428288693,4.7644667505022875,1.720019020505898e-05,0.0022181313356606,0.0001953260885625979
2373,"MMA_Z__fft_coefficient__attr_""abs""__coeff_36",0.0022323203407441,0.4434706389439204,2.651243483464339,0.35313512840665356,0.0022323203407441,0.4434706389439204,0.03146376531563405
2374,ADXL_X__has_duplicate_min,0.0022336208751102,0.0023816795621871,2.65099054018211,2.6231166701140713,0.0022336208751102,0.0023816795621871,0.002306462483528494
2375,"GYRO_Y__change_quantiles__f_agg_""var""__isabs_False__qh_0.8__ql_0.0",0.0022682435710698,0.0020330993368825,2.6443103113788733,2.691841401290166,0.0020330993368825,0.0022682435710698,0.0021474553546535036
2376,"MMA_Z__change_quantiles__f_agg_""mean""__isabs_True__qh_0.8__ql_0.6",0.0022721199392891,1.219303301237336e-08,2.6435687470822447,7.913888250354165,1.219303301237336e-08,0.0022721199392891,5.263462114219476e-06
2377,"GYRO_X__cwt_coefficients__coeff_1__w_2__widths_(2, 5, 10, 20)",0.0022837206413458,4.361390376467574e-171,2.6413570227301433,170.36037503904132,4.361390376467574e-171,0.0022837206413458,3.155978014452244e-87
2378,"GYRO_Z__fft_coefficient__attr_""abs""__coeff_54",0.0023108809486544,0.0849508633025666,2.636222427811351,1.0708322033089344,0.0023108809486544,0.0849508633025666,0.014011114572996872
2379,"MMA_X__fft_coefficient__attr_""imag""__coeff_4",0.0023360012167835,0.0006872598683963,2.6315269353429334,3.1628790153851294,0.0006872598683963,0.0023360012167835,0.001267059544307301
2380,MMA_Y__count_above_mean,0.0023512420348542,0.0015228187267486,2.628702662669519,2.81735179112115,0.0015228187267486,0.0023512420348542,0.0018922249870970578
2381,"GYRO_X__cwt_coefficients__coeff_9__w_10__widths_(2, 5, 10, 20)",0.0024052318360362,5.580010408575088e-130,2.618843056396743,129.25336499095803,5.580010408575088e-130,0.0024052318360362,1.158499835136724e-66
2382,"GYRO_Y__fft_coefficient__attr_""abs""__coeff_46",0.0024130895973036,0.0679734629324824,2.6174265525660796,1.1676606042257673,0.0024130895973036,0.0679734629324824,0.012807265761866391
2383,"MMA_X__fft_coefficient__attr_""abs""__coeff_36",0.0024185798913035,0.1691915595170209,2.616439562284538,0.7716213064661173,0.0024185798913035,0.1691915595170209,0.020228774150356864
2384,"ADXL_Y__fft_coefficient__attr_""abs""__coeff_28",0.0024383753749426,0.141073659633648,2.6128994362413085,0.8505540673487293,0.0024383753749426,0.141073659633648,0.018546981902825086
2385,"GYRO_Y__fft_coefficient__attr_""abs""__coeff_42",0.0024387337439312,0.6273574382168068,2.61283561250035,0.20248494846036968,0.0024387337439312,0.6273574382168068,0.03911467440853317
2386,"GYRO_X__cwt_coefficients__coeff_14__w_20__widths_(2, 5, 10, 20)",0.0024564392538735,2.2741619601775368e-96,2.609693971213155,95.64317860917042,2.2741619601775368e-96,0.0024564392538735,7.474182703577699e-50
2387,"MMA_Z__change_quantiles__f_agg_""mean""__isabs_True__qh_0.8__ql_0.4",0.0024706067645452,8.031875390950806e-12,2.607196373812219,11.09518303792842,8.031875390950806e-12,0.0024706067645452,1.4086733359039343e-07
2388,ADXL_Y__partial_autocorrelation__lag_4,0.0024832731978596,1.6850200228780193e-14,2.604975498811891,13.773394934096043,1.6850200228780193e-14,0.0024832731978596,6.468666833799493e-09
2389,"GYRO_Y__augmented_dickey_fuller__attr_""teststat""__autolag_""AIC""",0.0024841551355532,0.0009112173501922,2.604821285946791,3.040378019590726,0.0009112173501922,0.0024841551355532,0.0015045282516739698
2390,"ADXL_X__change_quantiles__f_agg_""mean""__isabs_False__qh_1.0__ql_0.8",0.0024866621317194,0.0292807945816972,2.6043832192728797,1.5334171421708764,0.0024866621317194,0.0292807945816972,0.008532962151150151
2391,GYRO_Z__energy_ratio_by_chunks__num_segments_10__segment_focus_7,0.0025014338646887,1.957962394710977e-08,2.6018109749234646,7.708195653659719,1.957962394710977e-08,0.0025014338646887,6.99836655221561e-06
2392,"ADXL_Z__change_quantiles__f_agg_""var""__isabs_False__qh_0.4__ql_0.2",0.0025132274544929,0.0001873110968977,2.5997682046979236,3.7274364928934296,0.0001873110968977,0.0025132274544929,0.000686116164548307
2393,ADXL_X__c3__lag_3,0.0025195252024023,9.556199601607929e-16,2.598681293109162,15.019714787661005,9.556199601607929e-16,0.0025195252024023,1.5516792753477762e-09
2394,"GYRO_Z__fft_coefficient__attr_""abs""__coeff_0",0.0025253257572063,3.994826761459204e-11,2.597682591631692,10.398502049434756,3.994826761459204e-11,0.0025253257572063,3.1761988156111946e-07
2395,"ADXL_Z__fft_coefficient__attr_""real""__coeff_2",0.0025487403730321,0.00370828215391,2.5936744016049493,2.430827228889935,0.0025487403730321,0.00370828215391,0.003074320809587843
2396,"MMA_Y__fft_coefficient__attr_""abs""__coeff_60",0.0025487403730321,0.0354308297064243,2.5936744016049493,1.4506186773957948,0.0025487403730321,0.0354308297064243,0.009502840950094276
2397,"GYRO_X__cwt_coefficients__coeff_9__w_5__widths_(2, 5, 10, 20)",0.002562673934774,6.068190911518856e-113,2.5913066483365803,112.2169407643199,6.068190911518856e-113,0.002562673934774,3.943449591434111e-58
2398,"ADXL_X__fft_coefficient__attr_""abs""__coeff_30",0.0025699473749807,0.0302747727757294,2.5900757696607246,1.5189191077263535,0.0025699473749807,0.0302747727757294,0.008820690042344927
2399,"ADXL_Y__agg_linear_trend__attr_""slope""__chunk_len_10__f_agg_""var""",0.002579715073752,2.794990034235821e-13,2.5884282586610223,12.553619736287077,2.794990034235821e-13,0.002579715073752,2.685196067758324e-08
2400,"ADXL_X__change_quantiles__f_agg_""mean""__isabs_True__qh_0.6__ql_0.4",0.0025820623730818,2.817778771838528e-06,2.588033270993663,5.550093107018463,2.817778771838528e-06,0.0025820623730818,8.529759986326057e-05
2401,"MMA_X__fft_coefficient__attr_""abs""__coeff_60",0.0026085456702632,0.0534987028327271,2.58360155527296,1.2716567480613583,0.0026085456702632,0.0534987028327271,0.01181328953505364
2402,"MMA_Y__fft_coefficient__attr_""real""__coeff_4",0.0026601433455268,0.0115873603573624,2.575094960175723,1.9360154866245665,0.0026601433455268,0.0115873603573624,0.005551940160597792
2403,"MMA_Y__fft_coefficient__attr_""imag""__coeff_68",0.0026757018865918,0.800011664561571,2.5725622751419914,0.09690368073581565,0.0026757018865918,0.800011664561571,0.04626653996316173
2404,MMA_Y__index_mass_quantile__q_0.6,0.0026758259148615,0.0040679814403704,2.572542144519433,2.3906210371561536,0.0026758259148615,0.0040679814403704,0.0032992741867445222
2405,"GYRO_Z__agg_linear_trend__attr_""stderr""__chunk_len_5__f_agg_""min""",0.0026865766128028,0.0592299473246238,2.5708007701918514,1.2274586535929817,0.0026865766128028,0.0592299473246238,0.01261450717467298
2406,"ADXL_Z__fft_coefficient__attr_""abs""__coeff_36",0.002712994888426,0.4555904383732672,2.566551024495121,0.3414253991787655,0.002712994888426,0.4555904383732672,0.03515699831502164
2407,"MMA_X__change_quantiles__f_agg_""mean""__isabs_False__qh_1.0__ql_0.0",0.002714514533425,0.0006252884821266,2.56630782880315,3.2039195709913777,0.0006252884821266,0.002714514533425,0.0013028256492393425
2408,MMA_X__mean_change,0.002714514533425,0.0006252884821266,2.56630782880315,3.2039195709913777,0.0006252884821266,0.002714514533425,0.0013028256492393425
2409,"ADXL_X__fft_coefficient__attr_""abs""__coeff_47",0.0027254127907465,0.0465311852871593,2.5645677102070144,1.3322558845585784,0.0027254127907465,0.0465311852871593,0.011261291557819615
2410,"MMA_X__change_quantiles__f_agg_""mean""__isabs_False__qh_0.4__ql_0.0",0.0027254127907465,0.0002694793686476,2.5645677102070144,3.569474478809283,0.0002694793686476,0.0027254127907465,0.0008569962182848068
2411,MMA_Y__number_peaks__n_1,0.0027284269948392,4.899272180668144e-08,2.5640876622446473,7.309868432501479,4.899272180668144e-08,0.0027284269948392,1.156170682589715e-05
2412,"GYRO_Z__fft_coefficient__attr_""abs""__coeff_73",0.0027340851277044,0.0157022264326872,2.5631879674870257,1.8040387642228435,0.0027340851277044,0.0157022264326872,0.006552192286666882
2413,"MMA_Y__agg_linear_trend__attr_""intercept""__chunk_len_10__f_agg_""var""",0.0027426860237489,0.0081641273654108,2.561823906561706,2.088090228641951,0.0027426860237489,0.0081641273654108,0.00473198034877768
2414,"GYRO_Z__fft_coefficient__attr_""abs""__coeff_44",0.0027528645195597,0.1217504118710659,2.5602151616017483,0.9145295609303414,0.0027528645195597,0.1217504118710659,0.018307440811911355
2415,"GYRO_Z__fft_coefficient__attr_""real""__coeff_93",0.002804646300408,0.177440494294855,2.552121900706098,0.7509472613818574,0.002804646300408,0.177440494294855,0.022308245692268854
2416,MMA_Y__c3__lag_3,0.0028078663575279,0.0003350798981805,2.551623566616802,3.4748516251970902,0.0003350798981805,0.0028078663575279,0.0009699791612116727
2417,"ADXL_Z__fft_coefficient__attr_""real""__coeff_59",0.0028710107611545,0.8347176010890076,2.541965179673031,0.07846042874718388,0.0028710107611545,0.8347176010890076,0.04895388866322685
2418,"MMA_X__change_quantiles__f_agg_""mean""__isabs_False__qh_1.0__ql_0.2",0.0028710107611545,0.0060418165847801,2.541965179673031,2.218832463012916,0.0028710107611545,0.0060418165847801,0.004164867396667677
2419,"GYRO_Z__fft_coefficient__attr_""abs""__coeff_42",0.0028744272069846,0.5293560741500652,2.54144868510644,0.2762520991995933,0.0028744272069846,0.5293560741500652,0.03900763389029774
2420,ADXL_Z__variance,0.0028912032835034,0.0380451943741224,2.538921371560053,1.4197001927332775,0.0028912032835034,0.0380451943741224,0.010487916423007372
2421,"MMA_X__fft_coefficient__attr_""abs""__coeff_18",0.00290016885062,0.0391254736677683,2.5375767163224947,1.4075403916805669,0.00290016885062,0.0391254736677683,0.010652252343847974
2422,"ADXL_Z__cwt_coefficients__coeff_14__w_5__widths_(2, 5, 10, 20)",0.0029550968873429,3.2678104671772324e-81,2.5294282755446242,80.48574314046462,3.2678104671772324e-81,0.0029550968873429,3.1075225727228416e-42
2423,"MMA_Y__fft_coefficient__attr_""angle""__coeff_3",0.0030072096547567,0.0007368741860805,2.5218362929736706,3.132606657263557,0.0007368741860805,0.0030072096547567,0.0014886017488644385
2424,"GYRO_X__cwt_coefficients__coeff_8__w_5__widths_(2, 5, 10, 20)",0.0030320042672084,3.5792637431224854e-133,2.5182701918184285,132.44620629882638,3.5792637431224854e-133,0.0030320042672084,3.294289444267411e-68
2425,"GYRO_Z__agg_linear_trend__attr_""slope""__chunk_len_50__f_agg_""var""",0.0030320042672084,5.747650226509399e-07,2.5182701918184285,6.240509668742209,5.747650226509399e-07,0.0030320042672084,4.1745538699599774e-05
2426,"ADXL_Z__cwt_coefficients__coeff_1__w_20__widths_(2, 5, 10, 20)",0.0030516967262594,3.199185272393491e-58,2.5154586282061557,57.49496060816591,3.199185272393491e-58,0.0030516967262594,9.880760710826117e-31
2427,MMA_Z__variance,0.0030649804257316,0.0158294807972503,2.5135722947259573,1.8005333296472523,0.0030649804257316,0.0158294807972503,0.006965418063050229
2428,GYRO_Y__energy_ratio_by_chunks__num_segments_10__segment_focus_8,0.0030787933328123,3.140700360069378e-40,2.511619462584808,39.50297349568551,3.140700360069378e-40,0.0030787933328123,9.833395816778042e-22
2429,"MMA_Z__fft_coefficient__attr_""abs""__coeff_75",0.0031008232471948,0.0445628843227598,2.508522988666166,1.3510267073110076,0.0031008232471948,0.0445628843227598,0.011755068169520171
2430,"MMA_X__fft_coefficient__attr_""abs""__coeff_17",0.0031090730877182,0.2009633514156892,2.5073690684940813,0.6968831352617484,0.0031090730877182,0.2009633514156892,0.024996194660471312
2431,"MMA_Z__fft_coefficient__attr_""abs""__coeff_3",0.0031313648629469,0.0055657930610782,2.504266325953042,2.25447294498411,0.0031313648629469,0.0055657930610782,0.004174748953637086
2432,MMA_Y__mean,0.0031868305648186,6.037253909513665e-12,2.496641026178115,11.219160558587175,6.037253909513665e-12,0.0031868305648186,1.3870726472109792e-07
2433,"MMA_Y__change_quantiles__f_agg_""var""__isabs_False__qh_0.6__ql_0.0",0.0032047008472635,0.0244287845031226,2.494212504817997,1.6120981415701283,0.0032047008472635,0.0244287845031226,0.008847991093732773
2434,"GYRO_Z__change_quantiles__f_agg_""var""__isabs_False__qh_0.6__ql_0.2",0.0032207096019706,6.35418014438498e-13,2.4920484319475653,12.196940476854902,6.35418014438498e-13,0.0032207096019706,4.5238223886080716e-08
2435,"MMA_X__change_quantiles__f_agg_""mean""__isabs_True__qh_0.6__ql_0.4",0.0032207096019706,8.052752890484061e-09,2.4920484319475653,8.094055627611382,8.052752890484061e-09,0.0032207096019706,5.092698553486012e-06
2436,"GYRO_Z__linear_trend__attr_""stderr""",0.0032229394588042,0.0648741660216592,2.491747852400855,1.1879282121033234,0.0032229394588042,0.0648741660216592,0.014459789401240259
2437,"MMA_Y__change_quantiles__f_agg_""mean""__isabs_False__qh_1.0__ql_0.8",0.0032771106556515,0.0019320010263926,2.4845088938854074,2.7139926471976867,0.0019320010263926,0.0032771106556515,0.0025162235890955364
2438,"GYRO_X__fft_coefficient__attr_""abs""__coeff_15",0.0032771106556515,0.0062009483511578,2.4845088938854074,2.2075418859568035,0.0032771106556515,0.0062009483511578,0.004507903494610751
2439,"GYRO_Z__fft_coefficient__attr_""real""__coeff_1",0.0032820066201869,6.182804029976703e-07,2.483860547259848,6.208814518671515,6.182804029976703e-07,0.0032820066201869,4.504664666509793e-05
2440,"MMA_Z__fft_coefficient__attr_""abs""__coeff_56",0.0032912903396197,0.1144791335170287,2.4826338049335397,0.9412736663743914,0.0032912903396197,0.1144791335170287,0.019410926465077093
2441,"GYRO_Z__fft_coefficient__attr_""real""__coeff_50",0.0033175835339487,0.0341309139919694,2.4791781331579537,1.4668520815908626,0.0033175835339487,0.0341309139919694,0.010641060015730433
2442,"MMA_Y__fft_coefficient__attr_""abs""__coeff_45",0.0033260480484112,0.5438553864601139,2.478071481211171,0.2645165657644775,0.0033260480484112,0.5438553864601139,0.04253103745211937
2443,"MMA_X__fft_coefficient__attr_""abs""__coeff_43",0.0033759558045147,0.2456806139089841,2.4716032474673026,0.6096291113445745,0.0033759558045147,0.2456806139089841,0.028799425247438008
2444,"ADXL_X__fft_coefficient__attr_""abs""__coeff_28",0.0033913403029765,0.0769090469898077,2.469628628892051,1.1140225701250948,0.0033913403029765,0.0769090469898077,0.016150069681584917
2445,"GYRO_X__cwt_coefficients__coeff_5__w_10__widths_(2, 5, 10, 20)",0.0034041944057365,6.3015218630362825e-108,2.467985646317243,107.20055455262548,6.3015218630362825e-108,0.0034041944057365,1.4646366605330607e-55
2446,"ADXL_Y__fft_coefficient__attr_""abs""__coeff_45",0.0034084798237617,0.5235891225793593,2.4674392724312266,0.28100938437649803,0.0034084798237617,0.5235891225793593,0.042245034740817033
2447,"ADXL_Z__augmented_dickey_fuller__attr_""pvalue""__autolag_""AIC""",0.0034308546569142,0.4369353201950953,2.4645976797978504,0.3595828471516702,0.0034308546569142,0.4369353201950953,0.03871771659152486
2448,MMA_Z__large_standard_deviation__r_0.05,0.0034538988861383,0.0036638404413161,2.4616903806756127,2.4360634479312693,0.0034538988861383,0.0036638404413161,0.003557321242065458
2449,"GYRO_Z__fft_coefficient__attr_""abs""__coeff_71",0.0034916451192223,0.0085894535314662,2.456969903166789,2.0660344654840217,0.0034916451192223,0.0085894535314662,0.005476433465306659
2450,"MMA_Y__fft_coefficient__attr_""abs""__coeff_83",0.003493132756231,0.065097237034371,2.456784908721656,1.1864374440921912,0.003493132756231,0.065097237034371,0.015079565346020259
2451,"ADXL_Y__fft_coefficient__attr_""real""__coeff_4",0.0035018672329612,0.0135700296123186,2.4557003234397095,1.8674192046282119,0.0035018672329612,0.0135700296123186,0.006893507238676962
2452,"ADXL_Z__fft_coefficient__attr_""abs""__coeff_21",0.0035084647248364,0.0282316102728156,2.4548828856410556,1.5492643498851901,0.0035084647248364,0.0282316102728156,0.009952366993208322
2453,GYRO_Z__partial_autocorrelation__lag_9,0.0035226275322503,0.0010132007494628,2.45313327485453,2.9943044976345115,0.0010132007494628,0.0035226275322503,0.0018892138194906095
2454,ADXL_X__index_mass_quantile__q_0.9,0.0035731820664697,0.0344870043657488,2.446944854368891,1.4623445279848013,0.0035731820664697,0.0344870043657488,0.011100826344284278
2455,"ADXL_X__fft_coefficient__attr_""imag""__coeff_8",0.0035855516967841,0.0664546597793843,2.445444011422977,1.1774745610640533,0.0035855516967841,0.0664546597793843,0.015436211262197129
2456,MMA_Y__spkt_welch_density__coeff_5,0.0035992845995671,0.2541701360884415,2.4437838118258837,0.594875478541697,0.0035992845995671,0.2541701360884415,0.030246167633156462
2457,"GYRO_X__cwt_coefficients__coeff_13__w_20__widths_(2, 5, 10, 20)",0.0036134852403812,4.981050248685224e-93,2.4420737148588274,92.30267907709583,4.981050248685224e-93,0.0036134852403812,4.242517124917843e-48
2458,"MMA_Z__fft_coefficient__attr_""abs""__coeff_12",0.0036198936193714,0.0423348992549429,2.441304192228945,1.3733014693888292,0.0036198936193714,0.0423348992549429,0.012379330825601957
2459,"GYRO_Z__change_quantiles__f_agg_""var""__isabs_False__qh_0.6__ql_0.0",0.0036210835340174,0.0772605621043934,2.4411614564190125,1.11204213649733,0.0036210835340174,0.0772605621043934,0.01672623535841666
2460,"GYRO_Z__agg_linear_trend__attr_""slope""__chunk_len_10__f_agg_""min""",0.0036298331844294,0.0017305618250148,2.4401133332962566,2.7618128807482716,0.0017305618250148,0.0036298331844294,0.002506322154102586
2461,MMA_X__symmetry_looking__r_0.25,0.0036492995833157,0.0038755597238479,2.437790482472497,2.411665566080501,0.0036492995833157,0.0038755597238479,0.003760728451424438
2462,"ADXL_Y__fft_coefficient__attr_""abs""__coeff_30",0.0036551609813941,0.5834185232237749,2.437093490992973,0.23401978637958212,0.0036551609813941,0.5834185232237749,0.04617887636041082
2463,"MMA_Y__fft_coefficient__attr_""abs""__coeff_3",0.0036554027444971,0.0105256081642937,2.4370647664279366,1.9777528014527437,0.0036554027444971,0.0105256081642937,0.006202849101119604
2464,"ADXL_Z__fft_coefficient__attr_""abs""__coeff_75",0.0036572438111464,0.0499465432424834,2.436846086337926,1.3014945635473818,0.0036572438111464,0.0499465432424834,0.013515424009690871
2465,"GYRO_Z__change_quantiles__f_agg_""var""__isabs_False__qh_0.8__ql_0.4",0.0036762150918931,9.342298363432062e-09,2.4345990863801967,8.029546266835972,9.342298363432062e-09,0.0036762150918931,5.860400859720874e-06
2466,"MMA_Z__fft_coefficient__attr_""abs""__coeff_35",0.0037081748925385,0.5872511799969006,2.4308397909587165,0.23117610189709523,0.0037081748925385,0.5872511799969006,0.04666508417733878
2467,ADXL_Y__variance,0.0037482994086008,0.5575050294435742,2.4261657255991844,0.25375121034305054,0.0037482994086008,0.5575050294435742,0.045713190351968656
2468,"GYRO_Y__change_quantiles__f_agg_""mean""__isabs_True__qh_1.0__ql_0.8",0.0038209823573214,0.0012039626288643,2.4178249675813244,2.9193869934186476,0.0012039626288643,0.0038209823573214,0.002144835649592943
2469,"MMA_X__cwt_coefficients__coeff_9__w_5__widths_(2, 5, 10, 20)",0.0038299553123477,2.512641613628271e-72,2.4168062933196346,71.59986945184642,2.512641613628271e-72,0.0038299553123477,9.809844594152088e-38
2470,"GYRO_Z__agg_linear_trend__attr_""stderr""__chunk_len_50__f_agg_""mean""",0.0038319037116474,0.1116674831880462,2.4165854124394217,0.9520732720759544,0.0038319037116474,0.1116674831880462,0.020685720758499036
2471,ADXL_Z__large_standard_deviation__r_0.05,0.0038857843393899,0.0041162305568296,2.4105213063641178,2.385500307681568,0.0038857843393899,0.0041162305568296,0.0039993479762389554
2472,ADXL_Z__ratio_value_number_to_time_series_length,0.0038978454451338,2.3512978696710904e-05,2.4091753852430946,4.628692349624498,2.3512978696710904e-05,0.0038978454451338,0.0003027374389045773
2473,"ADXL_Z__change_quantiles__f_agg_""mean""__isabs_True__qh_0.8__ql_0.6",0.0039225032016798,4.301050881869997e-05,2.406436693255034,4.366425419667563,4.301050881869997e-05,0.0039225032016798,0.0004107418392947423
2474,"MMA_Z__fft_coefficient__attr_""abs""__coeff_4",0.0039498913185741,0.0115993012793354,2.4034148538400966,1.935568171089331,0.0039498913185741,0.0115993012793354,0.006768750211432857
2475,"ADXL_X__fft_coefficient__attr_""abs""__coeff_46",0.0039784968248231,0.151263049811426,2.400280984206485,0.8202671474747484,0.0039784968248231,0.151263049811426,0.024531603359499696
2476,GYRO_X__energy_ratio_by_chunks__num_segments_10__segment_focus_0,0.0040052148121521,8.356289815280792e-21,2.3973741863886087,20.077986506102626,8.356289815280792e-21,0.0040052148121521,5.785217000493444e-12
2477,"ADXL_X__fft_coefficient__attr_""abs""__coeff_60",0.0040146607618662,0.0496016009133632,2.396351146642843,1.3045043062392483,0.0040146607618662,0.0496016009133632,0.014111470543944947
2478,"MMA_X__fft_coefficient__attr_""angle""__coeff_2",0.0040712476180974,0.0040566865844405,2.390272482513029,2.391828544158119,0.0040566865844405,0.0040712476180974,0.004063960579812636
2479,"ADXL_Y__fft_coefficient__attr_""abs""__coeff_82",0.0041058359152151,0.0020568933678221,2.3865984106742824,2.6867882221442723,0.0020568933678221,0.0041058359152151,0.002906074098052512
2480,"MMA_Z__fft_coefficient__attr_""real""__coeff_59",0.0041058359152151,0.8409340873471519,2.3865984106742824,0.07523804299308388,0.0041058359152151,0.8409340873471519,0.0587599981123091
2481,"ADXL_X__fft_coefficient__attr_""abs""__coeff_25",0.0041249469226303,0.1663184708095444,2.3845816353218328,0.7790595167142839,0.0041249469226303,0.1663184708095444,0.02619264905164057
2482,MMA_Z__permutation_entropy__dimension_4__tau_1,0.004151054278206,3.260646673682001e-09,2.381841587852211,8.486696259146749,3.260646673682001e-09,0.004151054278206,3.679010916605961e-06
2483,"ADXL_Y__fft_coefficient__attr_""abs""__coeff_94",0.0041553233407545,0.0001981292589311,2.381395176538879,3.7030513848651974,0.0001981292589311,0.0041553233407545,0.0009073539188887607
2484,ADXL_X__index_mass_quantile__q_0.8,0.004163961266617,0.0124873729853907,2.380493318972438,1.9035289161452988,0.004163961266617,0.0124873729853907,0.0072108901969844446
2485,MMA_Z__ar_coefficient__coeff_10__k_10,0.0041677119930194,2.4826907510256425e-05,2.380102300304526,4.605077373674356,2.4826907510256425e-05,0.0041677119930194,0.0003216697066558788
2486,"GYRO_Z__agg_linear_trend__attr_""stderr""__chunk_len_5__f_agg_""max""",0.0041993509226165,0.0736942890328846,2.3768178316283466,1.132566166653916,0.0041993509226165,0.0736942890328846,0.01759170772386271
2487,"MMA_X__fft_coefficient__attr_""abs""__coeff_14",0.0042264453228259,0.4235193199436941,2.374024745083834,0.373126773400439,0.0042264453228259,0.4235193199436941,0.042308170001814444
2488,"MMA_Z__agg_linear_trend__attr_""stderr""__chunk_len_10__f_agg_""max""",0.004256978174224,0.0143803713889116,2.370898576470357,1.8422298976755176,0.004256978174224,0.0143803713889116,0.007824124688412879
2489,"MMA_X__agg_linear_trend__attr_""slope""__chunk_len_50__f_agg_""max""",0.00427128376779,0.0302747727757294,2.3694415747470248,1.5189191077263535,0.00427128376779,0.0302747727757294,0.011371549829750718
2490,"GYRO_Y__fft_coefficient__attr_""abs""__coeff_4",0.0042901513684719,0.0166400974887273,2.367527384427782,1.7788441336527294,0.0042901513684719,0.0166400974887273,0.008449173747341764
2491,GYRO_X__skewness,0.0043453053443166,0.0002191121327423,2.3619797002987566,3.659333573890024,0.0002191121327423,0.0043453053443166,0.0009757607910803366
2492,"GYRO_Z__fft_coefficient__attr_""real""__coeff_31",0.0043625728431513,0.0745921371168818,2.360257308430577,1.127306949829262,0.0043625728431513,0.0745921371168818,0.01803922480869748
2493,"ADXL_Z__change_quantiles__f_agg_""var""__isabs_True__qh_0.6__ql_0.2",0.0043784643220966,0.0001059464443664,2.35867818478917,3.9749136139221712,0.0001059464443664,0.0043784643220966,0.0006810893676392803
2494,"GYRO_Z__fft_coefficient__attr_""abs""__coeff_81",0.0044250557612232,0.0109324337048106,2.3540812522793857,1.9612831475730648,0.0044250557612232,0.0109324337048106,0.006955330959031557
2495,"ADXL_Z__change_quantiles__f_agg_""var""__isabs_True__qh_0.8__ql_0.2",0.0044988111788396,2.686583681708324e-06,2.3469022343758676,5.570799627480116,2.686583681708324e-06,0.0044988111788396,0.00010993831315859571
2496,ADXL_X__index_mass_quantile__q_0.7,0.0046111929615143,0.00676986577527,2.3361867037690005,2.1694199418964586,0.0046111929615143,0.00676986577527,0.005587231641280104
2497,"MMA_X__fft_coefficient__attr_""abs""__coeff_23",0.0046496593477778,0.1617668749014008,2.332578864056212,0.7911104043575743,0.0046496593477778,0.1617668749014008,0.02742555126239216
2498,"ADXL_Z__fft_coefficient__attr_""angle""__coeff_3",0.0047433619006876,0.0049948667622334,2.3239137390471223,2.301476092062338,0.0047433619006876,0.0049948667622334,0.004867490184786071
2499,"ADXL_Z__fft_coefficient__attr_""abs""__coeff_35",0.0047503357982409,0.6483775687586627,2.3232756892870428,0.18817201839607958,0.0047503357982409,0.6483775687586627,0.055497848387578735
2500,"GYRO_Z__agg_linear_trend__attr_""stderr""__chunk_len_10__f_agg_""min""",0.004763232049527,0.0867552438738137,2.322098260526143,1.0617042650485349,0.004763232049527,0.0867552438738137,0.02032819121526262
2501,"ADXL_Y__change_quantiles__f_agg_""mean""__isabs_False__qh_1.0__ql_0.8",0.0048221820961263,0.0073471284146671,2.31675639374089,2.133882369398316,0.0048221820961263,0.0073471284146671,0.005952242526909375
2502,ADXL_X__index_mass_quantile__q_0.1,0.0048221820961263,0.0281297838688095,2.31675639374089,1.5508336046618165,0.0048221820961263,0.0281297838688095,0.011646756636080089
2503,MMA_X__energy_ratio_by_chunks__num_segments_10__segment_focus_8,0.0048587146220568,0.0067793652012454,2.31347860859406,2.168810970218954,0.0048587146220568,0.0067793652012454,0.0057392508946337295
2504,MMA_Z__ratio_beyond_r_sigma__r_6,0.0048737878616243,4.2235261429917854e-06,2.3121333780095203,5.374324813255473,4.2235261429917854e-06,0.0048737878616243,0.00014347323948725164
2505,"GYRO_X__fft_coefficient__attr_""abs""__coeff_23",0.0049600985033346,0.1553513974158834,2.304509698705391,0.8086848358285269,0.0049600985033346,0.1553513974158834,0.027758930703711587
2506,"GYRO_Y__fft_coefficient__attr_""abs""__coeff_89",0.004986987633452,0.0018582135895662,2.30216170872774,2.730904368147186,0.0018582135895662,0.004986987633452,0.0030441564006271245
2507,"ADXL_Y__agg_linear_trend__attr_""stderr""__chunk_len_10__f_agg_""min""",0.0050181142396977,0.0251485290048259,2.299459455993592,1.5994874127460423,0.0050181142396977,0.0251485290048259,0.011233796842856268
2508,ADXL_Z__ratio_beyond_r_sigma__r_0.5,0.005018803365375,0.0015680848545456,2.299399819461494,2.8046304398251714,0.0015680848545456,0.005018803365375,0.002805335905945494
2509,"ADXL_X__fft_coefficient__attr_""angle""__coeff_2",0.0050363747994474,0.0045732561691041,2.297881957818543,2.339774471107314,0.0045732561691041,0.0050363747994474,0.004799232451287732
2510,"GYRO_X__fft_coefficient__attr_""angle""__coeff_7",0.0050582599972083,0.0053164590947958,2.2959988514544705,2.2743775232658825,0.0050582599972083,0.0053164590947958,0.005185752825386093
2511,"ADXL_X__change_quantiles__f_agg_""mean""__isabs_False__qh_1.0__ql_0.6",0.0050725831890555,0.001972380377152,2.294770821918765,2.7050093268349773,0.001972380377152,0.0050725831890555,0.0031630781753798276
2512,ADXL_Y__percentage_of_reoccurring_values_to_all_values,0.0051043625487438,6.777617678661677e-05,2.2920584864563693,4.168922933098312,6.777617678661677e-05,0.0051043625487438,0.0005881786960496322
2513,"ADXL_Y__fft_coefficient__attr_""abs""__coeff_3",0.0051344196003667,0.0200616324493456,2.2895086423499165,1.6976337305929088,0.0051344196003667,0.0200616324493456,0.010149129955975174
2514,ADXL_X__skewness,0.0051440212384668,4.0234791715668975e-08,2.2886972469792672,7.395398242553002,4.0234791715668975e-08,0.0051440212384668,1.4386404106332104e-05
2515,"MMA_Z__fft_coefficient__attr_""angle""__coeff_95",0.0051523730637853,0.0052116747371588,2.2879926988940515,2.283022696617368,0.0051523730637853,0.0052116747371588,0.005181939070748259
2516,"GYRO_Y__agg_linear_trend__attr_""slope""__chunk_len_10__f_agg_""var""",0.0051654751770748,5.900135694670056e-13,2.2868897211357875,12.229138000091964,5.900135694670056e-13,0.0051654751770748,5.520598198763532e-08
2517,"GYRO_X__cwt_coefficients__coeff_12__w_20__widths_(2, 5, 10, 20)",0.0051913704669655,1.287654909781204e-89,2.284717977860137,88.89020051186642,1.287654909781204e-89,0.0051913704669655,2.58547745499381e-46
2518,"GYRO_X__fft_coefficient__attr_""real""__coeff_73",0.0052062638580026,0.0069860510173969,2.283473825245094,2.155768247141966,0.0052062638580026,0.0069860510173969,0.006030856068754731
2519,MMA_X__index_mass_quantile__q_0.4,0.0052720429363754,0.0189797974920242,2.278021061434726,1.7217084256582318,0.0052720429363754,0.0189797974920242,0.010003114879959227
2520,MMA_Y__quantile__q_0.2,0.0052980459926991,5.275209973934307e-60,2.275884275882365,59.27776024907176,5.275209973934307e-60,0.0052980459926991,1.6717746577529216e-31
2521,"MMA_X__fft_coefficient__attr_""abs""__coeff_21",0.0053030654471705,0.1069018273747478,2.2754730130531113,0.9710148709185723,0.0053030654471705,0.1069018273747478,0.023809817029754984
2522,GYRO_Z__time_reversal_asymmetry_statistic__lag_2,0.0053424489801255,3.308506739563133e-09,2.272259616614668,8.480367976343917,3.308506739563133e-09,0.0053424489801255,4.204227450616511e-06
2523,"GYRO_Y__fft_coefficient__attr_""abs""__coeff_41",0.0054268310467362,0.5923829805052636,2.2654536990787797,0.22739742749523892,0.0054268310467362,0.5923829805052636,0.0566988743288973
2524,"GYRO_Z__fft_coefficient__attr_""abs""__coeff_92",0.0054409137000919,0.0639717500130851,2.2643281625100324,1.194011768547242,0.0054409137000919,0.0639717500130851,0.018656494072173607
2525,"MMA_X__change_quantiles__f_agg_""mean""__isabs_False__qh_0.6__ql_0.4",0.0055029235838878,0.009145349348173,2.2594065179586567,2.03879970001961,0.0055029235838878,0.009145349348173,0.0070940932197818005
2526,"GYRO_Y__change_quantiles__f_agg_""var""__isabs_True__qh_0.8__ql_0.4",0.005509734180399,1.3428016422413116e-07,2.258869353375198,6.871988136283197,1.3428016422413116e-07,0.005509734180399,2.7200147252823586e-05
2527,"ADXL_Y__fft_coefficient__attr_""real""__coeff_69",0.005537360644912,0.1012676125369166,2.2566971902329436,0.9945294287316206,0.005537360644912,0.1012676125369166,0.023680272216892253
2528,"MMA_X__agg_linear_trend__attr_""intercept""__chunk_len_50__f_agg_""max""",0.0056566482856709,1.611264712316538e-05,2.2474408236178975,4.792833104115675,1.611264712316538e-05,0.0056566482856709,0.00030189994654996813
2529,GYRO_Z__quantile__q_0.4,0.0057244923270051,1.1769748057493654e-172,2.2422630224128,171.92923283353815,1.1769748057493654e-172,0.0057244923270051,8.208278287552489e-88
2530,"MMA_Z__linear_trend__attr_""stderr""",0.0057257664279113,0.000120662960071,2.242166372196053,3.918426024894528,0.000120662960071,0.0057257664279113,0.0008311966830220952
2531,"MMA_X__fft_coefficient__attr_""abs""__coeff_47",0.0057315430976053,0.0487914386997116,2.2417284376218185,1.3116563757771817,0.0057315430976053,0.0487914386997116,0.016722745997639385
2532,"GYRO_Y__change_quantiles__f_agg_""var""__isabs_True__qh_0.8__ql_0.2",0.0057883885022768,0.0002195795756446,2.237442327806505,3.6584080585633267,0.0002195795756446,0.0057883885022768,0.0011273916315974772
2533,"ADXL_Z__fft_coefficient__attr_""angle""__coeff_95",0.0057917876962281,0.0058000603433654,2.2371873660178307,2.236567488048393,0.0057917876962281,0.0058000603433654,0.005795922543830641
2534,ADXL_Z__lempel_ziv_complexity__bins_100,0.0057939445376086,0.0258387542992635,2.237025666385592,1.5877284277511305,0.0057939445376086,0.0258387542992635,0.012235534697381577
2535,"GYRO_Z__fft_coefficient__attr_""abs""__coeff_66",0.0059057787495235,0.0608771219590439,2.228722827208551,1.2155458875589544,0.0059057787495235,0.0608771219590439,0.018961192293679
2536,GYRO_Y__number_peaks__n_50,0.005913801159537,1.3964593823478384e-07,2.2281332819011443,6.854971691741522,1.3964593823478384e-07,0.005913801159537,2.873740265677288e-05
2537,"ADXL_Z__fft_coefficient__attr_""abs""__coeff_3",0.0059871540514941,0.0088155088001522,2.2227795671669788,2.054752616691762,0.0059871540514941,0.0088155088001522,0.007264971385271461
2538,"MMA_Z__agg_linear_trend__attr_""stderr""__chunk_len_5__f_agg_""mean""",0.0059940021428278,2.733558595413183e-05,2.222283106132095,4.563271612318659,2.733558595413183e-05,0.0059940021428278,0.00040478335042899147
2539,"MMA_X__fft_coefficient__attr_""abs""__coeff_25",0.0060125111609373,0.1531681858299131,2.2209441044428133,0.8148314315267391,0.0060125111609373,0.1531681858299131,0.030346753150919965
2540,"MMA_Z__change_quantiles__f_agg_""var""__isabs_False__qh_0.4__ql_0.2",0.0060495899149349,0.0185132008311523,2.218274063978461,1.732518487615038,0.0060495899149349,0.0185132008311523,0.010582876406785792
2541,"GYRO_Y__augmented_dickey_fuller__attr_""usedlag""__autolag_""AIC""",0.0060536095039947,0.0160195498926817,2.2179855972099727,1.7953496906157513,0.0060536095039947,0.0160195498926817,0.009847644361980951
2542,"ADXL_Z__fft_coefficient__attr_""imag""__coeff_25",0.0060633985587261,0.0121890291685599,2.2172838838239968,1.9140308836783946,0.0060633985587261,0.0121890291685599,0.008596914672887972
2543,"GYRO_X__fft_coefficient__attr_""real""__coeff_3",0.0060721075600816,0.0044182331667612,2.216660544040083,2.3547513685085653,0.0044182331667612,0.0060721075600816,0.005179574018593995
2544,MMA_Y__permutation_entropy__dimension_7__tau_1,0.0060875875268159,3.764278509123327e-08,2.2155547814832817,7.42431825174299,3.764278509123327e-08,0.0060875875268159,1.5137825107854932e-05
2545,"MMA_Z__fft_coefficient__attr_""abs""__coeff_43",0.0061044107975204,0.2652065356349328,2.2143562481375167,0.5764157775703839,0.0061044107975204,0.2652065356349328,0.04023592474024752
2546,MMA_X__index_mass_quantile__q_0.6,0.0061767669084773,0.0090716665665164,2.209238787244485,2.042312920861136,0.0061767669084773,0.0090716665665164,0.00748555741764088
2547,"MMA_Z__fft_coefficient__attr_""abs""__coeff_17",0.0061885242818936,0.0871148281960356,2.208412900679167,1.0599079155364222,0.0061885242818936,0.0871148281960356,0.02321879044231537
2548,"ADXL_Z__fft_coefficient__attr_""abs""__coeff_80",0.0062038134439377,0.2273536007539174,2.207341270414622,0.6432981631867218,0.0062038134439377,0.2273536007539174,0.037556082395329746
2549,MMA_Z__ratio_beyond_r_sigma__r_0.5,0.0062228897735829,0.0022233949550021,2.2060078916314176,2.6529833841105264,0.0022233949550021,0.0062228897735829,0.003719669572437635
2550,GYRO_X__cid_ce__normalize_True,0.0063304418706101,0.0002676590624515,2.198565974774105,3.5724180476063516,0.0002676590624515,0.0063304418706101,0.0013016912598581966
2551,"MMA_X__change_quantiles__f_agg_""mean""__isabs_False__qh_1.0__ql_0.4",0.0063387561239549,0.0088842962951594,2.197995956866309,2.051376965971497,0.0063387561239549,0.0088842962951594,0.00750435790377641
2552,MMA_X__ar_coefficient__coeff_5__k_10,0.0063772295082501,0.0101319129080686,2.195367953034232,1.9943085519754284,0.0063772295082501,0.0101319129080686,0.00803825441077571
2553,"MMA_X__fft_coefficient__attr_""imag""__coeff_8",0.0063907241533137,0.1042479219814624,2.1944499277619034,0.9819325932460877,0.0063907241533137,0.1042479219814624,0.025811232301842815
2554,MMA_Y__number_cwt_peaks__n_1,0.0064026302235475,1.1395422762462895e-06,2.1936415796236175,5.943269558153727,1.1395422762462895e-06,0.0064026302235475,8.541702300422679e-05
2555,"ADXL_Z__fft_coefficient__attr_""imag""__coeff_14",0.0064420486616377,0.1273508419307095,2.1909759989511435,0.8949981795213113,0.0064420486616377,0.1273508419307095,0.02864263117833558
2556,"MMA_X__agg_linear_trend__attr_""stderr""__chunk_len_50__f_agg_""max""",0.006497342191255,0.353381094327194,2.187264259929981,0.45175668869740476,0.006497342191255,0.353381094327194,0.0479169896149992
2557,"MMA_Z__augmented_dickey_fuller__attr_""usedlag""__autolag_""AIC""",0.006497342191255,0.0170203250282321,2.187264259929981,1.769032150677997,0.006497342191255,0.0170203250282321,0.010516029474797314
2558,"MMA_Z__fft_coefficient__attr_""abs""__coeff_80",0.006497342191255,0.2042033484146207,2.187264259929981,0.6899371408677655,0.006497342191255,0.2042033484146207,0.03642497812284669
2559,"GYRO_Z__fft_coefficient__attr_""abs""__coeff_8",0.0064987973212091,0.2433519573290286,2.187167007217119,0.6137651562880408,0.0064987973212091,0.2433519573290286,0.039768015394294975
2560,"ADXL_Y__change_quantiles__f_agg_""var""__isabs_False__qh_0.8__ql_0.0",0.0065661665363029,0.0057379033639222,2.1826881065472534,2.2412467702881296,0.0057379033639222,0.0065661665363029,0.006138080241958864
2561,ADXL_X__value_count__value_1,0.0066316261092377,0.0252839955701444,2.1783799672696444,1.597154294434372,0.0066316261092377,0.0252839955701444,0.01294889976672999
2562,"MMA_Z__fft_coefficient__attr_""abs""__coeff_19",0.0066429298509135,0.0474139809967382,2.1776403336674424,1.3240935786964112,0.0066429298509135,0.0474139809967382,0.017747330777158506
2563,"GYRO_X__cwt_coefficients__coeff_10__w_10__widths_(2, 5, 10, 20)",0.0067418990791363,2.4534936624253614e-130,2.1712177528091523,129.61021505949975,2.4534936624253614e-130,0.0067418990791363,1.2861262248851117e-66
2564,"MMA_Y__augmented_dickey_fuller__attr_""usedlag""__autolag_""AIC""",0.0067673400979068,0.2767793602100261,2.1695819971632413,0.5578662989013493,0.0067673400979068,0.2767793602100261,0.043278863924810916
2565,"ADXL_Y__fft_coefficient__attr_""abs""__coeff_91",0.006781403104109,0.0015347579072682,2.1686804392704047,2.8139601204014197,0.0015347579072682,0.006781403104109,0.0032261140767809813
2566,"MMA_Z__fft_coefficient__attr_""abs""__coeff_2",0.0068518650650271,0.002213259084588,2.164191198259237,2.6549677444907682,0.002213259084588,0.0068518650650271,0.003894220409984825
2567,"ADXL_Y__change_quantiles__f_agg_""mean""__isabs_False__qh_0.8__ql_0.4",0.0069059061317679,0.0043268167786421,2.1607793290755137,2.3638314948427452,0.0043268167786421,0.0069059061317679,0.005466314162455421
2568,"MMA_X__fft_coefficient__attr_""abs""__coeff_30",0.0069154978586132,0.0424413427105026,2.1601765488207056,1.3722108848428518,0.0069154978586132,0.0424413427105026,0.017131929682062955
2569,ADXL_X__index_mass_quantile__q_0.2,0.0069154978586132,0.0323197807488694,2.1601765488207056,1.4905315940570785,0.0069154978586132,0.0323197807488694,0.014950163027862087
2570,GYRO_Z__quantile__q_0.6,0.0069346251607715,3.0541124820895903e-136,2.1589770089970615,135.51511497204345,3.0541124820895903e-136,0.0069346251607715,1.4553049598666518e-69
2571,ADXL_Y__large_standard_deviation__r_0.25,0.0069697962978555,0.0072574127556754,2.1567799145863633,2.1392181762963567,0.0069697962978555,0.0072574127556754,0.007112150768685636
2572,"GYRO_X__fft_coefficient__attr_""abs""__coeff_24",0.0069872810993012,0.3557035448779748,2.1556917846661237,0.44891180669144165,0.0069872810993012,0.3557035448779748,0.04985379279533614
2573,"GYRO_Z__fft_coefficient__attr_""abs""__coeff_48",0.0069968961078865,0.2340030835888711,2.155094574581011,0.6307784196120472,0.0069968961078865,0.2340030835888711,0.0404635053448958
2574,ADXL_X__partial_autocorrelation__lag_5,0.0070794869248889,9.84575994420991e-08,2.149998216005688,7.006750757246579,9.84575994420991e-08,0.0070794869248889,2.640131223833939e-05
2575,"MMA_Z__agg_linear_trend__attr_""slope""__chunk_len_10__f_agg_""var""",0.0071252990334474,5.887369858159394e-12,2.147196904533358,11.23007867994932,5.887369858159394e-12,0.0071252990334474,2.0481521125124103e-07
2576,"MMA_Y__fft_coefficient__attr_""abs""__coeff_75",0.0071318869915545,0.0447050658337363,2.1467955470633022,1.3496432612309013,0.0071318869915545,0.0447050658337363,0.0178558527513029
2577,"GYRO_Y__fft_coefficient__attr_""abs""__coeff_82",0.0071318869915545,0.1922837997532868,2.1467955470633022,0.7160573042905309,0.0071318869915545,0.1922837997532868,0.03703169359004711
2578,"MMA_X__fft_coefficient__attr_""abs""__coeff_28",0.007152307653486,0.1416551544011952,2.1455538128170564,0.8487676181977658,0.007152307653486,0.1416551544011952,0.03183019391991525
2579,ADXL_Y__index_mass_quantile__q_0.4,0.0071555685301848,0.0045760978484609,2.1453558546067955,2.3395046978093714,0.0045760978484609,0.0071555685301848,0.00572228815732773
2580,GYRO_Y__ar_coefficient__coeff_10__k_10,0.0072079733325116,0.0012338323504412,2.1421868287943213,2.9087438469677798,0.0012338323504412,0.0072079733325116,0.0029821855540476143
2581,"ADXL_X__cwt_coefficients__coeff_9__w_5__widths_(2, 5, 10, 20)",0.0072999290209763,2.277531937934363e-112,2.1366813626121726,111.64253552418091,2.277531937934363e-112,0.0072999290209763,1.2894115514422635e-57
2582,"ADXL_X__fft_coefficient__attr_""abs""__coeff_16",0.0073114234769079,0.0363997431518826,2.135998061074675,1.4389016808595603,0.0073114234769079,0.0363997431518826,0.016313612004522235
2583,"ADXL_Z__fft_coefficient__attr_""abs""__coeff_79",0.0073181347608078,0.0404982014829076,2.135599597399789,1.3925642632888504,0.0073181347608078,0.0404982014829076,0.017215437723806622
2584,"GYRO_Z__fft_coefficient__attr_""abs""__coeff_33",0.0073501016388891,0.5300728466788425,2.1337066553507054,0.27566444221684655,0.0073501016388891,0.5300728466788425,0.06241866146518019
2585,"ADXL_X__fft_coefficient__attr_""imag""__coeff_7",0.0074202513144709,0.004173812825872,2.1295813854703503,2.379467030717045,0.004173812825872,0.0074202513144709,0.005565136126594947
2586,GYRO_Z__quantile__q_0.2,0.007433219888476,2.6739326256980928e-17,2.1288230197681166,16.572849539727798,2.6739326256980928e-17,0.007433219888476,4.458242834770658e-10
2587,GYRO_Y__ratio_beyond_r_sigma__r_3,0.0075546830357927,0.0011952526634162,2.121783752197741,2.922540279880096,0.0011952526634162,0.0075546830357927,0.003004955077833346
2588,"ADXL_Z__change_quantiles__f_agg_""var""__isabs_False__qh_0.8__ql_0.2",0.0076389443197155,2.0269480280776762e-07,2.116966655534362,6.6931573866836285,2.0269480280776762e-07,0.0076389443197155,3.9349387702278795e-05
2589,"GYRO_X__cwt_coefficients__coeff_10__w_5__widths_(2, 5, 10, 20)",0.0076501918528684,5.198472439664947e-87,2.116327673395754,86.28412425415091,5.198472439664947e-87,0.0076501918528684,6.30629142248324e-45
2590,"ADXL_Z__fft_coefficient__attr_""abs""__coeff_2",0.007664134176867,0.0025814008946921,2.115536900620164,2.5881445437581694,0.0025814008946921,0.007664134176867,0.004447943662098788
2591,"MMA_Y__fft_coefficient__attr_""real""__coeff_69",0.0076682179004364,0.0863674771798633,2.1153055546864405,1.0636497660901811,0.0076682179004364,0.0863674771798633,0.02573489138360914
2592,"MMA_Z__fft_coefficient__attr_""imag""__coeff_14",0.0077159296912123,0.1276531634074565,2.112611738371031,0.8939684183577383,0.0077159296912123,0.1276531634074565,0.03138411753917527
2593,"GYRO_Z__agg_linear_trend__attr_""stderr""__chunk_len_10__f_agg_""max""",0.0077216350638307,0.1125291469765702,2.112290727642007,0.9487349732719114,0.0077216350638307,0.1125291469765702,0.029477262542462163
2594,"GYRO_Y__fft_coefficient__attr_""abs""__coeff_27",0.0078040334128215,0.0928063667102459,2.1076808798499265,1.032422229252235,0.0078040334128215,0.0928063667102459,0.026912153141830254
2595,"ADXL_Y__change_quantiles__f_agg_""var""__isabs_False__qh_0.4__ql_0.2",0.0078609486743824,0.059044475741722,2.104525039305671,1.228820729161675,0.0078609486743824,0.059044475741722,0.021544038463377598
2596,"MMA_Z__fft_coefficient__attr_""abs""__coeff_6",0.0078721744045809,0.0006339192349769,2.1039052928658317,3.1979660702542287,0.0006339192349769,0.0078721744045809,0.0022339030364267507
2597,"MMA_Z__fft_coefficient__attr_""imag""__coeff_18",0.0079224580638003,0.0340767789003285,2.1011400509963964,1.467541463551069,0.0079224580638003,0.0340767789003285,0.01643082017999246
2598,"ADXL_Z__change_quantiles__f_agg_""mean""__isabs_True__qh_0.8__ql_0.4",0.0079356454114048,5.978815441178335e-09,2.100417746008955,8.223384852519796,5.978815441178335e-09,0.0079356454114048,6.888088219631266e-06
2599,ADXL_X__variance,0.0079552723676189,0.6474507315783649,2.099344946661148,0.18879327406947652,0.0079552723676189,0.6474507315783649,0.07176800759614278
2600,ADXL_Z__binned_entropy__max_bins_10,0.0079613956230829,0.0083033671770447,2.099010794288045,2.080745757037776,0.0079613956230829,0.0083033671770447,0.008130583687545065
2601,"GYRO_X__cwt_coefficients__coeff_11__w_20__widths_(2, 5, 10, 20)",0.0079815584900149,6.700104784328532e-85,2.0979122994351647,84.17391840522457,6.700104784328532e-85,0.0079815584900149,7.312816025673478e-44
2602,MMA_X__permutation_entropy__dimension_7__tau_1,0.0079855802116253,3.788325361567806e-05,2.0976935236641614,4.421552728542726,3.788325361567806e-05,0.0079855802116253,0.000550017963729678
2603,"MMA_Z__fft_coefficient__attr_""imag""__coeff_25",0.0080708081502434,0.0145335458487368,2.093082976105853,1.8376284149745448,0.0080708081502434,0.0145335458487368,0.010830395204604543
2604,"MMA_X__fft_coefficient__attr_""imag""__coeff_7",0.0080773846201853,0.0041705375729595,2.0927292368602695,2.3798079618313435,0.0041705375729595,0.0080773846201853,0.005804053415478531
2605,"MMA_Z__agg_linear_trend__attr_""stderr""__chunk_len_10__f_agg_""mean""",0.0081184834405192,2.519131661368213e-05,2.090525090823801,4.598749133688298,2.519131661368213e-05,0.0081184834405192,0.0004522336639095486
2606,"GYRO_Z__fft_coefficient__attr_""abs""__coeff_2",0.0081562024988381,0.0017376847323863,2.0885120002754265,2.7600290146565047,0.0017376847323863,0.0081562024988381,0.003764692358809941
2607,"ADXL_Y__fft_coefficient__attr_""abs""__coeff_77",0.0082606529344727,0.0678946618213229,2.0829856240317355,1.1681643705306857,0.0082606529344727,0.0678946618213229,0.023682361314052755
2608,"GYRO_Y__fft_coefficient__attr_""real""__coeff_11",0.0082825139915538,0.0175062077920342,2.081837821796805,1.7568079209274647,0.0082825139915538,0.0175062077920342,0.012041404028458285
2609,"ADXL_X__fft_coefficient__attr_""abs""__coeff_45",0.0082970326989094,0.0839216443844017,2.0810771983348504,1.0761260150423926,0.0082970326989094,0.0839216443844017,0.026387508931379394
2610,"ADXL_Z__fft_coefficient__attr_""abs""__coeff_4",0.0082970443887964,0.0208707149185626,2.081076586447441,1.680462674084095,0.0082970443887964,0.0208707149185626,0.01315922672900004
2611,MMA_X__large_standard_deviation__r_0.15000000000000002,0.0085496089167815,0.0088878786207843,2.0680537506716288,2.0512018850621874,0.0085496089167815,0.0088878786207843,0.008717103091482234
2612,"ADXL_Z__agg_linear_trend__attr_""slope""__chunk_len_5__f_agg_""var""",0.008561371301921,4.669560549809691e-12,2.0674566674304056,11.33072398876427,4.669560549809691e-12,0.008561371301921,1.9994459653544814e-07
2613,"GYRO_X__fft_coefficient__attr_""abs""__coeff_19",0.0086082013021685,0.1109142786932781,2.065087585613704,0.9550125407892952,0.0086082013021685,0.1109142786932781,0.030899392199144574
2614,"MMA_Z__fft_coefficient__attr_""imag""__coeff_16",0.0086244525032582,0.0140071673695813,2.064268465224064,1.8536496819976842,0.0086244525032582,0.0140071673695813,0.01099109410769201
2615,"ADXL_Z__fft_coefficient__attr_""abs""__coeff_93",0.0086245591038257,0.0018344573761753,2.0642630972598828,2.7364923746722303,0.0018344573761753,0.0086245591038257,0.003977610597365319
2616,ADXL_Z__symmetry_looking__r_0.2,0.0086558495267476,0.0089942854413328,2.0626903019453624,2.046033333842944,0.0086558495267476,0.0089942854413328,0.008823444983723384
2617,"ADXL_Y__fft_coefficient__attr_""abs""__coeff_84",0.0087167682837752,0.0090946996488828,2.0596444986300675,2.0412116388750117,0.0087167682837752,0.0090946996488828,0.008903728963184079
2618,"MMA_Z__fft_coefficient__attr_""abs""__coeff_14",0.0087249955057249,0.055381796352171,2.0592347880753015,1.2566329616785092,0.0087249955057249,0.055381796352171,0.02198194541599227
2619,"ADXL_Y__fft_coefficient__attr_""abs""__coeff_87",0.0088039370936827,0.0013986224477186,2.0553230692495488,2.854299505666719,0.0013986224477186,0.0088039370936827,0.0035090431812001225
2620,GYRO_X__autocorrelation__lag_5,0.0088406834904323,1.3230486779767252e-05,2.053514157538013,4.878424176834591,1.3230486779767252e-05,0.0088406834904323,0.0003420037222666899
2621,"MMA_X__fft_coefficient__attr_""abs""__coeff_46",0.0089164005050711,0.1841126458926729,2.0498104322021344,0.7349163806823509,0.0089164005050711,0.1841126458926729,0.04051693582722421
2622,MMA_Y__index_mass_quantile__q_0.4,0.0089681394941305,0.0051627784668086,2.047297645165539,2.287116509991851,0.0051627784668086,0.0089681394941305,0.006804448358804167
2623,"ADXL_Z__fft_coefficient__attr_""imag""__coeff_18",0.0089973949714925,0.0387998048123287,2.0458832142574326,1.4111704591774887,0.0089973949714925,0.0387998048123287,0.018684142172263
2624,MMA_Y__kurtosis,0.0090907139473633,7.320048672095268e-13,2.0414020077324464,12.13548603124323,7.320048672095268e-13,0.0090907139473633,8.157479301769305e-08
2625,"MMA_X__agg_linear_trend__attr_""intercept""__chunk_len_50__f_agg_""min""",0.0090907139473633,5.791759920378144e-06,2.0414020077324464,5.237189448781897,5.791759920378144e-06,0.0090907139473633,0.000229458564207051
2626,"ADXL_Z__fft_coefficient__attr_""abs""__coeff_43",0.0091102713297911,0.2897323618668039,2.0404686883095184,0.5380029932490186,0.0091102713297911,0.2897323618668039,0.05137645793189526
2627,"ADXL_X__change_quantiles__f_agg_""mean""__isabs_False__qh_1.0__ql_0.4",0.0091162059613398,0.0055922656650802,2.040185871418065,2.2524122052634863,0.0055922656650802,0.0091162059613398,0.007140045209478719
2628,"GYRO_X__fft_coefficient__attr_""abs""__coeff_12",0.0091394892027908,0.1411469282914443,2.0390780758863354,0.8503285687433567,0.0091394892027908,0.1411469282914443,0.035916720717887686
2629,"GYRO_X__cwt_coefficients__coeff_7__w_5__widths_(2, 5, 10, 20)",0.0092626014119619,3.3369134508025647e-140,2.0332670240960864,139.47665505745258,3.3369134508025647e-140,0.0092626014119619,1.7580813189667447e-71
2630,"GYRO_Z__fft_coefficient__attr_""imag""__coeff_7",0.0093297181068508,0.0240007643642326,2.030131478063647,1.6197749268766317,0.0093297181068508,0.0240007643642326,0.014963968920952767
2631,"MMA_Z__fft_coefficient__attr_""real""__coeff_7",0.0093777121827994,0.0096731588853098,2.0279031005948434,2.0144316787162033,0.0093777121827994,0.0096731588853098,0.009524289995843468
2632,"MMA_Z__fft_coefficient__attr_""abs""__coeff_66",0.0095371326192719,0.0277509523268238,2.0205821782109536,1.5567221086426422,0.0095371326192719,0.0277509523268238,0.01626851292073159
2633,"MMA_X__cwt_coefficients__coeff_4__w_20__widths_(2, 5, 10, 20)",0.0095371333879224,1.3438280091482077e-49,2.02058214320875,48.87165631123576,1.3438280091482077e-49,0.0095371333879224,3.5799814208557924e-26
2634,GYRO_Y__ar_coefficient__coeff_8__k_10,0.0096248878966865,0.0404982014829076,2.016604320119096,1.3925642632888504,0.0096248878966865,0.0404982014829076,0.01974311650399725
2635,ADXL_Y__longest_strike_below_mean,0.0096358926259882,0.0769462923824604,2.016108048046944,1.1138123015846937,0.0096358926259882,0.0769462923824604,0.027229509936193896
2636,GYRO_X__energy_ratio_by_chunks__num_segments_10__segment_focus_4,0.0096483559865878,0.0001747246380188,2.0155466811410556,3.7576458505914427,0.0001747246380188,0.0096483559865878,0.0012983857312960103
2637,"ADXL_Z__fft_coefficient__attr_""real""__coeff_5",0.0097026778424024,0.0269373600838525,2.013108388241009,1.5696449682712896,0.0097026778424024,0.0269373600838525,0.01616677230675346
2638,"MMA_Z__fft_coefficient__attr_""real""__coeff_5",0.0097136841698261,0.0260598015557151,2.0126160212594804,1.5840288957449244,0.0097136841698261,0.0260598015557151,0.015910269697291726
2639,"MMA_Y__fft_coefficient__attr_""real""__coeff_24",0.0098793619152262,0.0314280706323401,2.0052711045667455,1.5026822794802714,0.0098793619152262,0.0314280706323401,0.017620706117354654
2640,"GYRO_Y__fft_coefficient__attr_""imag""__coeff_2",0.0099854980288906,0.0111998061067948,2.000630269721156,1.9507894958546392,0.0099854980288906,0.0111998061067948,0.010575237198444127
2641,"MMA_Y__agg_linear_trend__attr_""slope""__chunk_len_10__f_agg_""var""",0.0099924142096423,3.769453709266027e-12,2.000329571708227,11.423721585667506,3.769453709266027e-12,0.0099924142096423,1.9407715683989893e-07
2642,"GYRO_Y__change_quantiles__f_agg_""var""__isabs_True__qh_0.6__ql_0.2",0.0100019635267651,1.8372127432789048e-06,1.999914733486965,5.735840550889366,1.8372127432789048e-06,0.0100019635267651,0.00013555712762220826
2643,"MMA_Z__fft_coefficient__attr_""abs""__coeff_45",0.010031926221362,0.139463940637655,1.9986156704700164,0.8555380677055288,0.010031926221362,0.139463940637655,0.037404437744970376
2644,"GYRO_Z__agg_linear_trend__attr_""intercept""__chunk_len_50__f_agg_""max""",0.0100534513938647,0.3022642902802537,1.997684817448692,0.5196131576527973,0.0100534513938647,0.3022642902802537,0.055125305898775206
2645,"ADXL_Z__fft_coefficient__attr_""abs""__coeff_12",0.0100617872035318,0.0763467493730918,1.9973248717955177,1.1172094492347013,0.0100617872035318,0.0763467493730918,0.027716145941913073
2646,"ADXL_Z__augmented_dickey_fuller__attr_""usedlag""__autolag_""AIC""",0.0100829343149584,0.0506831264211147,1.9964130620029685,1.2951366032290192,0.0100829343149584,0.0506831264211147,0.022606075169759834
2647,MMA_X__ratio_beyond_r_sigma__r_1,0.0101047092990724,0.0024859540465831,1.9954761761244075,2.604506903650867,0.0024859540465831,0.0101047092990724,0.005011969969141367
2648,ADXL_X__index_mass_quantile__q_0.4,0.0101047092990724,0.0328566170399464,1.9954761761244075,1.4833771541242255,0.0101047092990724,0.0328566170399464,0.018221047273403554
2649,MMA_X__energy_ratio_by_chunks__num_segments_10__segment_focus_9,0.0102628015778864,0.0163178131114346,1.988734067710501,1.7873380451701428,0.0102628015778864,0.0163178131114346,0.012940883978603874
2650,"MMA_Z__fft_coefficient__attr_""abs""__coeff_70",0.0102876591842841,0.1186400600462642,1.9876834317484389,0.9257686421739209,0.0102876591842841,0.1186400600462642,0.03493606307755593
2651,"MMA_X__cwt_coefficients__coeff_3__w_5__widths_(2, 5, 10, 20)",0.0102915451524768,2.291260025790513e-77,1.98751941621748,76.6399256216976,2.291260025790513e-77,0.0102915451524768,4.855986615661973e-40
2652,ADXL_X__number_peaks__n_50,0.0102915451524768,2.00739113648351e-10,1.98751941621748,9.69736799778351,2.00739113648351e-10,0.0102915451524768,1.4373293470809592e-06
2653,"ADXL_Z__fft_coefficient__attr_""abs""__coeff_66",0.0102915451524768,0.0273116996866458,1.98751941621748,1.5636512716082822,0.0102915451524768,0.0273116996866458,0.016765428432223308
2654,"ADXL_Y__fft_coefficient__attr_""abs""__coeff_99",0.0103109306656327,0.0071691654525179,1.9867021334839488,2.1445313966977433,0.0071691654525179,0.0103109306656327,0.008597718762053185
2655,"ADXL_Z__fft_coefficient__attr_""imag""__coeff_26",0.0105650573224431,0.0092743167375091,1.9761281422696715,2.0327180761129067,0.0092743167375091,0.0105650573224431,0.009898671019802461
2656,"ADXL_Z__fft_coefficient__attr_""abs""__coeff_70",0.0106299799872031,0.1359124515055194,1.9734675531112698,0.866740753919282,0.0106299799872031,0.1359124515055194,0.03800982293454395
2657,"MMA_Z__fft_coefficient__attr_""angle""__coeff_3",0.0106384580710947,0.0105599896480083,1.9731213137460504,1.9763365075422705,0.0105599896480083,0.0106384580710947,0.010599151244393598
2658,"MMA_Z__fft_coefficient__attr_""angle""__coeff_11",0.0107918785387158,0.0165153597035729,1.966902951240372,1.782111962961025,0.0107918785387158,0.0165153597035729,0.013350346660074418
2659,"GYRO_X__cwt_coefficients__coeff_4__w_10__widths_(2, 5, 10, 20)",0.0108547096234247,6.039408437486334e-94,1.9643817899554012,93.21900559861683,6.039408437486334e-94,0.0108547096234247,2.5603910811861385e-48
2660,"GYRO_Y__change_quantiles__f_agg_""var""__isabs_True__qh_0.6__ql_0.4",0.0108891192437361,6.258626355058032e-27,1.9630072463281811,26.20352097539674,6.258626355058032e-27,0.0108891192437361,8.255357574461348e-15
2661,"MMA_X__fft_coefficient__attr_""angle""__coeff_7",0.0108911006873555,0.0115046255325175,1.962928226921104,1.9391275127457077,0.0108911006873555,0.0115046255325175,0.011193660484621148
2662,MMA_Y__ar_coefficient__coeff_6__k_10,0.0108911006873555,0.0113613137645087,1.962928226921104,1.9445714461173405,0.0108911006873555,0.0113613137645087,0.01112372294467559
2663,"GYRO_Z__fft_coefficient__attr_""real""__coeff_4",0.0109504779583475,0.0020573723165002,1.9605669246464381,2.6866871082226575,0.0020573723165002,0.0109504779583475,0.004746494517425442
2664,MMA_X__symmetry_looking__r_0.05,0.0109754254642606,0.0113830327999399,1.9595786352590412,1.943742012738776,0.0109754254642606,0.0113830327999399,0.011177371249671096
2665,"ADXL_Y__fft_coefficient__attr_""angle""__coeff_58",0.0109754254642606,0.0078296844379895,1.9595786352590412,2.106255741084016,0.0078296844379895,0.0109754254642606,0.00927006569328583
2666,"ADXL_Z__fft_coefficient__attr_""imag""__coeff_16",0.0110264145948703,0.014170053763143,1.957565682010996,1.8486285019761077,0.0110264145948703,0.014170053763143,0.012499795503287916
2667,"ADXL_X__agg_linear_trend__attr_""stderr""__chunk_len_10__f_agg_""min""",0.0110648657850272,0.3253940755186174,1.9560538496242597,0.4875903585687839,0.0110648657850272,0.3253940755186174,0.06000368132753611
2668,"MMA_Z__fft_coefficient__attr_""abs""__coeff_76",0.011074774314429,0.2126472295654722,1.955665115217471,0.6723402710372638,0.011074774314429,0.2126472295654722,0.04852854908222765
2669,"ADXL_Z__fft_coefficient__attr_""real""__coeff_7",0.0111435909471707,0.0114222836764634,1.9529748381353367,1.9422470581799287,0.0111435909471707,0.0114222836764634,0.011282076802302544
2670,"MMA_Z__fft_coefficient__attr_""abs""__coeff_46",0.0112268519569733,0.0463949825256269,1.9497420041461777,1.3335289845153449,0.0112268519569733,0.0463949825256269,0.022822567786328872
2671,"ADXL_Z__change_quantiles__f_agg_""var""__isabs_False__qh_0.6__ql_0.2",0.0113946321120403,2.5769328471726778e-05,1.9432996919219583,4.58889689867158,2.5769328471726778e-05,0.0113946321120403,0.0005418782314410243
2672,"MMA_X__fft_coefficient__attr_""abs""__coeff_45",0.0114795383462772,0.0833408603193782,1.940075576894123,1.0791420206770352,0.0114795383462772,0.0833408603193782,0.030930803446532616
2673,"ADXL_Y__fft_coefficient__attr_""real""__coeff_24",0.0115445943815314,0.0341309139919694,1.9376213213832085,1.4668520815908626,0.0115445943815314,0.0341309139919694,0.019850127402820904
2674,"ADXL_Z__fft_coefficient__attr_""abs""__coeff_17",0.0115506489043636,0.1206595766386637,1.9373936168395267,0.9184382028370748,0.0115506489043636,0.1206595766386637,0.037332243526238235
2675,ADXL_Y__binned_entropy__max_bins_10,0.0116215704798234,0.0002922694021955,1.9347351796363303,3.5342166487315665,0.0002922694021955,0.0116215704798234,0.0018429946979605922
2676,"MMA_Z__fft_coefficient__attr_""abs""__coeff_93",0.0116444446308792,0.0023710739578629,1.933881219838294,2.6250548994208778,0.0023710739578629,0.0116444446308792,0.00525450658178807
2677,GYRO_X__ar_coefficient__coeff_8__k_10,0.0116930419996993,0.0002485440346567,1.9320724903933189,3.6045966559680225,0.0002485440346567,0.0116930419996993,0.0017047685579032455
2678,"MMA_Y__fft_coefficient__attr_""abs""__coeff_94",0.0118780298159865,0.0011634712475788,1.9252555889005398,2.9342443447985325,0.0011634712475788,0.0118780298159865,0.003717491919128271
2679,"ADXL_X__fft_coefficient__attr_""abs""__coeff_29",0.0120838787118653,0.0526822267002439,1.9177936424712474,1.2783358771576407,0.0120838787118653,0.0526822267002439,0.025231045117409208
2680,"GYRO_X__fft_coefficient__attr_""abs""__coeff_21",0.0121084254085778,0.1838791440439739,1.9169123292621797,0.7354675265545543,0.0121084254085778,0.1838791440439739,0.04718566413487883
2681,"ADXL_Y__change_quantiles__f_agg_""var""__isabs_True__qh_0.4__ql_0.2",0.0122531018324111,0.0360420246034728,1.9117539571625122,1.443190821205186,0.0122531018324111,0.0360420246034728,0.021014913697482047
2682,"GYRO_X__cwt_coefficients__coeff_10__w_20__widths_(2, 5, 10, 20)",0.0123219491594012,4.153983643250229e-79,1.9093205874462829,78.381535217878,4.153983643250229e-79,0.0123219491594012,7.154381542880803e-41
2683,"GYRO_Y__agg_linear_trend__attr_""slope""__chunk_len_5__f_agg_""var""",0.0123247891522647,2.178466317743975e-14,1.909220501729534,13.661849150500325,2.178466317743975e-14,0.0123247891522647,1.6385706588824592e-08
2684,"ADXL_X__fft_coefficient__attr_""imag""__coeff_14",0.0123247891522647,0.351896623989084,1.909220501729534,0.453584899660815,0.0123247891522647,0.351896623989084,0.06585629578149102
2685,"GYRO_Y__fft_coefficient__attr_""abs""__coeff_88",0.0123247891522647,0.0302747727757294,1.909220501729534,1.5189191077263535,0.0123247891522647,0.0302747727757294,0.01931657814142009
2686,"ADXL_X__fft_coefficient__attr_""angle""__coeff_3",0.0123861973055811,0.0123050576535857,1.9070620061896295,1.9099163471318026,0.0123050576535857,0.0123861973055811,0.01234556081973854
2687,"GYRO_X__fft_coefficient__attr_""imag""__coeff_9",0.0123869566600348,0.0434067803781485,1.9070353819293828,1.362442425998654,0.0123869566600348,0.0434067803781485,0.02318788276871725
2688,"MMA_Z__fft_coefficient__attr_""abs""__coeff_41",0.0125472325997119,0.400389128697623,1.9014520510120763,0.39751772292780757,0.0125472325997119,0.400389128697623,0.07087859710917717
2689,"MMA_Z__fft_coefficient__attr_""imag""__coeff_26",0.0125692215452243,0.0099566785550781,1.9006916188202048,2.001885513561627,0.0099566785550781,0.0125692215452243,0.011186943220261753
2690,ADXL_Y__quantile__q_0.9,0.0126814792314947,0.0003034201424909,1.8968300852077185,3.5179555920322034,0.0003034201424909,0.0126814792314947,0.0019615851333591185
2691,"MMA_Z__change_quantiles__f_agg_""mean""__isabs_True__qh_1.0__ql_0.2",0.0128686663377854,3.6076183291830827e-07,1.8904664594788845,6.442779415225885,3.6076183291830827e-07,0.0128686663377854,6.813606721284693e-05
2692,GYRO_Y__ratio_value_number_to_time_series_length,0.0128957173766384,0.0137306949280885,1.8895544934601538,1.8623074820060201,0.0128957173766384,0.0137306949280885,0.013306658527875118
2693,"ADXL_X__cwt_coefficients__coeff_3__w_20__widths_(2, 5, 10, 20)",0.0129155473486508,1.640529548004108e-68,1.8888871841122918,67.78501594301669,1.640529548004108e-68,0.0129155473486508,1.4556214155510268e-35
2694,"MMA_X__change_quantiles__f_agg_""mean""__isabs_False__qh_0.2__ql_0.0",0.0129199408014421,0.0023550295808828,1.8887394762531586,2.6280036334465557,0.0023550295808828,0.0129199408014421,0.005516053187801109
2695,"ADXL_Y__fft_coefficient__attr_""abs""__coeff_95",0.0129321347165795,0.0102331646300015,1.8883297799062626,1.989990038935964,0.0102331646300015,0.0129321347165795,0.011503767364307912
2696,MMA_X__index_mass_quantile__q_0.8,0.0131573092785513,0.0347943136413163,1.8808329165698963,1.4584917260529704,0.0131573092785513,0.0347943136413163,0.02139625073964397
2697,"MMA_Z__fft_coefficient__attr_""abs""__coeff_79",0.0132660368005172,0.0440092511326882,1.8772588022856913,1.3564560213872536,0.0132660368005172,0.0440092511326882,0.024162540120803624
2698,"GYRO_Z__change_quantiles__f_agg_""var""__isabs_False__qh_0.8__ql_0.0",0.0133822912780219,0.1094782771390309,1.8734695215302017,0.9606720457056424,0.0133822912780219,0.1094782771390309,0.0382762353594305
2699,"ADXL_Z__fft_coefficient__attr_""abs""__coeff_46",0.0134379650960197,0.0359241107082474,1.8716664912880852,1.4446139739044184,0.0134379650960197,0.0359241107082474,0.02197150303923189
2700,"GYRO_Z__fft_coefficient__attr_""real""__coeff_74",0.0135523944348026,0.5542418688131949,1.8679839669332763,0.2563006696261299,0.0135523944348026,0.5542418688131949,0.08666778189407259
2701,GYRO_X__c3__lag_3,0.0136832542378791,1.1530938065836952e-10,1.863810603677255,9.93813536050713,1.1530938065836952e-10,0.0136832542378791,1.2561081050454412e-06
2702,"ADXL_Z__fft_coefficient__attr_""abs""__coeff_19",0.013846606004889,0.069632052771383,1.8586566651541652,1.1571908015191896,0.013846606004889,0.069632052771383,0.031051048292078314
2703,"MMA_Z__fft_coefficient__attr_""angle""__coeff_36",0.0139534480613112,0.0133854182124597,1.8553184598481796,1.8733680552184673,0.0133854182124597,0.0139534480613112,0.013666482276229148
2704,"MMA_X__fft_coefficient__attr_""abs""__coeff_58",0.0140639770139481,0.5277052034063627,1.851891852077162,0.2776086234663688,0.0140639770139481,0.5277052034063627,0.08614890510533428
2705,"MMA_X__cwt_coefficients__coeff_3__w_10__widths_(2, 5, 10, 20)",0.0141499044763853,1.3487308816842724e-72,1.8492464919784743,71.87007469840755,1.3487308816842724e-72,0.0141499044763853,1.3814634682170708e-37
2706,"ADXL_Z__change_quantiles__f_agg_""mean""__isabs_True__qh_1.0__ql_0.2",0.0141557596621438,5.682852719251897e-12,1.8490668194656332,11.245433599286088,5.682852719251897e-12,0.0141557596621438,2.8362844936481634e-07
2707,"ADXL_Y__fft_coefficient__attr_""abs""__coeff_64",0.0143050764980612,0.0426458829582335,1.8445098154122297,1.3701228893458257,0.0143050764980612,0.0426458829582335,0.024699243268669076
2708,GYRO_Z__quantile__q_0.8,0.0143808497964459,0.0004289549811203,1.842215449766583,3.367588284684653,0.0004289549811203,0.0143808497964459,0.002483694255122462
2709,"ADXL_Y__fft_coefficient__attr_""real""__coeff_74",0.0146051411638295,0.1527782225736901,1.835494241061132,0.815938546873653,0.0146051411638295,0.1527782225736901,0.04723714118622873
2710,GYRO_Z__number_crossing_m__m_1,0.0147140124625408,3.468503812055816e-07,1.8322688804526601,6.459857823853249,3.468503812055816e-07,0.0147140124625408,7.14392107437922e-05
2711,"MMA_Y__fft_coefficient__attr_""abs""__coeff_25",0.0147864102070661,0.331234984275938,1.8301372497011905,0.4798638002820399,0.0147864102070661,0.331234984275938,0.0699841150007279
2712,GYRO_X__autocorrelation__lag_3,0.0147984781770005,7.88527675454058e-05,1.8297829436126947,4.10318305935974,7.88527675454058e-05,0.0147984781770005,0.0010802319008975715
2713,MMA_Y__lempel_ziv_complexity__bins_2,0.0148567029413343,0.0016286094414209,1.8280775602429484,2.788183051831581,0.0016286094414209,0.0148567029413343,0.0049189192592115905
2714,"ADXL_X__fft_coefficient__attr_""angle""__coeff_4",0.0148607717850099,0.0165153597035729,1.827958635173887,1.782111962961025,0.0148607717850099,0.0165153597035729,0.01566623731156099
2715,MMA_X__ar_coefficient__coeff_4__k_10,0.0148971279112252,0.0111686417372782,1.8268974532345914,1.9519996399437272,0.0111686417372782,0.0148971279112252,0.012898863692390962
2716,"ADXL_X__fft_coefficient__attr_""abs""__coeff_58",0.0149616481309002,0.5111704258724439,1.8250205632409304,0.29143428053812154,0.0149616481309002,0.5111704258724439,0.08745257026998068
2717,"MMA_Z__fft_coefficient__attr_""abs""__coeff_42",0.0150659019190045,0.6113229180539616,1.8220048642082114,0.21372932251906926,0.0150659019190045,0.6113229180539616,0.09596942807082165
2718,"GYRO_Y__fft_coefficient__attr_""imag""__coeff_28",0.0150979349850988,0.0937891772016765,1.8210824491243989,1.0278472741238633,0.0150979349850988,0.0937891772016765,0.03763007971951192
2719,ADXL_X__index_mass_quantile__q_0.3,0.0151303605548863,0.0381302780032186,1.8201507226620874,1.4187300283265483,0.0151303605548863,0.0381302780032186,0.024019260068677127
2720,"GYRO_Z__fft_coefficient__attr_""abs""__coeff_67",0.0151528910857851,0.0080357594923945,1.8195044983289015,2.0949730700184874,0.0080357594923945,0.0151528910857851,0.011034717412775808
2721,"GYRO_X__fft_coefficient__attr_""abs""__coeff_14",0.0151810267433928,0.0709764747114699,1.8186988546651544,1.148885575168429,0.0151810267433928,0.0709764747114699,0.032825230551308655
2722,"MMA_Y__fft_coefficient__attr_""abs""__coeff_82",0.0152029035522621,0.0099597659475982,1.8180734596670114,2.001750867285229,0.0099597659475982,0.0152029035522621,0.012305176191523621
2723,"ADXL_Z__linear_trend__attr_""stderr""",0.0152454872968205,0.0010053966649113,1.8168586895709553,2.9976625597415434,0.0010053966649113,0.0152454872968205,0.00391506859239668
2724,"ADXL_X__fft_coefficient__attr_""real""__coeff_3",0.0152942130540947,0.0156794584976368,1.8154728642207651,1.8046689400922145,0.0152942130540947,0.0156794584976368,0.01548563782463263
2725,ADXL_Y__symmetry_looking__r_0.05,0.0152956367395956,0.0156612005919726,1.815432439128022,1.8051749478666788,0.0152956367395956,0.0156612005919726,0.015477339408333476
2726,"MMA_X__fft_coefficient__attr_""abs""__coeff_16",0.0154564235341475,0.0811629121767824,1.8108909903059753,1.090642378597578,0.0154564235341475,0.0811629121767824,0.03541875697803589
2727,"MMA_Z__change_quantiles__f_agg_""var""__isabs_True__qh_0.6__ql_0.2",0.015537963323099,0.0231523831144978,1.8086059080259123,1.6354042996694185,0.015537963323099,0.0231523831144978,0.018966836311715335
2728,"ADXL_Y__fft_coefficient__attr_""abs""__coeff_54",0.0155977919961244,0.6585742049120534,1.806936875476822,0.1813952837725258,0.0155977919961244,0.6585742049120534,0.10135237275086961
2729,"ADXL_Z__fft_coefficient__attr_""abs""__coeff_40",0.0157300872379822,0.6486228539100065,1.8032688688027003,0.18800775323913813,0.0157300872379822,0.6486228539100065,0.10100937618138915
2730,ADXL_X__ratio_beyond_r_sigma__r_1,0.0160004090857398,0.0098175646017645,1.7958689135060615,2.0079962322935985,0.0098175646017645,0.0160004090857398,0.012533357485283428
2731,"ADXL_Z__fft_coefficient__attr_""abs""__coeff_6",0.0160814317346792,0.0010767921665733,1.793675288498598,2.9678681125056525,0.0010767921665733,0.0160814317346792,0.004161293034524947
2732,ADXL_Z__large_standard_deviation__r_0.25,0.016099933878795,0.0164452526268617,1.7931759075789226,1.7839594506331773,0.016099933878795,0.0164452526268617,0.01627167723108325
2733,"MMA_Y__fft_coefficient__attr_""real""__coeff_74",0.0161699201905058,0.1208433125678689,1.7912921236253534,0.917777378315769,0.0161699201905058,0.1208433125678689,0.044204374441663426
2734,"MMA_Y__fft_coefficient__attr_""abs""__coeff_91",0.0162144206250446,0.0038043411985178,1.7900985649584134,2.419720539582046,0.0038043411985178,0.0162144206250446,0.007853991876361594
2735,"GYRO_Z__change_quantiles__f_agg_""var""__isabs_True__qh_0.8__ql_0.2",0.0165151609365316,0.0291840628409719,1.7821171898498265,1.5348542482002951,0.0165151609365316,0.0291840628409719,0.021954031397456424
2736,"GYRO_Y__change_quantiles__f_agg_""var""__isabs_False__qh_0.8__ql_0.4",0.0167625590278518,1.3145774744246581e-08,1.775659679808492,7.881213813723753,1.3145774744246581e-08,0.0167625590278518,1.4844420673009665e-05
2737,"MMA_Y__agg_linear_trend__attr_""stderr""__chunk_len_10__f_agg_""min""",0.0167901882083192,0.0317709448798281,1.7749444356441813,1.4979698688998506,0.0167901882083192,0.0317709448798281,0.023096323172497588
2738,"GYRO_Z__fft_coefficient__attr_""abs""__coeff_68",0.0168266106126342,0.0081641273654108,1.7740033552346268,2.088090228641951,0.0081641273654108,0.0168266106126342,0.011720690771866592
2739,"ADXL_Z__fft_coefficient__attr_""abs""__coeff_76",0.0168644398748338,0.1942413331816226,1.773028078625894,0.711658349800496,0.0168644398748338,0.1942413331816226,0.05723435405985669
2740,"ADXL_Z__fft_coefficient__attr_""abs""__coeff_45",0.0168777155501245,0.148416787740599,1.7726863368048884,0.8285169722999168,0.0168777155501245,0.148416787740599,0.05004933892019988
2741,"MMA_Y__change_quantiles__f_agg_""mean""__isabs_False__qh_0.8__ql_0.2",0.0169159803591773,0.3381211589004937,1.7717028277758982,0.4709276511620586,0.0169159803591773,0.3381211589004937,0.07562837353125491
2742,"GYRO_X__fft_coefficient__attr_""imag""__coeff_4",0.0169195041509626,0.0373756336110727,1.771612368699847,1.4274114362204213,0.0169195041509626,0.0373756336110727,0.02514711092804503
2743,"MMA_Y__fft_coefficient__attr_""abs""__coeff_54",0.0170876962196032,0.7078445025342224,1.7673164853516046,0.15006213653111866,0.0170876962196032,0.7078445025342224,0.10997923363081295
2744,"ADXL_Z__fft_coefficient__attr_""abs""__coeff_41",0.0171282641617395,0.3759515568196456,1.7662866477277983,0.4248681124162717,0.0171282641617395,0.3759515568196456,0.08024585707202651
2745,"ADXL_Y__fft_coefficient__attr_""abs""__coeff_57",0.0171388924381865,0.0796101765332495,1.766017246795881,1.099031413044434,0.0171388924381865,0.0796101765332495,0.03693819503695873
2746,"GYRO_Z__agg_linear_trend__attr_""slope""__chunk_len_5__f_agg_""min""",0.0172023336304837,3.587605919189818e-05,1.7644126336683033,4.445195268114226,3.587605919189818e-05,0.0172023336304837,0.0007855901855076946
2747,MMA_Y__ratio_beyond_r_sigma__r_7,0.0172100418613193,2.111714793346907e-08,1.764218073303011,7.675364737672189,2.111714793346907e-08,0.0172100418613193,1.90637614317499e-05
2748,MMA_Y__variance,0.0175296598249521,0.6038855332004753,1.7562265116061273,0.21904537431031257,0.0175296598249521,0.6038855332004753,0.10288784170257509
2749,"MMA_Z__fft_coefficient__attr_""abs""__coeff_40",0.0175447183020769,0.649030118589272,1.7558536004229668,0.1877351490646249,0.0175447183020769,0.649030118589272,0.10671012416922931
2750,"MMA_X__change_quantiles__f_agg_""var""__isabs_False__qh_1.0__ql_0.2",0.0175784798996874,0.0251485290048259,1.75501868328506,1.5994874127460423,0.0175784798996874,0.0251485290048259,0.021025529996127033
2751,"ADXL_Z__fft_coefficient__attr_""abs""__coeff_14",0.0176101104854877,0.0970610095337361,1.7542379192691162,1.0129551958905993,0.0176101104854877,0.0970610095337361,0.0413431385083676
2752,ADXL_Y__number_cwt_peaks__n_5,0.0177819349150976,5.880221638608602e-07,1.7500209836791387,6.230606304092125,5.880221638608602e-07,0.0177819349150976,0.00010225542453292477
2753,"GYRO_Y__fft_coefficient__attr_""abs""__coeff_83",0.0180917672484485,0.0064781626829867,1.7425190081118742,2.1885481499602526,0.0064781626829867,0.0180917672484485,0.01082596007096738
2754,"MMA_Y__change_quantiles__f_agg_""var""__isabs_False__qh_0.4__ql_0.2",0.0181030557672884,0.0007139846817101,1.7422481107187386,3.146311105759036,0.0007139846817101,0.0181030557672884,0.0035951779524785138
2755,"ADXL_Y__linear_trend__attr_""stderr""",0.018165249149509,0.0206424775335975,1.7407586410979978,1.6852381793996025,0.018165249149509,0.0206424775335975,0.019364290523046297
2756,"ADXL_Y__fft_coefficient__attr_""abs""__coeff_85",0.0181748188667705,0.0176740089107525,1.7405299086974833,1.7526649303830744,0.0176740089107525,0.0181748188667705,0.017922664718244732
2757,"GYRO_X__fft_coefficient__attr_""abs""__coeff_1",0.0183250370026739,0.0235741908107435,1.736955139740539,1.627563205587887,0.0183250370026739,0.0235741908107435,0.02078455962764113
2758,"MMA_Z__change_quantiles__f_agg_""var""__isabs_True__qh_0.8__ql_0.2",0.0187613571297061,0.0054796554720316,1.726735749505742,2.261246746497246,0.0054796554720316,0.0187613571297061,0.010139318185091792
2759,"GYRO_X__cwt_coefficients__coeff_9__w_20__widths_(2, 5, 10, 20)",0.0188240908067171,5.0486119771615415e-73,1.7252859908064808,72.29682800673633,5.0486119771615415e-73,0.0188240908067171,9.748616840658394e-38
2760,"GYRO_Y__fft_coefficient__attr_""real""__coeff_93",0.0192181142450859,0.4761323227818277,1.7162892292133882,0.32227233495208596,0.0192181142450859,0.4761323227818277,0.09565754217519537
2761,"GYRO_Z__change_quantiles__f_agg_""var""__isabs_False__qh_0.8__ql_0.6",0.0192186930856903,8.467692582861192e-05,1.7162761486638904,4.072234917302426,8.467692582861192e-05,0.0192186930856903,0.0012756879904349083
2762,"MMA_Z__change_quantiles__f_agg_""var""__isabs_False__qh_0.8__ql_0.2",0.0193338260336053,0.00138891993446,1.7136821935214055,2.857322788837205,0.00138891993446,0.0193338260336053,0.005182001195238778
2763,"ADXL_Y__cwt_coefficients__coeff_14__w_20__widths_(2, 5, 10, 20)",0.0194385493986355,4.001173551826957e-139,1.7113361474176603,138.397812610589,4.001173551826957e-139,0.0194385493986355,8.819127493108498e-71
2764,"ADXL_Y__fft_coefficient__attr_""abs""__coeff_96",0.0195525313165386,0.0048984158039443,1.7087970098466192,2.3099443523893393,0.0048984158039443,0.0195525313165386,0.009786543230786269
2765,"MMA_X__fft_coefficient__attr_""real""__coeff_39",0.0197880766614272,0.2053638907461453,1.7035964157947012,0.6874759162806391,0.0197880766614272,0.2053638907461453,0.06374759927694283
2766,"GYRO_Z__fft_coefficient__attr_""abs""__coeff_69",0.0199676835435416,0.024873425855959,1.699672314829336,1.6042643945501893,0.0199676835435416,0.024873425855959,0.02228597532385636
2767,"GYRO_X__fft_coefficient__attr_""abs""__coeff_11",0.0201028349913977,0.170654098192596,1.6967426921168227,0.7678832778450014,0.0201028349913977,0.170654098192596,0.05857159018305323
2768,"GYRO_Z__change_quantiles__f_agg_""var""__isabs_False__qh_0.4__ql_0.2",0.0201030134755423,7.936456078075975e-07,1.6967388362260971,6.10037338287752,7.936456078075975e-07,0.0201030134755423,0.00012631179021992006
2769,"GYRO_Z__fft_coefficient__attr_""angle""__coeff_2",0.0201210480091348,0.0152844474624459,1.6963494027050332,1.8157502565354144,0.0152844474624459,0.0201210480091348,0.017536792785026928
2770,"MMA_Z__fft_coefficient__attr_""angle""__coeff_1",0.0201210480091348,0.0064309095197048,1.6963494027050332,2.191727600721906,0.0064309095197048,0.0201210480091348,0.011375264356857045
2771,GYRO_Z__energy_ratio_by_chunks__num_segments_10__segment_focus_0,0.0202017460565806,5.8230512904159394e-08,1.6946110924362139,7.234849384536227,5.8230512904159394e-08,0.0202017460565806,3.429807624975879e-05
2772,ADXL_Y__lempel_ziv_complexity__bins_100,0.0202713613554865,0.0004726850053719,1.6931170845915111,3.3254281742732017,0.0004726850053719,0.0202713613554865,0.00309547549678783
2773,"MMA_Y__fft_coefficient__attr_""abs""__coeff_87",0.0202713613554865,0.0039435302560088,1.6931170845915111,2.4041148227808344,0.0039435302560088,0.0202713613554865,0.008940957825414935
2774,"ADXL_X__fft_coefficient__attr_""abs""__coeff_44",0.020295242065014,0.1485087063001156,1.6926057644071588,0.8282480851530808,0.020295242065014,0.1485087063001156,0.05490009237809091
2775,"GYRO_Z__fft_coefficient__attr_""abs""__coeff_6",0.0203277802911786,0.0879521208111539,1.6919100419189432,1.0557536838304382,0.0203277802911786,0.0879521208111539,0.04228322821157738
2776,"MMA_Z__fft_coefficient__attr_""abs""__coeff_64",0.0203637393550442,0.0892702671619327,1.6911424703358615,1.0492931654974558,0.0203637393550442,0.0892702671619327,0.042636562392396965
2777,"MMA_X__fft_coefficient__attr_""real""__coeff_3",0.0203969056671439,0.0245119887620245,1.6904357126532483,1.6106214511577979,0.0203969056671439,0.0245119887620245,0.022359980377744188
2778,"MMA_Y__change_quantiles__f_agg_""var""__isabs_False__qh_0.8__ql_0.0",0.0205154542454697,0.0190512931957229,1.6879188626055797,1.7200755392164728,0.0190512931957229,0.0205154542454697,0.019769823820001062
2779,"ADXL_Y__agg_linear_trend__attr_""stderr""__chunk_len_5__f_agg_""min""",0.0205208436085555,0.0337944248846312,1.6878047894174515,1.4711549400048174,0.0205208436085555,0.0337944248846312,0.026334200346670736
2780,MMA_X__index_mass_quantile__q_0.7,0.0205277477876315,0.0236281643074453,1.6876586968573384,1.6265700177715652,0.0205277477876315,0.0236281643074453,0.022023464704445436
2781,"ADXL_Y__fft_coefficient__attr_""abs""__coeff_15",0.0205540523812712,0.2712364451235037,1.687102541022849,0.566651956203903,0.0205540523812712,0.2712364451235037,0.07466597686214442
2782,"MMA_Y__fft_coefficient__attr_""abs""__coeff_57",0.0206722032948353,0.1305713294957713,1.6846132327198862,0.8841521738167416,0.0206722032948353,0.1305713294957713,0.051953797434003884
2783,"GYRO_X__fft_coefficient__attr_""imag""__coeff_7",0.020768329300044,0.0061070563500731,1.6825984387058903,2.214168072731677,0.0061070563500731,0.020768329300044,0.011262031669829512
2784,ADXL_X__lempel_ziv_complexity__bins_3,0.0208304255838746,0.0121493643973503,1.6813018569442268,1.915446441896443,0.0121493643973503,0.0208304255838746,0.01590837612612868
2785,"GYRO_Y__change_quantiles__f_agg_""var""__isabs_False__qh_0.8__ql_0.2",0.0208374039940567,5.682825916877491e-05,1.6811563881212248,4.245435647579671,5.682825916877491e-05,0.0208374039940567,0.0010881881246267667
2786,"ADXL_X__fft_coefficient__attr_""real""__coeff_39",0.0208539485632231,0.2796280376326959,1.6808117019918059,0.5534192850769772,0.0208539485632231,0.2796280376326959,0.07636326809158481
2787,"MMA_Z__fft_coefficient__attr_""angle""__coeff_25",0.0211623921518106,0.0231382847789906,1.67443524213725,1.6356688380648547,0.0211623921518106,0.0231382847789906,0.022128295375226474
2788,"GYRO_Z__fft_coefficient__attr_""angle""__coeff_96",0.0212735394950853,0.02123587555215,1.6721602460963882,1.6729298284040066,0.02123587555215,0.0212735394950853,0.021254699180919483
2789,"MMA_X__fft_coefficient__attr_""imag""__coeff_14",0.0213906199605712,0.4331474337115485,1.6697766281655788,0.36336425434177416,0.0213906199605712,0.4331474337115485,0.09625638753568741
2790,"GYRO_X__fft_coefficient__attr_""real""__coeff_2",0.0215129891990992,0.0186730514477793,1.6672992408222582,1.7287847062262938,0.0186730514477793,0.0215129891990992,0.020042783092931473
2791,"GYRO_Z__fft_coefficient__attr_""abs""__coeff_43",0.0215902584429424,0.4950138629435121,1.6657421589778585,0.3053826384087232,0.0215902584429424,0.4950138629435121,0.10338025553165214
2792,"GYRO_X__fft_coefficient__attr_""imag""__coeff_3",0.0216979825310654,0.1480579391969307,1.663580644785464,0.8295682998115093,0.0216979825310654,0.1480579391969307,0.05667943699685579
2793,"ADXL_Z__fft_coefficient__attr_""angle""__coeff_47",0.0217055902547561,0.0242176350080445,1.6634283996019232,1.615868270487172,0.0217055902547561,0.0242176350080445,0.022927234077050176
2794,"GYRO_Y__fft_coefficient__attr_""angle""__coeff_2",0.021924281959802,0.0180125320214397,1.6590746212687524,1.7444252341184288,0.0180125320214397,0.021924281959802,0.019872388654814655
2795,"ADXL_Y__fft_coefficient__attr_""angle""__coeff_26",0.0220242497076468,0.0314073689856165,1.6570988776209776,1.502968443190379,0.0220242497076468,0.0314073689856165,0.026300641383803162
2796,"ADXL_Y__fft_coefficient__attr_""abs""__coeff_90",0.0221868669276768,0.0048984158039443,1.653904021431325,2.3099443523893393,0.0048984158039443,0.0221868669276768,0.010424993985539806
2797,"ADXL_Z__agg_linear_trend__attr_""stderr""__chunk_len_5__f_agg_""mean""",0.0221868669276768,0.0002606434442115,1.653904021431325,3.5839531941153466,0.0002606434442115,0.0221868669276768,0.0024047580777059262
2798,"GYRO_Z__change_quantiles__f_agg_""var""__isabs_True__qh_0.8__ql_0.6",0.0223727375835317,0.0488212271353886,1.6502808713043913,1.3113913086666797,0.0223727375835317,0.0488212271353886,0.03304942515696826
2799,ADXL_Y__large_standard_deviation__r_0.30000000000000004,0.0224396918535835,0.0225660492824066,1.6489831111951616,1.6465444677292818,0.0224396918535835,0.0225660492824066,0.022502781878025284
2800,"GYRO_Y__change_quantiles__f_agg_""var""__isabs_False__qh_0.6__ql_0.4",0.0224550653129392,1.9038415770203112e-29,1.6486856774078644,28.720369193077804,1.9038415770203112e-29,0.0224550653129392,6.538416242292949e-16
2801,"ADXL_X__agg_autocorrelation__f_agg_""mean""__maxlag_40",0.0225230961768259,0.0313017728950369,1.6473719086659957,1.5044310638360965,0.0225230961768259,0.0313017728950369,0.026552077911532235
2802,"ADXL_Z__fft_coefficient__attr_""angle""__coeff_38",0.0227117640269508,0.0228732915400515,1.6437491327367577,1.6406713345265378,0.0227117640269508,0.0228732915400515,0.02279238469264021
2803,"GYRO_Z__fft_coefficient__attr_""abs""__coeff_57",0.0228540686978648,0.1597239345417228,1.6410364714920882,0.7966300002012618,0.0228540686978648,0.1597239345417228,0.06041805833283451
2804,"GYRO_X__cwt_coefficients__coeff_11__w_10__widths_(2, 5, 10, 20)",0.0229758168635133,2.324802911458081e-130,1.6387290391144385,129.63361385915866,2.324802911458081e-130,0.0229758168635133,2.3111522221053158e-66
2805,MMA_Y__permutation_entropy__dimension_6__tau_1,0.0231214099000956,1.8999629502257593e-09,1.6359856869832403,8.721254867820535,1.8999629502257593e-09,0.0231214099000956,6.627957616578785e-06
2806,MMA_Y__symmetry_looking__r_0.15000000000000002,0.0231936318549116,0.0232680260125007,1.6346312405363257,1.6332404593536767,0.0231936318549116,0.0232680260125007,0.023230799153805447
2807,"ADXL_Z__fft_coefficient__attr_""abs""__coeff_42",0.0232774054960887,0.6799940673587203,1.6330654278677292,0.16749487630054358,0.0232774054960887,0.6799940673587203,0.12581135736030982
2808,MMA_X__ratio_beyond_r_sigma__r_2,0.0233376848493385,0.1499068149285771,1.6319422291401438,0.824178623198423,0.0233376848493385,0.1499068149285771,0.05914793321470535
2809,MMA_X__has_duplicate_min,0.0233581519401382,0.0234316493810622,1.6315615208896757,1.630197139833166,0.0233581519401382,0.0234316493810622,0.0233948717981291
2810,"GYRO_Y__fft_coefficient__attr_""real""__coeff_14",0.0233817997306779,0.069104727464619,1.6311220636181218,1.160492241459825,0.0233817997306779,0.069104727464619,0.040196926474803996
2811,"GYRO_Z__augmented_dickey_fuller__attr_""teststat""__autolag_""AIC""",0.0234502571538527,0.0317709448798281,1.6298523904803741,1.4979698688998506,0.0234502571538527,0.0317709448798281,0.02729536274631368
2812,MMA_Y__ratio_beyond_r_sigma__r_2,0.0234697271518963,0.0165102923195985,1.6294919592771904,1.7822452373571516,0.0165102923195985,0.0234697271518963,0.019684817904644835
2813,MMA_Z__standard_deviation,0.0235180236470987,0.0158294807972503,1.628599177290756,1.8005333296472523,0.0158294807972503,0.0235180236470987,0.019294509677911676
2814,"MMA_Z__fft_coefficient__attr_""abs""__coeff_5",0.0239046956587456,0.015472241960481,1.621516781128149,1.8104467515547604,0.015472241960481,0.0239046956587456,0.01923172470746635
2815,"MMA_Y__fft_coefficient__attr_""real""__coeff_5",0.0239046956587456,0.154332827571473,1.621516781128149,0.8115416869194955,0.0239046956587456,0.154332827571473,0.060739437544726445
2816,"ADXL_Y__change_quantiles__f_agg_""mean""__isabs_False__qh_1.0__ql_0.6",0.0240490765637383,0.1183340587620002,1.6189015950062564,0.9268902392811766,0.0240490765637383,0.1183340587620002,0.05334627296508398
2817,"GYRO_Y__change_quantiles__f_agg_""var""__isabs_False__qh_0.6__ql_0.2",0.0242156698970489,9.32693406161864e-08,1.6159035122227445,7.0302610935466125,9.32693406161864e-08,0.0242156698970489,4.752451539865488e-05
2818,"MMA_X__fft_coefficient__attr_""angle""__coeff_48",0.0242967712687902,0.0239545646190385,1.6144514347684544,1.6206117181586814,0.0239545646190385,0.0242967712687902,0.02412506118939873
2819,"MMA_X__fft_coefficient__attr_""abs""__coeff_59",0.024328799661133,0.0694711228081997,1.6138793178429651,1.1581956819020265,0.024328799661133,0.0694711228081997,0.04111142212371956
2820,"GYRO_Z__agg_linear_trend__attr_""stderr""__chunk_len_50__f_agg_""max""",0.0243338550212232,0.1726566802911561,1.6137890837604458,0.7628166136223162,0.0243338550212232,0.1726566802911561,0.06481822758029317
2821,"MMA_X__fft_coefficient__attr_""abs""__coeff_29",0.0244400540011328,0.0750461015121653,1.6118978388399545,1.1246718635237074,0.0244400540011328,0.0750461015121653,0.04282675301177774
2822,"ADXL_Y__fft_coefficient__attr_""real""__coeff_5",0.0244711416198793,0.1570608428296966,1.6113457696082067,0.8039320763392909,0.0244711416198793,0.1570608428296966,0.06199562990907592
2823,"GYRO_Z__fft_coefficient__attr_""abs""__coeff_47",0.0245850053068869,0.2532689980731082,1.609329693627574,0.5964179676898564,0.0245850053068869,0.2532689980731082,0.07890893271168539
2824,"MMA_Z__change_quantiles__f_agg_""var""__isabs_False__qh_0.6__ql_0.2",0.0248961041819784,0.0096731588853098,1.6038686073075459,2.0144316787162033,0.0096731588853098,0.0248961041819784,0.015518504160437076
2825,"GYRO_Z__fft_coefficient__attr_""abs""__coeff_7",0.0248961041819784,0.5063628965799171,1.6038686073075459,0.29553812447757327,0.0248961041819784,0.5063628965799171,0.11227850830475959
2826,GYRO_X__energy_ratio_by_chunks__num_segments_10__segment_focus_7,0.0249076534591254,1.8002153743373147e-22,1.6036671852597972,21.744675533624033,1.8002153743373147e-22,0.0249076534591254,2.117525459015394e-12
2827,"ADXL_Z__fft_coefficient__attr_""real""__coeff_58",0.0249621509719602,0.601424397516489,1.602717994510282,0.22081895819116054,0.0249621509719602,0.601424397516489,0.12252692197646525
2828,"ADXL_Z__fft_coefficient__attr_""angle""__coeff_12",0.0250250616470253,0.027168042768748,1.6016248440012937,1.5659416477562005,0.0250250616470253,0.027168042768748,0.026074545923504375
2829,MMA_X__ratio_beyond_r_sigma__r_3,0.0251206695760471,0.143168284518576,1.5999687889273981,0.844153178844461,0.0251206695760471,0.143168284518576,0.05997068591537575
2830,"ADXL_Z__fft_coefficient__attr_""real""__coeff_45",0.0251239043220756,0.7058175325090852,1.5999128691635913,0.15130755796616074,0.0251239043220756,0.7058175325090852,0.13316490587088528
2831,"ADXL_Z__fft_coefficient__attr_""angle""__coeff_1",0.025147990856287,0.0079450250490062,1.599496706229629,2.09990472921456,0.0079450250490062,0.025147990856287,0.014135112920857021
2832,"MMA_Y__fft_coefficient__attr_""abs""__coeff_84",0.025147990856287,0.0347118415291387,1.599496706229629,1.4595223455700668,0.025147990856287,0.0347118415291387,0.02954544082222608
2833,GYRO_X__autocorrelation__lag_4,0.0253063222653036,4.712715707334103e-05,1.5967709657046405,4.326728758088871,4.712715707334103e-05,0.0253063222653036,0.0010920691481520529
2834,"ADXL_X__fft_coefficient__attr_""abs""__coeff_22",0.0253581038317492,0.4179718141070021,1.595883224220747,0.37885300384822285,0.0253581038317492,0.4179718141070021,0.10295131208911296
2835,"MMA_Z__agg_linear_trend__attr_""stderr""__chunk_len_5__f_agg_""max""",0.0253675394327414,0.0107510493232098,1.5957216558609235,1.9685491456981732,0.0107510493232098,0.0253675394327414,0.016514468433766565
2836,MMA_Y__ar_coefficient__coeff_5__k_10,0.0255642906522045,5.277472186465992e-05,1.5923662534012557,4.277574046849519,5.277472186465992e-05,0.0255642906522045,0.001161528445126256
2837,"MMA_Y__agg_linear_trend__attr_""stderr""__chunk_len_50__f_agg_""mean""",0.0256469497245189,0.0159195098579204,1.59096427954176,1.7980703077841178,0.0159195098579204,0.0256469497245189,0.020206109693977896
2838,"MMA_Y__linear_trend__attr_""stderr""",0.0256469497245189,0.0250358285013526,1.59096427954176,1.6014380320816477,0.0250358285013526,0.0256469497245189,0.025339546856364015
2839,"MMA_Y__fft_coefficient__attr_""abs""__coeff_99",0.0257343925827865,0.0295762288672581,1.5894860780863302,1.5290572017572817,0.0257343925827865,0.0295762288672581,0.027588517263317413
2840,"MMA_Z__fft_coefficient__attr_""real""__coeff_45",0.0259083972214234,0.7061686164559423,1.5865594530667386,0.15109158725843272,0.0259083972214234,0.7061686164559423,0.13526158737957922
2841,"ADXL_X__fft_coefficient__attr_""abs""__coeff_59",0.0260192130114667,0.0937046729837774,1.5847058434372367,1.0282387506227437,0.0260192130114667,0.0937046729837774,0.0493773414283792
2842,"MMA_Y__change_quantiles__f_agg_""mean""__isabs_False__qh_0.8__ql_0.0",0.0260365838984064,0.160969757042644,1.584415997499934,0.7932557114418026,0.0260365838984064,0.160969757042644,0.06473872553848195
2843,"MMA_Z__fft_coefficient__attr_""real""__coeff_58",0.0261642269353693,0.5120692218023872,1.5822920926714277,0.2906713268859467,0.0261642269353693,0.5120692218023872,0.1157492778632144
2844,"ADXL_Y__agg_linear_trend__attr_""stderr""__chunk_len_5__f_agg_""mean""",0.0269962742989983,0.0319074937893714,1.5686961678052023,1.4961073066241486,0.0269962742989983,0.0319074937893714,0.029349334822640443
2845,"GYRO_Z__fft_coefficient__attr_""imag""__coeff_1",0.0269962742989983,9.20252740676205e-05,1.5686961678052023,4.0360928804732215,9.20252740676205e-05,0.0269962742989983,0.0015761787783021247
2846,"MMA_Z__fft_coefficient__attr_""abs""__coeff_13",0.0273789302160672,0.0223608665432551,1.562583525169723,1.6505113703892844,0.0223608665432551,0.0273789302160672,0.02474301122859894
2847,"GYRO_Z__fft_coefficient__attr_""abs""__coeff_9",0.0276026181311841,0.5452497694509265,1.5590497227898599,0.263404509382846,0.0276026181311841,0.5452497694509265,0.12267975045731913
2848,"GYRO_Z__fft_coefficient__attr_""angle""__coeff_14",0.0276526388160495,0.0286187339699662,1.5582634188415116,1.5433495823868315,0.0276526388160495,0.0286187339699662,0.02813153948585256
2849,"GYRO_X__cwt_coefficients__coeff_8__w_20__widths_(2, 5, 10, 20)",0.028008510287541,1.140922181702446e-65,1.552709989752149,64.94274397627395,1.140922181702446e-65,0.028008510287541,5.65292231182215e-34
2850,ADXL_X__time_reversal_asymmetry_statistic__lag_2,0.02801262935432,3.5605752190976615e-05,1.5526461250043995,4.448479835088961,3.5605752190976615e-05,0.02801262935432,0.0009987045303830333
2851,ADXL_X__time_reversal_asymmetry_statistic__lag_3,0.0281290670001446,2.109723948575135e-05,1.5508446725062754,4.675774367192202,2.109723948575135e-05,0.0281290670001446,0.0007703542451449177
2852,"GYRO_Z__fft_coefficient__attr_""abs""__coeff_4",0.0282207847865879,0.0712822869677529,1.5494309131987676,1.1470183751672762,0.0282207847865879,0.0712822869677529,0.04485133308623897
2853,"MMA_Z__fft_coefficient__attr_""abs""__coeff_81",0.0283604411540773,0.2855219791893709,1.5472870178722111,0.5443604545871281,0.0283604411540773,0.2855219791893709,0.08998627278088496
2854,MMA_Y__binned_entropy__max_bins_10,0.0285546437058419,0.0002883565505305,1.5443232544294203,3.5400701783715633,0.0002883565505305,0.0285546437058419,0.0028694805384675503
2855,MMA_X__ratio_beyond_r_sigma__r_7,0.028609315728321,0.0060436164412372,1.543492529435848,2.2187031060040887,0.0060436164412372,0.028609315728321,0.013149286326954283
2856,ADXL_X__partial_autocorrelation__lag_6,0.0286284518582755,0.0052326675501523,1.543202136700272,2.2812768566459245,0.0052326675501523,0.0286284518582755,0.012239410567911165
2857,"GYRO_Y__fft_coefficient__attr_""angle""__coeff_3",0.0288650462896126,0.0311430004247796,1.5396277417057207,1.5066395483140742,0.0288650462896126,0.0311430004247796,0.029982397316737165
2858,"MMA_Z__fft_coefficient__attr_""real""__coeff_16",0.0289740337924537,0.229066347003397,1.5379910376974895,0.6400387099562449,0.0289740337924537,0.229066347003397,0.08146763823009938
2859,"ADXL_Z__agg_linear_trend__attr_""stderr""__chunk_len_5__f_agg_""max""",0.0292217083939234,0.0321639771942211,1.5342943974241325,1.4926302544911418,0.0292217083939234,0.0321639771942211,0.030657566151903376
2860,"ADXL_Y__change_quantiles__f_agg_""mean""__isabs_False__qh_0.8__ql_0.2",0.0292631889089761,0.7627283556462009,1.5336783490887376,0.11763010771937092,0.0292631889089761,0.7627283556462009,0.1493983398753396
2861,"MMA_Z__agg_linear_trend__attr_""slope""__chunk_len_5__f_agg_""var""",0.0292786405963891,2.7969962602359716e-11,1.5334490913838763,10.553308114307761,2.7969962602359716e-11,0.0292786405963891,9.049433587407193e-07
2862,"ADXL_Z__fft_coefficient__attr_""angle""__coeff_25",0.0294748076702607,0.0312984714510638,1.5305490200926528,1.5044768719288968,0.0294748076702607,0.0312984714510638,0.030372955509684118
2863,"ADXL_Z__agg_linear_trend__attr_""stderr""__chunk_len_10__f_agg_""mean""",0.0294824546335816,0.0002169771725021,1.5304363610626222,3.663585954528698,0.0002169771725021,0.0294824546335816,0.002529233015128494
2864,MMA_X__variance,0.0297216523882363,0.6900782009948252,1.5269270494490017,0.16110169138430303,0.0297216523882363,0.6900782009948252,0.14321405102387005
2865,"ADXL_Z__fft_coefficient__attr_""abs""__coeff_64",0.0297237539660329,0.1314054439750049,1.5268963421598531,0.8813866420872829,0.0297237539660329,0.1314054439750049,0.062496904615431684
2866,"GYRO_Y__fft_coefficient__attr_""abs""__coeff_1",0.0297949978648604,0.0567512492646693,1.525856641361174,1.246024573909629,0.0297949978648604,0.0567512492646693,0.041120595212970616
2867,"MMA_Z__fft_coefficient__attr_""angle""__coeff_96",0.0298035265491445,0.0308452238716236,1.5257323443056954,1.5108120733416113,0.0298035265491445,0.0308452238716236,0.030319901856243527
2868,"GYRO_X__fft_coefficient__attr_""abs""__coeff_5",0.0298074553687478,0.125177899830482,1.5256750976500733,0.902472339087915,0.0298074553687478,0.125177899830482,0.061083833068584316
2869,MMA_Y__variance_larger_than_standard_deviation,0.0298074553687478,0.0297015396638497,1.5256750976500733,1.5272210372086303,0.0297015396638497,0.0298074553687478,0.029754450388358587
2870,MMA_Y__ar_coefficient__coeff_4__k_10,0.0298113802401806,0.0023552261515536,1.5256179160566892,2.6279673850717193,0.0023552261515536,0.0298113802401806,0.008379292473447958
2871,"MMA_Y__change_quantiles__f_agg_""var""__isabs_True__qh_0.4__ql_0.2",0.030078734051312,0.0004639239003401,1.5217404462086945,3.3335532530073353,0.0004639239003401,0.030078734051312,0.003735537928916964
2872,ADXL_Y__ratio_beyond_r_sigma__r_2,0.0301163289305198,0.0260946858144724,1.5211979681414953,1.5834479277743136,0.0260946858144724,0.0301163289305198,0.028033482504448495
2873,ADXL_Z__autocorrelation__lag_5,0.0301629068575627,0.0010979161143291,1.5205268069877513,2.959430840647034,0.0010979161143291,0.0301629068575627,0.005754679964509391
2874,GYRO_Y__ar_coefficient__coeff_9__k_10,0.0301985349634597,0.0582273769260452,1.520014125675913,1.2348727739002747,0.0301985349634597,0.0582273769260452,0.041933059486897954
2875,"MMA_Y__fft_coefficient__attr_""abs""__coeff_77",0.0302283277992443,0.1538357897371082,1.5195858768925619,0.8129426146182678,0.0302283277992443,0.1538357897371082,0.06819236525762197
2876,"GYRO_X__fft_coefficient__attr_""imag""__coeff_29",0.0304590304572195,0.01447118111773,1.5162839248273225,1.8394960209211286,0.01447118111773,0.0304590304572195,0.020994717107331497
2877,MMA_Y__longest_strike_below_mean,0.0305989889097159,0.1175810585512084,1.514292923785931,0.9296626342908456,0.0305989889097159,0.1175810585512084,0.059982176574388174
2878,"GYRO_Z__agg_linear_trend__attr_""slope""__chunk_len_5__f_agg_""var""",0.0306104448526123,5.974544483537752e-09,1.5141303588825432,8.223695200978533,5.974544483537752e-09,0.0306104448526123,1.3523441294020224e-05
2879,"GYRO_Z__fft_coefficient__attr_""abs""__coeff_83",0.0309700415708917,0.003914845254752,1.5090582116920748,2.407285399975265,0.003914845254752,0.0309700415708917,0.011011036294703489
2880,"ADXL_Y__fft_coefficient__attr_""imag""__coeff_75",0.0311013371662717,0.3016805836316384,1.5072209385792965,0.5204526404149699,0.0311013371662717,0.3016805836316384,0.09686418093415756
2881,GYRO_Y__friedrich_coefficients__coeff_0__m_3__r_30,0.0313158751438202,0.2307453769740471,1.5042354471329984,0.6368669913844935,0.0313158751438202,0.2307453769740471,0.08500584341874964
2882,"MMA_Z__fft_coefficient__attr_""imag""__coeff_74",0.0315391510258721,0.0329511046390009,1.5011500012335395,1.4821300217200102,0.0315391510258721,0.0329511046390009,0.03223739855631599
2883,MMA_X__ratio_beyond_r_sigma__r_2.5,0.0318604014997735,0.1823890648731659,1.496748755589582,0.739001203329999,0.0318604014997735,0.1823890648731659,0.07622984216189418
2884,"GYRO_Z__change_quantiles__f_agg_""var""__isabs_False__qh_0.8__ql_0.2",0.031918663825223,3.132491772659911e-05,1.4959552973174992,4.504110060986037,3.132491772659911e-05,0.031918663825223,0.0009999247563032359
2885,"ADXL_Y__fft_coefficient__attr_""abs""__coeff_63",0.0319503894722652,0.1012132113417935,1.4955238434641196,0.9947627954175795,0.0319503894722652,0.1012132113417935,0.05686652373856689
2886,"GYRO_Z__fft_coefficient__attr_""abs""__coeff_3",0.0319547070476475,0.0137770440896259,1.4954651595947976,1.8608439517512871,0.0137770440896259,0.0319547070476475,0.020981930508571396
2887,ADXL_Y__ratio_beyond_r_sigma__r_7,0.032131240062416,5.988617986358999e-07,1.493072513107928,6.222673389655442,5.988617986358999e-07,0.032131240062416,0.000138716157012009
2888,"GYRO_Z__fft_coefficient__attr_""real""__coeff_59",0.0321732169188647,0.7732302007253485,1.4925055129163833,0.11169119169441148,0.0321732169188647,0.7732302007253485,0.15772540371212854
2889,"MMA_Z__fft_coefficient__attr_""angle""__coeff_38",0.0321958858721464,0.0318304217172205,1.4921996207631327,1.497157607428368,0.0318304217172205,0.0321958858721464,0.03201263227024485
2890,"MMA_X__fft_coefficient__attr_""real""__coeff_65",0.0322429590279068,0.0325188339326329,1.491565108600143,1.4878650358240504,0.0322429590279068,0.0325188339326329,0.03238060268316802
2891,"GYRO_Z__fft_coefficient__attr_""abs""__coeff_91",0.0323160082133194,0.0090188700525401,1.4905822901621408,2.044847870516422,0.0090188700525401,0.0323160082133194,0.01707202034595631
2892,GYRO_X__energy_ratio_by_chunks__num_segments_10__segment_focus_8,0.0324815680843734,1.7152694428032212e-41,1.488363012868301,40.76566764918896,1.7152694428032212e-41,0.0324815680843734,7.464224084890408e-22
2893,MMA_Y__quantile__q_0.9,0.0325880415277719,0.0012173364915147,1.4869417389285149,2.9145893591496015,0.0012173364915147,0.0325880415277719,0.006298461092898264
2894,"MMA_Y__fft_coefficient__attr_""abs""__coeff_95",0.0329550478148795,0.0436657568164293,1.4820780539002079,1.3598590082330773,0.0329550478148795,0.0436657568164293,0.03793424710941721
2895,"ADXL_Y__fft_coefficient__attr_""real""__coeff_62",0.0329550478148795,0.8647536001683288,1.4820780539002079,0.0631076212419219,0.0329550478148795,0.8647536001683288,0.16881349543693616
2896,"ADXL_Y__fft_coefficient__attr_""abs""__coeff_80",0.0329550478148795,0.0289818646200176,1.4820780539002079,1.5378736765551868,0.0289818646200176,0.0329550478148795,0.03090467172317228
2897,GYRO_Y__ratio_beyond_r_sigma__r_6,0.0333315036519568,0.0653281814930515,1.4771450939897066,1.1848994308737892,0.0333315036519568,0.0653281814930515,0.04666354594339507
2898,"GYRO_Z__fft_coefficient__attr_""real""__coeff_76",0.0336795524751646,0.4684844532978823,1.4726336879223232,0.3293048166416685,0.0336795524751646,0.4684844532978823,0.12561188928061237
2899,MMA_Z__autocorrelation__lag_5,0.0337457329408607,0.0033083037236996,1.4717811347558254,2.480394626244133,0.0033083037236996,0.0337457329408607,0.01056603681364123
2900,"ADXL_X__fft_coefficient__attr_""angle""__coeff_7",0.0343845333200739,0.0348427089836919,1.4636368656913672,1.4578880864160366,0.0343845333200739,0.0348427089836919,0.034612863042681
2901,"MMA_Y__fft_coefficient__attr_""abs""__coeff_96",0.0343907437731545,0.0140086900462094,1.4635584315323396,1.8536024737292993,0.0140086900462094,0.0343907437731545,0.0219492430388095
2902,"MMA_Y__fft_coefficient__attr_""abs""__coeff_64",0.0347605193199135,0.0906740602299062,1.458913743843394,1.0425169368678038,0.0347605193199135,0.0906740602299062,0.05614158371863636
2903,"MMA_Y__fft_coefficient__attr_""angle""__coeff_96",0.0348538831102088,0.0308387143893435,1.457748829635119,1.5109037352012296,0.0308387143893435,0.0348538831102088,0.03278488899775768
2904,"MMA_X__cwt_coefficients__coeff_10__w_5__widths_(2, 5, 10, 20)",0.0351963044084871,6.6613483144489654e-68,1.4535029347962778,67.17643785697695,6.6613483144489654e-68,0.0351963044084871,4.842053727978535e-35
2905,"ADXL_Z__fft_coefficient__attr_""abs""__coeff_13",0.0352873748978543,0.0354226455209941,1.452380648519636,1.4507190068877671,0.0352873748978543,0.0354226455209941,0.035354945515063636
2906,"GYRO_Y__change_quantiles__f_agg_""mean""__isabs_True__qh_1.0__ql_0.6",0.0353456559272746,0.0028768554783758,1.4516639545047991,2.541081954766055,0.0028768554783758,0.0353456559272746,0.010083865523258727
2907,"ADXL_Y__fft_coefficient__attr_""abs""__coeff_78",0.0356163078023057,0.0436020617038721,1.448351104080975,1.360492974826697,0.0356163078023057,0.0436020617038721,0.03940741618604592
2908,"ADXL_Y__fft_coefficient__attr_""abs""__coeff_33",0.0362624266188491,0.4412010268558605,1.4405431370327446,0.35536348544917484,0.0362624266188491,0.4412010268558605,0.1264872320059282
2909,"GYRO_X__fft_coefficient__attr_""angle""__coeff_55",0.0362869439225022,0.0330528473808001,1.4402496064338277,1.4807911217001717,0.0330528473808001,0.0362869439225022,0.034632164520660806
2910,"ADXL_X__fft_coefficient__attr_""real""__coeff_30",0.0363290010866413,0.344881339174942,1.43974654346742,0.462330303784537,0.0363290010866413,0.344881339174942,0.11193388470721802
2911,"ADXL_Z__fft_coefficient__attr_""angle""__coeff_79",0.0364107165306191,0.0364192074406459,1.4387707744516085,1.4386695096091753,0.0364107165306191,0.0364192074406459,0.03641496173815334
2912,"GYRO_Z__fft_coefficient__attr_""abs""__coeff_5",0.0364400599500169,0.0868124227475917,1.4384209172111109,1.061418123386958,0.0364400599500169,0.0868124227475917,0.0562445543082035
2913,"ADXL_Y__cwt_coefficients__coeff_13__w_20__widths_(2, 5, 10, 20)",0.0366076267016479,1.366232147364313e-138,1.436428425824515,137.86447549995665,1.366232147364313e-138,0.0366076267016479,2.2363925513760678e-70
2914,ADXL_Y__ar_coefficient__coeff_7__k_10,0.0366969467269411,0.0102398037616323,1.4353700685763489,1.9897083662173036,0.0102398037616323,0.0366969467269411,0.019384775808220005
2915,"ADXL_X__cwt_coefficients__coeff_2__w_10__widths_(2, 5, 10, 20)",0.0369429705942896,1.3847397544722716e-98,1.4324681857545376,97.85863183946354,1.3847397544722716e-98,0.0369429705942896,2.26177806228226e-50
2916,"ADXL_X__fft_coefficient__attr_""real""__coeff_65",0.0369429705942896,0.0219349039524587,1.4324681857545376,1.6588642629234314,0.0219349039524587,0.0369429705942896,0.028466480493806193
2917,"ADXL_Z__fft_coefficient__attr_""abs""__coeff_55",0.0370199580615388,0.1593870477807231,1.4315640775780525,0.7975469734412152,0.0370199580615388,0.1593870477807231,0.07681472400780237
2918,ADXL_Y__energy_ratio_by_chunks__num_segments_10__segment_focus_9,0.0370814396316087,0.0001309964664036,1.4308434133644667,3.882740419169546,0.0001309964664036,0.0370814396316087,0.002203982205213815
2919,MMA_Z__symmetry_looking__r_0.2,0.0371368297729647,0.0365199302405933,1.4301951730483842,1.4374700607148012,0.0365199302405933,0.0371368297729647,0.03682708830012847
2920,MMA_X__partial_autocorrelation__lag_2,0.037219779280999,1.4113659549713014e-16,1.429226206630518,15.850360362845223,1.4113659549713014e-16,0.037219779280999,2.291958318310964e-09
2921,"MMA_Z__fft_coefficient__attr_""imag""__coeff_15",0.0373766985982906,0.041590738292171,1.4273990615410397,1.3810033702489155,0.0373766985982906,0.041590738292171,0.03942745857428372
2922,"ADXL_X__fft_coefficient__attr_""imag""__coeff_96",0.0374529831031405,0.0588873719640894,1.4265135853440374,1.2299778270177713,0.0374529831031405,0.0588873719640894,0.04696283367897842
2923,"MMA_Y__fft_coefficient__attr_""imag""__coeff_53",0.0375770709700861,0.9216268110537352,1.4250770749833512,0.03544489967246551,0.0375770709700861,0.9216268110537352,0.18609684598858825
2924,"ADXL_Z__fft_coefficient__attr_""real""__coeff_16",0.0375868892268073,0.2665187381005014,1.4249636159604628,0.574272251674674,0.0375868892268073,0.2665187381005014,0.10008801269808494
2925,"GYRO_X__fft_coefficient__attr_""angle""__coeff_5",0.0376398569251031,0.0348527801639747,1.4243520360618986,1.4577625730404364,0.0348527801639747,0.0376398569251031,0.03621952041115507
2926,"MMA_Z__fft_coefficient__attr_""angle""__coeff_86",0.0378585721773841,0.0383065429233627,1.4218357693256403,1.4167270403179797,0.0378585721773841,0.0383065429233627,0.038081898851425315
2927,"ADXL_Z__fft_coefficient__attr_""abs""__coeff_81",0.0380422925812698,0.2728645546546663,1.4197333186170344,0.5640528759009097,0.0380422925812698,0.2728645546546663,0.10188421478929255
2928,MMA_X__longest_strike_above_mean,0.0383037847385219,0.0694191151245919,1.4167583119361415,1.1585209265181964,0.0383037847385219,0.0694191151245919,0.05156563625585393
2929,"ADXL_Y__agg_linear_trend__attr_""intercept""__chunk_len_50__f_agg_""var""",0.0383037847385219,0.1485087063001156,1.4167583119361415,0.8282480851530808,0.0383037847385219,0.1485087063001156,0.07542178410721931
2930,GYRO_Z__ratio_beyond_r_sigma__r_1.5,0.0385723593815219,0.0201321420443384,1.413723795537982,1.6961100140560066,0.0201321420443384,0.0385723593815219,0.027866542987139035
2931,"MMA_Y__fft_coefficient__attr_""angle""__coeff_37",0.0386770056230234,0.0299243561728835,1.4125471564022862,1.5239751847334784,0.0299243561728835,0.0386770056230234,0.03402035408345965
2932,"ADXL_X__change_quantiles__f_agg_""mean""__isabs_True__qh_0.2__ql_0.0",0.0388389661639788,0.0025818148018501,1.4107323388890292,2.5880749136649523,0.0025818148018501,0.0388389661639788,0.010013741445170015
2933,"GYRO_X__cwt_coefficients__coeff_7__w_20__widths_(2, 5, 10, 20)",0.0388791783548643,3.4386105172884814e-59,1.410282921722076,58.46361701282924,3.4386105172884814e-59,0.0388791783548643,1.1562454393188802e-30
2934,ADXL_X__ratio_beyond_r_sigma__r_3,0.0390010612397345,0.2683244118254004,1.4089235754276015,0.5713398139520823,0.0390010612397345,0.2683244118254004,0.1022982737768247
2935,"GYRO_X__fft_coefficient__attr_""angle""__coeff_84",0.039210003927078,0.0376246843720067,1.4066031142030266,1.424527134615928,0.0376246843720067,0.039210003927078,0.03840916585896462
2936,"MMA_Y__agg_linear_trend__attr_""stderr""__chunk_len_5__f_agg_""mean""",0.0393124746128459,0.0421178735149566,1.4054696176686399,1.3755335639830748,0.0393124746128459,0.0421178735149566,0.04069100432901338
2937,"ADXL_Z__fft_coefficient__attr_""abs""__coeff_5",0.039491687929161,0.0244362868039875,1.403494303522147,1.6119647862795026,0.0244362868039875,0.039491687929161,0.03106493541938482
2938,"GYRO_X__cwt_coefficients__coeff_6__w_5__widths_(2, 5, 10, 20)",0.0397332157763462,3.0015747390953185e-143,1.4008462842422824,142.52265083825762,3.0015747390953185e-143,0.0397332157763462,1.0920724187401874e-72
2939,"GYRO_Z__change_quantiles__f_agg_""var""__isabs_True__qh_0.4__ql_0.2",0.0397706744545927,0.0027238592022048,1.4004370439291767,2.5648153451020836,0.0027238592022048,0.0397706744545927,0.010408156301239604
2940,"GYRO_Y__fft_coefficient__attr_""real""__coeff_2",0.0397706744545927,0.0230135150184715,1.4004370439291767,1.638017043367891,0.0230135150184715,0.0397706744545927,0.030253314097062323
2941,"MMA_Y__agg_linear_trend__attr_""intercept""__chunk_len_50__f_agg_""min""",0.0400411840789838,0.0034851871406593,1.3974930882515273,2.4577738970570517,0.0034851871406593,0.0400411840789838,0.011813171455999708
2942,"GYRO_X__cwt_coefficients__coeff_3__w_10__widths_(2, 5, 10, 20)",0.0400905752039712,1.394525938386718e-73,1.3969577126165629,72.85557340338183,1.394525938386718e-73,0.0400905752039712,7.477121572288445e-38
2943,"ADXL_Z__fft_coefficient__attr_""imag""__coeff_15",0.0402311361003639,0.0434469574048226,1.3954377030699967,1.3620406318404794,0.0402311361003639,0.0434469574048226,0.04180813863950572
2944,MMA_Z__permutation_entropy__dimension_3__tau_1,0.0402693198078333,1.0124464717321757e-07,1.3950257060319888,6.994627928751189,1.0124464717321757e-07,0.0402693198078333,6.385180558018343e-05
2945,ADXL_X__lempel_ziv_complexity__bins_100,0.0403051983647617,0.0870919849733581,1.3946389370962038,1.0600218110314845,0.0403051983647617,0.0870919849733581,0.059247444926613026
2946,"GYRO_X__augmented_dickey_fuller__attr_""pvalue""__autolag_""AIC""",0.0403051983647617,0.4286819191778855,1.3946389370962038,0.3678648336502454,0.0403051983647617,0.4286819191778855,0.1314462239391129
2947,"GYRO_Z__cwt_coefficients__coeff_6__w_2__widths_(2, 5, 10, 20)",0.0404036632727481,0.6016240223659012,1.3935792569929766,0.22067483103898053,0.0404036632727481,0.6016240223659012,0.15590963541894434
2948,"GYRO_Y__augmented_dickey_fuller__attr_""pvalue""__autolag_""AIC""",0.0404818995961584,0.0009112173501922,1.392739116603704,3.040378019590726,0.0009112173501922,0.0404818995961584,0.00607353350865525
2949,"GYRO_X__fft_coefficient__attr_""abs""__coeff_22",0.0404818995961584,0.2771629542632569,1.392739116603704,0.5572648181951998,0.0404818995961584,0.2771629542632569,0.10592489266579319
2950,"MMA_Y__fft_coefficient__attr_""real""__coeff_62",0.0405286382854891,0.8418642984343672,1.3922379877962496,0.07475790753925447,0.0405286382854891,0.8418642984343672,0.18471495239074046
2951,"GYRO_X__fft_coefficient__attr_""real""__coeff_69",0.0406055592995746,0.0129313184389485,1.3914145031753855,1.8883571934823873,0.0129313184389485,0.0406055592995746,0.022914698725804924
2952,ADXL_X__number_crossing_m__m_1,0.040891606089912,0.3998620650601152,1.3883658314293286,0.39808979545769535,0.040891606089912,0.3998620650601152,0.1278710368095019
2953,ADXL_Y__percentage_of_reoccurring_datapoints_to_all_datapoints,0.0409622899964538,0.0070361605538442,1.3876157721244309,2.1526642592013525,0.0070361605538442,0.0409622899964538,0.01697696230390393
2954,"GYRO_Z__change_quantiles__f_agg_""mean""__isabs_True__qh_1.0__ql_0.6",0.0411909022609852,0.2684077139759602,1.385198694990038,0.5712050068001711,0.0411909022609852,0.2684077139759602,0.10514730577850413
2955,"ADXL_Y__cwt_coefficients__coeff_12__w_5__widths_(2, 5, 10, 20)",0.0414055022219973,1.299109990144475e-34,1.382941943278301,33.886354077494644,1.299109990144475e-34,0.0414055022219973,2.319273627314077e-18
2956,ADXL_Z__standard_deviation,0.0415356006011901,0.0380451943741224,1.3815795052927173,1.4197001927332775,0.0380451943741224,0.0415356006011901,0.03975210684125047
2957,ADXL_Z__ratio_beyond_r_sigma__r_3,0.0415356006011901,0.0137120733088722,1.3815795052927173,1.862896873545617,0.0137120733088722,0.0415356006011901,0.023865020435179914
2958,"MMA_Y__fft_coefficient__attr_""imag""__coeff_75",0.0416494374695351,0.3513759648567819,1.380390859936104,0.4542279488369372,0.0416494374695351,0.3513759648567819,0.1209735974359699
2959,"GYRO_Y__fft_coefficient__attr_""angle""__coeff_69",0.0416664727244643,0.0381058956249507,1.3802132631889898,1.4190078264424433,0.0381058956249507,0.0416664727244643,0.03984643347525964
2960,"GYRO_X__fft_coefficient__attr_""abs""__coeff_2",0.0416664727244643,0.0901140353326351,1.3802132631889898,1.0452075620419858,0.0416664727244643,0.0901140353326351,0.06127588428801866
2961,"MMA_Z__fft_coefficient__attr_""real""__coeff_75",0.0421085799186512,0.199485094015617,1.3756294045995157,0.7000895502460023,0.0421085799186512,0.199485094015617,0.09165169951471852
2962,"ADXL_Z__fft_coefficient__attr_""real""__coeff_96",0.0423150092862963,0.156463158249243,1.3735055594802723,0.8055879076552791,0.0423150092862963,0.156463158249243,0.08136792976523347
2963,MMA_Y__energy_ratio_by_chunks__num_segments_10__segment_focus_9,0.0427090417798232,0.0002531760960986,1.369480172296041,3.5965773011133755,0.0002531760960986,0.0427090417798232,0.0032882987190837208
2964,MMA_X__number_peaks__n_1,0.0429060502270973,0.0001729630943247,1.3674814631771641,3.7620465537554644,0.0001729630943247,0.0429060502270973,0.002724181200384759
2965,"GYRO_X__fft_coefficient__attr_""real""__coeff_9",0.0430508100420463,0.1503534111268896,1.3660186724686052,0.8228867144422122,0.0430508100420463,0.1503534111268896,0.08045393801174318
2966,"ADXL_Y__cwt_coefficients__coeff_13__w_5__widths_(2, 5, 10, 20)",0.0430728283458283,3.34717625912685e-17,1.365796609670964,16.47532141750459,3.34717625912685e-17,0.0430728283458283,1.2007179038083947e-09
2967,"MMA_Z__fft_coefficient__attr_""abs""__coeff_83",0.0431467457871312,0.1392360403867282,1.3650519540620267,0.856248335737116,0.0431467457871312,0.1392360403867282,0.07750859332340444
2968,"GYRO_X__fft_coefficient__attr_""imag""__coeff_8",0.0432535236235939,0.0505426913821267,1.3639785072061188,1.296341635758303,0.0432535236235939,0.0505426913821267,0.04675627760736341
2969,"ADXL_Y__fft_coefficient__attr_""imag""__coeff_53",0.0433123788250204,0.9202969314267244,1.3633879630674623,0.03607202605196231,0.0433123788250204,0.9202969314267244,0.1996503176192267
2970,"MMA_X__fft_coefficient__attr_""imag""__coeff_96",0.0433665081030976,0.0700236982983408,1.36284554609218,1.1547549557225611,0.0433665081030976,0.0700236982983408,0.05510610927713785
2971,MMA_X__index_mass_quantile__q_0.9,0.043419151540626,0.1014275566507276,1.362318667404503,0.9938440363689253,0.043419151540626,0.1014275566507276,0.06636187499320201
2972,"GYRO_X__fft_coefficient__attr_""angle""__coeff_70",0.0437281719306397,0.0442496526855038,1.3592386780868952,1.35409013372008,0.0437281719306397,0.0442496526855038,0.04398813954354972
2973,"ADXL_X__fft_coefficient__attr_""abs""__coeff_3",0.0437281719306397,0.2916411834751292,1.3592386780868952,0.5351511480732478,0.0437281719306397,0.2916411834751292,0.11292889715682027
2974,"GYRO_X__cwt_coefficients__coeff_0__w_2__widths_(2, 5, 10, 20)",0.0438439720817185,0.5439578172686748,1.3580901074655594,0.26443477757710515,0.0438439720817185,0.5439578172686748,0.15443209301812985
2975,"ADXL_X__fft_coefficient__attr_""imag""__coeff_11",0.0440507553008584,0.0747011039767682,1.3560466407097584,1.1266729798783661,0.0440507553008584,0.0747011039767682,0.05736410072497081
2976,"ADXL_Z__fft_coefficient__attr_""angle""__coeff_50",0.0441540173069081,0.0477287661254074,1.3550297764612642,1.3212197927834188,0.0441540173069081,0.0477287661254074,0.0459066091705607
2977,"MMA_Y__fft_coefficient__attr_""abs""__coeff_17",0.0441591182323574,0.252155905592986,1.3549796071684592,0.5983308560338503,0.0441591182323574,0.252155905592986,0.1055224262802359
2978,MMA_X__longest_strike_below_mean,0.0441620835780227,0.0261032990878077,1.3549504446744383,1.5833046005128648,0.0261032990878077,0.0441620835780227,0.03395255625100837
2979,"MMA_X__fft_coefficient__attr_""real""__coeff_30",0.0441620835780227,0.3702108984981057,1.3549504446744383,0.4315508003645333,0.0441620835780227,0.3702108984981057,0.12786432121967498
2980,"ADXL_X__fft_coefficient__attr_""abs""__coeff_2",0.0441688057053608,0.1777355821277197,1.3548843436119693,0.7502256190445262,0.0441688057053608,0.1777355821277197,0.0886023046761677
2981,"MMA_Y__fft_coefficient__attr_""abs""__coeff_90",0.0441688057053608,0.0123582684122285,1.3548843436119693,1.9080423764718373,0.0123582684122285,0.0441688057053608,0.023363432032867483
2982,"GYRO_Y__fft_coefficient__attr_""real""__coeff_7",0.0442491027442248,0.0369535290998123,1.3540955312301732,1.4323440797214821,0.0369535290998123,0.0442491027442248,0.04043711792276121
2983,"MMA_X__agg_autocorrelation__f_agg_""mean""__maxlag_40",0.0443929257669617,0.0568233956430179,1.3526862313527763,1.2454728173402634,0.0443929257669617,0.0568233956430179,0.05022506132009386
2984,"MMA_Y__agg_linear_trend__attr_""stderr""__chunk_len_5__f_agg_""min""",0.0444033417240699,0.0459080442215157,1.3525843443513426,1.3381112086910922,0.0444033417240699,0.0459080442215157,0.04514942497365469
2985,"GYRO_Z__change_quantiles__f_agg_""mean""__isabs_True__qh_0.4__ql_0.0",0.0445524824882907,0.262567475478002,1.3511280918307325,0.5807590714500712,0.0445524824882907,0.262567475478002,0.10815744474250666
2986,"ADXL_Z__fft_coefficient__attr_""imag""__coeff_74",0.0445524824882907,0.0442565208844016,1.3511280918307325,1.354022730040368,0.0442565208844016,0.0445524824882907,0.04440425510798457
2987,"ADXL_Y__fft_coefficient__attr_""abs""__coeff_13",0.044577743399373,0.4693122683479656,1.3508819200191977,0.3285380926952786,0.044577743399373,0.4693122683479656,0.14464052638383648
2988,GYRO_Z__quantile__q_0.3,0.0447825677404742,9.713381007581242e-93,1.3488910084892813,92.0126295757196,9.713381007581242e-93,0.0447825677404742,2.0856417308853467e-47
2989,"ADXL_Y__linear_trend__attr_""pvalue""",0.0447916645152279,0.9931534445274708,1.3488027983200677,0.0029836468084786395,0.0447916645152279,0.9931534445274708,0.210914664970024
2990,"MMA_Y__fft_coefficient__attr_""angle""__coeff_26",0.044872259070865,0.0599067414873352,1.3480220655836197,1.2225243023852006,0.044872259070865,0.0599067414873352,0.05184738010845911
2991,"MMA_Z__fft_coefficient__attr_""abs""__coeff_82",0.0449594669393274,0.1531681858299131,1.3471788466089474,0.8148314315267391,0.0449594669393274,0.1531681858299131,0.08298409478313741
2992,"ADXL_Y__fft_coefficient__attr_""abs""__coeff_34",0.0451543718226646,0.9184766421667186,1.345300195150197,0.03693188378614327,0.0451543718226646,0.9184766421667186,0.20364978716126486
2993,GYRO_Y__energy_ratio_by_chunks__num_segments_10__segment_focus_0,0.0454282343233968,7.505892952418058e-18,1.342674142747505,17.124597633702,7.505892952418058e-18,0.0454282343233968,5.83934468796611e-10
2994,"ADXL_Y__fft_coefficient__attr_""abs""__coeff_25",0.0454754098344775,0.4959937131185852,1.3422233782886672,0.3045238282985341,0.0454754098344775,0.4959937131185852,0.15018494391713147
2995,"MMA_X__fft_coefficient__attr_""abs""__coeff_44",0.0456371076219299,0.2236733649048576,1.340681887997039,0.6503857287489102,0.0456371076219299,0.2236733649048576,0.10103368461222319
2996,"ADXL_Y__agg_linear_trend__attr_""stderr""__chunk_len_10__f_agg_""mean""",0.0457367671079112,0.0686763335452465,1.3397345366425901,1.1631928987698839,0.0457367671079112,0.0686763335452465,0.056044923705757414
2997,"ADXL_Z__fft_coefficient__attr_""abs""__coeff_83",0.0458774575968382,0.1415002949723673,1.3384006575157112,0.8492426548058541,0.0458774575968382,0.1415002949723673,0.08057092392752412
2998,"ADXL_Y__fft_coefficient__attr_""abs""__coeff_17",0.0460619825223359,0.2109080608178464,1.336657373797284,0.675906821389909,0.0460619825223359,0.2109080608178464,0.098563905214898
2999,"MMA_Y__change_quantiles__f_agg_""var""__isabs_True__qh_0.8__ql_0.6",0.0460619825223359,7.867104869872983e-08,1.336657373797284,7.104185060571482,7.867104869872983e-08,0.0460619825223359,6.019754538330221e-05
3000,MMA_Z__number_cwt_peaks__n_5,0.0463061405428467,8.52428538489118e-07,1.334361414445389,6.06934201895212,8.52428538489118e-07,0.0463061405428467,0.00019867731552950503
3001,"GYRO_Z__fft_coefficient__attr_""real""__coeff_63",0.0463700567195277,0.4122952439592171,1.3337623728779107,0.3847916749832186,0.0463700567195277,0.4122952439592171,0.13826841232754647
3002,"MMA_Y__fft_coefficient__attr_""abs""__coeff_15",0.0464271954918704,0.3812802003588752,1.3332275497861514,0.4187557467802171,0.0464271954918704,0.3812802003588752,0.13304800035791975
3003,"MMA_Z__fft_coefficient__attr_""real""__coeff_96",0.0465067873386725,0.1121896940209102,1.332483660257928,0.9500470364436947,0.0465067873386725,0.1121896940209102,0.07223283354141113
3004,"MMA_X__fft_coefficient__attr_""real""__coeff_33",0.0465067873386725,0.198658402451046,1.332483660257928,0.7018930613111065,0.0465067873386725,0.198658402451046,0.09611953014778636
3005,"MMA_X__fft_coefficient__attr_""abs""__coeff_3",0.0466496274885965,0.3360852450662259,1.3311518198766006,0.4735505536625658,0.0466496274885965,0.3360852450662259,0.1252128247694824
3006,"GYRO_Y__fft_coefficient__attr_""angle""__coeff_26",0.0466776711219861,0.0468509637906678,1.3308908202380918,1.3292814706318394,0.0466776711219861,0.0468509637906678,0.046764237185790494
3007,MMA_Y__index_mass_quantile__q_0.3,0.0470049319577811,0.0242772589908978,1.327856571645653,1.614800348582216,0.0242772589908978,0.0470049319577811,0.033780925194384186
3008,ADXL_Y__index_mass_quantile__q_0.3,0.0471065064804997,0.020093877682111,1.3269191027772622,1.69693624575848,0.020093877682111,0.0471065064804997,0.030766091387284315
3009,"ADXL_Z__fft_coefficient__attr_""imag""__coeff_10",0.0473829042051088,0.1776418897623597,1.3243783239087599,0.7504546154296862,0.0473829042051088,0.1776418897623597,0.09174523772613154
3010,"MMA_Y__fft_coefficient__attr_""real""__coeff_7",0.047510764156771,0.2364241328157478,1.3232079843903068,0.6263081952451537,0.047510764156771,0.2364241328157478,0.10598439137523082
3011,"MMA_Y__fft_coefficient__attr_""abs""__coeff_85",0.0478016764649678,0.0468509637906678,1.320556871866602,1.3292814706318394,0.0468509637906678,0.0478016764649678,0.047323932773950896
3012,"MMA_Z__fft_coefficient__attr_""imag""__coeff_10",0.0478016764649678,0.1808239359091036,1.320556871866602,0.7427440819071316,0.0478016764649678,0.1808239359091036,0.09297143260942602
3013,"MMA_X__fft_coefficient__attr_""imag""__coeff_11",0.0478388403320768,0.0751726889138403,1.3202193566844493,1.1239399148389488,0.0478388403320768,0.0751726889138403,0.059968110377784004
3014,"ADXL_Z__fft_coefficient__attr_""angle""__coeff_9",0.0480242187536099,0.068343102540576,1.3185396914065284,1.1653053096217225,0.0480242187536099,0.068343102540576,0.05728982550775499
3015,GYRO_X__ratio_beyond_r_sigma__r_5,0.0489165697913261,0.1479024136338328,1.310544004884525,0.8300247386515064,0.0489165697913261,0.1479024136338328,0.0850580903784288
3016,GYRO_Z__energy_ratio_by_chunks__num_segments_10__segment_focus_8,0.0490343648860158,8.851550225460358e-11,1.3094994454946731,10.05298066202487,8.851550225460358e-11,0.0490343648860158,2.083339011208014e-06
3017,"ADXL_Y__fft_coefficient__attr_""angle""__coeff_86",0.0493641162144061,0.0503995375775606,1.3065886339288364,1.2975734482456462,0.0493641162144061,0.0503995375775606,0.04987914023047138
3018,"GYRO_X__fft_coefficient__attr_""real""__coeff_11",0.0494889211215825,0.0517664784391297,1.3054920138803092,1.28595137812174,0.0494889211215825,0.0517664784391297,0.05061489077550391
3019,"MMA_Z__fft_coefficient__attr_""abs""__coeff_55",0.0495357921442783,0.1578299137783816,1.3050808876600604,0.8018106807358131,0.0495357921442783,0.1578299137783816,0.08842075436839066
3020,"ADXL_X__cwt_coefficients__coeff_1__w_5__widths_(2, 5, 10, 20)",0.0496802949200236,5.365729193912771e-97,1.3038158346962372,96.27037124977015,5.365729193912771e-97,0.0496802949200236,1.6327002444250658e-49
3021,"ADXL_Y__fft_coefficient__attr_""imag""__coeff_59",0.0498402183373984,0.2509909655971389,1.3024200638103711,0.6003419106381799,0.0498402183373984,0.2509909655971389,0.11184562810443621
3022,"ADXL_Y__fft_coefficient__attr_""angle""__coeff_37",0.0501512740865189,0.0414124041913373,1.2997180293092472,1.3828695558602804,0.0414124041913373,0.0501512740865189,0.0455728519316211
3023,"ADXL_Y__fft_coefficient__attr_""abs""__coeff_88",0.0501843125596661,0.0078435739821066,1.2994320205744299,2.1054860027458067,0.0078435739821066,0.0501843125596661,0.019839968959222253
3024,ADXL_Y__root_mean_square,0.0505039876583101,0.0002622885042848,1.2966743298094938,3.581220743474011,0.0002622885042848,0.0505039876583101,0.0036395900020903668
3025,MMA_Z__ratio_beyond_r_sigma__r_3,0.0509459985186236,0.020093877682111,1.2928899213636742,1.69693624575848,0.020093877682111,0.0509459985186236,0.031995353766230354
3026,"GYRO_Z__change_quantiles__f_agg_""mean""__isabs_True__qh_0.6__ql_0.4",0.0517509960871517,1.0405122138571479e-81,1.2860812866248568,80.98275281753824,1.0405122138571479e-81,0.0517509960871517,7.338088545933117e-42
3027,ADXL_Y__ar_coefficient__coeff_9__k_10,0.0521523024093368,0.0045820880739789,1.2827265136689456,2.338936567334438,0.0045820880739789,0.0521523024093368,0.015458539481476354
3028,"ADXL_Y__fft_coefficient__attr_""abs""__coeff_98",0.0522341089062002,0.0060838437089331,1.2820458097919318,2.2158219512955304,0.0060838437089331,0.0522341089062002,0.017826501475632073
3029,"ADXL_Z__fft_coefficient__attr_""angle""__coeff_36",0.0524379964016666,0.045072793094408,1.2803539105808035,1.3460855285076034,0.045072793094408,0.0524379964016666,0.04861611833638747
3030,ADXL_Y__lempel_ziv_complexity__bins_2,0.0527022625878931,0.0068540504603757,1.2781707394678403,2.1640527025641543,0.0068540504603757,0.0527022625878931,0.01900589295859023
3031,"GYRO_X__cwt_coefficients__coeff_6__w_20__widths_(2, 5, 10, 20)",0.0539454808510341,3.5835900819864105e-51,1.268044931401167,50.4456816740414,3.5835900819864105e-51,0.0539454808510341,1.3903901975551814e-26
3032,ADXL_X__ratio_beyond_r_sigma__r_7,0.0542532820269903,0.0057270197606768,1.265573984242621,2.242071318381679,0.0057270197606768,0.0542532820269903,0.017626957146658778
3033,MMA_Z__binned_entropy__max_bins_10,0.0546462318948941,0.0339751577564336,1.2624397792526927,1.4688385180365413,0.0339751577564336,0.0546462318948941,0.04308844798114317
3034,"MMA_X__cwt_coefficients__coeff_4__w_2__widths_(2, 5, 10, 20)",0.0550550822596632,5.3606480429551636e-76,1.2592025841318573,75.27078270574245,5.3606480429551636e-76,0.0550550822596632,5.4325953187219744e-39
3035,GYRO_Z__ratio_beyond_r_sigma__r_3,0.0559913266323935,0.0022450124378212,1.2518792424120986,2.6487812485750672,0.0022450124378212,0.0559913266323935,0.01121165575193213
3036,"GYRO_X__cwt_coefficients__coeff_11__w_5__widths_(2, 5, 10, 20)",0.0562025898306043,2.1742258305254887e-59,1.2502436715621534,58.66269534899977,2.1742258305254887e-59,0.0562025898306043,1.1054280734273444e-30
3037,"ADXL_Z__fft_coefficient__attr_""real""__coeff_24",0.0576543178442952,0.0401109472713989,1.2391681619906165,1.3967370814767537,0.0401109472713989,0.0576543178442952,0.04808918072727999
3038,"MMA_Y__fft_coefficient__attr_""angle""__coeff_58",0.0578039682317993,0.0410474420085001,1.2380423463196597,1.3867139020331545,0.0410474420085001,0.0578039682317993,0.0487104201773703
3039,"ADXL_Y__fft_coefficient__attr_""abs""__coeff_86",0.0578683189919495,0.0014742542732631,1.237559133207973,2.8314276047053912,0.0014742542732631,0.0578683189919495,0.009236482910742257
3040,"GYRO_X__agg_linear_trend__attr_""slope""__chunk_len_50__f_agg_""var""",0.0579201233120362,1.3510730691092251e-16,1.237170522196271,15.86932116270794,1.3510730691092251e-16,0.0579201233120362,2.7973973397852784e-09
3041,"MMA_Z__fft_coefficient__attr_""real""__coeff_24",0.0585279719197015,0.0499239976834359,1.2326365245675648,1.301690645634478,0.0499239976834359,0.0585279719197015,0.054055067611976766
3042,ADXL_Z__permutation_entropy__dimension_7__tau_1,0.0586009317284146,0.0199691918623815,1.2320954788404035,1.699639510332601,0.0199691918623815,0.0586009317284146,0.034208379806694014
3043,ADXL_X__number_peaks__n_1,0.059047023823609,0.0002241887141177,1.2288019874587208,3.6493862540058752,0.0002241887141177,0.059047023823609,0.003638361766439959
3044,"ADXL_Y__cwt_coefficients__coeff_14__w_10__widths_(2, 5, 10, 20)",0.0592465578779526,9.471864903316265e-131,1.2273368763395593,130.0235645048951,9.471864903316265e-131,0.0592465578779526,2.3689140807688128e-66
3045,"ADXL_Z__fft_coefficient__attr_""abs""__coeff_88",0.0595490963204289,0.0272301017655777,1.225124824710658,1.564950735591866,0.0272301017655777,0.0595490963204289,0.04026820026836893
3046,MMA_X__permutation_entropy__dimension_6__tau_1,0.0600117352580367,1.8916057745669784e-05,1.2217638152919865,4.7231693688695815,1.8916057745669784e-05,0.0600117352580367,0.0010654508198686928
3047,ADXL_Z__ar_coefficient__coeff_5__k_10,0.0608507817343531,0.000339547593482,1.2157338381284915,3.469099343215765,0.000339547593482,0.0608507817343531,0.004545518287214125
3048,"GYRO_Y__fft_coefficient__attr_""abs""__coeff_3",0.0615519941821949,0.0250602939518642,1.2107578720861416,1.6010138391310211,0.0250602939518642,0.0615519941821949,0.039274814672118304
3049,GYRO_Z__ratio_beyond_r_sigma__r_2.5,0.0616623838447229,0.0082384763467627,1.2099796896225394,2.08415310084893,0.0082384763467627,0.0616623838447229,0.022538946088709474
3050,MMA_X__partial_autocorrelation__lag_3,0.0621900131938781,1.3896703813096598e-10,1.2062793510490295,9.857088198705767,1.3896703813096598e-10,0.0621900131938781,2.939789437167046e-06
3051,"GYRO_Y__change_quantiles__f_agg_""mean""__isabs_True__qh_0.8__ql_0.6",0.0626156926109557,1.164924701146985e-09,1.2033168111942645,8.933702145825286,1.164924701146985e-09,0.0626156926109557,8.540642071994882e-06
3052,MMA_Y__ratio_beyond_r_sigma__r_6,0.0628259668698503,1.2848852282375913e-05,1.2018608190424365,4.89113566374841,1.2848852282375913e-05,0.0628259668698503,0.0008984662307555858
3053,"ADXL_Y__change_quantiles__f_agg_""mean""__isabs_False__qh_1.0__ql_0.4",0.0629903255204442,0.024020810382387,1.2007261473039237,1.6194123450321087,0.024020810382387,0.0629903255204442,0.03889831185606161
3054,MMA_Z__ratio_beyond_r_sigma__r_5,0.0634250992650425,0.0003795617815865,1.1977388444022274,3.4207175235411045,0.0003795617815865,0.0634250992650425,0.004906500145148285
3055,ADXL_Y__energy_ratio_by_chunks__num_segments_10__segment_focus_6,0.0646766527539874,0.0038311154304897,1.1892524644627456,2.4166747626424776,0.0038311154304897,0.0646766527539874,0.015741147428260282
3056,"GYRO_Z__cwt_coefficients__coeff_5__w_2__widths_(2, 5, 10, 20)",0.0651088388464526,0.002199893618768,1.1863600498086087,2.6575983200410183,0.002199893618768,0.0651088388464526,0.011967978906386205
3057,"GYRO_Y__fft_coefficient__attr_""abs""__coeff_84",0.0652731843425701,0.0225316447834297,1.1852651997956303,1.6472071041352665,0.0225316447834297,0.0652731843425701,0.03834986575582912
3058,"GYRO_Y__change_quantiles__f_agg_""mean""__isabs_True__qh_0.4__ql_0.2",0.0657434422994975,3.7002733539739253e-09,1.182147560179279,8.431766191679666,3.7002733539739253e-09,0.0657434422994975,1.5597073691540757e-05
3059,"ADXL_Y__cwt_coefficients__coeff_12__w_20__widths_(2, 5, 10, 20)",0.0665536215291256,2.5261902820779124e-136,1.1768283073219563,135.59753393986776,2.5261902820779124e-136,0.0665536215291256,4.1003306201325816e-69
3060,"MMA_Z__fft_coefficient__attr_""abs""__coeff_88",0.0668988432654412,0.034208323110871,1.174581391466542,1.465868214372228,0.034208323110871,0.0668988432654412,0.04783824041671818
3061,ADXL_Y__number_peaks__n_50,0.0670132366969948,2.4994959235523013e-08,1.1738394054084045,7.602147567205123,2.4994959235523013e-08,0.0670132366969948,4.0926679800367874e-05
3062,"MMA_Z__fft_coefficient__attr_""abs""__coeff_8",0.0674952759713651,0.0201721204435899,1.1707266225965864,1.6952484474219705,0.0201721204435899,0.0674952759713651,0.03689881890071437
3063,"GYRO_Z__fft_coefficient__attr_""abs""__coeff_82",0.0697926119747443,0.008450701079086,1.156190547984571,2.07310726002684,0.008450701079086,0.0697926119747443,0.024285726287825986
3064,"GYRO_Y__fft_coefficient__attr_""imag""__coeff_3",0.0698796595806926,0.0016904515128307,1.1556492193529138,2.7719972815749743,0.0016904515128307,0.0698796595806926,0.01086867868023874
3065,"GYRO_Z__agg_linear_trend__attr_""slope""__chunk_len_50__f_agg_""mean""",0.0700905055572191,3.8414225391887083e-07,1.1543408074737433,6.415507919769155,3.8414225391887083e-07,0.0700905055572191,0.00016408755218804165
3066,"GYRO_Z__linear_trend__attr_""slope""",0.0701961890986057,3.6861336606917125e-07,1.1536864647700757,6.4334289211385345,3.6861336606917125e-07,0.0701961890986057,0.00016085786753797625
3067,"GYRO_Z__agg_linear_trend__attr_""slope""__chunk_len_5__f_agg_""mean""",0.0701966960853765,3.728661953836097e-07,1.1536833281217098,6.428446988652233,3.728661953836097e-07,0.0701966960853765,0.0001617837290887247
3068,"GYRO_Z__agg_linear_trend__attr_""slope""__chunk_len_10__f_agg_""mean""",0.0702231908636274,3.735638308005357e-07,1.1535194405644673,6.427635179669358,3.735638308005357e-07,0.0702231908636274,0.00016196556482800235
3069,"GYRO_X__cwt_coefficients__coeff_5__w_20__widths_(2, 5, 10, 20)",0.0709122778619046,8.476101208251185e-42,1.149278563885555,41.071803866269576,8.476101208251185e-42,0.0709122778619046,7.752803648133579e-22
3070,ADXL_Y__ar_coefficient__coeff_6__k_10,0.0709408253864013,0.0040566865844405,1.1491037628802279,2.391828544158119,0.0040566865844405,0.0709408253864013,0.016964218067277673
3071,"GYRO_Y__fft_coefficient__attr_""real""__coeff_64",0.0709703027706222,0.0470240504944906,1.1489233419976874,1.3276799649251956,0.0470240504944906,0.0709703027706222,0.057769465127306005
3072,ADXL_Y__number_crossing_m__m_0,0.0724589266858368,0.0273116996866458,1.1399081033386165,1.5636512716082822,0.0273116996866458,0.0724589266858368,0.04448568809471491
3073,"MMA_Z__fft_coefficient__attr_""abs""__coeff_11",0.0727154911487969,0.0398312799335792,1.1383730581401295,1.3997757377995734,0.0398312799335792,0.0727154911487969,0.05381775806790385
3074,"ADXL_Y__cwt_coefficients__coeff_13__w_10__widths_(2, 5, 10, 20)",0.072746028118658,5.039633983763394e-129,1.1381907138642504,128.29760100415052,5.039633983763394e-129,0.072746028118658,1.9147150061839395e-65
3075,"ADXL_Z__fft_coefficient__attr_""abs""__coeff_90",0.0728800219734557,0.0038955507938804,1.137391505094483,2.409431128535359,0.0038955507938804,0.0728800219734557,0.016849564607333816
3076,"MMA_Z__fft_coefficient__attr_""angle""__coeff_2",0.073839478120798,0.0490948941533292,1.1317113814574775,1.3089636719572149,0.0490948941533292,0.073839478120798,0.060209146835656494
3077,"GYRO_X__cwt_coefficients__coeff_12__w_10__widths_(2, 5, 10, 20)",0.0739470386355341,9.69255749862417e-128,1.1310792135534777,127.01356161397192,9.69255749862417e-128,0.0739470386355341,8.466025772627303e-65
3078,MMA_X__friedrich_coefficients__coeff_0__m_3__r_30,0.0751998560367435,6.272809849891646e-09,1.1237829908246841,8.202537877199545,6.272809849891646e-09,0.0751998560367435,2.171898703111447e-05
3079,MMA_Y__permutation_entropy__dimension_5__tau_1,0.07523219450657,1.6076854660371511e-09,1.1235962697215087,8.793798914372445,1.6076854660371511e-09,0.07523219450657,1.0997713657224058e-05
3080,ADXL_Z__percentage_of_reoccurring_values_to_all_values,0.0766903739535466,0.0123811639106051,1.115259144541415,1.9072385268673335,0.0123811639106051,0.0766903739535466,0.030814218962752576
3081,"GYRO_X__cwt_coefficients__coeff_0__w_20__widths_(2, 5, 10, 20)",0.077468003243939,3.318336759868276e-06,1.1108776379317502,5.47907954190085,3.318336759868276e-06,0.077468003243939,0.0005070157027922879
3082,"ADXL_Y__cwt_coefficients__coeff_11__w_5__widths_(2, 5, 10, 20)",0.0798596936959486,3.0550879093140126e-55,1.0976723598869156,54.514976288537405,3.0550879093140126e-55,0.0798596936959486,1.5619807446060692e-28
3083,"ADXL_Y__cwt_coefficients__coeff_14__w_5__widths_(2, 5, 10, 20)",0.0808708283592299,8.757158418144134e-10,1.0922081083917938,9.057636793777132,8.757158418144134e-10,0.0808708283592299,8.415453970810603e-06
3084,"ADXL_X__cwt_coefficients__coeff_10__w_5__widths_(2, 5, 10, 20)",0.0831922844543091,2.681763924619499e-100,1.0799169498426535,99.5715794556968,2.681763924619499e-100,0.0831922844543091,4.7233681547837205e-51
3085,"ADXL_Y__change_quantiles__f_agg_""mean""__isabs_True__qh_1.0__ql_0.6",0.0833797279467428,1.2745434523656508e-12,1.078939526233242,11.894645353760078,1.2745434523656508e-12,0.0833797279467428,3.2599246358551037e-07
3086,"ADXL_Z__fft_coefficient__attr_""imag""__coeff_38",0.0833797279467428,0.0136202430966634,1.078939526233242,1.8658151409843708,0.0136202430966634,0.0833797279467428,0.033699438629868836
3087,ADXL_Y__permutation_entropy__dimension_7__tau_1,0.0836277549945194,2.3423657540636824e-06,1.077649561789632,5.630345290062401,2.3423657540636824e-06,0.0836277549945194,0.0004425909956024753
3088,MMA_Y__energy_ratio_by_chunks__num_segments_10__segment_focus_6,0.0844530874296794,0.0038308757011335,1.073384468897433,2.416701939164818,0.0038308757011335,0.0844530874296794,0.017986919706277166
3089,"ADXL_Y__fft_coefficient__attr_""abs""__coeff_92",0.0844539113706407,0.0008661916593492,1.0733802318555643,3.0623860024533913,0.0008661916593492,0.0844539113706407,0.008552968702659067
3090,"GYRO_Y__change_quantiles__f_agg_""mean""__isabs_True__qh_0.4__ql_0.0",0.0848507218193382,0.007234398703333,1.0713444588168757,2.1405975600081995,0.007234398703333,0.0848507218193382,0.02477587439237391
3091,"ADXL_Y__fft_coefficient__attr_""abs""__coeff_89",0.0850539781087091,0.0022145316142421,1.0703053689384527,2.65471811542759,0.0022145316142421,0.0850539781087091,0.013724238537667282
3092,GYRO_Y__time_reversal_asymmetry_statistic__lag_1,0.085838537159367,2.7943907915754137e-10,1.0663176921258442,9.553712858509321,2.7943907915754137e-10,0.085838537159367,4.897615928188317e-06
3093,"GYRO_Z__agg_linear_trend__attr_""intercept""__chunk_len_5__f_agg_""max""",0.0861295530700864,0.0046236718690043,1.0648478063505198,2.335012994340402,0.0046236718690043,0.0861295530700864,0.019955820995891688
3094,"ADXL_Y__agg_linear_trend__attr_""stderr""__chunk_len_50__f_agg_""mean""",0.086401447395782,0.0483141574689419,1.0634789821653647,1.315925589544472,0.0483141574689419,0.086401447395782,0.06460969845947519
3095,"GYRO_X__cwt_coefficients__coeff_3__w_2__widths_(2, 5, 10, 20)",0.086921686370148,8.958408159806205e-169,1.06087185650999,168.04776915426984,8.958408159806205e-169,0.086921686370148,2.7904837294677953e-85
3096,"GYRO_X__cwt_coefficients__coeff_4__w_20__widths_(2, 5, 10, 20)",0.0874077251220202,4.189745626046573e-32,1.0584501825875188,31.377812343753956,4.189745626046573e-32,0.0874077251220202,6.0515794137784e-17
3097,"MMA_Y__cwt_coefficients__coeff_13__w_5__widths_(2, 5, 10, 20)",0.0886169117987172,1.6523066140197569e-12,1.052483388722657,11.78190935869787,1.6523066140197569e-12,0.0886169117987172,3.826516816623518e-07
3098,"MMA_Z__fft_coefficient__attr_""abs""__coeff_90",0.0895906852034263,0.005049441223681,1.0477371418450645,2.2967566786929647,0.005049441223681,0.0895906852034263,0.02126929474909801
3099,"ADXL_Z__fft_coefficient__attr_""abs""__coeff_92",0.0903885242764673,5.311608702588879e-05,1.0438867040353335,4.274773926216435,5.311608702588879e-05,0.0903885242764673,0.0021911377687426456
3100,GYRO_Z__quantile__q_0.7,0.0905329274462228,2.7294343095164738e-45,1.0431934361832993,44.563927353586564,2.7294343095164738e-45,0.0905329274462228,1.5719531745974056e-23
3101,"MMA_X__cwt_coefficients__coeff_3__w_20__widths_(2, 5, 10, 20)",0.0912270866593255,4.792447173707084e-42,1.0398761941264663,41.31944266557436,4.792447173707084e-42,0.0912270866593255,6.612117615605577e-22
3102,MMA_X__time_reversal_asymmetry_statistic__lag_1,0.0934371254627746,0.0005562891587381,1.0294805308358912,3.2546994037408163,0.0005562891587381,0.0934371254627746,0.0072095811194959995
3103,ADXL_Z__ratio_beyond_r_sigma__r_5,0.0936915737041171,0.0003244813985821,1.0282994662985718,3.4888101947794867,0.0003244813985821,0.0936915737041171,0.005513725861055283
3104,"MMA_Y__fft_coefficient__attr_""abs""__coeff_98",0.0940425540995535,0.02009794099304,1.0266755843931277,1.6968484331847322,0.02009794099304,0.0940425540995535,0.043474839886164025
3105,"ADXL_Y__fft_coefficient__attr_""imag""__coeff_26",0.0953113232065946,0.0224526088535306,1.0208555011033482,1.648733189410525,0.0224526088535306,0.0953113232065946,0.046260002802314036
3106,ADXL_Z__range_count__max_1__min_-1,0.0959483244853217,0.0192687383955855,1.017962604806911,1.7151467194790604,0.0192687383955855,0.0959483244853217,0.042997711148413637
3107,"MMA_Z__fft_coefficient__attr_""abs""__coeff_92",0.0960135470685254,5.501954166230198e-05,1.0176674856893324,4.259483031800974,5.501954166230198e-05,0.0960135470685254,0.002298395386586504
3108,ADXL_Y__ratio_beyond_r_sigma__r_6,0.0962562640167498,2.578378307993581e-05,1.0165709985530809,4.5886533612183085,2.578378307993581e-05,0.0962562640167498,0.0015753890413142107
3109,"MMA_X__change_quantiles__f_agg_""var""__isabs_True__qh_0.8__ql_0.4",0.0969603675636988,0.0027189239961256,1.0134057468227604,2.565602932362702,0.0027189239961256,0.0969603675636988,0.01623662126312303
3110,"GYRO_X__cwt_coefficients__coeff_1__w_20__widths_(2, 5, 10, 20)",0.0970300324492672,2.4624423644816e-07,1.0130938233803288,6.608633925736151,2.4624423644816e-07,0.0970300324492672,0.0001545738860642702
3111,"MMA_X__fft_coefficient__attr_""imag""__coeff_3",0.0977066213800085,0.0479593657676164,1.010076004025748,1.319126568806002,0.0479593657676164,0.0977066213800085,0.0684539815692399
3112,"ADXL_Y__change_quantiles__f_agg_""var""__isabs_True__qh_0.8__ql_0.6",0.0977066213800085,2.7584378998467465e-10,1.010076004025748,9.559336788779818,2.7584378998467465e-10,0.0977066213800085,5.191508908598654e-06
3113,"GYRO_X__fft_coefficient__attr_""imag""__coeff_34",0.0984634498082399,0.0414609835304364,1.006724952166396,1.3823603998597416,0.0414609835304364,0.0984634498082399,0.06389359491255274
3114,ADXL_Y__quantile__q_0.1,0.0985322738634414,9.154006537469191e-39,1.0064214947303134,38.03838878175078,9.154006537469191e-39,0.0985322738634414,3.003273346030373e-20
3115,"GYRO_Y__fft_coefficient__attr_""abs""__coeff_85",0.0986300034883583,0.003914845254752,1.0059909515162049,2.407285399975265,0.003914845254752,0.0986300034883583,0.019649966949910443
3116,ADXL_Y__time_reversal_asymmetry_statistic__lag_2,0.0986784431129302,2.8056729134431696e-05,1.0057777111563313,4.55196296059442,2.8056729134431696e-05,0.0986784431129302,0.00166390935745518
3117,ADXL_X__binned_entropy__max_bins_10,0.0987120116982562,0.0468509637906678,1.0056299973114358,1.3292814706318394,0.0468509637906678,0.0987120116982562,0.06800553569952211
3118,"ADXL_Y__cwt_coefficients__coeff_12__w_10__widths_(2, 5, 10, 20)",0.0989136629187953,1.8223058222696195e-128,1.0047437152743242,127.73937873725394,1.8223058222696195e-128,0.0989136629187953,4.245597058588288e-65
3119,"GYRO_X__cwt_coefficients__coeff_3__w_20__widths_(2, 5, 10, 20)",0.099236151315998,1.7963268142359487e-21,1.0033300873526345,20.745614647230425,1.7963268142359487e-21,0.099236151315998,1.335142537523628e-11
3120,"ADXL_Y__cwt_coefficients__coeff_4__w_2__widths_(2, 5, 10, 20)",0.0994196050119028,3.7310907980527493e-90,1.0025279666193871,89.42816418204643,3.7310907980527493e-90,0.0994196050119028,6.090513717297988e-46
3121,"MMA_Z__fft_coefficient__attr_""imag""__coeff_38",0.0995576771414503,0.0127351307604842,1.0019252448117257,1.8949965914726319,0.0127351307604842,0.0995576771414503,0.03560730313582367
3122,"MMA_Y__cwt_coefficients__coeff_12__w_5__widths_(2, 5, 10, 20)",0.100723198806116,5.400836041576509e-23,0.9968704901898595,22.267539006817938,5.400836041576509e-23,0.100723198806116,2.332358210770694e-12
3123,"MMA_X__change_quantiles__f_agg_""mean""__isabs_True__qh_0.2__ql_0.0",0.1009803141749875,0.0041705375729595,0.9957632824397882,2.3798079618313435,0.0041705375729595,0.1009803141749875,0.020521749301559068
3124,"MMA_Z__fft_coefficient__attr_""abs""__coeff_89",0.1021882391257818,0.0404431071044547,0.990599084403717,1.3931554864518765,0.0404431071044547,0.1021882391257818,0.06428693412956961
3125,GYRO_Y__ratio_beyond_r_sigma__r_1,0.1023249369645675,0.0185985047378993,0.9900185142218957,1.7305219703080443,0.0185985047378993,0.1023249369645675,0.043624429221948056
3126,MMA_Y__ratio_beyond_r_sigma__r_5,0.1026361393394349,0.000180556191667,0.9886996923220738,3.743387614073458,0.000180556191667,0.1026361393394349,0.004304833381971005
3127,"MMA_Y__fft_coefficient__attr_""abs""__coeff_88",0.1030945559125373,0.0196087489186951,0.9867642677869919,1.707550114391361,0.0196087489186951,0.1030945559125373,0.04496170883955944
3128,"GYRO_X__cwt_coefficients__coeff_2__w_20__widths_(2, 5, 10, 20)",0.1037867627473217,1.739080808055138e-13,0.9838580340828532,12.75968023761944,1.739080808055138e-13,0.1037867627473217,1.3434789437279584e-07
3129,"MMA_Z__fft_coefficient__attr_""real""__coeff_39",0.1129448376448172,0.0476223711070862,0.9471336145320709,1.3221889849687831,0.0476223711070862,0.1129448376448172,0.07333962757575938
3130,"ADXL_Z__fft_coefficient__attr_""abs""__coeff_89",0.1150446795907423,0.0240007643642326,0.9391334611136374,1.6197749268766317,0.0240007643642326,0.1150446795907423,0.052546743440636215
3131,ADXL_Y__ratio_beyond_r_sigma__r_5,0.1162030061465706,0.0002111451020991,0.9347826366962898,3.6754189883854385,0.0002111451020991,0.1162030061465706,0.004953351955700301
3132,"ADXL_Y__cwt_coefficients__coeff_11__w_20__widths_(2, 5, 10, 20)",0.1177857641859032,8.001215280162232e-133,0.9289071960439016,132.09684404433503,8.001215280162232e-133,0.1177857641859032,3.0699010671189945e-67
3133,"MMA_Y__change_quantiles__f_agg_""mean""__isabs_False__qh_0.6__ql_0.4",0.1180468939968225,0.0002513337218022,0.927945435419534,3.599749237590917,0.0002513337218022,0.1180468939968225,0.005446940904343573
3134,"MMA_Y__cwt_coefficients__coeff_14__w_20__widths_(2, 5, 10, 20)",0.1184984358747411,1.1631334158674676e-82,0.9262873821049499,81.93437046717023,1.1631334158674676e-82,0.1184984358747411,3.71253943405238e-42
3135,"GYRO_Z__fft_coefficient__attr_""real""__coeff_44",0.1185701384411472,0.0149999174015646,0.9260246730557401,1.8239111324205504,0.0149999174015646,0.1185701384411472,0.04217276707674382
3136,MMA_X__partial_autocorrelation__lag_7,0.1187179418333459,8.949353169811043e-06,0.9254836411938288,5.048208352944798,8.949353169811043e-06,0.1187179418333459,0.0010307515651502535
3137,"MMA_Z__fft_coefficient__attr_""real""__coeff_36",0.1193300351370237,0.0311550368546709,0.9232502314968978,1.5064717306627669,0.0311550368546709,0.1193300351370237,0.060973204299619575
3138,MMA_X__number_cwt_peaks__n_5,0.1198975323603189,0.0002428874125622,0.9211897551273818,3.6145949915613897,0.0002428874125622,0.1198975323603189,0.0053964434035381585
3139,"ADXL_Z__fft_coefficient__attr_""abs""__coeff_8",0.1202813960608818,0.0340767789003285,0.9198015398497144,1.467541463551069,0.0340767789003285,0.1202813960608818,0.06402189109507397
3140,"MMA_Y__fft_coefficient__attr_""imag""__coeff_26",0.1205193228946987,0.0284283287430804,0.9189433169582065,1.546248671051466,0.0284283287430804,0.1205193228946987,0.05853343430163611
3141,ADXL_Y__lempel_ziv_complexity__bins_3,0.1212340387041713,0.0189762704393901,0.9163754268205339,1.7217891389451585,0.0189762704393901,0.1212340387041713,0.04796425653452622
3142,ADXL_Z__partial_autocorrelation__lag_5,0.1252955123995619,3.291976076778877e-06,0.9020644834751922,5.482543329523156,3.291976076778877e-06,0.1252955123995619,0.0006422381406823399
3143,"MMA_Z__agg_linear_trend__attr_""stderr""__chunk_len_50__f_agg_""mean""",0.1277919741901884,0.0126376564435156,0.8934964206249183,1.898333455168696,0.0126376564435156,0.1277919741901884,0.040186951440165423
3144,"GYRO_Y__fft_coefficient__attr_""real""__coeff_65",0.1278273860419901,0.042071852286885,0.8933760919305982,1.3760083669878906,0.042071852286885,0.1278273860419901,0.07333440463914077
3145,"GYRO_Z__fft_coefficient__attr_""real""__coeff_2",0.1296385898186491,0.0482020055619255,0.887265701778289,1.3169348915047816,0.0482020055619255,0.1296385898186491,0.07904960485340014
3146,"MMA_Y__change_quantiles__f_agg_""var""__isabs_False__qh_0.8__ql_0.6",0.131258503859343,1.0680304925098153e-07,0.8818725503254359,6.971416347925713,1.0680304925098153e-07,0.131258503859343,0.00011840104920269736
3147,ADXL_Z__number_peaks__n_50,0.1323205183012735,8.615703529186678e-07,0.8783728066507925,6.0647092537506415,8.615703529186678e-07,0.1323205183012735,0.0003376439480446958
3148,"MMA_Y__cwt_coefficients__coeff_14__w_5__widths_(2, 5, 10, 20)",0.133053662938711,1.4647740449901573e-07,0.875973164914378,6.834229364103288,1.4647740449901573e-07,0.133053662938711,0.0001396042807593996
3149,MMA_Z__percentage_of_reoccurring_values_to_all_values,0.1331119525049675,0.0297712976403619,0.875782946224107,1.5262022353644744,0.0297712976403619,0.1331119525049675,0.06295169225298955
3150,"GYRO_X__cwt_coefficients__coeff_5__w_5__widths_(2, 5, 10, 20)",0.1340561438513588,5.956047464950736e-143,0.8727132773200534,142.22504184992522,5.956047464950736e-143,0.1340561438513588,2.8256764778490775e-72
3151,"GYRO_X__cwt_coefficients__coeff_6__w_2__widths_(2, 5, 10, 20)",0.1340561438513588,5.017499618712199e-07,0.8727132773200534,6.299512651843206,5.017499618712199e-07,0.1340561438513588,0.00025935046764180325
3152,"GYRO_X__cwt_coefficients__coeff_2__w_10__widths_(2, 5, 10, 20)",0.1340561438513588,8.450560300931938e-47,0.8727132773200534,46.07311449489223,8.450560300931938e-47,0.1340561438513588,3.365783010424638e-24
3153,"MMA_X__cwt_coefficients__coeff_2__w_5__widths_(2, 5, 10, 20)",0.1349556072175906,9.66151250881374e-72,0.8698090664015107,71.01495487950457,9.66151250881374e-72,0.1349556072175906,1.1418735863778027e-36
3154,"MMA_X__cwt_coefficients__coeff_2__w_10__widths_(2, 5, 10, 20)",0.1351231528820568,4.835764648197868e-66,0.8692702297536236,65.3155348439726,4.835764648197868e-66,0.1351231528820568,8.083463155480368e-34
3155,"MMA_Y__change_quantiles__f_agg_""mean""__isabs_False__qh_1.0__ql_0.4",0.136411859974683,0.0030573612756731,0.8651478694328698,2.514653239467959,0.0030573612756731,0.136411859974683,0.020422055191119653
3156,GYRO_X__max_langevin_fixed_point__m_3__r_30,0.1373881953666989,1.2595103824383832e-08,0.8620505810125979,7.89979824816022,1.2595103824383832e-08,0.1373881953666989,4.1598300264413475e-05
3157,"ADXL_X__change_quantiles__f_agg_""var""__isabs_True__qh_0.8__ql_0.4",0.1389263105150729,0.0108928574967197,0.8572154977509319,1.9628581778870546,0.0108928574967197,0.1389263105150729,0.03890121467236879
3158,"MMA_Y__fft_coefficient__attr_""abs""__coeff_86",0.1408942678167168,0.004197858008873,0.8511066754939746,2.376972255369111,0.004197858008873,0.1408942678167168,0.02431982998622116
3159,"ADXL_Y__change_quantiles__f_agg_""var""__isabs_False__qh_0.8__ql_0.6",0.1408942678167168,3.1722964229239086e-10,0.8511066754939746,9.498626238496486,3.1722964229239086e-10,0.1408942678167168,6.685494610015432e-06
3160,"ADXL_Z__change_quantiles__f_agg_""mean""__isabs_True__qh_1.0__ql_0.0",0.1440231297231506,4.503190708844233e-05,0.8415677557903039,4.34647966039996,4.503190708844233e-05,0.1440231297231506,0.002546691225154631
3161,ADXL_Z__mean_abs_change,0.1440231297231506,4.503190708844233e-05,0.8415677557903039,4.34647966039996,4.503190708844233e-05,0.1440231297231506,0.002546691225154631
3162,"ADXL_Y__fft_coefficient__attr_""abs""__coeff_93",0.1451330345280497,0.000554697840155,0.8382337241552812,3.255943525144405,0.000554697840155,0.1451330345280497,0.008972456786624844
3163,MMA_X__partial_autocorrelation__lag_9,0.1452280869498473,1.3987813474879765e-05,0.8379493834450461,4.854250167567437,1.3987813474879765e-05,0.1452280869498473,0.0014252801098619471
3164,ADXL_Z__ar_coefficient__coeff_9__k_10,0.1456611423691989,0.0012149901180029,0.8366562883492488,2.9154272543407833,0.0012149901180029,0.1456611423691989,0.013303264582634977
3165,"MMA_Y__fft_coefficient__attr_""abs""__coeff_89",0.1457116045496883,0.0052244902072842,0.8365058594091216,2.2819560805211903,0.0052244902072842,0.1457116045496883,0.027591100939569527
3166,"ADXL_Y__cwt_coefficients__coeff_11__w_10__widths_(2, 5, 10, 20)",0.1461354054723039,2.0218640575761887e-127,0.8352445510854547,126.6942480480671,2.0218640575761887e-127,0.1461354054723039,1.718912225402373e-64
3167,ADXL_Z__autocorrelation__lag_9,0.1464417333918544,0.0033157317669258,0.8343351391317934,2.4794206098635616,0.0033157317669258,0.1464417333918544,0.02203546022689452
3168,"MMA_Y__change_quantiles__f_agg_""mean""__isabs_False__qh_0.2__ql_0.0",0.1484849562411369,7.038302377190948e-05,0.8283175446795438,4.152532079085857,7.038302377190948e-05,0.1484849562411369,0.0032327728353366988
3169,"GYRO_Z__fft_coefficient__attr_""real""__coeff_73",0.1491512526375362,0.0089942854413328,0.8263730948913562,2.046033333842944,0.0089942854413328,0.1491512526375362,0.03662661518833459
3170,"ADXL_Z__fft_coefficient__attr_""real""__coeff_36",0.150449138979673,0.0399051855562139,0.8226102933838332,1.3989706654130283,0.0399051855562139,0.150449138979673,0.07748355185299952
3171,ADXL_Z__autocorrelation__lag_6,0.1572820914812814,0.0018415153911532,0.8033207243800714,2.7348246470154374,0.0018415153911532,0.1572820914812814,0.017018736504674642
3172,ADXL_Y__permutation_entropy__dimension_6__tau_1,0.158680513385932,1.3458285783165814e-10,0.7994764031038823,9.871010253806151,1.3458285783165814e-10,0.158680513385932,4.621220290537274e-06
3173,ADXL_Y__ratio_beyond_r_sigma__r_0.5,0.1609768720502903,0.0219873614372188,0.7932365156603857,1.6578268844186614,0.0219873614372188,0.1609768720502903,0.05949333297776027
3174,"MMA_Y__cwt_coefficients__coeff_5__w_2__widths_(2, 5, 10, 20)",0.1635220194665214,5.724923674212752e-38,0.7864237580561999,37.24223029904732,5.724923674212752e-38,0.1635220194665214,9.675490067686322e-20
3175,"MMA_Y__fft_coefficient__attr_""abs""__coeff_92",0.1665725302668302,0.0020003476716706,0.7783966171979855,2.6988945149531807,0.0020003476716706,0.1665725302668302,0.018253848171920748
3176,"ADXL_X__change_quantiles__f_agg_""mean""__isabs_True__qh_1.0__ql_0.8",0.1671453279680099,0.0404310150466213,0.776905758264174,1.3932853552873297,0.0404310150466213,0.1671453279680099,0.08220617537659236
3177,"ADXL_Y__cwt_coefficients__coeff_3__w_2__widths_(2, 5, 10, 20)",0.1678635643776145,2.9213978712272057e-128,0.7750435594125091,127.53440929153332,2.9213978712272057e-128,0.1678635643776145,7.002829853918872e-65
3178,"ADXL_X__cwt_coefficients__coeff_2__w_20__widths_(2, 5, 10, 20)",0.1687931907840367,4.527579036286229e-51,0.7726450770502087,50.34413395962829,4.527579036286229e-51,0.1687931907840367,2.7644610904508434e-26
3179,ADXL_Y__energy_ratio_by_chunks__num_segments_10__segment_focus_8,0.1700374045899919,0.0005572879563,0.7694555326207416,3.253920342497308,0.0005572879563,0.1700374045899919,0.009734464427923747
3180,MMA_Y__ratio_value_number_to_time_series_length,0.1703165162328652,0.0005598549176393,0.7687432348266416,3.2519245026939125,0.0005598549176393,0.1703165162328652,0.009764862475640056
3181,MMA_X__permutation_entropy__dimension_5__tau_1,0.1708908597292664,3.27707504393001e-05,0.7672811653383563,4.484513613304369,3.27707504393001e-05,0.1708908597292664,0.0023664787589465553
3182,MMA_Z__autocorrelation__lag_9,0.1731471477127702,0.0060436164412372,0.7615846582745411,2.2187031060040887,0.0060436164412372,0.1731471477127702,0.032348646782674295
3183,"MMA_Y__cwt_coefficients__coeff_13__w_20__widths_(2, 5, 10, 20)",0.1732598687988459,9.463311600683628e-82,0.7613020188066826,81.02395685955703,9.463311600683628e-82,0.1732598687988459,1.280473399308647e-41
3184,MMA_Z__autocorrelation__lag_6,0.1740941826404215,0.0040554031926401,0.759215740596479,2.3919659612718345,0.0040554031926401,0.1740941826404215,0.02657107645730662
3185,"MMA_Y__cwt_coefficients__coeff_4__w_2__widths_(2, 5, 10, 20)",0.1768772588579152,1.9377158339158262e-75,0.7523280008234292,74.71270991191426,1.9377158339158262e-75,0.1768772588579152,1.8513180849022422e-38
3186,MMA_Y__range_count__max_0__min_-1000000000000.0,0.1773700201205016,0.0002123588675002,0.7511197847102109,3.6729295993966433,0.0002123588675002,0.1773700201205016,0.006137271103778731
3187,MMA_Y__ratio_beyond_r_sigma__r_0.5,0.178355763829525,0.0223793583643328,0.7487128512322175,1.6501523692296667,0.0223793583643328,0.178355763829525,0.06317822057548982
3188,"MMA_Y__fft_coefficient__attr_""angle""__coeff_1",0.1789753840800726,0.0012039626288643,0.7472066969158434,2.9193869934186476,0.0012039626288643,0.1789753840800726,0.01467922593051289
3189,"MMA_Z__change_quantiles__f_agg_""mean""__isabs_True__qh_0.8__ql_0.2",0.1803899928694617,6.5633958797372284e-09,0.7437875586018294,8.182871399917962,6.5633958797372284e-09,0.1803899928694617,3.4408878737111633e-05
3190,ADXL_Y__quantile__q_0.8,0.181225178878938,0.0010412752328548,0.7417814629036493,2.9824344613529115,0.0010412752328548,0.181225178878938,0.013737004416404582
3191,"GYRO_Z__cwt_coefficients__coeff_6__w_5__widths_(2, 5, 10, 20)",0.1823067981785194,3.547948191390131e-18,0.7391971363018536,17.45002273054202,3.547948191390131e-18,0.1823067981785194,8.042481426000334e-10
3192,MMA_Y__energy_ratio_by_chunks__num_segments_10__segment_focus_8,0.1861272952856721,0.0009657320897939,0.7301899335715047,3.015143337416438,0.0009657320897939,0.1861272952856721,0.013407054182180305
3193,"MMA_X__change_quantiles__f_agg_""var""__isabs_False__qh_0.8__ql_0.4",0.1889517370030311,0.0035145220778487,0.723649111329057,2.454133724147684,0.0035145220778487,0.1889517370030311,0.02576965369082429
3194,"MMA_X__cwt_coefficients__coeff_6__w_2__widths_(2, 5, 10, 20)",0.1891288022445951,1.284574461649659e-12,0.7232423278266679,11.891240716351874,1.284574461649659e-12,0.1891288022445951,4.928996138422058e-07
3195,"MMA_X__change_quantiles__f_agg_""mean""__isabs_True__qh_1.0__ql_0.8",0.1898111201504455,0.029501377754514,0.7216783478702276,1.5301577014045245,0.029501377754514,0.1898111201504455,0.0748310734759681
3196,"GYRO_X__cwt_coefficients__coeff_13__w_10__widths_(2, 5, 10, 20)",0.1911739686946705,3.311311784362216e-124,0.7185712439737224,123.47999992530256,3.311311784362216e-124,0.1911739686946705,7.956359817164856e-63
3197,MMA_Y__permutation_entropy__dimension_4__tau_1,0.1927628509491506,2.092749857374446e-09,0.7149766591381659,8.679282678997298,2.092749857374446e-09,0.1927628509491506,2.0084930391488203e-05
3198,MMA_Y__root_mean_square,0.1931641451089543,0.0033826717803412,0.7140734836473881,2.470740139635001,0.0033826717803412,0.1931641451089543,0.025561903345286952
3199,"ADXL_X__change_quantiles__f_agg_""var""__isabs_False__qh_0.8__ql_0.4",0.1933136186392028,0.0180959352815407,0.7137375495331731,1.7424189656303801,0.0180959352815407,0.1933136186392028,0.05914550474833615
3200,ADXL_Z__number_peaks__n_1,0.1934556976231444,4.787238064637113e-06,0.7134184749897626,5.319914974943903,4.787238064637113e-06,0.1934556976231444,0.0009623504972110965
3201,"GYRO_Z__cwt_coefficients__coeff_5__w_5__widths_(2, 5, 10, 20)",0.1940034417011588,5.510947891305508e-18,0.7121905654380052,17.258773695420814,5.510947891305508e-18,0.1940034417011588,1.0339936450235137e-09
3202,"GYRO_Y__cwt_coefficients__coeff_4__w_2__widths_(2, 5, 10, 20)",0.1942566913600316,2.4013011631327472e-116,0.7116240125749903,115.61955336877074,2.4013011631327472e-116,0.1942566913600316,6.829852259816188e-59
3203,MMA_Y__max_langevin_fixed_point__m_3__r_30,0.1978355644731472,0.0056236857628163,0.7036956335373308,2.2499789545756537,0.0056236857628163,0.1978355644731472,0.03335513524641092
3204,"ADXL_Y__cwt_coefficients__coeff_10__w_20__widths_(2, 5, 10, 20)",0.1978355644731472,1.775181809151742e-129,0.7036956335373308,128.75075716110587,1.775181809151742e-129,0.1978355644731472,1.874017329845158e-65
3205,ADXL_Y__quantile__q_0.6,0.1985421491425498,1.803700055214765e-05,0.7021472813600061,4.743835681425787,1.803700055214765e-05,0.1985421491425498,0.0018923807369841705
3206,"GYRO_Z__agg_linear_trend__attr_""slope""__chunk_len_10__f_agg_""var""",0.199569114728472,1.96771409534231e-06,0.699906669165196,5.706038003381981,1.96771409534231e-06,0.199569114728472,0.0006266537800462078
3207,"GYRO_Y__change_quantiles__f_agg_""mean""__isabs_True__qh_1.0__ql_0.4",0.1996413271817658,0.0015762792007803,0.6997495516800812,2.802366854981726,0.0015762792007803,0.1996413271817658,0.01773951723279955
3208,"MMA_X__cwt_coefficients__coeff_11__w_5__widths_(2, 5, 10, 20)",0.1997882195818929,1.803076622613163e-55,0.6994301233243095,54.743985817331385,1.803076622613163e-55,0.1997882195818929,1.8979817391155702e-28
3209,"MMA_Y__cwt_coefficients__coeff_0__w_5__widths_(2, 5, 10, 20)",0.2012945079888377,0.0259355403813647,0.6961680740069224,1.5861046988097869,0.0259355403813647,0.2012945079888377,0.07225428596624174
3210,ADXL_Z__autocorrelation__lag_8,0.2018385656088306,0.0028272916081234,0.6949958488479099,2.5486293958728443,0.0028272916081234,0.2018385656088306,0.023888417334380088
3211,ADXL_Y__ratio_beyond_r_sigma__r_3,0.2040130222010588,0.00089117888766,0.6903421105664385,3.0500351106368737,0.00089117888766,0.2040130222010588,0.013483771660529352
3212,"MMA_Y__cwt_coefficients__coeff_11__w_5__widths_(2, 5, 10, 20)",0.2058910687224894,6.255160561837598e-35,0.6863624920836036,34.20376153805288,6.255160561837598e-35,0.2058910687224894,3.588706860566227e-18
3213,"GYRO_Y__change_quantiles__f_agg_""mean""__isabs_True__qh_1.0__ql_0.0",0.2059590009327981,0.0031524281566063,0.6862192235180656,2.5013548021521776,0.0031524281566063,0.2059590009327981,0.025480795781275278
3214,GYRO_Y__mean_abs_change,0.2059590009327981,0.0031524281566063,0.6862192235180656,2.5013548021521776,0.0031524281566063,0.2059590009327981,0.025480795781275278
3215,MMA_Z__ar_coefficient__coeff_6__k_10,0.2079659425095607,0.0134143555781713,0.6820077813411795,1.8724301858743773,0.0134143555781713,0.2079659425095607,0.0528178861842537
3216,MMA_Y__quantile__q_0.6,0.2100555668559477,0.0002598237973225,0.6776658043769618,3.5853210743078843,0.0002598237973225,0.2100555668559477,0.007387654230487687
3217,ADXL_X__energy_ratio_by_chunks__num_segments_10__segment_focus_0,0.2103033532890568,0.0220760135598488,0.677153802428643,1.6560793478480451,0.0220760135598488,0.2103033532890568,0.06813706538214638
3218,MMA_Y__sum_of_reoccurring_data_points,0.2103033532890568,0.0271065911121896,0.677153802428643,1.5669250952654004,0.0271065911121896,0.2103033532890568,0.07550236424860361
3219,"MMA_Y__change_quantiles__f_agg_""mean""__isabs_True__qh_1.0__ql_0.6",0.2118148065724356,2.5485705440296483e-08,0.6740436845120766,7.593703340706314,2.5485705440296483e-08,0.2118148065724356,7.347278249936141e-05
3220,"ADXL_Y__fft_coefficient__attr_""abs""__coeff_97",0.2118782379868096,0.0098322383634551,0.6739136473835398,2.007347601370747,0.0098322383634551,0.2118782379868096,0.04564249489144057
3221,MMA_X__partial_autocorrelation__lag_5,0.2132610274750773,0.0001449280583414,0.6710885027266664,3.8388475261700297,0.0001449280583414,0.2132610274750773,0.005559452008233807
3222,"ADXL_Y__agg_linear_trend__attr_""slope""__chunk_len_50__f_agg_""var""",0.2143437476022428,1.3030731791257474e-10,0.668889180319656,9.885031194112369,1.3030731791257474e-10,0.2143437476022428,5.2849369779949255e-06
3223,"MMA_Z__fft_coefficient__attr_""imag""__coeff_61",0.2203937229179333,0.0499465432424834,0.6568007788807109,1.3014945635473818,0.0499465432424834,0.2203937229179333,0.10491856180911202
3224,"GYRO_Z__agg_linear_trend__attr_""slope""__chunk_len_5__f_agg_""max""",0.2216791590850956,0.0001741922186423,0.6542751346698674,3.758971249306487,0.0001741922186423,0.2216791590850956,0.006214079541476129
3225,"GYRO_X__fft_coefficient__attr_""imag""__coeff_82",0.2224881277507352,0.015283182214521,0.6526931585702757,1.8157862089594752,0.015283182214521,0.2224881277507352,0.05831231942721977
3226,"ADXL_Y__cwt_coefficients__coeff_10__w_10__widths_(2, 5, 10, 20)",0.2234201156125295,7.639328054288243e-127,0.6508777277905402,126.11694483974219,7.639328054288243e-127,0.2234201156125295,4.1313188657995394e-64
3227,"GYRO_Z__fft_coefficient__attr_""abs""__coeff_84",0.2237421877241291,0.005142073326653,0.6502521197552185,2.288861734551635,0.005142073326653,0.2237421877241291,0.0339190025729418
3228,MMA_Y__time_reversal_asymmetry_statistic__lag_2,0.2237421877241291,5.315946030561738e-05,0.6502521197552185,4.274419436824153,5.315946030561738e-05,0.2237421877241291,0.003448769917958116
3229,"ADXL_Z__fft_coefficient__attr_""abs""__coeff_91",0.2239669849501339,0.0123156093930728,0.6498159964458735,1.9095440938126207,0.0123156093930728,0.2239669849501339,0.05251942405996151
3230,"ADXL_Z__change_quantiles__f_agg_""mean""__isabs_True__qh_0.8__ql_0.2",0.2250319412289215,1.1298605124659956e-13,0.6477558333778619,12.94697516926485,1.1298605124659956e-13,0.2250319412289215,1.594536623719026e-07
3231,ADXL_Y__range_count__max_0__min_-1000000000000.0,0.2265335713118935,0.0005283781978186,0.6448674282863925,3.277055110744151,0.0005283781978186,0.2265335713118935,0.010940539299101739
3232,MMA_X__partial_autocorrelation__lag_4,0.226721395231583,2.0092596065381947e-11,0.6445074944629124,10.696963946575279,2.0092596065381947e-11,0.226721395231583,2.134343321438238e-06
3233,MMA_Y__ratio_beyond_r_sigma__r_3,0.2277244912545653,0.0013086983446903,0.6425902594826578,2.8831604469052263,0.0013086983446903,0.2277244912545653,0.017263332956016644
3234,"ADXL_Y__cwt_coefficients__coeff_10__w_5__widths_(2, 5, 10, 20)",0.2314333323702764,3.0023706929314645e-78,0.6355740912703264,77.52253568785699,3.0023706929314645e-78,0.2314333323702764,8.335758240712028e-40
3235,"ADXL_Y__change_quantiles__f_agg_""mean""__isabs_False__qh_0.6__ql_0.4",0.2316949306361262,0.0072420488667812,0.635083468242143,2.1401385490437486,0.0072420488667812,0.2316949306361262,0.04096273928648213
3236,ADXL_Z__permutation_entropy__dimension_6__tau_1,0.2338099080265986,7.435701684372346e-06,0.631137088939345,5.128678042169342,7.435701684372346e-06,0.2338099080265986,0.0013185373437776884
3237,"MMA_Z__fft_coefficient__attr_""real""__coeff_93",0.2349646210869165,0.0151645695439343,0.62899752506198,1.8191699129067158,0.0151645695439343,0.2349646210869165,0.05969202071329732
3238,"ADXL_Y__change_quantiles__f_agg_""mean""__isabs_False__qh_0.2__ql_0.0",0.2351706015004097,0.0054933805961162,0.6286169700285074,2.260160310851739,0.0054933805961162,0.2351706015004097,0.035942754750565874
3239,MMA_Z__autocorrelation__lag_8,0.2354469920482582,0.0056053799640172,0.6281068535125639,2.2513949431612468,0.0056053799640172,0.2354469920482582,0.036328636800951164
3240,"GYRO_Y__fft_coefficient__attr_""imag""__coeff_15",0.2363869916769809,0.0175041088380764,0.626376426260947,1.7568599949565211,0.0175041088380764,0.2363869916769809,0.06432529541494025
3241,ADXL_X__ar_coefficient__coeff_9__k_10,0.2372465140954078,0.0176628740210021,0.6248001600186922,1.7529386286232158,0.0176628740210021,0.2372465140954078,0.06473372606600895
3242,ADXL_Z__autocorrelation__lag_7,0.2387307862240985,0.0025527943659951,0.6220915716714801,2.5929841672993232,0.0025527943659951,0.2387307862240985,0.024686648335941825
3243,"MMA_Y__cwt_coefficients__coeff_12__w_20__widths_(2, 5, 10, 20)",0.2429155392992497,7.307231420897219e-81,0.6145447025021675,80.13624713827855,7.307231420897219e-81,0.2429155392992497,4.2131224304447534e-41
3244,"ADXL_Z__fft_coefficient__attr_""real""__coeff_93",0.243088776878514,0.0142589241582103,0.614235091556689,1.8459132409482946,0.0142589241582103,0.243088776878514,0.05887431046919222
3245,"GYRO_Z__cwt_coefficients__coeff_7__w_5__widths_(2, 5, 10, 20)",0.2453098108007434,1.3215868113672332e-15,0.6102850824849185,14.878904303996919,1.3215868113672332e-15,0.2453098108007434,1.8005505009670063e-08
3246,"MMA_X__change_quantiles__f_agg_""var""__isabs_True__qh_0.8__ql_0.6",0.2472798327316198,0.0023552261515536,0.6068113017160193,2.6279673850717193,0.0023552261515536,0.2472798327316198,0.02413296353126385
3247,"MMA_Z__fft_coefficient__attr_""abs""__coeff_91",0.2475630701094748,0.0104541233091108,0.6063141401198918,1.9807123815913814,0.0104541233091108,0.2475630701094748,0.05087292857410994
3248,ADXL_Y__abs_energy,0.2535710442561895,0.0049532946386788,0.5959003408444391,2.3051058379479823,0.0049532946386788,0.2535710442561895,0.03544026091944539
3249,MMA_Y__partial_autocorrelation__lag_7,0.2538137353006858,1.1682522902879677e-05,0.5954848794679186,4.932463358894745,1.1682522902879677e-05,0.2538137353006858,0.001721971188991181
3250,"ADXL_X__fft_coefficient__attr_""abs""__coeff_0",0.2555225379995067,1.1936172704369391e-05,0.5925707875170091,4.923134906023216,1.1936172704369391e-05,0.2555225379995067,0.0017464137950156321
3251,"ADXL_Y__cwt_coefficients__coeff_2__w_2__widths_(2, 5, 10, 20)",0.2557338367678237,5.29894091216543e-134,0.5922118056094303,133.2758109232227,5.29894091216543e-134,0.2557338367678237,1.1640955675003908e-67
3252,"GYRO_Y__cwt_coefficients__coeff_3__w_2__widths_(2, 5, 10, 20)",0.2568283697917999,2.240178528112354e-124,0.5903570048885681,123.64971736975312,2.240178528112354e-124,0.2568283697917999,7.585126231103143e-63
3253,"ADXL_Z__agg_linear_trend__attr_""stderr""__chunk_len_50__f_agg_""mean""",0.261040066401796,0.0365199302405933,0.5832928287469593,1.4374700607148012,0.0365199302405933,0.261040066401796,0.09763792815803413
3254,"MMA_Y__change_quantiles__f_agg_""var""__isabs_True__qh_0.6__ql_0.4",0.2644365810059856,3.626809838670527e-06,0.5776784666216204,5.440475214803107,3.626809838670527e-06,0.2644365810059856,0.0009793166973440738
3255,MMA_X__ar_coefficient__coeff_10__k_10,0.2644613179685676,0.0485198409865403,0.577637842045962,1.3140806311109317,0.0485198409865403,0.2644613179685676,0.11327674560529082
3256,"GYRO_Z__cwt_coefficients__coeff_4__w_5__widths_(2, 5, 10, 20)",0.2649503478067764,1.1835278594639444e-16,0.5768355060403305,15.926821514609376,1.1835278594639444e-16,0.2649503478067764,5.599786763832902e-09
3257,ADXL_X__permutation_entropy__dimension_7__tau_1,0.2649575780585184,0.0006671717684905,0.5768236547043484,3.1757623392411163,0.0006671717684905,0.2649575780585184,0.013295571290029676
3258,MMA_X__number_cwt_peaks__n_1,0.2683364943040863,0.000564008405458,0.5713202583863165,3.2487144236463994,0.000564008405458,0.2683364943040863,0.012302196481874179
3259,"ADXL_Y__cwt_coefficients__coeff_12__w_2__widths_(2, 5, 10, 20)",0.2690101232580002,0.0312339781972162,0.5702313765315536,1.505372697195765,0.0312339781972162,0.2690101232580002,0.09166382233286381
3260,"ADXL_Z__fft_coefficient__attr_""imag""__coeff_20",0.2726966094991072,0.0465287359643155,0.5643202617099374,1.3322787456867935,0.0465287359643155,0.2726966094991072,0.11264203718749057
3261,"MMA_Z__fft_coefficient__attr_""imag""__coeff_20",0.2729938397122314,0.0428848865525326,0.5638471529928354,1.367695734465291,0.0428848865525326,0.2729938397122314,0.1082003227610681
3262,ADXL_Y__permutation_entropy__dimension_5__tau_1,0.2729938397122314,8.450774343089509e-12,0.5638471529928354,11.07310349489372,8.450774343089509e-12,0.2729938397122314,1.518884240639034e-06
3263,ADXL_Z__partial_autocorrelation__lag_7,0.2730815849198908,4.782637696131988e-14,0.5637075852404372,13.320332517419969,4.782637696131988e-14,0.2730815849198908,1.1428255694362716e-07
3264,"MMA_Y__cwt_coefficients__coeff_14__w_10__widths_(2, 5, 10, 20)",0.2735277707702624,4.4118487407776106e-80,0.5629985739740146,79.35537938566333,4.4118487407776106e-80,0.2735277707702624,1.0985277197415134e-40
3265,"ADXL_Y__cwt_coefficients__coeff_5__w_2__widths_(2, 5, 10, 20)",0.2736174819750441,2.441814413614479e-28,0.56285615811148,27.61228734702749,2.441814413614479e-28,0.2736174819750441,8.173879808900805e-15
3266,MMA_Z__autocorrelation__lag_7,0.2749965929660619,0.0050012338765378,0.5606726867704827,2.3009228357313067,0.0050012338765378,0.2749965929660619,0.03708533775866609
3267,ADXL_Y__partial_autocorrelation__lag_9,0.2764330946901964,2.6787726729265342e-06,0.5584099642611646,5.57206414009936,2.6787726729265342e-06,0.2764330946901964,0.0008605239217759209
3268,"GYRO_Z__cwt_coefficients__coeff_10__w_20__widths_(2, 5, 10, 20)",0.2779141136797776,2.5931741240894996e-08,0.5560893973118579,7.586168320642021,2.5931741240894996e-08,0.2779141136797776,8.489285531266261e-05
3269,"GYRO_Z__cwt_coefficients__coeff_11__w_20__widths_(2, 5, 10, 20)",0.2786405167571755,1.89588014674497e-08,0.5549557331213759,7.722189121245081,1.89588014674497e-08,0.2786405167571755,7.26821177318526e-05
3270,"GYRO_Z__cwt_coefficients__coeff_9__w_20__widths_(2, 5, 10, 20)",0.2786405167571755,4.1715007692543765e-08,0.5549557331213759,7.379707671993164,4.1715007692543765e-08,0.2786405167571755,0.0001078122966084108
3271,"ADXL_X__cwt_coefficients__coeff_6__w_2__widths_(2, 5, 10, 20)",0.2787561750417155,2.936486901676818e-05,0.5547755032914468,4.532171932005484,2.936486901676818e-05,0.2787561750417155,0.0028610554988876533
3272,"MMA_Y__fft_coefficient__attr_""abs""__coeff_93",0.2792077050316687,0.0011335968558432,0.5540726010683447,2.9455413673229125,0.0011335968558432,0.2792077050316687,0.017790699158579892
3273,"GYRO_Z__cwt_coefficients__coeff_12__w_20__widths_(2, 5, 10, 20)",0.2808112269874586,1.516449005377644e-08,0.5515855328626333,7.81917218941231,1.516449005377644e-08,0.2808112269874586,6.52561036121532e-05
3274,"GYRO_Z__cwt_coefficients__coeff_8__w_20__widths_(2, 5, 10, 20)",0.2808112269874586,3.2681023252304973e-08,0.5515855328626333,7.485704354040707,3.2681023252304973e-08,0.2808112269874586,9.579769432864981e-05
3275,"GYRO_X__cwt_coefficients__coeff_4__w_5__widths_(2, 5, 10, 20)",0.2839657077823089,2.542718182097752e-139,0.5467341029815801,138.59470177145707,2.542718182097752e-139,0.2839657077823089,2.6870890723426604e-70
3276,"GYRO_Z__cwt_coefficients__coeff_7__w_20__widths_(2, 5, 10, 20)",0.2839657077823089,2.2028087247385842e-07,0.5467341029815801,6.657023212062591,2.2028087247385842e-07,0.2839657077823089,0.00025010440592469323
3277,"GYRO_Z__cwt_coefficients__coeff_13__w_20__widths_(2, 5, 10, 20)",0.2846477961150093,6.5459448148257245e-09,0.5456921743635719,8.184027660304778,6.5459448148257245e-09,0.2846477961150093,4.316582867304432e-05
3278,"MMA_Y__fft_coefficient__attr_""abs""__coeff_97",0.2846867007744466,0.0293343645330477,0.54563282057759,1.5326233154169713,0.0293343645330477,0.2846867007744466,0.09138437206781196
3279,"MMA_Z__change_quantiles__f_agg_""mean""__isabs_True__qh_1.0__ql_0.0",0.2847597166783985,0.0371612021204759,0.5455214478359961,1.4299102455437098,0.0371612021204759,0.2847597166783985,0.10286891360977532
3280,MMA_Z__mean_abs_change,0.2847597166783985,0.0371612021204759,0.5455214478359961,1.4299102455437098,0.0371612021204759,0.2847597166783985,0.10286891360977532
3281,"MMA_X__change_quantiles__f_agg_""var""__isabs_False__qh_0.8__ql_0.6",0.2869537183490745,0.0024658764903818,0.5421881432884391,2.608028679925591,0.0024658764903818,0.2869537183490745,0.02660060954009557
3282,"GYRO_Z__cwt_coefficients__coeff_6__w_20__widths_(2, 5, 10, 20)",0.2887891422647494,5.326669300782571e-06,0.5394191391603927,5.273544264976661,5.326669300782571e-06,0.2887891422647494,0.001240275879996451
3283,"GYRO_Z__cwt_coefficients__coeff_14__w_20__widths_(2, 5, 10, 20)",0.2898649923696608,1.7930337640144011e-09,0.537804232174258,8.746411532307823,1.7930337640144011e-09,0.2898649923696608,2.2797756870459395e-05
3284,"GYRO_X__fft_coefficient__attr_""real""__coeff_62",0.2918449259336058,0.046228556205958,0.5348478530072122,1.3350896700829427,0.046228556205958,0.2918449259336058,0.11615321589153417
3285,ADXL_Y__sum_values,0.2921346667726727,0.0022476786971257,0.5344169035032036,2.6482657705221904,0.0022476786971257,0.2921346667726727,0.02562469252882562
3286,"ADXL_Y__fft_coefficient__attr_""real""__coeff_0",0.2921346667726727,0.0022476786971257,0.5344169035032036,2.6482657705221904,0.0022476786971257,0.2921346667726727,0.02562469252882562
3287,"GYRO_Z__cwt_coefficients__coeff_5__w_20__widths_(2, 5, 10, 20)",0.295925534303826,3.7374299779523625e-05,0.5288175595814912,4.427426935249125,3.7374299779523625e-05,0.295925534303826,0.003325659277720268
3288,ADXL_Y__sum_of_reoccurring_data_points,0.2992043761726196,0.0187421729570845,0.5240320587563673,1.7271800586690047,0.0187421729570845,0.2992043761726196,0.07488484604874213
3289,"GYRO_Z__change_quantiles__f_agg_""mean""__isabs_True__qh_0.8__ql_0.6",0.3001768875975714,2.0281085365337984e-12,0.5226227497185151,11.692908806953888,2.0281085365337984e-12,0.3001768875975714,7.802507982737224e-07
3290,"ADXL_Y__change_quantiles__f_agg_""var""__isabs_True__qh_0.6__ql_0.4",0.3014283193913011,3.658590863310994e-07,0.5208159478488346,6.436686154531219,3.658590863310994e-07,0.3014283193913011,0.0003320847625634459
3291,"ADXL_Y__fft_coefficient__attr_""real""__coeff_66",0.3033482284981573,0.0372316960296343,0.5180585369181245,1.4290871797489917,0.0372316960296343,0.3033482284981573,0.10627402803400011
3292,"GYRO_Z__cwt_coefficients__coeff_4__w_20__widths_(2, 5, 10, 20)",0.3049773908422292,0.0008596290596822,0.5157323553955514,3.065688911646967,0.0008596290596822,0.3049773908422292,0.016191585089608624
3293,"ADXL_X__fft_coefficient__attr_""real""__coeff_4",0.3061646572877763,0.0448956517389086,0.5140449443718836,1.3477957195143695,0.0448956517389086,0.3061646572877763,0.11724104156972638
3294,"ADXL_Y__cwt_coefficients__coeff_9__w_20__widths_(2, 5, 10, 20)",0.309798196627404,1.2438895739433859e-127,0.5089211146499142,126.9052181723427,1.2438895739433859e-127,0.309798196627404,1.9630454574749177e-64
3295,"ADXL_X__fft_coefficient__attr_""real""__coeff_72",0.3108151737790789,0.048275393453339,0.5074977874011616,1.3162741779542086,0.048275393453339,0.3108151737790789,0.12249377455794629
3296,"GYRO_Z__cwt_coefficients__coeff_3__w_10__widths_(2, 5, 10, 20)",0.3108871306805392,1.1613051703002711e-08,0.5073972554097103,7.9350536404145995,1.1613051703002711e-08,0.3108871306805392,6.008617413674515e-05
3297,"MMA_X__cwt_coefficients__coeff_2__w_20__widths_(2, 5, 10, 20)",0.3116324038806167,2.7142352781407303e-32,0.5063573902328983,31.56635250908252,2.7142352781407303e-32,0.3116324038806167,9.196975940082533e-17
3298,ADXL_Y__number_cwt_peaks__n_1,0.3121408475396008,0.0006958174050714,0.5056493947430114,3.157504712076032,0.0006958174050714,0.3121408475396008,0.014737470425815705
3299,"GYRO_Y__change_quantiles__f_agg_""mean""__isabs_True__qh_1.0__ql_0.2",0.3125126033679558,0.0010404797151775,0.505132463239001,2.9827663822205923,0.0010404797151775,0.3125126033679558,0.018032277297714498
3300,"GYRO_Z__cwt_coefficients__coeff_2__w_10__widths_(2, 5, 10, 20)",0.3131003279032775,3.087975249491503e-05,0.5043164775555234,4.510326189247034,3.087975249491503e-05,0.3131003279032775,0.0031094148375104195
3301,"GYRO_Z__cwt_coefficients__coeff_3__w_20__widths_(2, 5, 10, 20)",0.3162756253045609,0.0166400974887273,0.49993427695442977,1.7788441336527294,0.0166400974887273,0.3162756253045609,0.07254555285044068
3302,"GYRO_Z__cwt_coefficients__coeff_4__w_10__widths_(2, 5, 10, 20)",0.3240562765426117,3.0325058732822954e-11,0.4893795624181337,10.518198349329774,3.0325058732822954e-11,0.3240562765426117,3.1348087053111577e-06
3303,"ADXL_X__cwt_coefficients__coeff_1__w_10__widths_(2, 5, 10, 20)",0.3263362630917689,7.350232016140454e-67,0.48633466392098734,66.13369895183565,7.350232016140454e-67,0.3263362630917689,4.897598645259485e-34
3304,"GYRO_X__cwt_coefficients__coeff_11__w_2__widths_(2, 5, 10, 20)",0.3272335732854723,0.0032635329095816,0.4851421452677548,2.4863120035049655,0.0032635329095816,0.3272335732854723,0.032679313572000275
3305,"MMA_Y__fft_coefficient__attr_""real""__coeff_66",0.3301149755933097,0.0289004665180843,0.4813347735490787,1.5390951467038516,0.0289004665180843,0.3301149755933097,0.09767536434154041
3306,"GYRO_Z__cwt_coefficients__coeff_1__w_10__widths_(2, 5, 10, 20)",0.3331001709850258,0.0045820880739789,0.4774251443792701,2.338936567334438,0.0045820880739789,0.3331001709850258,0.03906781694580361
3307,"MMA_Y__cwt_coefficients__coeff_11__w_20__widths_(2, 5, 10, 20)",0.3342650908642679,4.2409234693929007e-78,0.4759089767925765,77.37253956463537,4.2409234693929007e-78,0.3342650908642679,1.1906270065998941e-39
3308,"GYRO_X__cwt_coefficients__coeff_1__w_10__widths_(2, 5, 10, 20)",0.3363103922548203,2.1936708493466352e-16,0.4732597124379959,15.658828535848052,2.1936708493466352e-16,0.3363103922548203,8.589262505138212e-09
3309,"MMA_Y__agg_linear_trend__attr_""slope""__chunk_len_50__f_agg_""var""",0.3374664621364301,9.096650067528771e-10,0.47176938144871655,9.041118511529126,9.096650067528771e-10,0.3374664621364301,1.7520885581448365e-05
3310,"ADXL_Y__cwt_coefficients__coeff_9__w_10__widths_(2, 5, 10, 20)",0.3413166509081675,7.342117254232957e-125,0.4668425244340964,124.13417868405708,7.342117254232957e-125,0.3413166509081675,5.005983291811773e-63
3311,"GYRO_X__cwt_coefficients__coeff_12__w_5__widths_(2, 5, 10, 20)",0.3418661717585372,4.260858891050175e-37,0.46614387125794265,36.37050284830436,4.260858891050175e-37,0.3418661717585372,3.8165999495449475e-19
3312,"MMA_X__change_quantiles__f_agg_""var""__isabs_True__qh_0.6__ql_0.2",0.3449337352491451,0.0004285457245462,0.462264328636161,3.368002833347144,0.0004285457245462,0.3449337352491451,0.012158119817339028
3313,"GYRO_Z__cwt_coefficients__coeff_5__w_10__widths_(2, 5, 10, 20)",0.3463897073839231,3.3117187026080496e-14,0.4604350210795669,13.479946559294566,3.3117187026080496e-14,0.3463897073839231,1.0710486787883489e-07
3314,MMA_Y__time_reversal_asymmetry_statistic__lag_1,0.3464654186799847,3.526873499869357e-05,0.4603401065815968,4.4526101171099235,3.526873499869357e-05,0.3464654186799847,0.0034956254143766316
3315,"GYRO_X__cwt_coefficients__coeff_14__w_10__widths_(2, 5, 10, 20)",0.3467455772992188,1.328166083439859e-121,0.4599890695965487,120.87674761426656,1.328166083439859e-121,0.3467455772992188,2.1460095884026154e-61
3316,"GYRO_Z__cwt_coefficients__coeff_4__w_2__widths_(2, 5, 10, 20)",0.3478851701297652,6.604147365681199e-15,0.4585640842391425,14.180183244405594,6.604147365681199e-15,0.3478851701297652,4.793208664216534e-08
3317,"MMA_Y__cwt_coefficients__coeff_13__w_10__widths_(2, 5, 10, 20)",0.349717709779306,2.97517167287686e-78,0.4562823743688178,77.52648796962214,2.97517167287686e-78,0.349717709779306,1.0200344227714877e-39
3318,"ADXL_X__change_quantiles__f_agg_""var""__isabs_False__qh_0.8__ql_0.6",0.352315488785127,0.0039712126806506,0.45306826358558233,2.401076853414697,0.0039712126806506,0.352315488785127,0.037404809004366144
3319,"GYRO_Y__cwt_coefficients__coeff_5__w_2__widths_(2, 5, 10, 20)",0.3528362032079587,1.8377690592718304e-77,0.4524268599155456,76.73570906454154,1.8377690592718304e-77,0.3528362032079587,2.5464317333212266e-39
3320,"ADXL_X__cwt_coefficients__coeff_11__w_5__widths_(2, 5, 10, 20)",0.3530380542147652,9.074434635040463e-81,0.452178479187986,80.04218042332003,9.074434635040463e-81,0.3530380542147652,5.660053662867303e-41
3321,"GYRO_Y__change_quantiles__f_agg_""mean""__isabs_True__qh_0.6__ql_0.0",0.3559239030487846,0.004206748035194,0.4486428447761514,2.37605349944055,0.004206748035194,0.3559239030487846,0.038694730646808416
3322,MMA_Y__partial_autocorrelation__lag_6,0.36003231494741,5.912060042272986e-05,0.4436585170841029,4.228261163940798,5.912060042272986e-05,0.36003231494741,0.004613602348629134
3323,MMA_X__permutation_entropy__dimension_4__tau_1,0.360149916447137,0.0001123684653721,0.44351668164128716,3.9493555503008078,0.0001123684653721,0.360149916447137,0.006361563755481417
3324,"ADXL_X__cwt_coefficients__coeff_5__w_2__widths_(2, 5, 10, 20)",0.3621384813670851,4.780663714719199e-49,0.4411253239611827,48.32051180472052,4.780663714719199e-49,0.3621384813670851,4.160844022040646e-25
3325,MMA_Y__partial_autocorrelation__lag_8,0.3667023008293218,0.0258752493546091,0.4356863651025457,1.5871154563056937,0.0258752493546091,0.3667023008293218,0.0974090009848555
3326,ADXL_Z__permutation_entropy__dimension_5__tau_1,0.3671549832001871,1.0827709620948424e-06,0.43515057296711085,5.9654633997163415,1.0827709620948424e-06,0.3671549832001871,0.0006305115021929277
3327,"GYRO_X__agg_linear_trend__attr_""slope""__chunk_len_10__f_agg_""var""",0.3694725732014168,4.7404993349505035e-14,0.43241779475054076,13.324175910015375,4.7404993349505035e-14,0.3694725732014168,1.3234366201461132e-07
3328,MMA_Y__sum_values,0.3717209315200608,0.0017531879052319,0.4297829831934453,2.756171534087645,0.0017531879052319,0.3717209315200608,0.02552834975595771
3329,"MMA_Y__fft_coefficient__attr_""real""__coeff_0",0.3717209315200608,0.0017531879052319,0.4297829831934453,2.756171534087645,0.0017531879052319,0.3717209315200608,0.02552834975595771
3330,"GYRO_Y__change_quantiles__f_agg_""mean""__isabs_True__qh_0.8__ql_0.0",0.3726823716921732,0.0022376129466318,0.42866114939233024,2.6502150338395665,0.0022376129466318,0.3726823716921732,0.028877653988505565
3331,"MMA_Y__change_quantiles__f_agg_""mean""__isabs_False__qh_0.4__ql_0.0",0.3757944603968767,0.0025858945716138,0.42504962614289193,2.5873891855266726,0.0025858945716138,0.3757944603968767,0.03117314317137142
3332,ADXL_Y__permutation_entropy__dimension_4__tau_1,0.3768832248454232,2.0321824364066132e-13,0.42379319266236054,12.692037306443162,2.0321824364066132e-13,0.3768832248454232,2.76748165324931e-07
3333,"GYRO_Z__cwt_coefficients__coeff_6__w_10__widths_(2, 5, 10, 20)",0.3781218115596881,9.848469836288136e-16,0.42236827009369465,15.006631240901266,9.848469836288136e-16,0.3781218115596881,1.929746422613141e-08
3334,ADXL_X__number_cwt_peaks__n_5,0.3789921651843783,0.0008398295559779,0.42136976800649695,3.0758088453777184,0.0008398295559779,0.3789921651843783,0.017840650823495743
3335,ADXL_Y__ratio_beyond_r_sigma__r_2.5,0.3800779460205288,0.0035395945951871,0.4201273295535968,2.4510464767187137,0.0035395945951871,0.3800779460205288,0.036678629247616085
3336,MMA_Y__ratio_beyond_r_sigma__r_2.5,0.3809037593983246,0.0024529824387195,0.4191847409702153,2.610305560963821,0.0024529824387195,0.3809037593983246,0.030567143023945302
3337,ADXL_Y__quantile__q_0.7,0.3819912751671537,0.0033826717803412,0.4179465564339278,2.470740139635001,0.0033826717803412,0.3819912751671537,0.03594650340220146
3338,GYRO_Z__partial_autocorrelation__lag_2,0.3848821405399427,4.728499430839537e-33,0.41467224074979614,32.32527665890289,4.728499430839537e-33,0.3848821405399427,4.2660461583103176e-17
3339,"GYRO_Z__change_quantiles__f_agg_""mean""__isabs_True__qh_0.4__ql_0.2",0.3854709711607355,7.252733359066661e-16,0.41400832199538407,15.13949828873357,7.252733359066661e-16,0.3854709711607355,1.672040122571611e-08
3340,"ADXL_Y__fft_coefficient__attr_""angle""__coeff_1",0.386040085593834,0.0088842962951594,0.41336759675746765,2.051376965971497,0.0088842962951594,0.386040085593834,0.05856359365872553
3341,MMA_Y__quantile__q_0.8,0.3882953266256388,0.0145296850934636,0.4108378364251364,1.8377437982039129,0.0145296850934636,0.3882953266256388,0.07511197520458456
3342,MMA_Z__partial_autocorrelation__lag_9,0.3917126503719564,0.0036002245565133,0.40703240267215074,2.4436704101735125,0.0036002245565133,0.3917126503719564,0.03755334210115028
3343,GYRO_Y__energy_ratio_by_chunks__num_segments_10__segment_focus_7,0.3926913274954954,3.73242747203902e-21,0.4059486899249997,20.428008622665033,3.73242747203902e-21,0.3926913274954954,3.8284355796795887e-11
3344,"ADXL_Y__change_quantiles__f_agg_""var""__isabs_False__qh_0.6__ql_0.4",0.3974404405771165,1.9717285274957197e-07,0.40072794440811027,6.705152880026927,1.9717285274957197e-07,0.3974404405771165,0.00027993653828437047
3345,"GYRO_Y__fft_coefficient__attr_""real""__coeff_4",0.3978778185622625,0.0331443316216826,0.40025027182252254,1.4795907344060475,0.0331443316216826,0.3978778185622625,0.11483638083525312
3346,"MMA_Y__change_quantiles__f_agg_""var""__isabs_False__qh_0.6__ql_0.4",0.4005156454936836,3.291976076778877e-06,0.39738051423927223,5.482543329523156,3.291976076778877e-06,0.4005156454936836,0.001148254293848212
3347,"GYRO_Z__cwt_coefficients__coeff_3__w_5__widths_(2, 5, 10, 20)",0.4015718866600732,1.2221777287458675e-16,0.3962366989899539,15.912865634518091,1.2221777287458675e-16,0.4015718866600732,7.005656402981816e-09
3348,"MMA_X__fft_coefficient__attr_""abs""__coeff_0",0.401609500812625,0.0063183745813111,0.3961960217054415,2.1993946307616414,0.0063183745813111,0.401609500812625,0.05037379538557254
3349,MMA_Z__partial_autocorrelation__lag_3,0.4019819669915405,4.6626334893409175e-09,0.3957934290342563,8.331368721327113,4.6626334893409175e-09,0.4019819669915405,4.329312395064477e-05
3350,"MMA_X__cwt_coefficients__coeff_5__w_2__widths_(2, 5, 10, 20)",0.402838033718373,1.2391026001241949e-58,0.39486953252201873,57.906892731700644,1.2391026001241949e-58,0.402838033718373,7.065109022579581e-30
3351,"ADXL_Y__change_quantiles__f_agg_""mean""__isabs_True__qh_0.8__ql_0.6",0.4058873287956174,8.974533439350615e-10,0.39159450650493643,9.046988119906452,8.974533439350615e-10,0.4058873287956174,1.908572609277668e-05
3352,"GYRO_X__cwt_coefficients__coeff_3__w_5__widths_(2, 5, 10, 20)",0.4058873287956174,1.319117867863016e-134,0.39159450650493643,133.87971639696656,1.319117867863016e-134,0.4058873287956174,7.317193640689645e-68
3353,"ADXL_Z__change_quantiles__f_agg_""mean""__isabs_True__qh_0.6__ql_0.2",0.4076004002230572,1.494015961668654e-08,0.38976539823141115,7.825644762609249,1.494015961668654e-08,0.4076004002230572,7.803598553973539e-05
3354,"ADXL_X__change_quantiles__f_agg_""var""__isabs_True__qh_0.8__ql_0.6",0.4080575270914524,0.0029774002421165,0.3892786066718349,2.5261627806509326,0.0029774002421165,0.4080575270914524,0.034856141208681586
3355,"GYRO_X__cwt_coefficients__coeff_1__w_5__widths_(2, 5, 10, 20)",0.4082110299792569,2.537115039828499e-75,0.3891152646997888,74.59565984021619,2.537115039828499e-75,0.4082110299792569,3.2181956801665353e-38
3356,"GYRO_Z__agg_linear_trend__attr_""slope""__chunk_len_50__f_agg_""max""",0.4132213170079124,0.0003186189109622,0.38381728245709135,3.4967284511249828,0.0003186189109622,0.4132213170079124,0.011474324642933329
3357,"MMA_Y__cwt_coefficients__coeff_1__w_5__widths_(2, 5, 10, 20)",0.414111176038088,4.2459829503580317e-50,0.38288304859403627,49.37202175406552,4.2459829503580317e-50,0.414111176038088,1.326012440744971e-25
3358,"GYRO_Z__cwt_coefficients__coeff_7__w_10__widths_(2, 5, 10, 20)",0.4178449467780223,6.184241635078949e-17,0.3789848456200354,16.208713549695936,6.184241635078949e-17,0.4178449467780223,5.0833592405731e-09
3359,ADXL_Z__lempel_ziv_complexity__bins_3,0.4222177016436964,0.0288311807079296,0.3744635626791909,1.540137571817872,0.0288311807079296,0.4222177016436964,0.11033147716846772
3360,MMA_Y__permutation_entropy__dimension_3__tau_1,0.4267212543960724,1.0169529012869564e-08,0.36985572499387936,7.992699160336683,1.0169529012869564e-08,0.4267212543960724,6.587529261406701e-05
3361,"GYRO_Z__cwt_coefficients__coeff_8__w_5__widths_(2, 5, 10, 20)",0.4277645448942979,1.0439360732400685e-12,0.3687952146099117,11.98132609509728,1.0439360732400685e-12,0.4277645448942979,6.682505811956158e-07
3362,"GYRO_X__cwt_coefficients__coeff_10__w_2__widths_(2, 5, 10, 20)",0.4297366483099445,0.0020568611364717,0.3667976077308307,2.68679502755651,0.0020568611364717,0.4297366483099445,0.029730600579644058
3363,ADXL_X__partial_autocorrelation__lag_7,0.4368037763051251,1.2534248024181795e-05,0.3597136156755982,4.901901715853712,1.2534248024181795e-05,0.4368037763051251,0.0023398732594112144
3364,"MMA_Y__cwt_coefficients__coeff_10__w_20__widths_(2, 5, 10, 20)",0.4392466391214419,5.051358750952364e-76,0.3572915528072746,75.29659178650127,5.051358750952364e-76,0.4392466391214419,1.4895611281020026e-38
3365,"ADXL_X__change_quantiles__f_agg_""var""__isabs_True__qh_0.6__ql_0.2",0.4403465916899692,0.0015209452970231,0.3562053607740803,2.8178864056894324,0.0015209452970231,0.4403465916899692,0.02587939484785164
3366,"GYRO_Z__change_quantiles__f_agg_""mean""__isabs_True__qh_0.8__ql_0.4",0.4416898212999506,9.395585362738191e-28,0.354882608901445,27.027076157352944,9.395585362738191e-28,0.4416898212999506,2.037138782674431e-14
3367,ADXL_Y__permutation_entropy__dimension_3__tau_1,0.4420972787544885,1.558969339123023e-17,0.3544821583027819,16.807162426171406,1.558969339123023e-17,0.4420972787544885,2.6252925598644656e-09
3368,ADXL_X__lempel_ziv_complexity__bins_10,0.4420972787544885,0.0444779116835321,0.3544821583027819,1.3518556118398808,0.0444779116835321,0.4420972787544885,0.14022682952977297
3369,"ADXL_Y__cwt_coefficients__coeff_1__w_5__widths_(2, 5, 10, 20)",0.4432492556420218,1.4094639290310736e-79,0.3533519850464669,78.8509460341047,1.4094639290310736e-79,0.4432492556420218,2.4994876222884217e-40
3370,"MMA_Y__cwt_coefficients__coeff_3__w_2__widths_(2, 5, 10, 20)",0.4437300728806904,1.820419579741366e-88,0.35288113688282496,87.73982850203407,1.820419579741366e-88,0.4437300728806904,8.987629903328642e-45
3371,ADXL_X__partial_autocorrelation__lag_8,0.4441287950262864,1.5193433741198774e-11,0.35249106849347817,10.818344063771896,1.5193433741198774e-11,0.4441287950262864,2.5976607591812936e-06
3372,"MMA_Z__change_quantiles__f_agg_""mean""__isabs_True__qh_0.6__ql_0.2",0.4441427168566084,9.170333272421049e-06,0.35247745514664347,5.037614880715657,9.170333272421049e-06,0.4441427168566084,0.0020181518114586023
3373,"ADXL_Y__cwt_coefficients__coeff_1__w_2__widths_(2, 5, 10, 20)",0.446602837976118,2.62708651381642e-121,0.35007852149420077,120.58052562502344,2.62708651381642e-121,0.446602837976118,3.4252945751850295e-61
3374,"MMA_X__cwt_coefficients__coeff_1__w_10__widths_(2, 5, 10, 20)",0.4466051320506802,6.520311349257039e-48,0.3500762906499699,47.18573166591902,6.520311349257039e-48,0.4466051320506802,1.70645964240192e-24
3375,"MMA_Y__cwt_coefficients__coeff_12__w_10__widths_(2, 5, 10, 20)",0.4482509980102744,3.183326376846431e-77,0.3484787348279713,76.49711883219366,3.183326376846431e-77,0.4482509980102744,3.7774716748294004e-39
3376,"ADXL_Y__cwt_coefficients__coeff_8__w_20__widths_(2, 5, 10, 20)",0.4482727910277316,4.829969843415558e-125,0.3484576208601251,124.31605558081766,4.829969843415558e-125,0.4482727910277316,4.6531108543507406e-63
3377,"GYRO_X__cwt_coefficients__coeff_2__w_5__widths_(2, 5, 10, 20)",0.457836928016934,2.882399951628997e-122,0.3392891811084258,121.5402457581736,2.882399951628997e-122,0.457836928016934,1.148768531589362e-61
3378,"GYRO_Z__change_quantiles__f_agg_""mean""__isabs_True__qh_0.6__ql_0.2",0.458413370270476,3.305626767813513e-34,0.3387427240467547,33.48074618338088,3.305626767813513e-34,0.458413370270476,1.230992894979371e-17
3379,ADXL_Y__partial_autocorrelation__lag_7,0.4598459554080576,4.9373540676676114e-14,0.33738762901536046,13.306505727526151,4.9373540676676114e-14,0.4598459554080576,1.506792055472311e-07
3380,"GYRO_Z__cwt_coefficients__coeff_8__w_10__widths_(2, 5, 10, 20)",0.460561985537505,2.5024682505696613e-17,0.33671191125371436,16.601631423814624,2.5024682505696613e-17,0.460561985537505,3.394910523455559e-09
3381,GYRO_Z__time_reversal_asymmetry_statistic__lag_1,0.461466541929218,1.8118436856165948e-06,0.33585978149021817,5.741879273216865,1.8118436856165948e-06,0.461466541929218,0.000914387904621326
3382,ADXL_X__permutation_entropy__dimension_6__tau_1,0.466131837483844,1.5006846699904236e-06,0.33149123310829914,5.823710553905941,1.5006846699904236e-06,0.466131837483844,0.0008363712708519299
3383,MMA_Y__lempel_ziv_complexity__bins_100,0.4688031314462425,0.0493328817935911,0.32900949604013335,1.3068635143675942,0.0493328817935911,0.4688031314462425,0.15207698533342523
3384,"MMA_X__cwt_coefficients__coeff_12__w_5__widths_(2, 5, 10, 20)",0.469693966108295,4.920162163610757e-44,0.3281850189155456,43.308020583086154,4.920162163610757e-44,0.469693966108295,1.5201876464839154e-22
3385,MMA_Y__partial_autocorrelation__lag_4,0.4710241289388941,1.3134137580367209e-08,0.3269568448952903,7.881598438780772,1.3134137580367209e-08,0.4710241289388941,7.865427968747828e-05
3386,"ADXL_X__change_quantiles__f_agg_""mean""__isabs_True__qh_0.8__ql_0.6",0.4725256969969501,0.0061015404819644,0.3255745686139418,2.2145605029639905,0.0061015404819644,0.4725256969969501,0.05369482907129265
3387,"ADXL_X__change_quantiles__f_agg_""mean""__isabs_True__qh_0.8__ql_0.4",0.4743721886754313,0.0223965100721703,0.3238807805604232,1.6498196501694462,0.0223965100721703,0.4743721886754313,0.10307415535247799
3388,"GYRO_Z__agg_linear_trend__attr_""slope""__chunk_len_10__f_agg_""max""",0.476665345914844,0.0007827103777593,0.3217864206029011,3.1063989079410472,0.0007827103777593,0.476665345914844,0.019315561419896005
3389,"MMA_X__change_quantiles__f_agg_""var""__isabs_False__qh_0.6__ql_0.2",0.4767452917516504,0.0003837543253549,0.321713587272779,3.415946716486278,0.0003837543253549,0.4767452917516504,0.01352601448329402
3390,ADXL_Z__number_cwt_peaks__n_5,0.4785081490332523,0.0109594530780207,0.3201106617533054,1.9602111183994861,0.0109594530780207,0.4785081490332523,0.07241676329953213
3391,MMA_Z__number_cwt_peaks__n_1,0.4785081490332523,0.0069461263986539,0.3201106617533054,2.1582573180971756,0.0069461263986539,0.4785081490332523,0.057652216661381615
3392,ADXL_Z__permutation_entropy__dimension_4__tau_1,0.4896045792529291,2.982855633715582e-06,0.31015452890379835,5.525367765410284,2.982855633715582e-06,0.4896045792529291,0.0012084782900480863
3393,"ADXL_Y__cwt_coefficients__coeff_8__w_10__widths_(2, 5, 10, 20)",0.4948981432655287,8.522760237597665e-122,0.3054841755504277,121.0694197289636,8.522760237597665e-122,0.4948981432655287,2.0537522287472656e-61
3394,GYRO_X__number_crossing_m__m_1,0.5007947360850343,1.0422682922507372e-11,0.3003402446962638,10.982020474082361,1.0422682922507372e-11,0.5007947360850343,2.284649807623714e-06
3395,GYRO_X__partial_autocorrelation__lag_2,0.5007947360850343,4.105727210953317e-22,0.3003402446962638,21.386609909011526,4.105727210953317e-22,0.5007947360850343,1.4339200030149905e-11
3396,"GYRO_Z__cwt_coefficients__coeff_9__w_10__widths_(2, 5, 10, 20)",0.5027631788446641,1.7871880153681594e-17,0.29863653649551625,16.747829756536504,1.7871880153681594e-17,0.5027631788446641,2.9975528816012275e-09
3397,MMA_Z__lempel_ziv_complexity__bins_5,0.5100145520619049,0.0274893427263202,0.29241743215691984,1.5608356440686737,0.0274893427263202,0.5100145520619049,0.11840593235577507
3398,"MMA_X__change_quantiles__f_agg_""mean""__isabs_True__qh_0.8__ql_0.4",0.512712697674331,0.0036221150852089,0.2901259268318674,2.441037754994587,0.0036221150852089,0.512712697674331,0.04309413413243553
3399,"MMA_Y__cwt_coefficients__coeff_10__w_5__widths_(2, 5, 10, 20)",0.5134383498360987,4.52310657844384e-47,0.2895116960459929,46.34456317880621,4.52310657844384e-47,0.5134383498360987,4.819062541375664e-24
3400,"GYRO_Y__cwt_coefficients__coeff_2__w_2__widths_(2, 5, 10, 20)",0.5144034275484329,2.9213978712272057e-128,0.288696146303874,127.53440929153332,2.9213978712272057e-128,0.5144034275484329,1.2258780845548917e-64
3401,"ADXL_Y__change_quantiles__f_agg_""mean""__isabs_False__qh_0.4__ql_0.2",0.5182727581149397,3.6393959983535193e-06,0.28544161830939485,5.438970686776234,3.6393959983535193e-06,0.5182727581149397,0.0013733898943632697
3402,"ADXL_Z__change_quantiles__f_agg_""mean""__isabs_True__qh_0.4__ql_0.2",0.5231408359746582,0.0003196643418741,0.28138137795334167,3.495305805989837,0.0003196643418741,0.5231408359746582,0.012931723436545712
3403,MMA_X__partial_autocorrelation__lag_8,0.5232968407355849,4.280133682803108e-08,0.2812518871889494,7.368542666314623,4.280133682803108e-08,0.5232968407355849,0.00014965896011054036
3404,"GYRO_Z__cwt_coefficients__coeff_14__w_10__widths_(2, 5, 10, 20)",0.5234513799094478,1.5486054620957066e-12,0.28112365098159703,11.810059213267088,1.5486054620957066e-12,0.5234513799094478,9.003441931113377e-07
3405,"GYRO_Y__change_quantiles__f_agg_""mean""__isabs_True__qh_0.8__ql_0.4",0.5251710280629709,3.822131047994452e-13,0.2796992405022815,12.417694426531357,3.822131047994452e-13,0.5251710280629709,4.4802594700158235e-07
3406,"GYRO_Y__change_quantiles__f_agg_""mean""__isabs_True__qh_0.8__ql_0.2",0.5255070694719115,3.587857941535563e-08,0.27942143717714785,7.445164760842155,3.587857941535563e-08,0.5255070694719115,0.00013731149669775938
3407,GYRO_X__partial_autocorrelation__lag_4,0.5297228017832806,5.604952397909258e-05,0.2759513325665282,4.251428071456719,5.604952397909258e-05,0.5297228017832806,0.005448918322091467
3408,"GYRO_X__fft_coefficient__attr_""real""__coeff_85",0.5298858869448974,0.0477120189228077,0.2758176473918347,1.3213722059838622,0.0477120189228077,0.5298858869448974,0.1590029102401704
3409,"GYRO_Z__change_quantiles__f_agg_""mean""__isabs_True__qh_0.8__ql_0.2",0.5330142498702567,4.582103513861232e-21,0.27326118017174955,20.33893510393079,4.582103513861232e-21,0.5330142498702567,4.9419899506864765e-11
3410,"GYRO_Z__cwt_coefficients__coeff_10__w_10__widths_(2, 5, 10, 20)",0.5373577536188345,4.473793643228697e-17,0.2697364802389595,16.349324051905445,4.473793643228697e-17,0.5373577536188345,4.903088518759981e-09
3411,MMA_Z__partial_autocorrelation__lag_5,0.5392384203504825,2.5264771452836792e-06,0.268219172200167,5.597484626070942,2.5264771452836792e-06,0.5392384203504825,0.0011672075843115345
3412,MMA_Z__lempel_ziv_complexity__bins_3,0.5399096315595306,0.0448674540580423,0.2676789249906098,1.3480685732107027,0.0448674540580423,0.5399096315595306,0.15564180219173698
3413,ADXL_Z__partial_autocorrelation__lag_9,0.5454522687301802,1.6386715035367153e-12,0.26324324752121714,11.785508098595438,1.6386715035367153e-12,0.5454522687301802,9.454190019814478e-07
3414,"ADXL_Y__cwt_coefficients__coeff_9__w_5__widths_(2, 5, 10, 20)",0.5494090971428103,2.52231015828256e-91,0.260104153786563,90.59820151104266,2.52231015828256e-91,0.5494090971428103,3.722606810792889e-46
3415,"ADXL_Y__cwt_coefficients__coeff_2__w_5__widths_(2, 5, 10, 20)",0.5506136477852633,1.394154838269528e-105,0.2591530281690367,104.85568898974469,1.394154838269528e-105,0.5506136477852633,2.7706329260244107e-53
3416,"GYRO_Z__cwt_coefficients__coeff_13__w_10__widths_(2, 5, 10, 20)",0.5549697918405865,1.1399357468758576e-13,0.25573065578541193,12.943119627228159,1.1399357468758576e-13,0.5549697918405865,2.5152135180841766e-07
3417,"MMA_Y__cwt_coefficients__coeff_9__w_20__widths_(2, 5, 10, 20)",0.5573778004261017,2.2351739249446508e-74,0.25385033261668455,73.65068867758579,2.2351739249446508e-74,0.5573778004261017,1.1161703838820604e-37
3418,"ADXL_X__change_quantiles__f_agg_""var""__isabs_False__qh_0.6__ql_0.2",0.5594036268733029,0.0008800520049561,0.2522747222227042,3.0554916633065012,0.0008800520049561,0.5594036268733029,0.022187931030394976
3419,"GYRO_Z__cwt_coefficients__coeff_11__w_10__widths_(2, 5, 10, 20)",0.5600300640515236,2.832684551396795e-16,0.25178865817020235,15.547801785950957,2.832684551396795e-16,0.5600300640515236,1.2595191585507974e-08
3420,MMA_Y__partial_autocorrelation__lag_5,0.5658729792336462,6.327977522886068e-07,0.247281043385569,6.198735072131095,6.327977522886068e-07,0.5658729792336462,0.000598400492429534
3421,"GYRO_Z__cwt_coefficients__coeff_12__w_10__widths_(2, 5, 10, 20)",0.5658960395957486,2.905479160066789e-16,0.2472633454492471,15.536782235248596,2.905479160066789e-16,0.5658960395957486,1.2822632919216622e-08
3422,"ADXL_X__cwt_coefficients__coeff_1__w_20__widths_(2, 5, 10, 20)",0.5678835050350138,1.02600403879855e-25,0.24574074581964184,24.988850929648695,1.02600403879855e-25,0.5678835050350138,2.4138160032053e-13
3423,"MMA_Y__cwt_coefficients__coeff_11__w_10__widths_(2, 5, 10, 20)",0.5681261827367223,2.1238966622541108e-76,0.24555519530986952,75.67286661758331,2.1238966622541108e-76,0.5681261827367223,1.0984722587547187e-38
3424,"MMA_Y__cwt_coefficients__coeff_2__w_5__widths_(2, 5, 10, 20)",0.5682116077287086,2.297102929384252e-71,0.2454898985239711,70.6388195443513,2.297102929384252e-71,0.5682116077287086,3.6128112995612597e-36
3425,"GYRO_X__cwt_coefficients__coeff_0__w_10__widths_(2, 5, 10, 20)",0.5685042320790387,0.0318624485450386,0.24526629797407876,1.4967208528682656,0.0318624485450386,0.5685042320790387,0.13458802637030923
3426,"MMA_X__cwt_coefficients__coeff_1__w_20__widths_(2, 5, 10, 20)",0.5731933163251621,2.117432989314517e-17,0.241698882301253,16.67419032495543,2.117432989314517e-17,0.5731933163251621,3.483817499872072e-09
3427,"MMA_Y__change_quantiles__f_agg_""mean""__isabs_True__qh_0.8__ql_0.6",0.5735572698288454,3.350434784032446e-07,0.24142321119101398,6.474898831156059,3.350434784032446e-07,0.5735572698288454,0.00043836813609901516
3428,"GYRO_Y__cwt_coefficients__coeff_2__w_5__widths_(2, 5, 10, 20)",0.5817650318729252,3.690740806774842e-100,0.23525238642520585,99.43288645335215,3.690740806774842e-100,0.5817650318729252,1.4653135988886719e-50
3429,MMA_X__variation_coefficient,0.5868327660094266,1.7360010172325673e-22,0.2314856451699114,21.760450024678903,1.7360010172325673e-22,0.5868327660094266,1.009327636963224e-11
3430,"ADXL_X__change_quantiles__f_agg_""mean""__isabs_True__qh_1.0__ql_0.6",0.5879640538375563,0.0136819007873163,0.2306492244292937,1.8638535631350686,0.0136819007873163,0.5879640538375563,0.08969094631630187
3431,MMA_X__partial_autocorrelation__lag_6,0.5901908603218283,7.188293267190656e-07,0.22900752025546037,6.143374212903563,7.188293267190656e-07,0.5901908603218283,0.0006513420750733718
3432,ADXL_X__partial_autocorrelation__lag_9,0.5966303921832437,2.546476340852211e-09,0.2242946275725325,8.594060354471138,2.546476340852211e-09,0.5966303921832437,3.8978265455610074e-05
3433,"GYRO_Y__cwt_coefficients__coeff_3__w_5__widths_(2, 5, 10, 20)",0.6002321496408,1.8670110323549584e-107,0.22168074660250156,106.72885311575381,1.8670110323549584e-107,0.6002321496408,3.3475962202056354e-54
3434,MMA_Y__lempel_ziv_complexity__bins_5,0.6005046425411382,0.0068480406801149,0.22148363068871127,2.1644336684394094,0.0068480406801149,0.6005046425411382,0.06412706309133119
3435,"ADXL_Y__cwt_coefficients__coeff_7__w_20__widths_(2, 5, 10, 20)",0.6014306897985893,2.477135648597453e-121,0.22081441449604122,120.6060502106833,2.477135648597453e-121,0.6014306897985893,3.8598256461408225e-61
3436,"ADXL_Y__cwt_coefficients__coeff_3__w_5__widths_(2, 5, 10, 20)",0.6038674540290058,5.501378890091793e-122,0.21905837644649476,121.25952844335971,5.501378890091793e-122,0.6038674540290058,1.8226638922216703e-61
3437,"GYRO_Y__cwt_coefficients__coeff_1__w_5__widths_(2, 5, 10, 20)",0.6055448909965808,5.083185218304173e-74,0.21785365567627676,73.29386406542578,5.083185218304173e-74,0.6055448909965808,1.7544505803622486e-37
3438,"MMA_X__cwt_coefficients__coeff_14__w_5__widths_(2, 5, 10, 20)",0.6058290242500218,1.4160529318967592e-14,0.2176499241862645,13.848920512464732,1.4160529318967592e-14,0.6058290242500218,9.26221337487642e-08
3439,GYRO_Y__partial_autocorrelation__lag_3,0.6058290242500218,0.0002246674061912,0.2176499241862645,3.6484599286402974,0.0002246674061912,0.6058290242500218,0.011666620567825029
3440,"MMA_X__cwt_coefficients__coeff_1__w_5__widths_(2, 5, 10, 20)",0.6073453283064328,2.7221333105580673e-60,0.2165643047514227,59.56509060998424,2.7221333105580673e-60,0.6073453283064328,1.2857973981910083e-30
3441,"MMA_Y__change_quantiles__f_agg_""mean""__isabs_False__qh_0.4__ql_0.2",0.608479902631513,0.0100835834473985,0.21575376142795688,1.9963851033201478,0.0100835834473985,0.608479902631513,0.07833044027866673
3442,"GYRO_Z__cwt_coefficients__coeff_2__w_5__widths_(2, 5, 10, 20)",0.6099861055887874,1.5534595957787713e-14,0.21468005734143525,13.808700037908537,1.5534595957787713e-14,0.6099861055887874,9.734417132107215e-08
3443,MMA_Z__partial_autocorrelation__lag_4,0.6115280133716147,4.097927645596127e-06,0.21358364365786534,5.38743571391817,4.097927645596127e-06,0.6115280133716147,0.001583034286442343
3444,ADXL_Z__permutation_entropy__dimension_3__tau_1,0.6115280133716147,1.5665064569566633e-05,0.21358364365786534,4.805067810667453,1.5665064569566633e-05,0.6115280133716147,0.0030950970607664554
3445,"MMA_X__cwt_coefficients__coeff_13__w_5__widths_(2, 5, 10, 20)",0.611595782497787,4.1209012732192935e-30,0.21353551809989718,29.385007789991228,4.1209012732192935e-30,0.611595782497787,1.5875534128937774e-15
3446,MMA_Y__energy_ratio_by_chunks__num_segments_10__segment_focus_7,0.6130177919971774,0.0380306274550406,0.21252692049942698,1.419866509244904,0.0380306274550406,0.6130177919971774,0.1526874299697137
3447,MMA_Z__variation_coefficient,0.6145096159826875,6.725274097410322e-21,0.21147131678803274,20.1722900107208,6.725274097410322e-21,0.6145096159826875,6.428643405087836e-11
3448,MMA_Y__partial_autocorrelation__lag_3,0.6172136243928811,9.87287451963616e-11,0.20956449587308076,10.005556382663459,9.87287451963616e-11,0.6172136243928811,7.806197964080054e-06
3449,GYRO_X__energy_ratio_by_chunks__num_segments_10__segment_focus_9,0.6190199757764604,5.922628480232385e-70,0.2082953360695268,69.22748550930494,5.922628480232385e-70,0.6190199757764604,1.9147389739508686e-35
3450,"MMA_X__cwt_coefficients__coeff_0__w_10__widths_(2, 5, 10, 20)",0.6218979273043236,0.0016904515128307,0.206280890624642,2.7719972815749743,0.0016904515128307,0.6218979273043236,0.03242357617595367
3451,"ADXL_X__cwt_coefficients__coeff_0__w_10__widths_(2, 5, 10, 20)",0.6225915385274113,0.0137014396845161,0.20579678599180312,1.8632337967712702,0.0137014396845161,0.6225915385274113,0.09236016681028357
3452,"MMA_Z__change_quantiles__f_agg_""mean""__isabs_True__qh_0.4__ql_0.2",0.6251643781311075,0.0169358557969765,0.2040057760492645,1.7711928528419747,0.0169358557969765,0.6251643781311075,0.10289651965657014
3453,"ADXL_X__cwt_coefficients__coeff_12__w_5__widths_(2, 5, 10, 20)",0.6266373409829309,2.843336457890673e-57,0.2029837293080553,56.54617174630339,2.843336457890673e-57,0.6266373409829309,4.2210671606744626e-29
3454,"ADXL_Y__cwt_coefficients__coeff_0__w_10__widths_(2, 5, 10, 20)",0.6323393632097056,0.0124147372247897,0.19904978245585636,1.9060624684599268,0.0124147372247897,0.6323393632097056,0.08860207125761421
3455,"MMA_X__change_quantiles__f_agg_""mean""__isabs_True__qh_0.8__ql_0.6",0.6334219177621222,0.0029243843875855,0.19830691317999163,2.5339655433299426,0.0029243843875855,0.6334219177621222,0.04303915853101704
3456,"MMA_X__cwt_coefficients__coeff_0__w_5__widths_(2, 5, 10, 20)",0.6347847196948901,0.0252829445310782,0.1973735359689567,1.597172348145586,0.0252829445310782,0.6347847196948901,0.12668554320529998
3457,ADXL_Y__energy_ratio_by_chunks__num_segments_10__segment_focus_7,0.6351281410251938,0.026200190098016,0.1971386442736794,1.5816955576031606,0.026200190098016,0.6351281410251938,0.12899797685025757
3458,"GYRO_Y__change_quantiles__f_agg_""mean""__isabs_True__qh_0.6__ql_0.2",0.6373278764200766,9.282611938896718e-13,0.19563708526932183,12.032329804918714,9.282611938896718e-13,0.6373278764200766,7.691597593899915e-07
3459,ADXL_Y__partial_autocorrelation__lag_6,0.6378243730622258,4.338245408867126e-11,0.19529888916300908,10.362685884156264,4.338245408867126e-11,0.6378243730622258,5.260264877456984e-06
3460,MMA_Y__abs_energy,0.6381472403553714,0.0206216810581574,0.19507910451369823,1.685675934371452,0.0206216810581574,0.6381472403553714,0.11471559989274248
3461,MMA_X__permutation_entropy__dimension_3__tau_1,0.6409614684481783,0.0011931613515129,0.19316807741302452,2.923300822605083,0.0011931613515129,0.6409614684481783,0.02765448339711522
3462,"MMA_X__cwt_coefficients__coeff_0__w_20__widths_(2, 5, 10, 20)",0.6453319300061015,0.004502614680615,0.1902168461552459,2.34653521698172,0.004502614680615,0.6453319300061015,0.05390436922843161
3463,"MMA_Y__cwt_coefficients__coeff_2__w_2__widths_(2, 5, 10, 20)",0.6455413033412897,2.8448926964019605e-89,0.1900759652653517,88.54593410966939,2.8448926964019605e-89,0.6455413033412897,4.2854354960743924e-45
3464,MMA_X__max_langevin_fixed_point__m_3__r_30,0.6457864546607769,3.037921325964379e-11,0.18991106852878903,10.517423477392903,3.037921325964379e-11,0.6457864546607769,4.429275835430553e-06
3465,"GYRO_Y__cwt_coefficients__coeff_4__w_5__widths_(2, 5, 10, 20)",0.6470883867420029,3.026707879212739e-110,0.18903639436589817,109.51902949267672,3.026707879212739e-110,0.6470883867420029,1.39948116053739e-55
3466,ADXL_X__permutation_entropy__dimension_5__tau_1,0.6473195042750256,8.98242378755961e-07,0.18888130713099163,6.046606458930741,8.98242378755961e-07,0.6473195042750256,0.0007625285642748923
3467,"GYRO_X__agg_linear_trend__attr_""slope""__chunk_len_5__f_agg_""var""",0.6480428010769871,1.8337478618627373e-14,0.18839630947247046,13.736660379532713,1.8337478618627373e-14,0.6480428010769871,1.090113343130183e-07
3468,"ADXL_X__cwt_coefficients__coeff_14__w_5__widths_(2, 5, 10, 20)",0.6490780810178033,8.071184248513105e-13,0.18770305648857366,12.093062738529328,8.071184248513105e-13,0.6490780810178033,7.237975396176756e-07
3469,"ADXL_Y__fft_coefficient__attr_""abs""__coeff_0",0.6522920378142792,0.0048112953557936,0.18555792264940704,2.3177379818099455,0.0048112953557936,0.6522920378142792,0.05602115361322886
3470,"ADXL_Y__change_quantiles__f_agg_""mean""__isabs_True__qh_1.0__ql_0.4",0.653947102816349,3.434169333036286e-07,0.18445737993884198,6.464178294326484,3.434169333036286e-07,0.653947102816349,0.00047389503963639806
3471,"ADXL_Y__change_quantiles__f_agg_""mean""__isabs_False__qh_0.4__ql_0.0",0.6585919286138796,0.0006083114646273,0.18138359609591986,3.215873998468107,0.0006083114646273,0.6585919286138796,0.020015719339729645
3472,"MMA_X__change_quantiles__f_agg_""mean""__isabs_True__qh_1.0__ql_0.6",0.6591297587236807,0.0402225277845235,0.18102908017028413,1.3955306396474427,0.0402225277845235,0.6591297587236807,0.16282464504450644
3473,GYRO_Y__partial_autocorrelation__lag_6,0.6607969387117415,0.0075061257668223,0.17993197764844565,2.1245841631604336,0.0075061257668223,0.6607969387117415,0.07042744442546171
3474,ADXL_Y__partial_autocorrelation__lag_8,0.6607969387117415,5.906853437926923e-11,0.17993197764844565,10.22864380481333,5.906853437926923e-11,0.6607969387117415,6.2475840684227985e-06
3475,"ADXL_Y__cwt_coefficients__coeff_4__w_5__widths_(2, 5, 10, 20)",0.6624114575542975,1.2165919344064014e-122,0.17887216428239514,121.91485506708928,1.2165919344064014e-122,0.6624114575542975,8.977106641446044e-62
3476,GYRO_X__partial_autocorrelation__lag_5,0.6629349710060937,0.0314989557006034,0.17852907056705797,1.5017038443368573,0.0314989557006034,0.6629349710060937,0.14450522234196847
3477,"ADXL_Y__cwt_coefficients__coeff_7__w_10__widths_(2, 5, 10, 20)",0.6645164317037204,4.257510980385578e-118,0.1774942756542457,117.37084422329144,4.257510980385578e-118,0.6645164317037204,1.6820184317138838e-59
3478,GYRO_Y__partial_autocorrelation__lag_4,0.6648515849271229,0.0001626393730772,0.1772752916005017,3.788774308433209,0.0001626393730772,0.6648515849271229,0.010398607837683373
3479,ADXL_X__variation_coefficient,0.6654111620962816,1.4405027072248125e-25,0.17690991823100388,24.841485921186628,1.4405027072248125e-25,0.6654111620962816,3.0960080432991485e-13
3480,"MMA_Y__fft_coefficient__attr_""abs""__coeff_0",0.6658237716829611,0.0031057115372646,0.17664070343222343,2.507838884599741,0.0031057115372646,0.6658237716829611,0.04547369095972751
3481,GYRO_Y__max_langevin_fixed_point__m_3__r_30,0.6664872685870581,0.014361773035364,0.17620814217689934,1.8427919408777436,0.014361773035364,0.6664872685870581,0.0978362861233347
3482,"GYRO_Z__cwt_coefficients__coeff_3__w_2__widths_(2, 5, 10, 20)",0.6665500049811631,3.7374203121655887e-25,0.17616726399541907,24.427428058428237,3.7374203121655887e-25,0.6665500049811631,4.991169730324419e-13
3483,"MMA_Y__cwt_coefficients__coeff_6__w_2__widths_(2, 5, 10, 20)",0.6666361482465151,3.571254319107174e-05,0.1761111404829494,4.447179221369221,3.571254319107174e-05,0.6666361482465151,0.004879269641758218
3484,MMA_Z__partial_autocorrelation__lag_6,0.6679978945144913,1.1757118378328491e-05,0.17522490638999208,4.929699109020401,1.1757118378328491e-05,0.6679978945144913,0.0028024507707149937
3485,"MMA_Y__cwt_coefficients__coeff_8__w_20__widths_(2, 5, 10, 20)",0.6700638208045769,1.4316139416648701e-71,0.17388383057790396,70.84417408091724,1.4316139416648701e-71,0.6700638208045769,3.09721279163874e-36
3486,ADXL_Y__time_reversal_asymmetry_statistic__lag_1,0.675250625047198,8.018405595141478e-05,0.1705350051347012,4.095911979604989,8.018405595141478e-05,0.675250625047198,0.007358283352794477
3487,"GYRO_Z__cwt_coefficients__coeff_9__w_5__widths_(2, 5, 10, 20)",0.681426142947824,1.1506523616282843e-09,0.16658120871914742,8.939055866840324,1.1506523616282843e-09,0.681426142947824,2.800151068528565e-05
3488,ADXL_Y__partial_autocorrelation__lag_5,0.6815230056097846,2.7883364119318976e-08,0.16651947946137238,7.554654829917018,2.7883364119318976e-08,0.6815230056097846,0.00013785192824589105
3489,"MMA_Y__cwt_coefficients__coeff_3__w_5__widths_(2, 5, 10, 20)",0.6845583425863682,3.066389935290132e-80,0.16458953250653044,79.51337261922173,3.066389935290132e-80,0.6845583425863682,1.4488349843324923e-40
3490,MMA_Z__max_langevin_fixed_point__m_3__r_30,0.6928898266133384,1.4349574491262448e-58,0.15933581516843073,57.84316097689769,1.4349574491262448e-58,0.6928898266133384,9.971295894328892e-30
3491,"MMA_Y__cwt_coefficients__coeff_10__w_10__widths_(2, 5, 10, 20)",0.6939225454673332,8.28766950756712e-76,0.15868900210044776,75.0815675758785,8.28766950756712e-76,0.6939225454673332,2.3981244172650794e-38
3492,"ADXL_Z__change_quantiles__f_agg_""mean""__isabs_True__qh_0.4__ql_0.0",0.695463203534198,0.0116986946451847,0.15772584327768951,1.9318625946658217,0.0116986946451847,0.695463203534198,0.09019984287740483
3493,GYRO_Y__variation_coefficient,0.6974436025216427,1.5673936013964484e-15,0.15649090504922097,14.804821930493889,1.5673936013964484e-15,0.6974436025216427,3.3063100881909286e-08
3494,MMA_Y__quantile__q_0.1,0.7050906989380823,2.9749009677504625e-19,0.15175501419334336,18.526527487036397,2.9749009677504625e-19,0.7050906989380823,4.579929041614893e-10
3495,"ADXL_X__cwt_coefficients__coeff_13__w_5__widths_(2, 5, 10, 20)",0.7051906892147572,5.377430549469548e-32,0.15169343041886904,31.26942518989948,5.377430549469548e-32,0.7051906892147572,1.9473350906777503e-16
3496,"MMA_Y__change_quantiles__f_agg_""mean""__isabs_True__qh_0.4__ql_0.2",0.7071432521097705,0.0079106523833835,0.1504925985103201,2.101787699205181,0.0079106523833835,0.7071432521097705,0.07479281016712579
3497,"GYRO_Y__cwt_coefficients__coeff_5__w_5__widths_(2, 5, 10, 20)",0.7114356770870398,3.13915936797129e-110,0.14786435959791977,109.50318663559858,3.13915936797129e-110,0.7114356770870398,1.4944263014403818e-55
3498,"ADXL_Y__change_quantiles__f_agg_""mean""__isabs_True__qh_0.6__ql_0.4",0.715495850018989,6.685556450674457e-08,0.14539288086867713,7.174862439800643,6.685556450674457e-08,0.715495850018989,0.00021871186285899664
3499,GYRO_Y__partial_autocorrelation__lag_5,0.7211616696803165,0.0077635056377865,0.14196736443536997,2.109942127278652,0.0077635056377865,0.7211616696803165,0.07482474649685532
3500,"ADXL_X__cwt_coefficients__coeff_0__w_20__widths_(2, 5, 10, 20)",0.7231095295806105,0.0257158317989546,0.1407959150295259,1.5897994235165802,0.0257158317989546,0.7231095295806105,0.1363648159714087
3501,MMA_Y__lempel_ziv_complexity__bins_10,0.7231865611066483,0.0231320026312997,0.14074965290251354,1.635786766966797,0.0231320026312997,0.7231865611066483,0.12933968236562035
3502,ADXL_Y__lempel_ziv_complexity__bins_5,0.7329688026956318,0.0395519799704899,0.1349145098138134,1.4028317708582212,0.0395519799704899,0.7329688026956318,0.17026557903232112
3503,MMA_Z__partial_autocorrelation__lag_7,0.7340196626867004,0.0027857435884313,0.13429230618480545,2.5550588603650923,0.0027857435884313,0.7340196626867004,0.045219360556204034
3504,"ADXL_Y__cwt_coefficients__coeff_5__w_5__widths_(2, 5, 10, 20)",0.7387534460101356,1.9891993218277338e-119,0.1315004802836886,118.7013216975026,1.9891993218277338e-119,0.7387534460101356,3.833442126602752e-60
3505,"ADXL_Y__cwt_coefficients__coeff_6__w_20__widths_(2, 5, 10, 20)",0.7423979213988281,1.3740090376107452e-114,0.12936325274593302,113.86201041067416,1.3740090376107452e-114,0.7423979213988281,1.0099809173966711e-57
3506,"MMA_Y__change_quantiles__f_agg_""var""__isabs_True__qh_0.8__ql_0.4",0.7431005566424419,8.017687565855937e-09,0.1289524133726726,8.095950871391615,8.017687565855937e-09,0.7431005566424419,7.718774574485727e-05
3507,GYRO_X__time_reversal_asymmetry_statistic__lag_1,0.7492424987054742,1.5343936340621623e-06,0.12537759644655222,5.814063211983507,1.5343936340621623e-06,0.7492424987054742,0.0010722093640621255
3508,GYRO_Z__partial_autocorrelation__lag_4,0.7492567593123249,8.279428444875201e-06,0.1253693304393041,5.0819996429016445,8.279428444875201e-06,0.7492567593123249,0.0024906661208531095
3509,"GYRO_Z__cwt_coefficients__coeff_2__w_2__widths_(2, 5, 10, 20)",0.7524512121527566,6.72538134945174e-29,0.12352165384672506,28.172283084817458,6.72538134945174e-29,0.7524512121527566,7.113734145007461e-15
3510,GYRO_Z__partial_autocorrelation__lag_3,0.7555077454997409,1.8707783625682854e-14,0.12176107889536757,13.727977661786593,1.8707783625682854e-14,0.7555077454997409,1.188859765924334e-07
3511,"MMA_Y__change_quantiles__f_agg_""mean""__isabs_True__qh_0.6__ql_0.4",0.7703139059887373,1.7814244565581411e-06,0.11333226202499488,5.749232589701159,1.7814244565581411e-06,0.7703139059887373,0.0011714333234781932
3512,"GYRO_Y__fft_coefficient__attr_""real""__coeff_82",0.7710665728575619,0.0404310150466213,0.11290812392501409,1.3932853552873297,0.0404310150466213,0.7710665728575619,0.17656444774968375
3513,"MMA_Y__cwt_coefficients__coeff_7__w_20__widths_(2, 5, 10, 20)",0.7722781491501328,5.31345886275181e-69,0.11222625292256573,68.27462267741683,5.31345886275181e-69,0.7722781491501328,6.405831855513643e-35
3514,"GYRO_Y__cwt_coefficients__coeff_6__w_5__widths_(2, 5, 10, 20)",0.7740697337688448,5.48769940592363e-111,0.1112199131842576,110.26060968555277,5.48769940592363e-111,0.7740697337688448,6.517562441700695e-56
3515,"MMA_Y__cwt_coefficients__coeff_1__w_2__widths_(2, 5, 10, 20)",0.7780534184515427,2.4694273553319753e-81,0.1089905848325148,80.60740374522322,2.4694273553319753e-81,0.7780534184515427,4.383316547357487e-41
3516,ADXL_X__permutation_entropy__dimension_4__tau_1,0.7796484346292339,1.068626579527189e-06,0.10810118874526616,5.9711740279835155,1.068626579527189e-06,0.7796484346292339,0.000912772173070348
3517,"MMA_Z__cwt_coefficients__coeff_0__w_10__widths_(2, 5, 10, 20)",0.7844646686954758,0.0468509637906678,0.10542661171519577,1.3292814706318394,0.0468509637906678,0.7844646686954758,0.1917105260232467
3518,"ADXL_Y__cwt_coefficients__coeff_8__w_5__widths_(2, 5, 10, 20)",0.7872455156178747,7.558398219653722e-103,0.10388980455354442,102.12157023069868,7.558398219653722e-103,0.7872455156178747,7.713828558943037e-52
3519,"MMA_Y__cwt_coefficients__coeff_4__w_5__widths_(2, 5, 10, 20)",0.7888799513370233,3.1257493315393386e-81,0.10298908099672868,80.50504585302646,3.1257493315393386e-81,0.7888799513370233,4.96572349266095e-41
3520,"GYRO_X__cwt_coefficients__coeff_13__w_5__widths_(2, 5, 10, 20)",0.7925952575815879,7.201257516835045e-18,0.1009485305538213,17.142591658438803,7.201257516835045e-18,0.7925952575815879,2.3890756698914372e-09
3521,"ADXL_Z__cwt_coefficients__coeff_6__w_2__widths_(2, 5, 10, 20)",0.7962656011233946,9.308903290890702e-38,0.0989420455006424,37.0311014815074,9.308903290890702e-38,0.7962656011233946,2.722564870617527e-19
3522,"GYRO_Y__cwt_coefficients__coeff_1__w_2__widths_(2, 5, 10, 20)",0.8047737037300621,4.030664800046952e-128,0.0943262227845547,127.39462331733765,4.030664800046952e-128,0.8047737037300621,1.8010477616177132e-64
3523,"GYRO_Y__cwt_coefficients__coeff_6__w_2__widths_(2, 5, 10, 20)",0.8047737037300621,9.995955733684512e-09,0.0943262227845547,8.000175675780794,9.995955733684512e-09,0.8047737037300621,8.969103811484755e-05
3524,"MMA_Y__cwt_coefficients__coeff_9__w_10__widths_(2, 5, 10, 20)",0.8063665934649998,5.701940971126699e-74,0.0934674726821979,73.24397728300107,5.701940971126699e-74,0.8063665934649998,2.1442608789571172e-37
3525,"GYRO_X__cwt_coefficients__coeff_5__w_2__widths_(2, 5, 10, 20)",0.8064911270693537,6.361905182242398e-64,0.09340040631099691,63.19641280790011,6.361905182242398e-64,0.8064911270693537,2.2651313605914853e-32
3526,"ADXL_Y__cwt_coefficients__coeff_6__w_10__widths_(2, 5, 10, 20)",0.8079411998676116,2.962425668661785e-111,0.0926202450450375,110.52835253789155,2.962425668661785e-111,0.8079411998676116,4.89230594838182e-56
3527,"GYRO_Z__cwt_coefficients__coeff_1__w_2__widths_(2, 5, 10, 20)",0.8127091401851225,6.3766056563569065e-25,0.09006485589914373,24.195410439930363,6.3766056563569065e-25,0.8127091401851225,7.198837197962883e-13
3528,"ADXL_Y__cwt_coefficients__coeff_6__w_5__widths_(2, 5, 10, 20)",0.8150070823020982,1.565964889232926e-118,0.08883861728289921,117.8052179795599,1.565964889232926e-118,0.8150070823020982,1.1297223001079758e-59
3529,"MMA_Y__change_quantiles__f_agg_""mean""__isabs_True__qh_1.0__ql_0.4",0.8209192892341983,0.0010100422857644,0.08569953954716875,2.995660443950309,0.0010100422857644,0.8209192892341983,0.0287951939622951
3530,"GYRO_Y__cwt_coefficients__coeff_7__w_5__widths_(2, 5, 10, 20)",0.8255153882470343,2.662946568877764e-107,0.08327482673978921,106.57463754744553,2.662946568877764e-107,0.8255153882470343,4.6886067980672417e-54
3531,"GYRO_Z__fft_coefficient__attr_""real""__coeff_72",0.82563897009583,0.0388087874777804,0.08320981656696752,1.4110699259261885,0.0388087874777804,0.82563897009583,0.17900292546163193
3532,"GYRO_Z__cwt_coefficients__coeff_1__w_5__widths_(2, 5, 10, 20)",0.8356376960346665,6.948469421997376e-08,0.07798197700840723,7.158110849335965,6.948469421997376e-08,0.8356376960346665,0.00024096478951841113
3533,"GYRO_Z__cwt_coefficients__coeff_10__w_5__widths_(2, 5, 10, 20)",0.8429254210297215,6.697426185529301e-06,0.07421084846903764,5.1740920641914165,6.697426185529301e-06,0.8429254210297215,0.0023760115292760613
3534,"ADXL_X__change_quantiles__f_agg_""mean""__isabs_True__qh_0.4__ql_0.0",0.8439591696134995,0.0008260116810295,0.07367856384885621,3.0830138110684984,0.0008260116810295,0.8439591696134995,0.026403032636663305
3535,"ADXL_X__change_quantiles__f_agg_""mean""__isabs_True__qh_0.6__ql_0.2",0.8478987472318663,3.3844510546104427e-05,0.07165600640360055,4.4705117622186075,3.3844510546104427e-05,0.8478987472318663,0.005356931779733398
3536,"ADXL_Y__cwt_coefficients__coeff_6__w_2__widths_(2, 5, 10, 20)",0.8517014111971553,0.0279480655349512,0.06971263316468387,1.5536482470466373,0.0279480655349512,0.8517014111971553,0.15428352749515586
3537,"GYRO_Y__cwt_coefficients__coeff_0__w_10__widths_(2, 5, 10, 20)",0.8527359059335594,0.0079778147924423,0.06918544990457731,2.098116050196393,0.0079778147924423,0.8527359059335594,0.08248011350867211
3538,"ADXL_Y__cwt_coefficients__coeff_7__w_5__widths_(2, 5, 10, 20)",0.8528846056879724,2.7119020911250245e-111,0.06910972440464866,110.56672599402758,2.7119020911250245e-111,0.8528846056879724,4.8093030115117035e-56
3539,ADXL_X__permutation_entropy__dimension_3__tau_1,0.8564523568129124,5.2484796168773324e-08,0.06729679119088348,7.279966485094715,5.2484796168773324e-08,0.8564523568129124,0.000212015865858174
3540,"GYRO_Y__cwt_coefficients__coeff_8__w_5__widths_(2, 5, 10, 20)",0.8574422813770598,6.704495056709145e-103,0.06679510478153479,102.1736339250969,6.704495056709145e-103,0.8574422813770598,7.582029765772428e-52
3541,"ADXL_X__change_quantiles__f_agg_""mean""__isabs_True__qh_1.0__ql_0.0",0.8579362888959995,0.0015240468773491,0.06654496204436477,2.8170016745574826,0.0015240468773491,0.8579362888959995,0.03615985511664038
3542,ADXL_X__mean_abs_change,0.8579362888959995,0.0015240468773491,0.06654496204436477,2.8170016745574826,0.0015240468773491,0.8579362888959995,0.03615985511664038
3543,"ADXL_Y__cwt_coefficients__coeff_5__w_20__widths_(2, 5, 10, 20)",0.8602373373114635,1.6274777788717246e-106,0.06538171147219633,105.78848493245518,1.6274777788717246e-106,0.8602373373114635,1.183223204230794e-53
3544,"ADXL_Z__change_quantiles__f_agg_""mean""__isabs_True__qh_0.6__ql_0.0",0.8604729907507213,0.0099517484803888,0.06526275712260945,2.0021006088348887,0.0099517484803888,0.8604729907507213,0.09253761817833381
3545,"MMA_X__change_quantiles__f_agg_""mean""__isabs_True__qh_0.4__ql_0.0",0.8609755268400371,0.0048276534321912,0.06500919315654635,2.3162639146081054,0.0048276534321912,0.8609755268400371,0.06447085742552158
3546,"MMA_Y__cwt_coefficients__coeff_6__w_20__widths_(2, 5, 10, 20)",0.8609755268400371,2.3457414038710944e-65,0.06500919315654635,64.62971986650096,2.3457414038710944e-65,0.8609755268400371,4.4940248564381615e-33
3547,"MMA_X__change_quantiles__f_agg_""mean""__isabs_True__qh_0.6__ql_0.2",0.8615164480174922,7.467891440745516e-05,0.06473642661404312,4.12680200392969,7.467891440745516e-05,0.8615164480174922,0.008021041895047867
3548,MMA_X__mean_abs_change,0.8666003980866603,0.0308728848248509,0.06218111580152838,1.510422787266297,0.0308728848248509,0.8666003980866603,0.16356788890029547
3549,"MMA_X__change_quantiles__f_agg_""mean""__isabs_True__qh_1.0__ql_0.0",0.8666003980866603,0.0308728848248509,0.06218111580152838,1.510422787266297,0.0308728848248509,0.8666003980866603,0.16356788890029547
3550,"GYRO_X__cwt_coefficients__coeff_8__w_2__widths_(2, 5, 10, 20)",0.8668930256622811,0.0267460822025114,0.06203449102544225,1.5727398249489832,0.0267460822025114,0.8668930256622811,0.15226947207220232
3551,"MMA_Y__cwt_coefficients__coeff_9__w_5__widths_(2, 5, 10, 20)",0.8693048866655495,2.0075338194261653e-54,0.0608278790474119,53.69733712975217,2.0075338194261653e-54,0.8693048866655495,1.3210446470023337e-27
3552,"GYRO_Y__cwt_coefficients__coeff_9__w_5__widths_(2, 5, 10, 20)",0.8712798293481182,7.04009686498052e-95,0.05984234002791008,94.15242136534125,7.04009686498052e-95,0.8712798293481182,7.831918280417927e-48
3553,"ADXL_Z__change_quantiles__f_agg_""mean""__isabs_True__qh_0.8__ql_0.0",0.8765030338165146,0.0008238324790797,0.05724657635570689,3.08416109025404,0.0008238324790797,0.8765030338165146,0.02687176338221847
3554,"GYRO_Y__cwt_coefficients__coeff_6__w_10__widths_(2, 5, 10, 20)",0.8769193658270462,7.711339494362399e-84,0.057040338887486795,83.11287017649092,7.711339494362399e-84,0.8769193658270462,2.6004274531456035e-42
3555,"GYRO_Y__cwt_coefficients__coeff_5__w_10__widths_(2, 5, 10, 20)",0.8771419462451322,4.934583158228526e-79,0.05693011988065048,78.30674952784281,4.934583158228526e-79,0.8771419462451322,6.5790043892043576e-40
3556,"GYRO_Y__cwt_coefficients__coeff_1__w_10__widths_(2, 5, 10, 20)",0.8774490787983354,3.3358279928856544e-19,0.056778077641145605,18.476796351219708,3.3358279928856544e-19,0.8774490787983354,5.410193341635045e-10
3557,"GYRO_Y__change_quantiles__f_agg_""mean""__isabs_True__qh_0.6__ql_0.4",0.8782213978202412,2.8484169288504324e-33,0.05639598553948411,32.54539644177442,2.8484169288504324e-33,0.8782213978202412,5.0015404595283096e-17
3558,"GYRO_Y__cwt_coefficients__coeff_7__w_10__widths_(2, 5, 10, 20)",0.8795299415769743,3.924157106068349e-88,0.05574937139660475,87.40625361369456,3.924157106068349e-88,0.8795299415769743,1.8577980703615674e-44
3559,"GYRO_Y__cwt_coefficients__coeff_4__w_10__widths_(2, 5, 10, 20)",0.8798416153578225,3.673475742687521e-71,0.05559550031228636,70.43492282361646,3.673475742687521e-71,0.8798416153578225,5.6851357340207495e-36
3560,"GYRO_Y__cwt_coefficients__coeff_3__w_10__widths_(2, 5, 10, 20)",0.883294217573019,8.38094617960562e-59,0.05389461263379458,58.07670694826889,8.38094617960562e-59,0.883294217573019,8.603976579603368e-30
3561,"GYRO_Y__cwt_coefficients__coeff_2__w_10__widths_(2, 5, 10, 20)",0.8843503503141774,1.5524881629983948e-41,0.05337564780958209,40.80897170243259,1.5524881629983948e-41,0.8843503503141774,3.7053251555109765e-21
3562,"GYRO_Y__cwt_coefficients__coeff_8__w_10__widths_(2, 5, 10, 20)",0.8854107613194292,3.4970852700943037e-90,0.05285520389179417,89.45629377807681,3.4970852700943037e-90,0.8854107613194292,1.7596468200730392e-45
3563,"GYRO_Y__cwt_coefficients__coeff_10__w_5__widths_(2, 5, 10, 20)",0.8876535769376122,5.197784033068707e-81,0.05175649253045425,80.2841817693127,5.197784033068707e-81,0.8876535769376122,6.792519112304834e-41
3564,"MMA_Z__cwt_coefficients__coeff_6__w_2__widths_(2, 5, 10, 20)",0.8882847968392606,1.3633634040362001e-89,0.05144777085886351,88.86538836769303,1.3633634040362001e-89,0.8882847968392606,3.480021529204063e-45
3565,"GYRO_Z__cwt_coefficients__coeff_12__w_5__widths_(2, 5, 10, 20)",0.8899995497377116,0.0317836338430242,0.05061021307022962,1.4977964511263053,0.0317836338430242,0.8899995497377116,0.16818864352066054
3566,"MMA_Y__cwt_coefficients__coeff_5__w_5__widths_(2, 5, 10, 20)",0.8916565988727878,1.83540466956284e-78,0.04980237200205368,77.73626816771569,1.83540466956284e-78,0.8916565988727878,1.2792774074522049e-39
3567,"MMA_X__change_quantiles__f_agg_""var""__isabs_True__qh_0.4__ql_0.2",0.8922902394828688,2.7834534583627097e-06,0.04949385761572347,5.555416036058225,2.7834534583627097e-06,0.8922902394828688,0.0015759595023197397
3568,"MMA_Y__cwt_coefficients__coeff_1__w_10__widths_(2, 5, 10, 20)",0.8926696169581403,1.1647112108662272e-26,0.04930924668909089,25.933781744230046,1.1647112108662272e-26,0.8926696169581403,1.0196579379727334e-13
3569,"GYRO_Z__cwt_coefficients__coeff_11__w_5__widths_(2, 5, 10, 20)",0.8926696169581403,0.0063511190083088,0.04930924668909089,2.197149749303506,0.0063511190083088,0.8926696169581403,0.07529575666930097
3570,"GYRO_X__cwt_coefficients__coeff_9__w_2__widths_(2, 5, 10, 20)",0.8933498320644129,0.0009682358275138,0.04897843989792585,3.0140188512513535,0.0009682358275138,0.8933498320644129,0.029410428659035235
3571,"GYRO_Y__cwt_coefficients__coeff_9__w_10__widths_(2, 5, 10, 20)",0.89338136971885,5.0457383273022554e-92,0.048963108403986585,91.29707527580723,5.0457383273022554e-92,0.89338136971885,2.1231506348086064e-46
3572,"MMA_Y__cwt_coefficients__coeff_8__w_10__widths_(2, 5, 10, 20)",0.896877404748549,5.429137924814794e-72,0.047266917134206214,71.26526912514758,5.429137924814794e-72,0.896877404748549,2.2066425020899547e-36
3573,"GYRO_Z__augmented_dickey_fuller__attr_""pvalue""__autolag_""AIC""",0.8975286313869724,0.0317709448798281,0.04695168842648097,1.4979698688998506,0.0317709448798281,0.8975286313869724,0.16886483552197318
3574,"GYRO_X__cwt_coefficients__coeff_4__w_2__widths_(2, 5, 10, 20)",0.9003959423643035,2.274667035939081e-136,0.045566470815857074,135.64308216605625,2.274667035939081e-136,0.9003959423643035,1.4311187824179327e-68
3575,"ADXL_X__change_quantiles__f_agg_""mean""__isabs_True__qh_0.6__ql_0.0",0.902772444692132,0.0123421846399649,0.044421705355007106,1.9086079607965245,0.0123421846399649,0.902772444692132,0.10555654503754276
3576,"GYRO_Y__cwt_coefficients__coeff_10__w_10__widths_(2, 5, 10, 20)",0.902772444692132,1.5229759515974883e-92,0.044421705355007106,91.81730695429427,1.5229759515974883e-92,0.902772444692132,1.1725616073499042e-46
3577,"ADXL_Y__cwt_coefficients__coeff_1__w_10__widths_(2, 5, 10, 20)",0.9035836611639202,9.087475622013032e-42,0.04403163070708014,41.04155674116613,9.087475622013032e-42,0.9035836611639202,2.8655356381096375e-21
3578,"ADXL_Y__cwt_coefficients__coeff_5__w_10__widths_(2, 5, 10, 20)",0.9118347843003932,9.490627305048456e-107,0.04008384452978668,106.0227050809218,9.490627305048456e-107,0.9118347843003932,9.302625490459283e-54
3579,"GYRO_Y__cwt_coefficients__coeff_0__w_20__widths_(2, 5, 10, 20)",0.9139457357208766,0.0350878969849779,0.039079589142091496,1.4548426607156097,0.0350878969849779,0.9139457357208766,0.17907661439963052
3580,"GYRO_Y__cwt_coefficients__coeff_14__w_20__widths_(2, 5, 10, 20)",0.9139918975340952,1.0569308424041438e-52,0.03905765423534739,51.97595342872366,1.0569308424041438e-52,0.9139918975340952,9.828663318128631e-27
3581,"MMA_X__change_quantiles__f_agg_""var""__isabs_False__qh_0.4__ql_0.2",0.915222785765392,1.6188383043024135e-06,0.03847317604122746,5.79079652805712,1.6188383043024135e-06,0.915222785765392,0.0012172089806468643
3582,"GYRO_Y__cwt_coefficients__coeff_11__w_10__widths_(2, 5, 10, 20)",0.91613575382441,3.211587608161406e-92,0.038040167414614856,91.49328022646877,3.211587608161406e-92,0.91613575382441,1.7152988761076256e-46
3583,"ADXL_Y__change_quantiles__f_agg_""var""__isabs_True__qh_0.8__ql_0.4",0.9171314471318776,9.534220547398915e-11,0.037568414959331636,10.020714806110412,9.534220547398915e-11,0.9171314471318776,9.35100715854204e-06
3584,"GYRO_X__cwt_coefficients__coeff_12__w_2__widths_(2, 5, 10, 20)",0.9199112692892568,0.0064094394395287,0.036254060824514885,2.1931799515989625,0.0064094394395287,0.9199112692892568,0.07678616783151422
3585,"GYRO_Y__cwt_coefficients__coeff_11__w_5__widths_(2, 5, 10, 20)",0.9200930218081343,5.297484110974639e-62,0.03616826307213011,61.275930337217716,5.297484110974639e-62,0.9200930218081343,2.2077540994520276e-31
3586,"ADXL_X__change_quantiles__f_agg_""mean""__isabs_True__qh_0.8__ql_0.0",0.9231869483817572,0.007824711441099,0.034710344012704904,2.106531669353289,0.007824711441099,0.9231869483817572,0.08499218480116867
3587,"MMA_Y__cwt_coefficients__coeff_5__w_20__widths_(2, 5, 10, 20)",0.9231869483817572,2.7697746567194867e-61,0.034710344012704904,60.55755556282155,2.7697746567194867e-61,0.9231869483817572,5.05669834283398e-31
3588,"GYRO_Y__cwt_coefficients__coeff_12__w_10__widths_(2, 5, 10, 20)",0.9263122171816784,2.4233323818954363e-88,0.03324260797755697,87.61558701437134,2.4233323818954363e-88,0.9263122171816784,1.4982531133429088e-44
3589,"GYRO_Y__cwt_coefficients__coeff_13__w_20__widths_(2, 5, 10, 20)",0.9263122171816784,1.225888597825268e-50,0.03324260797755697,49.91154899437552,1.225888597825268e-50,0.9263122171816784,1.0656245047244658e-25
3590,ADXL_X__time_reversal_asymmetry_statistic__lag_1,0.9266466680674204,0.0010703949996064,0.033085831508441535,2.970455928395778,0.0010703949996064,0.9266466680674204,0.031494094047952836
3591,"MMA_X__change_quantiles__f_agg_""mean""__isabs_True__qh_0.8__ql_0.0",0.9324289173551624,0.0414497041386369,0.030384266197110828,1.3824785650272415,0.0414497041386369,0.9324289173551624,0.1965932418845597
3592,"GYRO_Y__cwt_coefficients__coeff_13__w_10__widths_(2, 5, 10, 20)",0.934630507075742,1.768901644102107e-84,0.02936004736646515,83.7522963144115,1.768901644102107e-84,0.934630507075742,1.2857952560941676e-42
3593,"ADXL_Y__cwt_coefficients__coeff_4__w_20__widths_(2, 5, 10, 20)",0.9366601847017936,4.452837028386196e-95,0.028417940250152134,94.35136319953929,4.452837028386196e-95,0.9366601847017936,6.458169364034362e-48
3594,"GYRO_Y__cwt_coefficients__coeff_12__w_20__widths_(2, 5, 10, 20)",0.9380523408926597,4.780663714719199e-49,0.02777292843684958,48.32051180472052,4.780663714719199e-49,0.9380523408926597,6.696650497534527e-25
3595,"MMA_Y__change_quantiles__f_agg_""var""__isabs_False__qh_0.8__ql_0.4",0.9381314066199934,1.1813031376167808e-08,0.02773632454967215,7.927638642521025,1.1813031376167808e-08,0.9381314066199934,0.00010527191335475205
3596,"GYRO_Y__cwt_coefficients__coeff_14__w_10__widths_(2, 5, 10, 20)",0.9413218021759806,1.1559805293300464e-81,0.026261882398693943,80.9370494808599,1.1559805293300464e-81,0.9413218021759806,3.298711377415889e-41
3597,"GYRO_Y__cwt_coefficients__coeff_14__w_5__widths_(2, 5, 10, 20)",0.9427466884707992,1.0474426234088529e-10,0.025604984439589043,9.979869757401666,1.0474426234088529e-10,0.9427466884707992,9.937167929454864e-06
3598,"GYRO_Y__cwt_coefficients__coeff_1__w_20__widths_(2, 5, 10, 20)",0.9440505277849086,0.0019126074785112,0.025004760626811576,2.718374150416017,0.0019126074785112,0.9440505277849086,0.042492329890626866
3599,"ADXL_Y__change_quantiles__f_agg_""mean""__isabs_True__qh_0.8__ql_0.4",0.945027264842662,2.1429710576653352e-12,0.024555661543747255,11.668983694371665,2.1429710576653352e-12,0.945027264842662,1.423083299481256e-06
3600,"GYRO_Y__cwt_coefficients__coeff_11__w_20__widths_(2, 5, 10, 20)",0.9466974618186378,1.208203797715287e-46,0.023788787263775722,45.91785980349796,1.208203797715287e-46,0.9466974618186378,1.0694874794296104e-23
3601,"ADXL_Y__change_quantiles__f_agg_""var""__isabs_False__qh_0.8__ql_0.4",0.9472972199544948,6.546402788995652e-11,0.023513737222619603,10.183997276807341,6.546402788995652e-11,0.9472972199544948,7.874889943813774e-06
3602,GYRO_Y__partial_autocorrelation__lag_2,0.9500756922185476,1.5233199613984906e-17,0.02224179323396872,16.817208866936248,1.5233199613984906e-17,0.9500756922185476,3.8042992348079065e-09
3603,GYRO_X__number_peaks__n_50,0.9510443803550572,0.0087010235130647,0.02179921629751073,2.060429657734116,0.0087010235130647,0.9510443803550572,0.09096735411914211
3604,"GYRO_Y__cwt_coefficients__coeff_12__w_5__widths_(2, 5, 10, 20)",0.951721809348869,1.3231229668624442e-39,0.02148997842276182,38.8783997919817,1.3231229668624442e-39,0.951721809348869,3.5485842022042666e-20
3605,GYRO_Z__energy_ratio_by_chunks__num_segments_10__segment_focus_9,0.951721809348869,4.1303131289131124e-16,0.02148997842276182,15.384017022192488,4.1303131289131124e-16,0.951721809348869,1.982652033067471e-08
3606,"MMA_Y__cwt_coefficients__coeff_7__w_10__widths_(2, 5, 10, 20)",0.953346865349852,9.830538630029898e-71,0.020749057074821504,70.00742268586663,9.830538630029898e-71,0.953346865349852,9.680864211236325e-36
3607,"GYRO_Y__cwt_coefficients__coeff_10__w_20__widths_(2, 5, 10, 20)",0.9548579941837144,1.512117930759933e-43,0.02006121158705742,42.82041433669128,1.512117930759933e-43,0.9548579941837144,3.7998130142609105e-22
3608,"GYRO_Y__cwt_coefficients__coeff_2__w_20__widths_(2, 5, 10, 20)",0.9582439490573752,2.2028087247385842e-07,0.018523914467859465,6.657023212062591,2.2028087247385842e-07,0.9582439490573752,0.0004594374964466376
3609,"GYRO_Y__cwt_coefficients__coeff_13__w_5__widths_(2, 5, 10, 20)",0.9605913758278972,2.2287443165434908e-20,0.0174613167676046,19.651939751296993,2.2287443165434908e-20,0.9605913758278972,1.4631857603862602e-10
3610,"GYRO_Y__cwt_coefficients__coeff_9__w_20__widths_(2, 5, 10, 20)",0.9605913758278972,2.2992721599493637e-40,0.0174613167676046,39.63840961917503,2.2992721599493637e-40,0.9605913758278972,1.486156454593035e-20
3611,"MMA_Y__cwt_coefficients__coeff_6__w_5__widths_(2, 5, 10, 20)",0.9607627696850564,1.3021414617098754e-74,0.017383834532726034,73.88534183243239,1.3021414617098754e-74,0.9607627696850564,1.1185030340924998e-37
3612,"ADXL_Y__cwt_coefficients__coeff_4__w_10__widths_(2, 5, 10, 20)",0.9611809377714814,3.4461442189383933e-99,0.017194850750731197,98.4626665515605,3.4461442189383933e-99,0.9611809377714814,5.755317655920457e-50
3613,"MMA_X__change_quantiles__f_agg_""mean""__isabs_True__qh_0.8__ql_0.2",0.961323783238514,0.0192496511255116,0.017130313069722316,1.7155771370977235,0.0192496511255116,0.961323783238514,0.13603362615911674
3614,"MMA_Y__cwt_coefficients__coeff_4__w_20__widths_(2, 5, 10, 20)",0.9615403121210218,1.95306403728314e-55,0.017032503453878713,54.70928351678241,1.95306403728314e-55,0.9615403121210218,4.333531820584191e-28
3615,"ADXL_Y__change_quantiles__f_agg_""mean""__isabs_True__qh_1.0__ql_0.2",0.9623336976540444,0.0008407053433617,0.016674306423516402,3.075356192281747,0.0008407053433617,0.9623336976540444,0.02844361231831811
3616,ADXL_Z__variation_coefficient,0.9626979405947812,5.5093029776293866e-24,0.016509957227400417,23.258903343456332,5.5093029776293866e-24,0.9626979405947812,2.30299688030108e-12
3617,"ADXL_X__change_quantiles__f_agg_""mean""__isabs_True__qh_0.8__ql_0.2",0.9644625363992152,0.0005962578354113,0.015714637435430674,3.2245659008599517,0.0005962578354113,0.9644625363992152,0.02398058265115108
3618,"GYRO_Y__cwt_coefficients__coeff_8__w_20__widths_(2, 5, 10, 20)",0.964736467904228,3.718005753898674e-36,0.015591304444297415,35.429689942459625,3.718005753898674e-36,0.964736467904228,1.8939101717515017e-18
3619,"GYRO_X__cwt_coefficients__coeff_14__w_5__widths_(2, 5, 10, 20)",0.964736467904228,6.606095210915045e-06,0.015591304444297415,5.180055171292948,6.606095210915045e-06,0.964736467904228,0.002524508063052526
3620,"GYRO_Y__cwt_coefficients__coeff_3__w_20__widths_(2, 5, 10, 20)",0.9654154887683052,2.340126997415584e-12,0.015285737801720958,11.630760573025677,2.340126997415584e-12,0.9654154887683052,1.5030618247397118e-06
3621,"ADXL_Y__change_quantiles__f_agg_""mean""__isabs_True__qh_1.0__ql_0.0",0.96562188839894,0.0490948941533292,0.01519289835484869,1.3089636719572149,0.0490948941533292,0.96562188839894,0.21773172576150637
3622,ADXL_Y__mean_abs_change,0.96562188839894,0.0490948941533292,0.01519289835484869,1.3089636719572149,0.0490948941533292,0.96562188839894,0.21773172576150637
3623,"ADXL_X__change_quantiles__f_agg_""var""__isabs_True__qh_0.4__ql_0.2",0.9669795027833378,1.2085957424479396e-06,0.014582731627894746,5.9177189399854795,1.2085957424479396e-06,0.9669795027833378,0.001081058421223556
3624,"GYRO_Y__cwt_coefficients__coeff_7__w_20__widths_(2, 5, 10, 20)",0.967031217471984,1.8425285416902464e-32,0.014559505899430567,31.734585775977692,1.8425285416902464e-32,0.967031217471984,1.3348343039110129e-16
3625,"MMA_Y__change_quantiles__f_agg_""mean""__isabs_True__qh_0.8__ql_0.4",0.9672299146481144,8.625157738196842e-09,0.014470280007400003,8.064232953738507,8.625157738196842e-09,0.9672299146481144,9.133734495233948e-05
3626,"GYRO_Y__cwt_coefficients__coeff_4__w_20__widths_(2, 5, 10, 20)",0.9680674672727844,1.2181821554852405e-17,0.014094374465125108,16.914287766541257,1.2181821554852405e-17,0.9680674672727844,3.434068307325144e-09
3627,"ADXL_Y__cwt_coefficients__coeff_2__w_10__widths_(2, 5, 10, 20)",0.9680674672727844,2.575182526208863e-71,0.014094374465125108,70.58919198319911,2.575182526208863e-71,0.9680674672727844,4.9929454492435073e-36
3628,"GYRO_Y__cwt_coefficients__coeff_5__w_20__widths_(2, 5, 10, 20)",0.9687026276649224,2.735910175151313e-22,0.01380952221132464,21.56289816538632,2.735910175151313e-22,0.9687026276649224,1.627969095445081e-11
3629,"GYRO_Y__cwt_coefficients__coeff_6__w_20__widths_(2, 5, 10, 20)",0.9687026276649224,2.7019161241700822e-27,0.01380952221132464,26.568328136948146,2.7019161241700822e-27,0.9687026276649224,5.1160074757703215e-14
3630,"MMA_Y__cwt_coefficients__coeff_2__w_10__widths_(2, 5, 10, 20)",0.9702199674060222,3.733864117015976e-45,0.01312979171261512,44.42784149096754,3.733864117015976e-45,0.9702199674060222,6.018861621527576e-23
3631,"ADXL_Y__change_quantiles__f_agg_""mean""__isabs_True__qh_0.8__ql_0.0",0.9702199674060222,0.0172500125085282,0.01312979171261512,1.7632105856699647,0.0172500125085282,0.9702199674060222,0.1293688779180592
3632,"ADXL_Y__cwt_coefficients__coeff_3__w_20__widths_(2, 5, 10, 20)",0.972305376640604,1.0339916542339563e-79,0.012197312685966393,78.98548296659484,1.0339916542339563e-79,0.972305376640604,3.1707343704782145e-40
3633,"ADXL_Y__cwt_coefficients__coeff_3__w_10__widths_(2, 5, 10, 20)",0.9737544524431062,2.055491365168153e-89,0.011550543525231554,88.6870843432902,2.055491365168153e-89,0.9737544524431062,4.473861719801862e-45
3634,"ADXL_X__change_quantiles__f_agg_""var""__isabs_False__qh_0.4__ql_0.2",0.9740184225866858,1.0162343970255125e-06,0.011432828796871417,5.993006109380893,1.0162343970255125e-06,0.9740184225866858,0.0009949025200335566
3635,"MMA_Y__cwt_coefficients__coeff_8__w_5__widths_(2, 5, 10, 20)",0.974425742942715,2.8695048811400835e-62,0.01125125111689805,61.54219303216449,2.8695048811400835e-62,0.974425742942715,1.6721601076699185e-31
3636,"MMA_Y__cwt_coefficients__coeff_6__w_10__widths_(2, 5, 10, 20)",0.9753448344151938,6.6369362255716405e-68,0.01084181178176623,67.17803235548067,6.6369362255716405e-68,0.9753448344151938,2.5442683553340777e-34
3637,"ADXL_X__change_quantiles__f_agg_""mean""__isabs_True__qh_1.0__ql_0.2",0.9753448344151938,0.0008275535418,0.01084181178176623,3.0822038982700004,0.0008275535418,0.9753448344151938,0.028410386695654606
3638,"ADXL_Z__cwt_coefficients__coeff_7__w_2__widths_(2, 5, 10, 20)",0.9767004931452292,0.0005111453131721,0.010238593001813848,3.291455617013284,0.0005111453131721,0.9767004931452292,0.0223435869869648
3639,"MMA_Y__cwt_coefficients__coeff_3__w_20__widths_(2, 5, 10, 20)",0.9780772345236272,1.6832271527074402e-47,0.009626849503774047,46.773857271718434,1.6832271527074402e-47,0.9780772345236272,4.057494496108617e-24
3640,"MMA_Y__cwt_coefficients__coeff_7__w_5__widths_(2, 5, 10, 20)",0.9814730056588292,1.296729920140842e-70,0.008121640694267943,69.88715046833114,1.296729920140842e-70,0.9814730056588292,1.1281424609721796e-35
3641,MMA_Y__partial_autocorrelation__lag_2,0.9867050350475122,9.887885709422454e-24,0.00581265563494707,23.004896562082727,9.887885709422454e-24,0.9867050350475122,3.1235279117468243e-12
3642,"MMA_Z__cwt_coefficients__coeff_7__w_2__widths_(2, 5, 10, 20)",0.9873986448097763,3.8971498368857773e-16,0.005507473178914192,15.409252896213545,3.8971498368857773e-16,0.9873986448097763,1.961642288380238e-08
3643,"MMA_Y__cwt_coefficients__coeff_5__w_10__widths_(2, 5, 10, 20)",0.9901515663988658,3.4779102235809925e-64,0.004298321147492137,63.45868163277223,3.4779102235809925e-64,0.9901515663988658,1.855709636681706e-32
3644,"MMA_Y__cwt_coefficients__coeff_3__w_10__widths_(2, 5, 10, 20)",0.9907507032221138,6.620750437360497e-56,0.004035610737022629,55.17909278211112,6.620750437360497e-56,0.9907507032221138,2.561154652041346e-28
3645,"ADXL_Y__cwt_coefficients__coeff_2__w_20__widths_(2, 5, 10, 20)",0.9909766184984016,2.786220587158101e-59,0.003936592312823605,58.55498450313346,2.786220587158101e-59,0.9909766184984016,5.254597468743506e-30
3646,"MMA_Y__cwt_coefficients__coeff_2__w_20__widths_(2, 5, 10, 20)",0.9918221950114372,6.154680802588707e-37,0.0035661772879625234,36.210794465765815,6.154680802588707e-37,0.9918221950114372,7.813033356653666e-19
3647,"ADXL_X__change_quantiles__f_agg_""mean""__isabs_True__qh_0.4__ql_0.2",0.9937471042063112,3.976960297567581e-07,0.002724123874142132,6.400448744601997,3.976960297567581e-07,0.9937471042063112,0.0006286567250297458
3648,"MMA_Y__cwt_coefficients__coeff_4__w_10__widths_(2, 5, 10, 20)",0.9937921343380058,5.04423763471464e-61,0.0027044449291045132,60.297204461945455,5.04423763471464e-61,0.9937921343380058,7.08020033975816e-31
3649,"ADXL_Y__change_quantiles__f_agg_""mean""__isabs_True__qh_0.8__ql_0.2",0.995479301429737,5.084623939768494e-05,0.001967765639889506,4.29374116209677,5.084623939768494e-05,0.995479301429737,0.007114518878739206
3650,"MMA_Y__cwt_coefficients__coeff_1__w_20__widths_(2, 5, 10, 20)",0.9968626317011566,2.843175611600603e-21,0.0013646836185976223,20.54619631484572,2.843175611600603e-21,0.9968626317011566,5.323772649699386e-11
3651,"MMA_Y__cwt_coefficients__coeff_0__w_20__widths_(2, 5, 10, 20)",0.9978836154264404,0.0008922235497512,0.0009201081370163647,3.0495263179784864,0.0008922235497512,0.9978836154264404,0.029838486248372924
3652,"ADXL_Y__cwt_coefficients__coeff_1__w_20__widths_(2, 5, 10, 20)",0.9978836154264404,2.8869408107974208e-31,0.0009201081370163647,30.539562120105277,2.8869408107974208e-31,0.9978836154264404,5.367337267026053e-16
3653,"ADXL_Y__cwt_coefficients__coeff_0__w_20__widths_(2, 5, 10, 20)",0.9991188690612152,0.0198759566589933,0.00038283899497034465,1.7016719589369984,0.0198759566589933,0.9991188690612152,0.14091998913796125
3654,GYRO_Z__variation_coefficient,0.9998935931412524,0.000545516281006,4.621437039735398e-05,3.26319228330561,0.000545516281006,0.9998935931412524,0.02335504729886331
3655,"MMA_X__change_quantiles__f_agg_""mean""__isabs_True__qh_0.4__ql_0.2",0.9998935931412524,5.988617986358999e-07,4.621437039735398e-05,6.222673389655442,5.988617986358999e-07,0.9998935931412524,0.0007738204414675817
3656,GYRO_X__variation_coefficient,1.0,4.4457742904531205e-101,-0.0,100.35205258997239,4.4457742904531205e-101,1.0,6.667663976576144e-51
3657,"GYRO_Z__change_quantiles__f_agg_""mean""__isabs_False__qh_1.0__ql_0.0",1.0,0.0182411507741556,-0.0,1.7389477669340947,0.0182411507741556,1.0,0.13505980443550034
3658,GYRO_Z__mean_change,1.0,0.0182411507741556,-0.0,1.7389477669340947,0.0182411507741556,1.0,0.13505980443550034
