Rank,feature,q_anova,q_kw,log_q_anova,log_q_kw,score_min,score_max,score_geomean
1,GYRO_Z__mean_n_absolute_max__number_of_maxima_7,0.0,0.0,307.6526555685888,307.6526555685888,0.0,0.0,0.0
2,GYRO_Y__quantile__q_0.9,0.0,0.0,307.6526555685888,307.6526555685888,0.0,0.0,0.0
3,"ADXL_X__change_quantiles__f_agg_""mean""__isabs_True__qh_0.8__ql_0.6",0.0,0.0,307.6526555685888,307.6526555685888,0.0,0.0,0.0
4,"ADXL_X__change_quantiles__f_agg_""mean""__isabs_True__qh_1.0__ql_0.6",0.0,0.0,307.6526555685888,307.6526555685888,0.0,0.0,0.0
5,"ADXL_X__change_quantiles__f_agg_""mean""__isabs_True__qh_1.0__ql_0.8",0.0,0.0,307.6526555685888,307.6526555685888,0.0,0.0,0.0
6,GYRO_Y__quantile__q_0.8,0.0,0.0,307.6526555685888,307.6526555685888,0.0,0.0,0.0
7,GYRO_Y__quantile__q_0.7,0.0,0.0,307.6526555685888,307.6526555685888,0.0,0.0,0.0
8,"ADXL_X__change_quantiles__f_agg_""mean""__isabs_True__qh_1.0__ql_0.4",0.0,0.0,307.6526555685888,307.6526555685888,0.0,0.0,0.0
9,GYRO_Y__quantile__q_0.3,0.0,0.0,307.6526555685888,307.6526555685888,0.0,0.0,0.0
10,GYRO_Y__quantile__q_0.1,0.0,0.0,307.6526555685888,307.6526555685888,0.0,0.0,0.0
11,GYRO_Y__large_standard_deviation__r_0.15000000000000002,0.0,0.0,307.6526555685888,307.6526555685888,0.0,0.0,0.0
12,GYRO_Y__large_standard_deviation__r_0.1,0.0,0.0,307.6526555685888,307.6526555685888,0.0,0.0,0.0
13,GYRO_Y__cid_ce__normalize_False,0.0,0.0,307.6526555685888,307.6526555685888,0.0,0.0,0.0
14,GYRO_Y__cid_ce__normalize_True,0.0,0.0,307.6526555685888,307.6526555685888,0.0,0.0,0.0
15,GYRO_Y__minimum,0.0,0.0,307.6526555685888,307.6526555685888,0.0,0.0,0.0
16,GYRO_Y__quantile__q_0.2,0.0,0.0,307.6526555685888,307.6526555685888,0.0,0.0,0.0
17,GYRO_Y__absolute_maximum,0.0,0.0,307.6526555685888,307.6526555685888,0.0,0.0,0.0
18,"ADXL_X__change_quantiles__f_agg_""var""__isabs_True__qh_0.8__ql_0.4",0.0,0.0,307.6526555685888,307.6526555685888,0.0,0.0,0.0
19,"ADXL_X__change_quantiles__f_agg_""var""__isabs_False__qh_0.8__ql_0.4",0.0,0.0,307.6526555685888,307.6526555685888,0.0,0.0,0.0
20,GYRO_Y__autocorrelation__lag_6,0.0,0.0,307.6526555685888,307.6526555685888,0.0,0.0,0.0
21,"ADXL_X__change_quantiles__f_agg_""mean""__isabs_True__qh_1.0__ql_0.0",0.0,0.0,307.6526555685888,307.6526555685888,0.0,0.0,0.0
22,GYRO_Y__autocorrelation__lag_5,0.0,0.0,307.6526555685888,307.6526555685888,0.0,0.0,0.0
23,"ADXL_X__change_quantiles__f_agg_""var""__isabs_False__qh_0.6__ql_0.2",0.0,0.0,307.6526555685888,307.6526555685888,0.0,0.0,0.0
24,"ADXL_X__change_quantiles__f_agg_""mean""__isabs_True__qh_0.6__ql_0.2",0.0,0.0,307.6526555685888,307.6526555685888,0.0,0.0,0.0
25,"ADXL_X__change_quantiles__f_agg_""var""__isabs_True__qh_0.6__ql_0.2",0.0,0.0,307.6526555685888,307.6526555685888,0.0,0.0,0.0
26,"ADXL_X__change_quantiles__f_agg_""mean""__isabs_True__qh_0.8__ql_0.4",0.0,0.0,307.6526555685888,307.6526555685888,0.0,0.0,0.0
27,GYRO_Y__autocorrelation__lag_4,0.0,0.0,307.6526555685888,307.6526555685888,0.0,0.0,0.0
28,"ADXL_X__change_quantiles__f_agg_""mean""__isabs_True__qh_0.8__ql_0.2",0.0,0.0,307.6526555685888,307.6526555685888,0.0,0.0,0.0
29,"ADXL_X__change_quantiles__f_agg_""var""__isabs_True__qh_0.8__ql_0.2",0.0,0.0,307.6526555685888,307.6526555685888,0.0,0.0,0.0
30,"ADXL_X__change_quantiles__f_agg_""mean""__isabs_True__qh_1.0__ql_0.2",0.0,0.0,307.6526555685888,307.6526555685888,0.0,0.0,0.0
31,"ADXL_X__change_quantiles__f_agg_""var""__isabs_False__qh_0.6__ql_0.4",0.0,0.0,307.6526555685888,307.6526555685888,0.0,0.0,0.0
32,"ADXL_X__change_quantiles__f_agg_""mean""__isabs_True__qh_0.6__ql_0.4",0.0,0.0,307.6526555685888,307.6526555685888,0.0,0.0,0.0
33,"ADXL_X__change_quantiles__f_agg_""var""__isabs_True__qh_0.6__ql_0.4",0.0,0.0,307.6526555685888,307.6526555685888,0.0,0.0,0.0
34,"ADXL_X__change_quantiles__f_agg_""var""__isabs_False__qh_0.8__ql_0.2",0.0,0.0,307.6526555685888,307.6526555685888,0.0,0.0,0.0
35,"ADXL_X__change_quantiles__f_agg_""mean""__isabs_True__qh_0.8__ql_0.0",0.0,0.0,307.6526555685888,307.6526555685888,0.0,0.0,0.0
36,GYRO_Y__maximum,0.0,0.0,307.6526555685888,307.6526555685888,0.0,0.0,0.0
37,GYRO_Y__percentage_of_reoccurring_datapoints_to_all_datapoints,0.0,0.0,307.6526555685888,307.6526555685888,0.0,0.0,0.0
38,"ADXL_X__fft_coefficient__attr_""abs""__coeff_16",0.0,0.0,307.6526555685888,307.6526555685888,0.0,0.0,0.0
39,"ADXL_X__fft_coefficient__attr_""abs""__coeff_17",0.0,0.0,307.6526555685888,307.6526555685888,0.0,0.0,0.0
40,"ADXL_X__fft_coefficient__attr_""abs""__coeff_18",0.0,0.0,307.6526555685888,307.6526555685888,0.0,0.0,0.0
41,"ADXL_X__fft_coefficient__attr_""abs""__coeff_19",0.0,0.0,307.6526555685888,307.6526555685888,0.0,0.0,0.0
42,"ADXL_X__fft_coefficient__attr_""abs""__coeff_20",0.0,0.0,307.6526555685888,307.6526555685888,0.0,0.0,0.0
43,"ADXL_X__fft_coefficient__attr_""abs""__coeff_21",0.0,0.0,307.6526555685888,307.6526555685888,0.0,0.0,0.0
44,"ADXL_X__fft_coefficient__attr_""abs""__coeff_15",0.0,0.0,307.6526555685888,307.6526555685888,0.0,0.0,0.0
45,"ADXL_X__fft_coefficient__attr_""abs""__coeff_22",0.0,0.0,307.6526555685888,307.6526555685888,0.0,0.0,0.0
46,"ADXL_X__fft_coefficient__attr_""abs""__coeff_24",0.0,0.0,307.6526555685888,307.6526555685888,0.0,0.0,0.0
47,"ADXL_X__fft_coefficient__attr_""abs""__coeff_25",0.0,0.0,307.6526555685888,307.6526555685888,0.0,0.0,0.0
48,"ADXL_X__fft_coefficient__attr_""abs""__coeff_26",0.0,0.0,307.6526555685888,307.6526555685888,0.0,0.0,0.0
49,"ADXL_X__fft_coefficient__attr_""abs""__coeff_27",0.0,0.0,307.6526555685888,307.6526555685888,0.0,0.0,0.0
50,"ADXL_X__fft_coefficient__attr_""abs""__coeff_29",0.0,0.0,307.6526555685888,307.6526555685888,0.0,0.0,0.0
51,"ADXL_X__fft_coefficient__attr_""abs""__coeff_30",0.0,0.0,307.6526555685888,307.6526555685888,0.0,0.0,0.0
52,"ADXL_X__fft_coefficient__attr_""abs""__coeff_23",0.0,0.0,307.6526555685888,307.6526555685888,0.0,0.0,0.0
53,GYRO_Y__ratio_value_number_to_time_series_length,0.0,0.0,307.6526555685888,307.6526555685888,0.0,0.0,0.0
54,"ADXL_X__fft_coefficient__attr_""abs""__coeff_14",0.0,0.0,307.6526555685888,307.6526555685888,0.0,0.0,0.0
55,"ADXL_X__fft_coefficient__attr_""abs""__coeff_12",0.0,0.0,307.6526555685888,307.6526555685888,0.0,0.0,0.0
56,GYRO_Y__percentage_of_reoccurring_values_to_all_values,0.0,0.0,307.6526555685888,307.6526555685888,0.0,0.0,0.0
57,GYRO_Y__absolute_sum_of_changes,0.0,0.0,307.6526555685888,307.6526555685888,0.0,0.0,0.0
58,"ADXL_X__fft_coefficient__attr_""abs""__coeff_0",0.0,0.0,307.6526555685888,307.6526555685888,0.0,0.0,0.0
59,"ADXL_X__fft_coefficient__attr_""abs""__coeff_1",0.0,0.0,307.6526555685888,307.6526555685888,0.0,0.0,0.0
60,"ADXL_X__fft_coefficient__attr_""abs""__coeff_2",0.0,0.0,307.6526555685888,307.6526555685888,0.0,0.0,0.0
61,"ADXL_X__fft_coefficient__attr_""abs""__coeff_3",0.0,0.0,307.6526555685888,307.6526555685888,0.0,0.0,0.0
62,"ADXL_X__fft_coefficient__attr_""abs""__coeff_13",0.0,0.0,307.6526555685888,307.6526555685888,0.0,0.0,0.0
63,"ADXL_X__fft_coefficient__attr_""abs""__coeff_4",0.0,0.0,307.6526555685888,307.6526555685888,0.0,0.0,0.0
64,"ADXL_X__fft_coefficient__attr_""abs""__coeff_6",0.0,0.0,307.6526555685888,307.6526555685888,0.0,0.0,0.0
65,"ADXL_X__fft_coefficient__attr_""abs""__coeff_7",0.0,0.0,307.6526555685888,307.6526555685888,0.0,0.0,0.0
66,"ADXL_X__fft_coefficient__attr_""abs""__coeff_8",0.0,0.0,307.6526555685888,307.6526555685888,0.0,0.0,0.0
67,"ADXL_X__fft_coefficient__attr_""abs""__coeff_9",0.0,0.0,307.6526555685888,307.6526555685888,0.0,0.0,0.0
68,"ADXL_X__fft_coefficient__attr_""abs""__coeff_10",0.0,0.0,307.6526555685888,307.6526555685888,0.0,0.0,0.0
69,"ADXL_X__fft_coefficient__attr_""abs""__coeff_11",0.0,0.0,307.6526555685888,307.6526555685888,0.0,0.0,0.0
70,"ADXL_X__fft_coefficient__attr_""abs""__coeff_5",0.0,0.0,307.6526555685888,307.6526555685888,0.0,0.0,0.0
71,GYRO_Y__autocorrelation__lag_7,0.0,0.0,307.6526555685888,307.6526555685888,0.0,0.0,0.0
72,"ADXL_X__change_quantiles__f_agg_""mean""__isabs_True__qh_0.6__ql_0.0",0.0,0.0,307.6526555685888,307.6526555685888,0.0,0.0,0.0
73,GYRO_Y__autocorrelation__lag_8,0.0,0.0,307.6526555685888,307.6526555685888,0.0,0.0,0.0
74,ADXL_X__autocorrelation__lag_9,0.0,0.0,307.6526555685888,307.6526555685888,0.0,0.0,0.0
75,"ADXL_X__agg_autocorrelation__f_agg_""mean""__maxlag_40",0.0,0.0,307.6526555685888,307.6526555685888,0.0,0.0,0.0
76,"ADXL_X__agg_autocorrelation__f_agg_""median""__maxlag_40",0.0,0.0,307.6526555685888,307.6526555685888,0.0,0.0,0.0
77,"ADXL_X__agg_autocorrelation__f_agg_""var""__maxlag_40",0.0,0.0,307.6526555685888,307.6526555685888,0.0,0.0,0.0
78,ADXL_X__partial_autocorrelation__lag_2,0.0,0.0,307.6526555685888,307.6526555685888,0.0,0.0,0.0
79,"GYRO_Y__change_quantiles__f_agg_""var""__isabs_False__qh_0.4__ql_0.0",0.0,0.0,307.6526555685888,307.6526555685888,0.0,0.0,0.0
80,ADXL_X__autocorrelation__lag_8,0.0,0.0,307.6526555685888,307.6526555685888,0.0,0.0,0.0
81,"GYRO_Y__change_quantiles__f_agg_""mean""__isabs_True__qh_0.2__ql_0.0",0.0,0.0,307.6526555685888,307.6526555685888,0.0,0.0,0.0
82,ADXL_X__number_cwt_peaks__n_1,0.0,0.0,307.6526555685888,307.6526555685888,0.0,0.0,0.0
83,ADXL_X__number_cwt_peaks__n_5,0.0,0.0,307.6526555685888,307.6526555685888,0.0,0.0,0.0
84,ADXL_X__number_peaks__n_1,0.0,0.0,307.6526555685888,307.6526555685888,0.0,0.0,0.0
85,ADXL_X__number_peaks__n_3,0.0,0.0,307.6526555685888,307.6526555685888,0.0,0.0,0.0
86,ADXL_X__number_peaks__n_5,0.0,0.0,307.6526555685888,307.6526555685888,0.0,0.0,0.0
87,ADXL_X__number_peaks__n_10,0.0,0.0,307.6526555685888,307.6526555685888,0.0,0.0,0.0
88,"GYRO_Y__change_quantiles__f_agg_""var""__isabs_False__qh_0.2__ql_0.0",0.0,0.0,307.6526555685888,307.6526555685888,0.0,0.0,0.0
89,ADXL_X__number_peaks__n_50,0.0,0.0,307.6526555685888,307.6526555685888,0.0,0.0,0.0
90,ADXL_X__autocorrelation__lag_7,0.0,0.0,307.6526555685888,307.6526555685888,0.0,0.0,0.0
91,ADXL_X__autocorrelation__lag_5,0.0,0.0,307.6526555685888,307.6526555685888,0.0,0.0,0.0
92,ADXL_X__cid_ce__normalize_False,0.0,0.0,307.6526555685888,307.6526555685888,0.0,0.0,0.0
93,ADXL_X__symmetry_looking__r_0.1,0.0,0.0,307.6526555685888,307.6526555685888,0.0,0.0,0.0
94,"GYRO_Y__change_quantiles__f_agg_""var""__isabs_True__qh_0.6__ql_0.0",0.0,0.0,307.6526555685888,307.6526555685888,0.0,0.0,0.0
95,ADXL_X__large_standard_deviation__r_0.1,0.0,0.0,307.6526555685888,307.6526555685888,0.0,0.0,0.0
96,ADXL_X__large_standard_deviation__r_0.15000000000000002,0.0,0.0,307.6526555685888,307.6526555685888,0.0,0.0,0.0
97,ADXL_X__large_standard_deviation__r_0.2,0.0,0.0,307.6526555685888,307.6526555685888,0.0,0.0,0.0
98,ADXL_X__autocorrelation__lag_6,0.0,0.0,307.6526555685888,307.6526555685888,0.0,0.0,0.0
99,ADXL_X__large_standard_deviation__r_0.25,0.0,0.0,307.6526555685888,307.6526555685888,0.0,0.0,0.0
100,"GYRO_Y__change_quantiles__f_agg_""mean""__isabs_True__qh_0.6__ql_0.0",0.0,0.0,307.6526555685888,307.6526555685888,0.0,0.0,0.0
101,"GYRO_Y__change_quantiles__f_agg_""var""__isabs_False__qh_0.6__ql_0.0",0.0,0.0,307.6526555685888,307.6526555685888,0.0,0.0,0.0
102,"GYRO_Y__change_quantiles__f_agg_""var""__isabs_True__qh_0.4__ql_0.0",0.0,0.0,307.6526555685888,307.6526555685888,0.0,0.0,0.0
103,"GYRO_Y__change_quantiles__f_agg_""mean""__isabs_True__qh_0.4__ql_0.0",0.0,0.0,307.6526555685888,307.6526555685888,0.0,0.0,0.0
104,ADXL_X__autocorrelation__lag_3,0.0,0.0,307.6526555685888,307.6526555685888,0.0,0.0,0.0
105,ADXL_X__autocorrelation__lag_4,0.0,0.0,307.6526555685888,307.6526555685888,0.0,0.0,0.0
106,ADXL_X__large_standard_deviation__r_0.30000000000000004,0.0,0.0,307.6526555685888,307.6526555685888,0.0,0.0,0.0
107,ADXL_X__binned_entropy__max_bins_10,0.0,0.0,307.6526555685888,307.6526555685888,0.0,0.0,0.0
108,ADXL_X__index_mass_quantile__q_0.1,0.0,0.0,307.6526555685888,307.6526555685888,0.0,0.0,0.0
109,ADXL_X__index_mass_quantile__q_0.2,0.0,0.0,307.6526555685888,307.6526555685888,0.0,0.0,0.0
110,GYRO_Y__number_peaks__n_5,0.0,0.0,307.6526555685888,307.6526555685888,0.0,0.0,0.0
111,GYRO_Y__number_peaks__n_3,0.0,0.0,307.6526555685888,307.6526555685888,0.0,0.0,0.0
112,ADXL_X__spkt_welch_density__coeff_2,0.0,0.0,307.6526555685888,307.6526555685888,0.0,0.0,0.0
113,ADXL_X__spkt_welch_density__coeff_8,0.0,0.0,307.6526555685888,307.6526555685888,0.0,0.0,0.0
114,GYRO_Y__number_peaks__n_1,0.0,0.0,307.6526555685888,307.6526555685888,0.0,0.0,0.0
115,ADXL_X__ar_coefficient__coeff_1__k_10,0.0,0.0,307.6526555685888,307.6526555685888,0.0,0.0,0.0
116,GYRO_Y__number_peaks__n_10,0.0,0.0,307.6526555685888,307.6526555685888,0.0,0.0,0.0
117,ADXL_X__ar_coefficient__coeff_2__k_10,0.0,0.0,307.6526555685888,307.6526555685888,0.0,0.0,0.0
118,GYRO_Y__number_cwt_peaks__n_1,0.0,0.0,307.6526555685888,307.6526555685888,0.0,0.0,0.0
119,"GYRO_Y__agg_autocorrelation__f_agg_""median""__maxlag_40",0.0,0.0,307.6526555685888,307.6526555685888,0.0,0.0,0.0
120,"GYRO_Y__agg_autocorrelation__f_agg_""mean""__maxlag_40",0.0,0.0,307.6526555685888,307.6526555685888,0.0,0.0,0.0
121,"ADXL_X__change_quantiles__f_agg_""mean""__isabs_True__qh_0.2__ql_0.0",0.0,0.0,307.6526555685888,307.6526555685888,0.0,0.0,0.0
122,GYRO_Y__autocorrelation__lag_9,0.0,0.0,307.6526555685888,307.6526555685888,0.0,0.0,0.0
123,"ADXL_X__change_quantiles__f_agg_""mean""__isabs_True__qh_0.4__ql_0.0",0.0,0.0,307.6526555685888,307.6526555685888,0.0,0.0,0.0
124,GYRO_Y__number_cwt_peaks__n_5,0.0,0.0,307.6526555685888,307.6526555685888,0.0,0.0,0.0
125,GYRO_Y__number_peaks__n_50,0.0,0.0,307.6526555685888,307.6526555685888,0.0,0.0,0.0
126,GYRO_Y__binned_entropy__max_bins_10,0.0,0.0,307.6526555685888,307.6526555685888,0.0,0.0,0.0
127,GYRO_Y__index_mass_quantile__q_0.1,0.0,0.0,307.6526555685888,307.6526555685888,0.0,0.0,0.0
128,ADXL_X__index_mass_quantile__q_0.3,0.0,0.0,307.6526555685888,307.6526555685888,0.0,0.0,0.0
129,ADXL_X__index_mass_quantile__q_0.4,0.0,0.0,307.6526555685888,307.6526555685888,0.0,0.0,0.0
130,ADXL_X__index_mass_quantile__q_0.6,0.0,0.0,307.6526555685888,307.6526555685888,0.0,0.0,0.0
131,ADXL_X__index_mass_quantile__q_0.7,0.0,0.0,307.6526555685888,307.6526555685888,0.0,0.0,0.0
132,ADXL_X__index_mass_quantile__q_0.8,0.0,0.0,307.6526555685888,307.6526555685888,0.0,0.0,0.0
133,ADXL_X__index_mass_quantile__q_0.9,0.0,0.0,307.6526555685888,307.6526555685888,0.0,0.0,0.0
134,GYRO_Y__ar_coefficient__coeff_3__k_10,0.0,0.0,307.6526555685888,307.6526555685888,0.0,0.0,0.0
135,GYRO_Y__ar_coefficient__coeff_2__k_10,0.0,0.0,307.6526555685888,307.6526555685888,0.0,0.0,0.0
136,GYRO_Y__ar_coefficient__coeff_1__k_10,0.0,0.0,307.6526555685888,307.6526555685888,0.0,0.0,0.0
137,GYRO_Y__spkt_welch_density__coeff_8,0.0,0.0,307.6526555685888,307.6526555685888,0.0,0.0,0.0
138,GYRO_Y__spkt_welch_density__coeff_2,0.0,0.0,307.6526555685888,307.6526555685888,0.0,0.0,0.0
139,GYRO_Y__index_mass_quantile__q_0.9,0.0,0.0,307.6526555685888,307.6526555685888,0.0,0.0,0.0
140,GYRO_Y__index_mass_quantile__q_0.8,0.0,0.0,307.6526555685888,307.6526555685888,0.0,0.0,0.0
141,GYRO_Y__index_mass_quantile__q_0.7,0.0,0.0,307.6526555685888,307.6526555685888,0.0,0.0,0.0
142,GYRO_Y__index_mass_quantile__q_0.6,0.0,0.0,307.6526555685888,307.6526555685888,0.0,0.0,0.0
143,"ADXL_X__fft_coefficient__attr_""abs""__coeff_31",0.0,0.0,307.6526555685888,307.6526555685888,0.0,0.0,0.0
144,"ADXL_X__fft_coefficient__attr_""abs""__coeff_32",0.0,0.0,307.6526555685888,307.6526555685888,0.0,0.0,0.0
145,"ADXL_X__fft_coefficient__attr_""abs""__coeff_33",0.0,0.0,307.6526555685888,307.6526555685888,0.0,0.0,0.0
146,"ADXL_X__fft_coefficient__attr_""abs""__coeff_34",0.0,0.0,307.6526555685888,307.6526555685888,0.0,0.0,0.0
147,ADXL_X__energy_ratio_by_chunks__num_segments_10__segment_focus_0,0.0,0.0,307.6526555685888,307.6526555685888,0.0,0.0,0.0
148,ADXL_X__energy_ratio_by_chunks__num_segments_10__segment_focus_1,0.0,0.0,307.6526555685888,307.6526555685888,0.0,0.0,0.0
149,ADXL_X__energy_ratio_by_chunks__num_segments_10__segment_focus_9,0.0,0.0,307.6526555685888,307.6526555685888,0.0,0.0,0.0
150,ADXL_X__ratio_beyond_r_sigma__r_0.5,0.0,0.0,307.6526555685888,307.6526555685888,0.0,0.0,0.0
151,ADXL_X__ratio_beyond_r_sigma__r_1,0.0,0.0,307.6526555685888,307.6526555685888,0.0,0.0,0.0
152,ADXL_X__ratio_beyond_r_sigma__r_1.5,0.0,0.0,307.6526555685888,307.6526555685888,0.0,0.0,0.0
153,"ADXL_X__augmented_dickey_fuller__attr_""pvalue""__autolag_""AIC""",0.0,0.0,307.6526555685888,307.6526555685888,0.0,0.0,0.0
154,ADXL_X__ratio_beyond_r_sigma__r_2,0.0,0.0,307.6526555685888,307.6526555685888,0.0,0.0,0.0
155,ADXL_X__ratio_beyond_r_sigma__r_3,0.0,0.0,307.6526555685888,307.6526555685888,0.0,0.0,0.0
156,ADXL_X__ratio_beyond_r_sigma__r_5,0.0,0.0,307.6526555685888,307.6526555685888,0.0,0.0,0.0
157,ADXL_X__ratio_beyond_r_sigma__r_6,0.0,0.0,307.6526555685888,307.6526555685888,0.0,0.0,0.0
158,ADXL_X__ratio_beyond_r_sigma__r_7,0.0,0.0,307.6526555685888,307.6526555685888,0.0,0.0,0.0
159,GYRO_X__number_crossing_m__m_1,0.0,0.0,307.6526555685888,307.6526555685888,0.0,0.0,0.0
160,GYRO_X__number_crossing_m__m_-1,0.0,0.0,307.6526555685888,307.6526555685888,0.0,0.0,0.0
161,ADXL_X__ratio_beyond_r_sigma__r_2.5,0.0,0.0,307.6526555685888,307.6526555685888,0.0,0.0,0.0
162,ADXL_X__lempel_ziv_complexity__bins_2,0.0,0.0,307.6526555685888,307.6526555685888,0.0,0.0,0.0
163,"ADXL_X__augmented_dickey_fuller__attr_""teststat""__autolag_""AIC""",0.0,0.0,307.6526555685888,307.6526555685888,0.0,0.0,0.0
164,"ADXL_X__agg_linear_trend__attr_""stderr""__chunk_len_50__f_agg_""min""",0.0,0.0,307.6526555685888,307.6526555685888,0.0,0.0,0.0
165,"ADXL_X__agg_linear_trend__attr_""intercept""__chunk_len_10__f_agg_""var""",0.0,0.0,307.6526555685888,307.6526555685888,0.0,0.0,0.0
166,"ADXL_X__agg_linear_trend__attr_""intercept""__chunk_len_50__f_agg_""max""",0.0,0.0,307.6526555685888,307.6526555685888,0.0,0.0,0.0
167,"ADXL_X__agg_linear_trend__attr_""intercept""__chunk_len_50__f_agg_""min""",0.0,0.0,307.6526555685888,307.6526555685888,0.0,0.0,0.0
168,GYRO_X__ratio_beyond_r_sigma__r_1,0.0,0.0,307.6526555685888,307.6526555685888,0.0,0.0,0.0
169,"ADXL_X__agg_linear_trend__attr_""intercept""__chunk_len_50__f_agg_""var""",0.0,0.0,307.6526555685888,307.6526555685888,0.0,0.0,0.0
170,GYRO_X__ratio_beyond_r_sigma__r_0.5,0.0,0.0,307.6526555685888,307.6526555685888,0.0,0.0,0.0
171,"ADXL_X__agg_linear_trend__attr_""stderr""__chunk_len_50__f_agg_""mean""",0.0,0.0,307.6526555685888,307.6526555685888,0.0,0.0,0.0
172,GYRO_X__energy_ratio_by_chunks__num_segments_10__segment_focus_9,0.0,0.0,307.6526555685888,307.6526555685888,0.0,0.0,0.0
173,"ADXL_X__agg_linear_trend__attr_""stderr""__chunk_len_5__f_agg_""min""",0.0,0.0,307.6526555685888,307.6526555685888,0.0,0.0,0.0
174,"ADXL_X__agg_linear_trend__attr_""stderr""__chunk_len_5__f_agg_""mean""",0.0,0.0,307.6526555685888,307.6526555685888,0.0,0.0,0.0
175,"ADXL_X__agg_linear_trend__attr_""stderr""__chunk_len_10__f_agg_""max""",0.0,0.0,307.6526555685888,307.6526555685888,0.0,0.0,0.0
176,"ADXL_X__agg_linear_trend__attr_""stderr""__chunk_len_10__f_agg_""min""",0.0,0.0,307.6526555685888,307.6526555685888,0.0,0.0,0.0
177,"ADXL_X__agg_linear_trend__attr_""stderr""__chunk_len_10__f_agg_""mean""",0.0,0.0,307.6526555685888,307.6526555685888,0.0,0.0,0.0
178,"ADXL_X__agg_linear_trend__attr_""stderr""__chunk_len_50__f_agg_""max""",0.0,0.0,307.6526555685888,307.6526555685888,0.0,0.0,0.0
179,"ADXL_X__agg_linear_trend__attr_""stderr""__chunk_len_5__f_agg_""max""",0.0,0.0,307.6526555685888,307.6526555685888,0.0,0.0,0.0
180,ADXL_X__lempel_ziv_complexity__bins_3,0.0,0.0,307.6526555685888,307.6526555685888,0.0,0.0,0.0
181,ADXL_X__lempel_ziv_complexity__bins_5,0.0,0.0,307.6526555685888,307.6526555685888,0.0,0.0,0.0
182,ADXL_X__lempel_ziv_complexity__bins_10,0.0,0.0,307.6526555685888,307.6526555685888,0.0,0.0,0.0
183,ADXL_Y__root_mean_square,0.0,0.0,307.6526555685888,307.6526555685888,0.0,0.0,0.0
184,ADXL_Y__absolute_sum_of_changes,0.0,0.0,307.6526555685888,307.6526555685888,0.0,0.0,0.0
185,ADXL_Y__longest_strike_below_mean,0.0,0.0,307.6526555685888,307.6526555685888,0.0,0.0,0.0
186,ADXL_Y__longest_strike_above_mean,0.0,0.0,307.6526555685888,307.6526555685888,0.0,0.0,0.0
187,ADXL_Y__count_above_mean,0.0,0.0,307.6526555685888,307.6526555685888,0.0,0.0,0.0
188,ADXL_Y__count_below_mean,0.0,0.0,307.6526555685888,307.6526555685888,0.0,0.0,0.0
189,ADXL_Y__variance,0.0,0.0,307.6526555685888,307.6526555685888,0.0,0.0,0.0
190,ADXL_Y__percentage_of_reoccurring_values_to_all_values,0.0,0.0,307.6526555685888,307.6526555685888,0.0,0.0,0.0
191,ADXL_Y__sum_of_reoccurring_values,0.0,0.0,307.6526555685888,307.6526555685888,0.0,0.0,0.0
192,ADXL_Y__sum_of_reoccurring_data_points,0.0,0.0,307.6526555685888,307.6526555685888,0.0,0.0,0.0
193,ADXL_Y__ratio_value_number_to_time_series_length,0.0,0.0,307.6526555685888,307.6526555685888,0.0,0.0,0.0
194,ADXL_Y__maximum,0.0,0.0,307.6526555685888,307.6526555685888,0.0,0.0,0.0
195,ADXL_Y__absolute_maximum,0.0,0.0,307.6526555685888,307.6526555685888,0.0,0.0,0.0
196,ADXL_Y__minimum,0.0,0.0,307.6526555685888,307.6526555685888,0.0,0.0,0.0
197,ADXL_Y__percentage_of_reoccurring_datapoints_to_all_datapoints,0.0,0.0,307.6526555685888,307.6526555685888,0.0,0.0,0.0
198,ADXL_Y__standard_deviation,0.0,0.0,307.6526555685888,307.6526555685888,0.0,0.0,0.0
199,ADXL_Y__length,0.0,0.0,307.6526555685888,307.6526555685888,0.0,0.0,0.0
200,ADXL_Y__mean,0.0,0.0,307.6526555685888,307.6526555685888,0.0,0.0,0.0
201,ADXL_X__lempel_ziv_complexity__bins_100,0.0,0.0,307.6526555685888,307.6526555685888,0.0,0.0,0.0
202,ADXL_X__fourier_entropy__bins_100,0.0,0.0,307.6526555685888,307.6526555685888,0.0,0.0,0.0
203,ADXL_X__permutation_entropy__dimension_3__tau_1,0.0,0.0,307.6526555685888,307.6526555685888,0.0,0.0,0.0
204,ADXL_X__permutation_entropy__dimension_4__tau_1,0.0,0.0,307.6526555685888,307.6526555685888,0.0,0.0,0.0
205,ADXL_X__permutation_entropy__dimension_5__tau_1,0.0,0.0,307.6526555685888,307.6526555685888,0.0,0.0,0.0
206,ADXL_X__permutation_entropy__dimension_6__tau_1,0.0,0.0,307.6526555685888,307.6526555685888,0.0,0.0,0.0
207,ADXL_X__permutation_entropy__dimension_7__tau_1,0.0,0.0,307.6526555685888,307.6526555685888,0.0,0.0,0.0
208,ADXL_X__mean_n_absolute_max__number_of_maxima_7,0.0,0.0,307.6526555685888,307.6526555685888,0.0,0.0,0.0
209,ADXL_Y__variance_larger_than_standard_deviation,0.0,0.0,307.6526555685888,307.6526555685888,0.0,0.0,0.0
210,GYRO_X__number_crossing_m__m_0,0.0,0.0,307.6526555685888,307.6526555685888,0.0,0.0,0.0
211,ADXL_Y__sum_values,0.0,0.0,307.6526555685888,307.6526555685888,0.0,0.0,0.0
212,ADXL_Y__abs_energy,0.0,0.0,307.6526555685888,307.6526555685888,0.0,0.0,0.0
213,ADXL_Y__mean_abs_change,0.0,0.0,307.6526555685888,307.6526555685888,0.0,0.0,0.0
214,ADXL_Y__mean_change,0.0,0.0,307.6526555685888,307.6526555685888,0.0,0.0,0.0
215,ADXL_Y__median,0.0,0.0,307.6526555685888,307.6526555685888,0.0,0.0,0.0
216,GYRO_X__ratio_beyond_r_sigma__r_1.5,0.0,0.0,307.6526555685888,307.6526555685888,0.0,0.0,0.0
217,ADXL_X__cid_ce__normalize_True,0.0,0.0,307.6526555685888,307.6526555685888,0.0,0.0,0.0
218,GYRO_X__ratio_beyond_r_sigma__r_2,0.0,0.0,307.6526555685888,307.6526555685888,0.0,0.0,0.0
219,GYRO_X__ratio_beyond_r_sigma__r_5,0.0,0.0,307.6526555685888,307.6526555685888,0.0,0.0,0.0
220,"ADXL_X__fft_coefficient__attr_""abs""__coeff_53",0.0,0.0,307.6526555685888,307.6526555685888,0.0,0.0,0.0
221,"ADXL_X__fft_coefficient__attr_""abs""__coeff_57",0.0,0.0,307.6526555685888,307.6526555685888,0.0,0.0,0.0
222,"ADXL_X__fft_coefficient__attr_""abs""__coeff_60",0.0,0.0,307.6526555685888,307.6526555685888,0.0,0.0,0.0
223,"ADXL_X__fft_coefficient__attr_""abs""__coeff_61",0.0,0.0,307.6526555685888,307.6526555685888,0.0,0.0,0.0
224,"ADXL_X__fft_coefficient__attr_""abs""__coeff_62",0.0,0.0,307.6526555685888,307.6526555685888,0.0,0.0,0.0
225,"ADXL_X__fft_coefficient__attr_""abs""__coeff_63",0.0,0.0,307.6526555685888,307.6526555685888,0.0,0.0,0.0
226,"ADXL_X__fft_coefficient__attr_""abs""__coeff_52",0.0,0.0,307.6526555685888,307.6526555685888,0.0,0.0,0.0
227,"ADXL_X__fft_coefficient__attr_""abs""__coeff_64",0.0,0.0,307.6526555685888,307.6526555685888,0.0,0.0,0.0
228,"ADXL_X__fft_coefficient__attr_""abs""__coeff_66",0.0,0.0,307.6526555685888,307.6526555685888,0.0,0.0,0.0
229,"ADXL_X__fft_coefficient__attr_""abs""__coeff_67",0.0,0.0,307.6526555685888,307.6526555685888,0.0,0.0,0.0
230,"ADXL_X__fft_coefficient__attr_""abs""__coeff_68",0.0,0.0,307.6526555685888,307.6526555685888,0.0,0.0,0.0
231,"ADXL_X__fft_coefficient__attr_""abs""__coeff_69",0.0,0.0,307.6526555685888,307.6526555685888,0.0,0.0,0.0
232,"ADXL_X__fft_coefficient__attr_""abs""__coeff_70",0.0,0.0,307.6526555685888,307.6526555685888,0.0,0.0,0.0
233,"ADXL_X__fft_coefficient__attr_""abs""__coeff_71",0.0,0.0,307.6526555685888,307.6526555685888,0.0,0.0,0.0
234,"ADXL_X__fft_coefficient__attr_""abs""__coeff_65",0.0,0.0,307.6526555685888,307.6526555685888,0.0,0.0,0.0
235,"ADXL_X__fft_coefficient__attr_""abs""__coeff_72",0.0,0.0,307.6526555685888,307.6526555685888,0.0,0.0,0.0
236,"ADXL_X__fft_coefficient__attr_""abs""__coeff_51",0.0,0.0,307.6526555685888,307.6526555685888,0.0,0.0,0.0
237,"ADXL_X__fft_coefficient__attr_""abs""__coeff_49",0.0,0.0,307.6526555685888,307.6526555685888,0.0,0.0,0.0
238,"ADXL_X__fft_coefficient__attr_""abs""__coeff_35",0.0,0.0,307.6526555685888,307.6526555685888,0.0,0.0,0.0
239,"ADXL_X__fft_coefficient__attr_""abs""__coeff_36",0.0,0.0,307.6526555685888,307.6526555685888,0.0,0.0,0.0
240,"ADXL_X__fft_coefficient__attr_""abs""__coeff_37",0.0,0.0,307.6526555685888,307.6526555685888,0.0,0.0,0.0
241,"ADXL_X__fft_coefficient__attr_""abs""__coeff_38",0.0,0.0,307.6526555685888,307.6526555685888,0.0,0.0,0.0
242,"ADXL_X__fft_coefficient__attr_""abs""__coeff_39",0.0,0.0,307.6526555685888,307.6526555685888,0.0,0.0,0.0
243,"ADXL_X__fft_coefficient__attr_""abs""__coeff_40",0.0,0.0,307.6526555685888,307.6526555685888,0.0,0.0,0.0
244,"ADXL_X__fft_coefficient__attr_""abs""__coeff_50",0.0,0.0,307.6526555685888,307.6526555685888,0.0,0.0,0.0
245,"ADXL_X__fft_coefficient__attr_""abs""__coeff_41",0.0,0.0,307.6526555685888,307.6526555685888,0.0,0.0,0.0
246,"ADXL_X__fft_coefficient__attr_""abs""__coeff_43",0.0,0.0,307.6526555685888,307.6526555685888,0.0,0.0,0.0
247,"ADXL_X__fft_coefficient__attr_""abs""__coeff_44",0.0,0.0,307.6526555685888,307.6526555685888,0.0,0.0,0.0
248,"ADXL_X__fft_coefficient__attr_""abs""__coeff_45",0.0,0.0,307.6526555685888,307.6526555685888,0.0,0.0,0.0
249,"ADXL_X__fft_coefficient__attr_""abs""__coeff_46",0.0,0.0,307.6526555685888,307.6526555685888,0.0,0.0,0.0
250,"ADXL_X__fft_coefficient__attr_""abs""__coeff_47",0.0,0.0,307.6526555685888,307.6526555685888,0.0,0.0,0.0
251,"ADXL_X__fft_coefficient__attr_""abs""__coeff_48",0.0,0.0,307.6526555685888,307.6526555685888,0.0,0.0,0.0
252,"ADXL_X__fft_coefficient__attr_""abs""__coeff_42",0.0,0.0,307.6526555685888,307.6526555685888,0.0,0.0,0.0
253,"ADXL_X__fft_coefficient__attr_""abs""__coeff_73",0.0,0.0,307.6526555685888,307.6526555685888,0.0,0.0,0.0
254,"ADXL_X__fft_coefficient__attr_""abs""__coeff_74",0.0,0.0,307.6526555685888,307.6526555685888,0.0,0.0,0.0
255,"ADXL_X__fft_coefficient__attr_""abs""__coeff_94",0.0,0.0,307.6526555685888,307.6526555685888,0.0,0.0,0.0
256,"ADXL_X__fft_aggregated__aggtype_""variance""",0.0,0.0,307.6526555685888,307.6526555685888,0.0,0.0,0.0
257,"ADXL_X__fft_aggregated__aggtype_""skew""",0.0,0.0,307.6526555685888,307.6526555685888,0.0,0.0,0.0
258,"ADXL_X__fft_aggregated__aggtype_""kurtosis""",0.0,0.0,307.6526555685888,307.6526555685888,0.0,0.0,0.0
259,GYRO_X__fourier_entropy__bins_10,0.0,0.0,307.6526555685888,307.6526555685888,0.0,0.0,0.0
260,GYRO_X__fourier_entropy__bins_5,0.0,0.0,307.6526555685888,307.6526555685888,0.0,0.0,0.0
261,ADXL_X__range_count__max_1__min_-1,0.0,0.0,307.6526555685888,307.6526555685888,0.0,0.0,0.0
262,"ADXL_X__fft_aggregated__aggtype_""centroid""",0.0,0.0,307.6526555685888,307.6526555685888,0.0,0.0,0.0
263,GYRO_X__lempel_ziv_complexity__bins_100,0.0,0.0,307.6526555685888,307.6526555685888,0.0,0.0,0.0
264,GYRO_X__lempel_ziv_complexity__bins_10,0.0,0.0,307.6526555685888,307.6526555685888,0.0,0.0,0.0
265,GYRO_X__lempel_ziv_complexity__bins_5,0.0,0.0,307.6526555685888,307.6526555685888,0.0,0.0,0.0
266,GYRO_X__lempel_ziv_complexity__bins_3,0.0,0.0,307.6526555685888,307.6526555685888,0.0,0.0,0.0
267,GYRO_X__lempel_ziv_complexity__bins_2,0.0,0.0,307.6526555685888,307.6526555685888,0.0,0.0,0.0
268,GYRO_X__ratio_beyond_r_sigma__r_7,0.0,0.0,307.6526555685888,307.6526555685888,0.0,0.0,0.0
269,GYRO_X__ratio_beyond_r_sigma__r_6,0.0,0.0,307.6526555685888,307.6526555685888,0.0,0.0,0.0
270,"ADXL_X__linear_trend__attr_""stderr""",0.0,0.0,307.6526555685888,307.6526555685888,0.0,0.0,0.0
271,GYRO_X__fourier_entropy__bins_100,0.0,0.0,307.6526555685888,307.6526555685888,0.0,0.0,0.0
272,GYRO_X__permutation_entropy__dimension_3__tau_1,0.0,0.0,307.6526555685888,307.6526555685888,0.0,0.0,0.0
273,GYRO_X__permutation_entropy__dimension_4__tau_1,0.0,0.0,307.6526555685888,307.6526555685888,0.0,0.0,0.0
274,"ADXL_X__fft_coefficient__attr_""abs""__coeff_95",0.0,0.0,307.6526555685888,307.6526555685888,0.0,0.0,0.0
275,"ADXL_X__fft_coefficient__attr_""abs""__coeff_96",0.0,0.0,307.6526555685888,307.6526555685888,0.0,0.0,0.0
276,"ADXL_X__fft_coefficient__attr_""abs""__coeff_97",0.0,0.0,307.6526555685888,307.6526555685888,0.0,0.0,0.0
277,"ADXL_X__fft_coefficient__attr_""abs""__coeff_98",0.0,0.0,307.6526555685888,307.6526555685888,0.0,0.0,0.0
278,"ADXL_X__fft_coefficient__attr_""abs""__coeff_99",0.0,0.0,307.6526555685888,307.6526555685888,0.0,0.0,0.0
279,GYRO_Y__root_mean_square,0.0,0.0,307.6526555685888,307.6526555685888,0.0,0.0,0.0
280,GYRO_Y__variance,0.0,0.0,307.6526555685888,307.6526555685888,0.0,0.0,0.0
281,GYRO_Y__standard_deviation,0.0,0.0,307.6526555685888,307.6526555685888,0.0,0.0,0.0
282,GYRO_Y__length,0.0,0.0,307.6526555685888,307.6526555685888,0.0,0.0,0.0
283,GYRO_Y__mean_abs_change,0.0,0.0,307.6526555685888,307.6526555685888,0.0,0.0,0.0
284,GYRO_Y__abs_energy,0.0,0.0,307.6526555685888,307.6526555685888,0.0,0.0,0.0
285,GYRO_X__mean_n_absolute_max__number_of_maxima_7,0.0,0.0,307.6526555685888,307.6526555685888,0.0,0.0,0.0
286,GYRO_X__permutation_entropy__dimension_7__tau_1,0.0,0.0,307.6526555685888,307.6526555685888,0.0,0.0,0.0
287,GYRO_X__permutation_entropy__dimension_6__tau_1,0.0,0.0,307.6526555685888,307.6526555685888,0.0,0.0,0.0
288,GYRO_X__permutation_entropy__dimension_5__tau_1,0.0,0.0,307.6526555685888,307.6526555685888,0.0,0.0,0.0
289,GYRO_X__ratio_beyond_r_sigma__r_2.5,0.0,0.0,307.6526555685888,307.6526555685888,0.0,0.0,0.0
290,"GYRO_Y__change_quantiles__f_agg_""var""__isabs_False__qh_0.8__ql_0.0",0.0,0.0,307.6526555685888,307.6526555685888,0.0,0.0,0.0
291,"GYRO_Y__change_quantiles__f_agg_""mean""__isabs_True__qh_0.8__ql_0.0",0.0,0.0,307.6526555685888,307.6526555685888,0.0,0.0,0.0
292,"GYRO_Y__change_quantiles__f_agg_""var""__isabs_True__qh_0.8__ql_0.0",0.0,0.0,307.6526555685888,307.6526555685888,0.0,0.0,0.0
293,"MMA_Z__fft_coefficient__attr_""abs""__coeff_18",0.0,0.0,307.6526555685888,307.6526555685888,0.0,0.0,0.0
294,"MMA_Z__fft_coefficient__attr_""abs""__coeff_19",0.0,0.0,307.6526555685888,307.6526555685888,0.0,0.0,0.0
295,"MMA_Z__fft_coefficient__attr_""abs""__coeff_20",0.0,0.0,307.6526555685888,307.6526555685888,0.0,0.0,0.0
296,"MMA_Z__fft_coefficient__attr_""abs""__coeff_21",0.0,0.0,307.6526555685888,307.6526555685888,0.0,0.0,0.0
297,"MMA_Z__fft_coefficient__attr_""abs""__coeff_22",0.0,0.0,307.6526555685888,307.6526555685888,0.0,0.0,0.0
298,"MMA_Z__fft_coefficient__attr_""abs""__coeff_23",0.0,0.0,307.6526555685888,307.6526555685888,0.0,0.0,0.0
299,"MMA_Z__fft_coefficient__attr_""abs""__coeff_17",0.0,0.0,307.6526555685888,307.6526555685888,0.0,0.0,0.0
300,"MMA_Z__fft_coefficient__attr_""abs""__coeff_24",0.0,0.0,307.6526555685888,307.6526555685888,0.0,0.0,0.0
301,"MMA_Z__fft_coefficient__attr_""abs""__coeff_26",0.0,0.0,307.6526555685888,307.6526555685888,0.0,0.0,0.0
302,"MMA_Z__fft_coefficient__attr_""abs""__coeff_27",0.0,0.0,307.6526555685888,307.6526555685888,0.0,0.0,0.0
303,"MMA_Z__fft_coefficient__attr_""abs""__coeff_28",0.0,0.0,307.6526555685888,307.6526555685888,0.0,0.0,0.0
304,"MMA_Z__fft_coefficient__attr_""abs""__coeff_29",0.0,0.0,307.6526555685888,307.6526555685888,0.0,0.0,0.0
305,"MMA_Z__fft_coefficient__attr_""abs""__coeff_30",0.0,0.0,307.6526555685888,307.6526555685888,0.0,0.0,0.0
306,"MMA_Z__fft_coefficient__attr_""abs""__coeff_31",0.0,0.0,307.6526555685888,307.6526555685888,0.0,0.0,0.0
307,"MMA_Z__fft_coefficient__attr_""abs""__coeff_25",0.0,0.0,307.6526555685888,307.6526555685888,0.0,0.0,0.0
308,"MMA_Z__fft_coefficient__attr_""abs""__coeff_38",0.0,0.0,307.6526555685888,307.6526555685888,0.0,0.0,0.0
309,"MMA_Z__fft_coefficient__attr_""abs""__coeff_16",0.0,0.0,307.6526555685888,307.6526555685888,0.0,0.0,0.0
310,"MMA_Z__fft_coefficient__attr_""abs""__coeff_14",0.0,0.0,307.6526555685888,307.6526555685888,0.0,0.0,0.0
311,"GYRO_Y__fft_coefficient__attr_""abs""__coeff_82",0.0,0.0,307.6526555685888,307.6526555685888,0.0,0.0,0.0
312,"MMA_Z__fft_coefficient__attr_""abs""__coeff_1",0.0,0.0,307.6526555685888,307.6526555685888,0.0,0.0,0.0
313,"MMA_Z__fft_coefficient__attr_""abs""__coeff_2",0.0,0.0,307.6526555685888,307.6526555685888,0.0,0.0,0.0
314,"MMA_Z__fft_coefficient__attr_""abs""__coeff_3",0.0,0.0,307.6526555685888,307.6526555685888,0.0,0.0,0.0
315,"MMA_Z__fft_coefficient__attr_""abs""__coeff_4",0.0,0.0,307.6526555685888,307.6526555685888,0.0,0.0,0.0
316,"MMA_Z__fft_coefficient__attr_""abs""__coeff_5",0.0,0.0,307.6526555685888,307.6526555685888,0.0,0.0,0.0
317,"MMA_Z__fft_coefficient__attr_""abs""__coeff_15",0.0,0.0,307.6526555685888,307.6526555685888,0.0,0.0,0.0
318,"MMA_Z__fft_coefficient__attr_""abs""__coeff_6",0.0,0.0,307.6526555685888,307.6526555685888,0.0,0.0,0.0
319,"MMA_Z__fft_coefficient__attr_""abs""__coeff_8",0.0,0.0,307.6526555685888,307.6526555685888,0.0,0.0,0.0
320,"MMA_Z__fft_coefficient__attr_""abs""__coeff_9",0.0,0.0,307.6526555685888,307.6526555685888,0.0,0.0,0.0
321,"MMA_Z__fft_coefficient__attr_""abs""__coeff_10",0.0,0.0,307.6526555685888,307.6526555685888,0.0,0.0,0.0
322,"MMA_Z__fft_coefficient__attr_""abs""__coeff_11",0.0,0.0,307.6526555685888,307.6526555685888,0.0,0.0,0.0
323,"MMA_Z__fft_coefficient__attr_""abs""__coeff_12",0.0,0.0,307.6526555685888,307.6526555685888,0.0,0.0,0.0
324,"MMA_Z__fft_coefficient__attr_""abs""__coeff_13",0.0,0.0,307.6526555685888,307.6526555685888,0.0,0.0,0.0
325,"MMA_Z__fft_coefficient__attr_""abs""__coeff_7",0.0,0.0,307.6526555685888,307.6526555685888,0.0,0.0,0.0
326,"MMA_Z__fft_coefficient__attr_""abs""__coeff_39",0.0,0.0,307.6526555685888,307.6526555685888,0.0,0.0,0.0
327,"MMA_Z__fft_coefficient__attr_""abs""__coeff_40",0.0,0.0,307.6526555685888,307.6526555685888,0.0,0.0,0.0
328,"MMA_Z__fft_coefficient__attr_""abs""__coeff_41",0.0,0.0,307.6526555685888,307.6526555685888,0.0,0.0,0.0
329,"MMA_Z__fft_coefficient__attr_""abs""__coeff_86",0.0,0.0,307.6526555685888,307.6526555685888,0.0,0.0,0.0
330,"MMA_Z__fft_coefficient__attr_""abs""__coeff_87",0.0,0.0,307.6526555685888,307.6526555685888,0.0,0.0,0.0
331,"MMA_Z__fft_coefficient__attr_""abs""__coeff_88",0.0,0.0,307.6526555685888,307.6526555685888,0.0,0.0,0.0
332,"MMA_Z__fft_coefficient__attr_""abs""__coeff_93",0.0,0.0,307.6526555685888,307.6526555685888,0.0,0.0,0.0
333,"MMA_Z__fft_coefficient__attr_""abs""__coeff_94",0.0,0.0,307.6526555685888,307.6526555685888,0.0,0.0,0.0
334,"MMA_Z__fft_coefficient__attr_""abs""__coeff_95",0.0,0.0,307.6526555685888,307.6526555685888,0.0,0.0,0.0
335,"MMA_Z__fft_coefficient__attr_""abs""__coeff_85",0.0,0.0,307.6526555685888,307.6526555685888,0.0,0.0,0.0
336,"GYRO_Y__fft_coefficient__attr_""abs""__coeff_70",0.0,0.0,307.6526555685888,307.6526555685888,0.0,0.0,0.0
337,"GYRO_Y__fft_coefficient__attr_""abs""__coeff_65",0.0,0.0,307.6526555685888,307.6526555685888,0.0,0.0,0.0
338,"GYRO_Y__fft_coefficient__attr_""abs""__coeff_61",0.0,0.0,307.6526555685888,307.6526555685888,0.0,0.0,0.0
339,"GYRO_Y__fft_coefficient__attr_""abs""__coeff_60",0.0,0.0,307.6526555685888,307.6526555685888,0.0,0.0,0.0
340,"GYRO_Y__fft_coefficient__attr_""abs""__coeff_51",0.0,0.0,307.6526555685888,307.6526555685888,0.0,0.0,0.0
341,"GYRO_Y__fft_coefficient__attr_""abs""__coeff_50",0.0,0.0,307.6526555685888,307.6526555685888,0.0,0.0,0.0
342,"GYRO_Y__fft_coefficient__attr_""abs""__coeff_49",0.0,0.0,307.6526555685888,307.6526555685888,0.0,0.0,0.0
343,"GYRO_Y__fft_coefficient__attr_""abs""__coeff_68",0.0,0.0,307.6526555685888,307.6526555685888,0.0,0.0,0.0
344,"MMA_Z__fft_coefficient__attr_""abs""__coeff_84",0.0,0.0,307.6526555685888,307.6526555685888,0.0,0.0,0.0
345,"MMA_Z__fft_coefficient__attr_""abs""__coeff_83",0.0,0.0,307.6526555685888,307.6526555685888,0.0,0.0,0.0
346,"MMA_Z__fft_coefficient__attr_""abs""__coeff_82",0.0,0.0,307.6526555685888,307.6526555685888,0.0,0.0,0.0
347,"MMA_Z__fft_coefficient__attr_""abs""__coeff_42",0.0,0.0,307.6526555685888,307.6526555685888,0.0,0.0,0.0
348,"MMA_Z__fft_coefficient__attr_""abs""__coeff_43",0.0,0.0,307.6526555685888,307.6526555685888,0.0,0.0,0.0
349,"MMA_Z__fft_coefficient__attr_""abs""__coeff_47",0.0,0.0,307.6526555685888,307.6526555685888,0.0,0.0,0.0
350,"MMA_Z__fft_coefficient__attr_""abs""__coeff_63",0.0,0.0,307.6526555685888,307.6526555685888,0.0,0.0,0.0
351,"MMA_Z__fft_coefficient__attr_""abs""__coeff_64",0.0,0.0,307.6526555685888,307.6526555685888,0.0,0.0,0.0
352,"MMA_Z__fft_coefficient__attr_""abs""__coeff_65",0.0,0.0,307.6526555685888,307.6526555685888,0.0,0.0,0.0
353,"MMA_Z__fft_coefficient__attr_""abs""__coeff_67",0.0,0.0,307.6526555685888,307.6526555685888,0.0,0.0,0.0
354,"MMA_Z__fft_coefficient__attr_""abs""__coeff_68",0.0,0.0,307.6526555685888,307.6526555685888,0.0,0.0,0.0
355,"MMA_Z__fft_coefficient__attr_""abs""__coeff_70",0.0,0.0,307.6526555685888,307.6526555685888,0.0,0.0,0.0
356,"MMA_Z__fft_coefficient__attr_""abs""__coeff_71",0.0,0.0,307.6526555685888,307.6526555685888,0.0,0.0,0.0
357,"MMA_Z__fft_coefficient__attr_""abs""__coeff_75",0.0,0.0,307.6526555685888,307.6526555685888,0.0,0.0,0.0
358,"MMA_Z__fft_coefficient__attr_""abs""__coeff_76",0.0,0.0,307.6526555685888,307.6526555685888,0.0,0.0,0.0
359,"MMA_Z__fft_coefficient__attr_""abs""__coeff_77",0.0,0.0,307.6526555685888,307.6526555685888,0.0,0.0,0.0
360,"MMA_Z__fft_coefficient__attr_""abs""__coeff_78",0.0,0.0,307.6526555685888,307.6526555685888,0.0,0.0,0.0
361,"MMA_Z__fft_coefficient__attr_""abs""__coeff_79",0.0,0.0,307.6526555685888,307.6526555685888,0.0,0.0,0.0
362,"GYRO_Y__fft_coefficient__attr_""abs""__coeff_84",0.0,0.0,307.6526555685888,307.6526555685888,0.0,0.0,0.0
363,"GYRO_Y__fft_coefficient__attr_""abs""__coeff_48",0.0,0.0,307.6526555685888,307.6526555685888,0.0,0.0,0.0
364,"GYRO_Y__fft_coefficient__attr_""abs""__coeff_85",0.0,0.0,307.6526555685888,307.6526555685888,0.0,0.0,0.0
365,"GYRO_Y__fft_coefficient__attr_""abs""__coeff_90",0.0,0.0,307.6526555685888,307.6526555685888,0.0,0.0,0.0
366,"MMA_Z__change_quantiles__f_agg_""mean""__isabs_True__qh_1.0__ql_0.0",0.0,0.0,307.6526555685888,307.6526555685888,0.0,0.0,0.0
367,"MMA_Z__change_quantiles__f_agg_""var""__isabs_False__qh_0.4__ql_0.2",0.0,0.0,307.6526555685888,307.6526555685888,0.0,0.0,0.0
368,"MMA_Z__change_quantiles__f_agg_""mean""__isabs_True__qh_0.4__ql_0.2",0.0,0.0,307.6526555685888,307.6526555685888,0.0,0.0,0.0
369,"MMA_Z__change_quantiles__f_agg_""var""__isabs_True__qh_0.4__ql_0.2",0.0,0.0,307.6526555685888,307.6526555685888,0.0,0.0,0.0
370,"MMA_Z__change_quantiles__f_agg_""var""__isabs_False__qh_0.6__ql_0.2",0.0,0.0,307.6526555685888,307.6526555685888,0.0,0.0,0.0
371,"MMA_Z__change_quantiles__f_agg_""mean""__isabs_True__qh_0.6__ql_0.2",0.0,0.0,307.6526555685888,307.6526555685888,0.0,0.0,0.0
372,"MMA_Z__change_quantiles__f_agg_""var""__isabs_False__qh_1.0__ql_0.0",0.0,0.0,307.6526555685888,307.6526555685888,0.0,0.0,0.0
373,"MMA_Z__change_quantiles__f_agg_""var""__isabs_True__qh_0.6__ql_0.2",0.0,0.0,307.6526555685888,307.6526555685888,0.0,0.0,0.0
374,"MMA_Z__change_quantiles__f_agg_""mean""__isabs_True__qh_0.8__ql_0.2",0.0,0.0,307.6526555685888,307.6526555685888,0.0,0.0,0.0
375,"MMA_Z__change_quantiles__f_agg_""var""__isabs_True__qh_0.8__ql_0.2",0.0,0.0,307.6526555685888,307.6526555685888,0.0,0.0,0.0
376,"MMA_Z__change_quantiles__f_agg_""mean""__isabs_True__qh_1.0__ql_0.2",0.0,0.0,307.6526555685888,307.6526555685888,0.0,0.0,0.0
377,"MMA_Z__change_quantiles__f_agg_""var""__isabs_False__qh_0.6__ql_0.4",0.0,0.0,307.6526555685888,307.6526555685888,0.0,0.0,0.0
378,"MMA_Z__change_quantiles__f_agg_""mean""__isabs_True__qh_0.6__ql_0.4",0.0,0.0,307.6526555685888,307.6526555685888,0.0,0.0,0.0
379,"MMA_Z__change_quantiles__f_agg_""var""__isabs_False__qh_0.8__ql_0.4",0.0,0.0,307.6526555685888,307.6526555685888,0.0,0.0,0.0
380,"MMA_Z__change_quantiles__f_agg_""var""__isabs_False__qh_0.8__ql_0.2",0.0,0.0,307.6526555685888,307.6526555685888,0.0,0.0,0.0
381,"MMA_Z__change_quantiles__f_agg_""mean""__isabs_True__qh_0.8__ql_0.4",0.0,0.0,307.6526555685888,307.6526555685888,0.0,0.0,0.0
382,"MMA_Z__change_quantiles__f_agg_""var""__isabs_True__qh_0.8__ql_0.0",0.0,0.0,307.6526555685888,307.6526555685888,0.0,0.0,0.0
383,"MMA_Z__change_quantiles__f_agg_""var""__isabs_False__qh_0.8__ql_0.0",0.0,0.0,307.6526555685888,307.6526555685888,0.0,0.0,0.0
384,MMA_Z__spkt_welch_density__coeff_8,0.0,0.0,307.6526555685888,307.6526555685888,0.0,0.0,0.0
385,MMA_Z__ar_coefficient__coeff_1__k_10,0.0,0.0,307.6526555685888,307.6526555685888,0.0,0.0,0.0
386,MMA_Z__ar_coefficient__coeff_2__k_10,0.0,0.0,307.6526555685888,307.6526555685888,0.0,0.0,0.0
387,GYRO_Y__number_crossing_m__m_-1,0.0,0.0,307.6526555685888,307.6526555685888,0.0,0.0,0.0
388,GYRO_Y__number_crossing_m__m_0,0.0,0.0,307.6526555685888,307.6526555685888,0.0,0.0,0.0
389,"MMA_Z__change_quantiles__f_agg_""var""__isabs_False__qh_0.2__ql_0.0",0.0,0.0,307.6526555685888,307.6526555685888,0.0,0.0,0.0
390,"MMA_Z__change_quantiles__f_agg_""mean""__isabs_True__qh_0.8__ql_0.0",0.0,0.0,307.6526555685888,307.6526555685888,0.0,0.0,0.0
391,"MMA_Z__change_quantiles__f_agg_""mean""__isabs_True__qh_0.2__ql_0.0",0.0,0.0,307.6526555685888,307.6526555685888,0.0,0.0,0.0
392,"MMA_Z__change_quantiles__f_agg_""var""__isabs_False__qh_0.4__ql_0.0",0.0,0.0,307.6526555685888,307.6526555685888,0.0,0.0,0.0
393,"MMA_Z__change_quantiles__f_agg_""mean""__isabs_True__qh_0.4__ql_0.0",0.0,0.0,307.6526555685888,307.6526555685888,0.0,0.0,0.0
394,"MMA_Z__change_quantiles__f_agg_""var""__isabs_True__qh_0.4__ql_0.0",0.0,0.0,307.6526555685888,307.6526555685888,0.0,0.0,0.0
395,"MMA_Z__change_quantiles__f_agg_""var""__isabs_False__qh_0.6__ql_0.0",0.0,0.0,307.6526555685888,307.6526555685888,0.0,0.0,0.0
396,"MMA_Z__change_quantiles__f_agg_""mean""__isabs_True__qh_0.6__ql_0.0",0.0,0.0,307.6526555685888,307.6526555685888,0.0,0.0,0.0
397,"MMA_Z__change_quantiles__f_agg_""var""__isabs_True__qh_0.6__ql_0.0",0.0,0.0,307.6526555685888,307.6526555685888,0.0,0.0,0.0
398,"MMA_Z__change_quantiles__f_agg_""var""__isabs_True__qh_0.2__ql_0.0",0.0,0.0,307.6526555685888,307.6526555685888,0.0,0.0,0.0
399,"MMA_Z__change_quantiles__f_agg_""var""__isabs_True__qh_0.8__ql_0.4",0.0,0.0,307.6526555685888,307.6526555685888,0.0,0.0,0.0
400,"MMA_Z__change_quantiles__f_agg_""mean""__isabs_True__qh_1.0__ql_0.4",0.0,0.0,307.6526555685888,307.6526555685888,0.0,0.0,0.0
401,"MMA_Z__change_quantiles__f_agg_""var""__isabs_False__qh_0.8__ql_0.6",0.0,0.0,307.6526555685888,307.6526555685888,0.0,0.0,0.0
402,"GYRO_Y__agg_linear_trend__attr_""intercept""__chunk_len_10__f_agg_""var""",0.0,0.0,307.6526555685888,307.6526555685888,0.0,0.0,0.0
403,"GYRO_Y__agg_linear_trend__attr_""intercept""__chunk_len_5__f_agg_""var""",0.0,0.0,307.6526555685888,307.6526555685888,0.0,0.0,0.0
404,"GYRO_Y__linear_trend__attr_""stderr""",0.0,0.0,307.6526555685888,307.6526555685888,0.0,0.0,0.0
405,GYRO_Y__range_count__max_1000000000000.0__min_0,0.0,0.0,307.6526555685888,307.6526555685888,0.0,0.0,0.0
406,GYRO_Y__range_count__max_0__min_-1000000000000.0,0.0,0.0,307.6526555685888,307.6526555685888,0.0,0.0,0.0
407,"GYRO_Y__fft_aggregated__aggtype_""skew""",0.0,0.0,307.6526555685888,307.6526555685888,0.0,0.0,0.0
408,"GYRO_Y__agg_linear_trend__attr_""intercept""__chunk_len_50__f_agg_""max""",0.0,0.0,307.6526555685888,307.6526555685888,0.0,0.0,0.0
409,"GYRO_Y__fft_aggregated__aggtype_""variance""",0.0,0.0,307.6526555685888,307.6526555685888,0.0,0.0,0.0
410,"GYRO_Y__fft_coefficient__attr_""abs""__coeff_99",0.0,0.0,307.6526555685888,307.6526555685888,0.0,0.0,0.0
411,"GYRO_Y__fft_coefficient__attr_""abs""__coeff_98",0.0,0.0,307.6526555685888,307.6526555685888,0.0,0.0,0.0
412,"GYRO_Y__fft_coefficient__attr_""abs""__coeff_97",0.0,0.0,307.6526555685888,307.6526555685888,0.0,0.0,0.0
413,"GYRO_Y__fft_coefficient__attr_""abs""__coeff_96",0.0,0.0,307.6526555685888,307.6526555685888,0.0,0.0,0.0
414,"GYRO_Y__fft_coefficient__attr_""abs""__coeff_95",0.0,0.0,307.6526555685888,307.6526555685888,0.0,0.0,0.0
415,"GYRO_Y__fft_coefficient__attr_""abs""__coeff_94",0.0,0.0,307.6526555685888,307.6526555685888,0.0,0.0,0.0
416,"GYRO_Y__fft_aggregated__aggtype_""centroid""",0.0,0.0,307.6526555685888,307.6526555685888,0.0,0.0,0.0
417,"GYRO_Y__agg_linear_trend__attr_""intercept""__chunk_len_50__f_agg_""min""",0.0,0.0,307.6526555685888,307.6526555685888,0.0,0.0,0.0
418,"GYRO_Y__agg_linear_trend__attr_""intercept""__chunk_len_50__f_agg_""var""",0.0,0.0,307.6526555685888,307.6526555685888,0.0,0.0,0.0
419,"GYRO_Y__agg_linear_trend__attr_""stderr""__chunk_len_5__f_agg_""max""",0.0,0.0,307.6526555685888,307.6526555685888,0.0,0.0,0.0
420,"MMA_Z__change_quantiles__f_agg_""mean""__isabs_True__qh_0.8__ql_0.6",0.0,0.0,307.6526555685888,307.6526555685888,0.0,0.0,0.0
421,"MMA_Z__change_quantiles__f_agg_""var""__isabs_True__qh_0.8__ql_0.6",0.0,0.0,307.6526555685888,307.6526555685888,0.0,0.0,0.0
422,"MMA_Z__change_quantiles__f_agg_""mean""__isabs_True__qh_1.0__ql_0.6",0.0,0.0,307.6526555685888,307.6526555685888,0.0,0.0,0.0
423,"MMA_Z__change_quantiles__f_agg_""mean""__isabs_True__qh_1.0__ql_0.8",0.0,0.0,307.6526555685888,307.6526555685888,0.0,0.0,0.0
424,"MMA_Z__fft_coefficient__attr_""real""__coeff_0",0.0,0.0,307.6526555685888,307.6526555685888,0.0,0.0,0.0
425,"GYRO_Y__agg_linear_trend__attr_""stderr""__chunk_len_50__f_agg_""var""",0.0,0.0,307.6526555685888,307.6526555685888,0.0,0.0,0.0
426,"MMA_Z__fft_coefficient__attr_""imag""__coeff_1",0.0,0.0,307.6526555685888,307.6526555685888,0.0,0.0,0.0
427,"GYRO_Y__agg_linear_trend__attr_""stderr""__chunk_len_50__f_agg_""mean""",0.0,0.0,307.6526555685888,307.6526555685888,0.0,0.0,0.0
428,"GYRO_Y__agg_linear_trend__attr_""stderr""__chunk_len_50__f_agg_""min""",0.0,0.0,307.6526555685888,307.6526555685888,0.0,0.0,0.0
429,"GYRO_Y__agg_linear_trend__attr_""stderr""__chunk_len_50__f_agg_""max""",0.0,0.0,307.6526555685888,307.6526555685888,0.0,0.0,0.0
430,"GYRO_Y__agg_linear_trend__attr_""stderr""__chunk_len_10__f_agg_""mean""",0.0,0.0,307.6526555685888,307.6526555685888,0.0,0.0,0.0
431,"GYRO_Y__agg_linear_trend__attr_""stderr""__chunk_len_10__f_agg_""min""",0.0,0.0,307.6526555685888,307.6526555685888,0.0,0.0,0.0
432,"GYRO_Y__agg_linear_trend__attr_""stderr""__chunk_len_10__f_agg_""max""",0.0,0.0,307.6526555685888,307.6526555685888,0.0,0.0,0.0
433,"GYRO_Y__agg_linear_trend__attr_""stderr""__chunk_len_5__f_agg_""mean""",0.0,0.0,307.6526555685888,307.6526555685888,0.0,0.0,0.0
434,"GYRO_Y__agg_linear_trend__attr_""stderr""__chunk_len_5__f_agg_""min""",0.0,0.0,307.6526555685888,307.6526555685888,0.0,0.0,0.0
435,"GYRO_Y__fft_coefficient__attr_""abs""__coeff_87",0.0,0.0,307.6526555685888,307.6526555685888,0.0,0.0,0.0
436,"GYRO_X__augmented_dickey_fuller__attr_""pvalue""__autolag_""AIC""",0.0,0.0,307.6526555685888,307.6526555685888,0.0,0.0,0.0
437,"GYRO_Y__fft_coefficient__attr_""abs""__coeff_47",0.0,0.0,307.6526555685888,307.6526555685888,0.0,0.0,0.0
438,"GYRO_Y__fft_coefficient__attr_""abs""__coeff_45",0.0,0.0,307.6526555685888,307.6526555685888,0.0,0.0,0.0
439,"MMA_Z__agg_linear_trend__attr_""stderr""__chunk_len_50__f_agg_""mean""",0.0,0.0,307.6526555685888,307.6526555685888,0.0,0.0,0.0
440,"MMA_Z__agg_linear_trend__attr_""stderr""__chunk_len_50__f_agg_""var""",0.0,0.0,307.6526555685888,307.6526555685888,0.0,0.0,0.0
441,"MMA_Z__augmented_dickey_fuller__attr_""teststat""__autolag_""AIC""",0.0,0.0,307.6526555685888,307.6526555685888,0.0,0.0,0.0
442,"MMA_Z__augmented_dickey_fuller__attr_""pvalue""__autolag_""AIC""",0.0,0.0,307.6526555685888,307.6526555685888,0.0,0.0,0.0
443,MMA_Z__number_crossing_m__m_0,0.0,0.0,307.6526555685888,307.6526555685888,0.0,0.0,0.0
444,MMA_Z__number_crossing_m__m_-1,0.0,0.0,307.6526555685888,307.6526555685888,0.0,0.0,0.0
445,"ADXL_Z__agg_linear_trend__attr_""rvalue""__chunk_len_5__f_agg_""min""",0.0,0.0,307.6526555685888,307.6526555685888,0.0,0.0,0.0
446,MMA_Z__energy_ratio_by_chunks__num_segments_10__segment_focus_9,0.0,0.0,307.6526555685888,307.6526555685888,0.0,0.0,0.0
447,MMA_Z__ratio_beyond_r_sigma__r_5,0.0,0.0,307.6526555685888,307.6526555685888,0.0,0.0,0.0
448,MMA_Z__ratio_beyond_r_sigma__r_6,0.0,0.0,307.6526555685888,307.6526555685888,0.0,0.0,0.0
449,MMA_Z__lempel_ziv_complexity__bins_2,0.0,0.0,307.6526555685888,307.6526555685888,0.0,0.0,0.0
450,MMA_Z__lempel_ziv_complexity__bins_3,0.0,0.0,307.6526555685888,307.6526555685888,0.0,0.0,0.0
451,MMA_Z__lempel_ziv_complexity__bins_5,0.0,0.0,307.6526555685888,307.6526555685888,0.0,0.0,0.0
452,MMA_Z__lempel_ziv_complexity__bins_10,0.0,0.0,307.6526555685888,307.6526555685888,0.0,0.0,0.0
453,MMA_Z__ratio_beyond_r_sigma__r_3,0.0,0.0,307.6526555685888,307.6526555685888,0.0,0.0,0.0
454,MMA_Z__lempel_ziv_complexity__bins_100,0.0,0.0,307.6526555685888,307.6526555685888,0.0,0.0,0.0
455,"MMA_Z__agg_linear_trend__attr_""stderr""__chunk_len_50__f_agg_""max""",0.0,0.0,307.6526555685888,307.6526555685888,0.0,0.0,0.0
456,"MMA_Z__agg_linear_trend__attr_""stderr""__chunk_len_10__f_agg_""min""",0.0,0.0,307.6526555685888,307.6526555685888,0.0,0.0,0.0
457,"MMA_Z__agg_linear_trend__attr_""intercept""__chunk_len_50__f_agg_""var""",0.0,0.0,307.6526555685888,307.6526555685888,0.0,0.0,0.0
458,"MMA_Z__agg_linear_trend__attr_""slope""__chunk_len_5__f_agg_""max""",0.0,0.0,307.6526555685888,307.6526555685888,0.0,0.0,0.0
459,"MMA_Z__agg_linear_trend__attr_""slope""__chunk_len_5__f_agg_""min""",0.0,0.0,307.6526555685888,307.6526555685888,0.0,0.0,0.0
460,"MMA_Z__agg_linear_trend__attr_""slope""__chunk_len_5__f_agg_""mean""",0.0,0.0,307.6526555685888,307.6526555685888,0.0,0.0,0.0
461,"MMA_Z__agg_linear_trend__attr_""slope""__chunk_len_10__f_agg_""max""",0.0,0.0,307.6526555685888,307.6526555685888,0.0,0.0,0.0
462,"MMA_Z__agg_linear_trend__attr_""slope""__chunk_len_10__f_agg_""min""",0.0,0.0,307.6526555685888,307.6526555685888,0.0,0.0,0.0
463,"MMA_Z__agg_linear_trend__attr_""stderr""__chunk_len_10__f_agg_""mean""",0.0,0.0,307.6526555685888,307.6526555685888,0.0,0.0,0.0
464,"MMA_Z__agg_linear_trend__attr_""slope""__chunk_len_10__f_agg_""mean""",0.0,0.0,307.6526555685888,307.6526555685888,0.0,0.0,0.0
465,"MMA_Z__agg_linear_trend__attr_""slope""__chunk_len_50__f_agg_""min""",0.0,0.0,307.6526555685888,307.6526555685888,0.0,0.0,0.0
466,"MMA_Z__agg_linear_trend__attr_""slope""__chunk_len_50__f_agg_""mean""",0.0,0.0,307.6526555685888,307.6526555685888,0.0,0.0,0.0
467,"MMA_Z__agg_linear_trend__attr_""stderr""__chunk_len_5__f_agg_""max""",0.0,0.0,307.6526555685888,307.6526555685888,0.0,0.0,0.0
468,"MMA_Z__agg_linear_trend__attr_""stderr""__chunk_len_5__f_agg_""min""",0.0,0.0,307.6526555685888,307.6526555685888,0.0,0.0,0.0
469,"MMA_Z__agg_linear_trend__attr_""stderr""__chunk_len_5__f_agg_""mean""",0.0,0.0,307.6526555685888,307.6526555685888,0.0,0.0,0.0
470,"MMA_Z__agg_linear_trend__attr_""stderr""__chunk_len_10__f_agg_""max""",0.0,0.0,307.6526555685888,307.6526555685888,0.0,0.0,0.0
471,"MMA_Z__agg_linear_trend__attr_""slope""__chunk_len_50__f_agg_""max""",0.0,0.0,307.6526555685888,307.6526555685888,0.0,0.0,0.0
472,MMA_Z__fourier_entropy__bins_2,0.0,0.0,307.6526555685888,307.6526555685888,0.0,0.0,0.0
473,MMA_Z__fourier_entropy__bins_3,0.0,0.0,307.6526555685888,307.6526555685888,0.0,0.0,0.0
474,MMA_Z__fourier_entropy__bins_5,0.0,0.0,307.6526555685888,307.6526555685888,0.0,0.0,0.0
475,"GYRO_Y__change_quantiles__f_agg_""var""__isabs_True__qh_1.0__ql_0.0",0.0,0.0,307.6526555685888,307.6526555685888,0.0,0.0,0.0
476,ADXL_X__root_mean_square,0.0,0.0,307.6526555685888,307.6526555685888,0.0,0.0,0.0
477,ADXL_X__absolute_sum_of_changes,0.0,0.0,307.6526555685888,307.6526555685888,0.0,0.0,0.0
478,ADXL_X__longest_strike_below_mean,0.0,0.0,307.6526555685888,307.6526555685888,0.0,0.0,0.0
479,ADXL_X__longest_strike_above_mean,0.0,0.0,307.6526555685888,307.6526555685888,0.0,0.0,0.0
480,ADXL_X__count_above_mean,0.0,0.0,307.6526555685888,307.6526555685888,0.0,0.0,0.0
481,ADXL_X__variance,0.0,0.0,307.6526555685888,307.6526555685888,0.0,0.0,0.0
482,ADXL_X__count_below_mean,0.0,0.0,307.6526555685888,307.6526555685888,0.0,0.0,0.0
483,ADXL_X__percentage_of_reoccurring_datapoints_to_all_datapoints,0.0,0.0,307.6526555685888,307.6526555685888,0.0,0.0,0.0
484,"GYRO_Y__change_quantiles__f_agg_""mean""__isabs_True__qh_1.0__ql_0.0",0.0,0.0,307.6526555685888,307.6526555685888,0.0,0.0,0.0
485,"GYRO_Y__change_quantiles__f_agg_""var""__isabs_False__qh_1.0__ql_0.0",0.0,0.0,307.6526555685888,307.6526555685888,0.0,0.0,0.0
486,ADXL_X__ratio_value_number_to_time_series_length,0.0,0.0,307.6526555685888,307.6526555685888,0.0,0.0,0.0
487,ADXL_X__absolute_maximum,0.0,0.0,307.6526555685888,307.6526555685888,0.0,0.0,0.0
488,ADXL_X__minimum,0.0,0.0,307.6526555685888,307.6526555685888,0.0,0.0,0.0
489,ADXL_X__percentage_of_reoccurring_values_to_all_values,0.0,0.0,307.6526555685888,307.6526555685888,0.0,0.0,0.0
490,ADXL_X__standard_deviation,0.0,0.0,307.6526555685888,307.6526555685888,0.0,0.0,0.0
491,ADXL_X__length,0.0,0.0,307.6526555685888,307.6526555685888,0.0,0.0,0.0
492,"GYRO_Y__change_quantiles__f_agg_""var""__isabs_False__qh_0.4__ql_0.2",0.0,0.0,307.6526555685888,307.6526555685888,0.0,0.0,0.0
493,MMA_Z__fourier_entropy__bins_10,0.0,0.0,307.6526555685888,307.6526555685888,0.0,0.0,0.0
494,MMA_Z__fourier_entropy__bins_100,0.0,0.0,307.6526555685888,307.6526555685888,0.0,0.0,0.0
495,MMA_Z__permutation_entropy__dimension_3__tau_1,0.0,0.0,307.6526555685888,307.6526555685888,0.0,0.0,0.0
496,MMA_Z__permutation_entropy__dimension_4__tau_1,0.0,0.0,307.6526555685888,307.6526555685888,0.0,0.0,0.0
497,MMA_Z__permutation_entropy__dimension_5__tau_1,0.0,0.0,307.6526555685888,307.6526555685888,0.0,0.0,0.0
498,MMA_Z__permutation_entropy__dimension_6__tau_1,0.0,0.0,307.6526555685888,307.6526555685888,0.0,0.0,0.0
499,MMA_Z__permutation_entropy__dimension_7__tau_1,0.0,0.0,307.6526555685888,307.6526555685888,0.0,0.0,0.0
500,MMA_Z__mean_n_absolute_max__number_of_maxima_7,0.0,0.0,307.6526555685888,307.6526555685888,0.0,0.0,0.0
501,"GYRO_Y__change_quantiles__f_agg_""var""__isabs_True__qh_0.6__ql_0.2",0.0,0.0,307.6526555685888,307.6526555685888,0.0,0.0,0.0
502,"GYRO_Y__change_quantiles__f_agg_""mean""__isabs_True__qh_0.6__ql_0.2",0.0,0.0,307.6526555685888,307.6526555685888,0.0,0.0,0.0
503,"GYRO_Y__change_quantiles__f_agg_""var""__isabs_False__qh_0.6__ql_0.2",0.0,0.0,307.6526555685888,307.6526555685888,0.0,0.0,0.0
504,ADXL_X__abs_energy,0.0,0.0,307.6526555685888,307.6526555685888,0.0,0.0,0.0
505,ADXL_X__mean_abs_change,0.0,0.0,307.6526555685888,307.6526555685888,0.0,0.0,0.0
506,"GYRO_Y__change_quantiles__f_agg_""var""__isabs_True__qh_0.4__ql_0.2",0.0,0.0,307.6526555685888,307.6526555685888,0.0,0.0,0.0
507,"GYRO_Y__change_quantiles__f_agg_""mean""__isabs_True__qh_0.4__ql_0.2",0.0,0.0,307.6526555685888,307.6526555685888,0.0,0.0,0.0
508,"MMA_Z__agg_linear_trend__attr_""intercept""__chunk_len_50__f_agg_""min""",0.0,0.0,307.6526555685888,307.6526555685888,0.0,0.0,0.0
509,"GYRO_Y__fft_coefficient__attr_""abs""__coeff_46",0.0,0.0,307.6526555685888,307.6526555685888,0.0,0.0,0.0
510,"MMA_Z__agg_linear_trend__attr_""intercept""__chunk_len_10__f_agg_""var""",0.0,0.0,307.6526555685888,307.6526555685888,0.0,0.0,0.0
511,"MMA_Z__agg_linear_trend__attr_""rvalue""__chunk_len_50__f_agg_""mean""",0.0,0.0,307.6526555685888,307.6526555685888,0.0,0.0,0.0
512,"GYRO_Y__fft_coefficient__attr_""abs""__coeff_19",0.0,0.0,307.6526555685888,307.6526555685888,0.0,0.0,0.0
513,"GYRO_Y__fft_coefficient__attr_""abs""__coeff_18",0.0,0.0,307.6526555685888,307.6526555685888,0.0,0.0,0.0
514,"GYRO_Y__fft_coefficient__attr_""abs""__coeff_16",0.0,0.0,307.6526555685888,307.6526555685888,0.0,0.0,0.0
515,"GYRO_Y__fft_coefficient__attr_""abs""__coeff_15",0.0,0.0,307.6526555685888,307.6526555685888,0.0,0.0,0.0
516,"GYRO_Y__fft_coefficient__attr_""abs""__coeff_14",0.0,0.0,307.6526555685888,307.6526555685888,0.0,0.0,0.0
517,"GYRO_Y__fft_coefficient__attr_""abs""__coeff_13",0.0,0.0,307.6526555685888,307.6526555685888,0.0,0.0,0.0
518,"GYRO_Y__fft_coefficient__attr_""abs""__coeff_20",0.0,0.0,307.6526555685888,307.6526555685888,0.0,0.0,0.0
519,"GYRO_Y__fft_coefficient__attr_""abs""__coeff_12",0.0,0.0,307.6526555685888,307.6526555685888,0.0,0.0,0.0
520,"GYRO_Y__fft_coefficient__attr_""abs""__coeff_10",0.0,0.0,307.6526555685888,307.6526555685888,0.0,0.0,0.0
521,"GYRO_Y__fft_coefficient__attr_""abs""__coeff_9",0.0,0.0,307.6526555685888,307.6526555685888,0.0,0.0,0.0
522,"GYRO_Y__fft_coefficient__attr_""abs""__coeff_8",0.0,0.0,307.6526555685888,307.6526555685888,0.0,0.0,0.0
523,"GYRO_Y__fft_coefficient__attr_""abs""__coeff_7",0.0,0.0,307.6526555685888,307.6526555685888,0.0,0.0,0.0
524,"GYRO_Y__fft_coefficient__attr_""abs""__coeff_6",0.0,0.0,307.6526555685888,307.6526555685888,0.0,0.0,0.0
525,"GYRO_Y__fft_coefficient__attr_""abs""__coeff_5",0.0,0.0,307.6526555685888,307.6526555685888,0.0,0.0,0.0
526,"GYRO_Y__fft_coefficient__attr_""abs""__coeff_11",0.0,0.0,307.6526555685888,307.6526555685888,0.0,0.0,0.0
527,"GYRO_Y__fft_coefficient__attr_""abs""__coeff_4",0.0,0.0,307.6526555685888,307.6526555685888,0.0,0.0,0.0
528,"GYRO_Y__fft_coefficient__attr_""abs""__coeff_27",0.0,0.0,307.6526555685888,307.6526555685888,0.0,0.0,0.0
529,"GYRO_Y__fft_coefficient__attr_""abs""__coeff_29",0.0,0.0,307.6526555685888,307.6526555685888,0.0,0.0,0.0
530,"GYRO_Y__fft_coefficient__attr_""abs""__coeff_44",0.0,0.0,307.6526555685888,307.6526555685888,0.0,0.0,0.0
531,"GYRO_Y__fft_coefficient__attr_""abs""__coeff_43",0.0,0.0,307.6526555685888,307.6526555685888,0.0,0.0,0.0
532,"GYRO_Y__fft_coefficient__attr_""abs""__coeff_42",0.0,0.0,307.6526555685888,307.6526555685888,0.0,0.0,0.0
533,"GYRO_Y__fft_coefficient__attr_""abs""__coeff_41",0.0,0.0,307.6526555685888,307.6526555685888,0.0,0.0,0.0
534,"GYRO_Y__fft_coefficient__attr_""abs""__coeff_40",0.0,0.0,307.6526555685888,307.6526555685888,0.0,0.0,0.0
535,"GYRO_Y__fft_coefficient__attr_""abs""__coeff_39",0.0,0.0,307.6526555685888,307.6526555685888,0.0,0.0,0.0
536,"GYRO_Y__fft_coefficient__attr_""abs""__coeff_28",0.0,0.0,307.6526555685888,307.6526555685888,0.0,0.0,0.0
537,"GYRO_Y__fft_coefficient__attr_""abs""__coeff_38",0.0,0.0,307.6526555685888,307.6526555685888,0.0,0.0,0.0
538,"GYRO_Y__fft_coefficient__attr_""abs""__coeff_36",0.0,0.0,307.6526555685888,307.6526555685888,0.0,0.0,0.0
539,"GYRO_Y__fft_coefficient__attr_""abs""__coeff_35",0.0,0.0,307.6526555685888,307.6526555685888,0.0,0.0,0.0
540,"GYRO_Y__fft_coefficient__attr_""abs""__coeff_34",0.0,0.0,307.6526555685888,307.6526555685888,0.0,0.0,0.0
541,"GYRO_Y__fft_coefficient__attr_""abs""__coeff_33",0.0,0.0,307.6526555685888,307.6526555685888,0.0,0.0,0.0
542,"GYRO_Y__fft_coefficient__attr_""abs""__coeff_32",0.0,0.0,307.6526555685888,307.6526555685888,0.0,0.0,0.0
543,"GYRO_Y__fft_coefficient__attr_""abs""__coeff_30",0.0,0.0,307.6526555685888,307.6526555685888,0.0,0.0,0.0
544,"GYRO_Y__fft_coefficient__attr_""abs""__coeff_37",0.0,0.0,307.6526555685888,307.6526555685888,0.0,0.0,0.0
545,"GYRO_Y__fft_coefficient__attr_""abs""__coeff_3",0.0,0.0,307.6526555685888,307.6526555685888,0.0,0.0,0.0
546,"GYRO_Y__fft_coefficient__attr_""abs""__coeff_2",0.0,0.0,307.6526555685888,307.6526555685888,0.0,0.0,0.0
547,"GYRO_Y__fft_coefficient__attr_""abs""__coeff_1",0.0,0.0,307.6526555685888,307.6526555685888,0.0,0.0,0.0
548,"MMA_Z__fft_aggregated__aggtype_""variance""",0.0,0.0,307.6526555685888,307.6526555685888,0.0,0.0,0.0
549,"MMA_Z__fft_aggregated__aggtype_""skew""",0.0,0.0,307.6526555685888,307.6526555685888,0.0,0.0,0.0
550,"GYRO_Y__change_quantiles__f_agg_""var""__isabs_True__qh_0.8__ql_0.2",0.0,0.0,307.6526555685888,307.6526555685888,0.0,0.0,0.0
551,"GYRO_Y__change_quantiles__f_agg_""mean""__isabs_True__qh_0.8__ql_0.2",0.0,0.0,307.6526555685888,307.6526555685888,0.0,0.0,0.0
552,MMA_Z__range_count__max_1__min_-1,0.0,0.0,307.6526555685888,307.6526555685888,0.0,0.0,0.0
553,"GYRO_Y__change_quantiles__f_agg_""var""__isabs_False__qh_0.8__ql_0.2",0.0,0.0,307.6526555685888,307.6526555685888,0.0,0.0,0.0
554,"MMA_Z__fft_aggregated__aggtype_""centroid""",0.0,0.0,307.6526555685888,307.6526555685888,0.0,0.0,0.0
555,"MMA_Z__linear_trend__attr_""rvalue""",0.0,0.0,307.6526555685888,307.6526555685888,0.0,0.0,0.0
556,"MMA_Z__linear_trend__attr_""stderr""",0.0,0.0,307.6526555685888,307.6526555685888,0.0,0.0,0.0
557,"MMA_Z__agg_linear_trend__attr_""rvalue""__chunk_len_5__f_agg_""min""",0.0,0.0,307.6526555685888,307.6526555685888,0.0,0.0,0.0
558,"MMA_Z__agg_linear_trend__attr_""rvalue""__chunk_len_5__f_agg_""mean""",0.0,0.0,307.6526555685888,307.6526555685888,0.0,0.0,0.0
559,"MMA_Z__agg_linear_trend__attr_""rvalue""__chunk_len_10__f_agg_""min""",0.0,0.0,307.6526555685888,307.6526555685888,0.0,0.0,0.0
560,"MMA_Z__agg_linear_trend__attr_""rvalue""__chunk_len_10__f_agg_""mean""",0.0,0.0,307.6526555685888,307.6526555685888,0.0,0.0,0.0
561,"MMA_Z__agg_linear_trend__attr_""rvalue""__chunk_len_50__f_agg_""min""",0.0,0.0,307.6526555685888,307.6526555685888,0.0,0.0,0.0
562,"MMA_Z__linear_trend__attr_""slope""",0.0,0.0,307.6526555685888,307.6526555685888,0.0,0.0,0.0
563,"GYRO_Y__change_quantiles__f_agg_""var""__isabs_False__qh_1.0__ql_0.2",0.0,0.0,307.6526555685888,307.6526555685888,0.0,0.0,0.0
564,"GYRO_Y__change_quantiles__f_agg_""mean""__isabs_True__qh_1.0__ql_0.2",0.0,0.0,307.6526555685888,307.6526555685888,0.0,0.0,0.0
565,"GYRO_Y__change_quantiles__f_agg_""var""__isabs_True__qh_1.0__ql_0.2",0.0,0.0,307.6526555685888,307.6526555685888,0.0,0.0,0.0
566,"GYRO_Y__change_quantiles__f_agg_""mean""__isabs_True__qh_1.0__ql_0.8",0.0,0.0,307.6526555685888,307.6526555685888,0.0,0.0,0.0
567,"GYRO_Y__change_quantiles__f_agg_""mean""__isabs_True__qh_1.0__ql_0.6",0.0,0.0,307.6526555685888,307.6526555685888,0.0,0.0,0.0
568,"GYRO_Y__change_quantiles__f_agg_""var""__isabs_False__qh_1.0__ql_0.6",0.0,0.0,307.6526555685888,307.6526555685888,0.0,0.0,0.0
569,"GYRO_Y__change_quantiles__f_agg_""var""__isabs_True__qh_0.8__ql_0.6",0.0,0.0,307.6526555685888,307.6526555685888,0.0,0.0,0.0
570,"GYRO_Y__change_quantiles__f_agg_""mean""__isabs_True__qh_0.8__ql_0.6",0.0,0.0,307.6526555685888,307.6526555685888,0.0,0.0,0.0
571,"GYRO_Y__change_quantiles__f_agg_""var""__isabs_False__qh_0.8__ql_0.6",0.0,0.0,307.6526555685888,307.6526555685888,0.0,0.0,0.0
572,"GYRO_Y__change_quantiles__f_agg_""var""__isabs_True__qh_1.0__ql_0.4",0.0,0.0,307.6526555685888,307.6526555685888,0.0,0.0,0.0
573,"GYRO_Y__change_quantiles__f_agg_""mean""__isabs_True__qh_1.0__ql_0.4",0.0,0.0,307.6526555685888,307.6526555685888,0.0,0.0,0.0
574,"GYRO_Y__change_quantiles__f_agg_""var""__isabs_False__qh_1.0__ql_0.4",0.0,0.0,307.6526555685888,307.6526555685888,0.0,0.0,0.0
575,"GYRO_Y__change_quantiles__f_agg_""var""__isabs_True__qh_0.8__ql_0.4",0.0,0.0,307.6526555685888,307.6526555685888,0.0,0.0,0.0
576,"GYRO_Y__change_quantiles__f_agg_""mean""__isabs_True__qh_0.8__ql_0.4",0.0,0.0,307.6526555685888,307.6526555685888,0.0,0.0,0.0
577,"GYRO_Y__change_quantiles__f_agg_""var""__isabs_False__qh_0.8__ql_0.4",0.0,0.0,307.6526555685888,307.6526555685888,0.0,0.0,0.0
578,"GYRO_Y__change_quantiles__f_agg_""var""__isabs_True__qh_0.6__ql_0.4",0.0,0.0,307.6526555685888,307.6526555685888,0.0,0.0,0.0
579,"GYRO_Y__change_quantiles__f_agg_""mean""__isabs_True__qh_0.6__ql_0.4",0.0,0.0,307.6526555685888,307.6526555685888,0.0,0.0,0.0
580,"GYRO_Y__change_quantiles__f_agg_""var""__isabs_False__qh_0.6__ql_0.4",0.0,0.0,307.6526555685888,307.6526555685888,0.0,0.0,0.0
581,"MMA_Z__agg_linear_trend__attr_""intercept""__chunk_len_5__f_agg_""var""",0.0,0.0,307.6526555685888,307.6526555685888,0.0,0.0,0.0
582,MMA_Z__spkt_welch_density__coeff_5,0.0,0.0,307.6526555685888,307.6526555685888,0.0,0.0,0.0
583,"GYRO_X__augmented_dickey_fuller__attr_""teststat""__autolag_""AIC""",0.0,0.0,307.6526555685888,307.6526555685888,0.0,0.0,0.0
584,ADXL_Y__c3__lag_2,0.0,0.0,307.6526555685888,307.6526555685888,0.0,0.0,0.0
585,"ADXL_Z__change_quantiles__f_agg_""var""__isabs_False__qh_0.6__ql_0.0",0.0,0.0,307.6526555685888,307.6526555685888,0.0,0.0,0.0
586,"ADXL_Z__change_quantiles__f_agg_""mean""__isabs_True__qh_0.6__ql_0.0",0.0,0.0,307.6526555685888,307.6526555685888,0.0,0.0,0.0
587,"ADXL_Z__change_quantiles__f_agg_""var""__isabs_False__qh_0.8__ql_0.0",0.0,0.0,307.6526555685888,307.6526555685888,0.0,0.0,0.0
588,"ADXL_Z__change_quantiles__f_agg_""mean""__isabs_True__qh_0.8__ql_0.0",0.0,0.0,307.6526555685888,307.6526555685888,0.0,0.0,0.0
589,"ADXL_Z__change_quantiles__f_agg_""var""__isabs_True__qh_0.8__ql_0.0",0.0,0.0,307.6526555685888,307.6526555685888,0.0,0.0,0.0
590,"ADXL_Z__change_quantiles__f_agg_""mean""__isabs_True__qh_1.0__ql_0.0",0.0,0.0,307.6526555685888,307.6526555685888,0.0,0.0,0.0
591,"ADXL_Z__change_quantiles__f_agg_""mean""__isabs_True__qh_0.4__ql_0.0",0.0,0.0,307.6526555685888,307.6526555685888,0.0,0.0,0.0
592,"ADXL_Z__change_quantiles__f_agg_""var""__isabs_False__qh_0.4__ql_0.2",0.0,0.0,307.6526555685888,307.6526555685888,0.0,0.0,0.0
593,"ADXL_Z__change_quantiles__f_agg_""var""__isabs_True__qh_0.4__ql_0.2",0.0,0.0,307.6526555685888,307.6526555685888,0.0,0.0,0.0
594,"ADXL_Z__change_quantiles__f_agg_""var""__isabs_False__qh_0.6__ql_0.2",0.0,0.0,307.6526555685888,307.6526555685888,0.0,0.0,0.0
595,"ADXL_Z__change_quantiles__f_agg_""mean""__isabs_True__qh_0.6__ql_0.2",0.0,0.0,307.6526555685888,307.6526555685888,0.0,0.0,0.0
596,"ADXL_Z__change_quantiles__f_agg_""var""__isabs_True__qh_0.6__ql_0.2",0.0,0.0,307.6526555685888,307.6526555685888,0.0,0.0,0.0
597,"ADXL_Z__change_quantiles__f_agg_""var""__isabs_False__qh_0.8__ql_0.2",0.0,0.0,307.6526555685888,307.6526555685888,0.0,0.0,0.0
598,"ADXL_Z__change_quantiles__f_agg_""mean""__isabs_True__qh_0.8__ql_0.2",0.0,0.0,307.6526555685888,307.6526555685888,0.0,0.0,0.0
599,"ADXL_Z__change_quantiles__f_agg_""mean""__isabs_True__qh_0.4__ql_0.2",0.0,0.0,307.6526555685888,307.6526555685888,0.0,0.0,0.0
600,"ADXL_Z__change_quantiles__f_agg_""var""__isabs_True__qh_0.8__ql_0.2",0.0,0.0,307.6526555685888,307.6526555685888,0.0,0.0,0.0
601,"ADXL_Z__change_quantiles__f_agg_""var""__isabs_False__qh_0.4__ql_0.0",0.0,0.0,307.6526555685888,307.6526555685888,0.0,0.0,0.0
602,"GYRO_X__change_quantiles__f_agg_""mean""__isabs_True__qh_0.4__ql_0.0",0.0,0.0,307.6526555685888,307.6526555685888,0.0,0.0,0.0
603,ADXL_Z__number_peaks__n_50,0.0,0.0,307.6526555685888,307.6526555685888,0.0,0.0,0.0
604,ADXL_Z__binned_entropy__max_bins_10,0.0,0.0,307.6526555685888,307.6526555685888,0.0,0.0,0.0
605,"GYRO_X__change_quantiles__f_agg_""mean""__isabs_True__qh_0.4__ql_0.2",0.0,0.0,307.6526555685888,307.6526555685888,0.0,0.0,0.0
606,"GYRO_X__change_quantiles__f_agg_""mean""__isabs_True__qh_1.0__ql_0.0",0.0,0.0,307.6526555685888,307.6526555685888,0.0,0.0,0.0
607,"GYRO_X__change_quantiles__f_agg_""var""__isabs_False__qh_1.0__ql_0.0",0.0,0.0,307.6526555685888,307.6526555685888,0.0,0.0,0.0
608,"GYRO_X__change_quantiles__f_agg_""mean""__isabs_True__qh_0.8__ql_0.0",0.0,0.0,307.6526555685888,307.6526555685888,0.0,0.0,0.0
609,"ADXL_Z__change_quantiles__f_agg_""mean""__isabs_True__qh_0.2__ql_0.0",0.0,0.0,307.6526555685888,307.6526555685888,0.0,0.0,0.0
610,"GYRO_X__change_quantiles__f_agg_""var""__isabs_False__qh_0.8__ql_0.0",0.0,0.0,307.6526555685888,307.6526555685888,0.0,0.0,0.0
611,ADXL_Z__spkt_welch_density__coeff_5,0.0,0.0,307.6526555685888,307.6526555685888,0.0,0.0,0.0
612,ADXL_Z__spkt_welch_density__coeff_8,0.0,0.0,307.6526555685888,307.6526555685888,0.0,0.0,0.0
613,ADXL_Z__ar_coefficient__coeff_1__k_10,0.0,0.0,307.6526555685888,307.6526555685888,0.0,0.0,0.0
614,ADXL_Z__ar_coefficient__coeff_2__k_10,0.0,0.0,307.6526555685888,307.6526555685888,0.0,0.0,0.0
615,"GYRO_X__change_quantiles__f_agg_""mean""__isabs_True__qh_0.6__ql_0.0",0.0,0.0,307.6526555685888,307.6526555685888,0.0,0.0,0.0
616,"GYRO_X__change_quantiles__f_agg_""var""__isabs_False__qh_0.6__ql_0.0",0.0,0.0,307.6526555685888,307.6526555685888,0.0,0.0,0.0
617,ADXL_Z__spkt_welch_density__coeff_2,0.0,0.0,307.6526555685888,307.6526555685888,0.0,0.0,0.0
618,ADXL_Z__number_peaks__n_10,0.0,0.0,307.6526555685888,307.6526555685888,0.0,0.0,0.0
619,"ADXL_Z__change_quantiles__f_agg_""mean""__isabs_True__qh_1.0__ql_0.2",0.0,0.0,307.6526555685888,307.6526555685888,0.0,0.0,0.0
620,"ADXL_Z__change_quantiles__f_agg_""var""__isabs_False__qh_0.8__ql_0.4",0.0,0.0,307.6526555685888,307.6526555685888,0.0,0.0,0.0
621,GYRO_X__number_peaks__n_50,0.0,0.0,307.6526555685888,307.6526555685888,0.0,0.0,0.0
622,GYRO_X__number_peaks__n_10,0.0,0.0,307.6526555685888,307.6526555685888,0.0,0.0,0.0
623,GYRO_X__number_peaks__n_5,0.0,0.0,307.6526555685888,307.6526555685888,0.0,0.0,0.0
624,GYRO_X__number_peaks__n_3,0.0,0.0,307.6526555685888,307.6526555685888,0.0,0.0,0.0
625,GYRO_X__number_peaks__n_1,0.0,0.0,307.6526555685888,307.6526555685888,0.0,0.0,0.0
626,GYRO_X__number_cwt_peaks__n_5,0.0,0.0,307.6526555685888,307.6526555685888,0.0,0.0,0.0
627,GYRO_X__binned_entropy__max_bins_10,0.0,0.0,307.6526555685888,307.6526555685888,0.0,0.0,0.0
628,GYRO_X__number_cwt_peaks__n_1,0.0,0.0,307.6526555685888,307.6526555685888,0.0,0.0,0.0
629,"GYRO_X__agg_autocorrelation__f_agg_""var""__maxlag_40",0.0,0.0,307.6526555685888,307.6526555685888,0.0,0.0,0.0
630,"GYRO_X__agg_autocorrelation__f_agg_""median""__maxlag_40",0.0,0.0,307.6526555685888,307.6526555685888,0.0,0.0,0.0
631,"GYRO_X__agg_autocorrelation__f_agg_""mean""__maxlag_40",0.0,0.0,307.6526555685888,307.6526555685888,0.0,0.0,0.0
632,GYRO_X__autocorrelation__lag_9,0.0,0.0,307.6526555685888,307.6526555685888,0.0,0.0,0.0
633,GYRO_X__autocorrelation__lag_8,0.0,0.0,307.6526555685888,307.6526555685888,0.0,0.0,0.0
634,GYRO_X__autocorrelation__lag_7,0.0,0.0,307.6526555685888,307.6526555685888,0.0,0.0,0.0
635,GYRO_X__partial_autocorrelation__lag_1,0.0,0.0,307.6526555685888,307.6526555685888,0.0,0.0,0.0
636,"ADXL_Z__change_quantiles__f_agg_""mean""__isabs_True__qh_0.6__ql_0.4",0.0,0.0,307.6526555685888,307.6526555685888,0.0,0.0,0.0
637,GYRO_X__index_mass_quantile__q_0.1,0.0,0.0,307.6526555685888,307.6526555685888,0.0,0.0,0.0
638,GYRO_X__index_mass_quantile__q_0.7,0.0,0.0,307.6526555685888,307.6526555685888,0.0,0.0,0.0
639,"ADXL_Z__change_quantiles__f_agg_""mean""__isabs_True__qh_0.8__ql_0.4",0.0,0.0,307.6526555685888,307.6526555685888,0.0,0.0,0.0
640,"ADXL_Z__change_quantiles__f_agg_""var""__isabs_True__qh_0.8__ql_0.4",0.0,0.0,307.6526555685888,307.6526555685888,0.0,0.0,0.0
641,"ADXL_Z__change_quantiles__f_agg_""mean""__isabs_True__qh_1.0__ql_0.4",0.0,0.0,307.6526555685888,307.6526555685888,0.0,0.0,0.0
642,"ADXL_Z__change_quantiles__f_agg_""var""__isabs_False__qh_0.8__ql_0.6",0.0,0.0,307.6526555685888,307.6526555685888,0.0,0.0,0.0
643,"ADXL_Z__change_quantiles__f_agg_""mean""__isabs_True__qh_0.8__ql_0.6",0.0,0.0,307.6526555685888,307.6526555685888,0.0,0.0,0.0
644,"ADXL_Z__change_quantiles__f_agg_""var""__isabs_True__qh_0.8__ql_0.6",0.0,0.0,307.6526555685888,307.6526555685888,0.0,0.0,0.0
645,GYRO_X__index_mass_quantile__q_0.6,0.0,0.0,307.6526555685888,307.6526555685888,0.0,0.0,0.0
646,"ADXL_Z__change_quantiles__f_agg_""mean""__isabs_True__qh_1.0__ql_0.6",0.0,0.0,307.6526555685888,307.6526555685888,0.0,0.0,0.0
647,"ADXL_Z__fft_coefficient__attr_""real""__coeff_0",0.0,0.0,307.6526555685888,307.6526555685888,0.0,0.0,0.0
648,"GYRO_X__change_quantiles__f_agg_""mean""__isabs_True__qh_0.2__ql_0.0",0.0,0.0,307.6526555685888,307.6526555685888,0.0,0.0,0.0
649,"ADXL_Z__fft_coefficient__attr_""imag""__coeff_1",0.0,0.0,307.6526555685888,307.6526555685888,0.0,0.0,0.0
650,GYRO_X__ar_coefficient__coeff_2__k_10,0.0,0.0,307.6526555685888,307.6526555685888,0.0,0.0,0.0
651,GYRO_X__index_mass_quantile__q_0.9,0.0,0.0,307.6526555685888,307.6526555685888,0.0,0.0,0.0
652,GYRO_X__index_mass_quantile__q_0.8,0.0,0.0,307.6526555685888,307.6526555685888,0.0,0.0,0.0
653,"ADXL_Z__change_quantiles__f_agg_""mean""__isabs_True__qh_1.0__ql_0.8",0.0,0.0,307.6526555685888,307.6526555685888,0.0,0.0,0.0
654,ADXL_Z__number_peaks__n_5,0.0,0.0,307.6526555685888,307.6526555685888,0.0,0.0,0.0
655,ADXL_Z__number_peaks__n_3,0.0,0.0,307.6526555685888,307.6526555685888,0.0,0.0,0.0
656,ADXL_Z__number_peaks__n_1,0.0,0.0,307.6526555685888,307.6526555685888,0.0,0.0,0.0
657,ADXL_Z__median,0.0,0.0,307.6526555685888,307.6526555685888,0.0,0.0,0.0
658,ADXL_Z__mean,0.0,0.0,307.6526555685888,307.6526555685888,0.0,0.0,0.0
659,ADXL_Z__length,0.0,0.0,307.6526555685888,307.6526555685888,0.0,0.0,0.0
660,ADXL_Z__standard_deviation,0.0,0.0,307.6526555685888,307.6526555685888,0.0,0.0,0.0
661,ADXL_Z__variance,0.0,0.0,307.6526555685888,307.6526555685888,0.0,0.0,0.0
662,ADXL_Z__root_mean_square,0.0,0.0,307.6526555685888,307.6526555685888,0.0,0.0,0.0
663,ADXL_Z__mean_abs_change,0.0,0.0,307.6526555685888,307.6526555685888,0.0,0.0,0.0
664,ADXL_Z__absolute_sum_of_changes,0.0,0.0,307.6526555685888,307.6526555685888,0.0,0.0,0.0
665,ADXL_Z__longest_strike_above_mean,0.0,0.0,307.6526555685888,307.6526555685888,0.0,0.0,0.0
666,ADXL_Z__count_above_mean,0.0,0.0,307.6526555685888,307.6526555685888,0.0,0.0,0.0
667,ADXL_Z__count_below_mean,0.0,0.0,307.6526555685888,307.6526555685888,0.0,0.0,0.0
668,ADXL_Z__percentage_of_reoccurring_values_to_all_values,0.0,0.0,307.6526555685888,307.6526555685888,0.0,0.0,0.0
669,ADXL_Z__percentage_of_reoccurring_datapoints_to_all_datapoints,0.0,0.0,307.6526555685888,307.6526555685888,0.0,0.0,0.0
670,ADXL_Z__sum_of_reoccurring_values,0.0,0.0,307.6526555685888,307.6526555685888,0.0,0.0,0.0
671,ADXL_Z__longest_strike_below_mean,0.0,0.0,307.6526555685888,307.6526555685888,0.0,0.0,0.0
672,ADXL_Z__sum_of_reoccurring_data_points,0.0,0.0,307.6526555685888,307.6526555685888,0.0,0.0,0.0
673,ADXL_Z__abs_energy,0.0,0.0,307.6526555685888,307.6526555685888,0.0,0.0,0.0
674,"GYRO_X__change_quantiles__f_agg_""mean""__isabs_True__qh_1.0__ql_0.2",0.0,0.0,307.6526555685888,307.6526555685888,0.0,0.0,0.0
675,ADXL_Y__lempel_ziv_complexity__bins_2,0.0,0.0,307.6526555685888,307.6526555685888,0.0,0.0,0.0
676,ADXL_Y__lempel_ziv_complexity__bins_3,0.0,0.0,307.6526555685888,307.6526555685888,0.0,0.0,0.0
677,ADXL_Y__lempel_ziv_complexity__bins_5,0.0,0.0,307.6526555685888,307.6526555685888,0.0,0.0,0.0
678,ADXL_Y__lempel_ziv_complexity__bins_10,0.0,0.0,307.6526555685888,307.6526555685888,0.0,0.0,0.0
679,ADXL_Y__lempel_ziv_complexity__bins_100,0.0,0.0,307.6526555685888,307.6526555685888,0.0,0.0,0.0
680,ADXL_Y__fourier_entropy__bins_5,0.0,0.0,307.6526555685888,307.6526555685888,0.0,0.0,0.0
681,ADXL_Z__sum_values,0.0,0.0,307.6526555685888,307.6526555685888,0.0,0.0,0.0
682,ADXL_Y__fourier_entropy__bins_10,0.0,0.0,307.6526555685888,307.6526555685888,0.0,0.0,0.0
683,ADXL_Y__permutation_entropy__dimension_4__tau_1,0.0,0.0,307.6526555685888,307.6526555685888,0.0,0.0,0.0
684,ADXL_Y__permutation_entropy__dimension_5__tau_1,0.0,0.0,307.6526555685888,307.6526555685888,0.0,0.0,0.0
685,ADXL_Y__permutation_entropy__dimension_6__tau_1,0.0,0.0,307.6526555685888,307.6526555685888,0.0,0.0,0.0
686,ADXL_Y__permutation_entropy__dimension_7__tau_1,0.0,0.0,307.6526555685888,307.6526555685888,0.0,0.0,0.0
687,ADXL_Y__mean_n_absolute_max__number_of_maxima_7,0.0,0.0,307.6526555685888,307.6526555685888,0.0,0.0,0.0
688,"GYRO_X__change_quantiles__f_agg_""var""__isabs_True__qh_1.0__ql_0.2",0.0,0.0,307.6526555685888,307.6526555685888,0.0,0.0,0.0
689,ADXL_Y__permutation_entropy__dimension_3__tau_1,0.0,0.0,307.6526555685888,307.6526555685888,0.0,0.0,0.0
690,ADXL_Z__ratio_value_number_to_time_series_length,0.0,0.0,307.6526555685888,307.6526555685888,0.0,0.0,0.0
691,ADXL_Z__maximum,0.0,0.0,307.6526555685888,307.6526555685888,0.0,0.0,0.0
692,ADXL_Z__absolute_maximum,0.0,0.0,307.6526555685888,307.6526555685888,0.0,0.0,0.0
693,ADXL_Z__autocorrelation__lag_3,0.0,0.0,307.6526555685888,307.6526555685888,0.0,0.0,0.0
694,ADXL_Z__autocorrelation__lag_4,0.0,0.0,307.6526555685888,307.6526555685888,0.0,0.0,0.0
695,ADXL_Z__autocorrelation__lag_5,0.0,0.0,307.6526555685888,307.6526555685888,0.0,0.0,0.0
696,ADXL_Z__autocorrelation__lag_6,0.0,0.0,307.6526555685888,307.6526555685888,0.0,0.0,0.0
697,ADXL_Z__autocorrelation__lag_7,0.0,0.0,307.6526555685888,307.6526555685888,0.0,0.0,0.0
698,ADXL_Z__autocorrelation__lag_8,0.0,0.0,307.6526555685888,307.6526555685888,0.0,0.0,0.0
699,ADXL_Z__autocorrelation__lag_2,0.0,0.0,307.6526555685888,307.6526555685888,0.0,0.0,0.0
700,ADXL_Z__autocorrelation__lag_9,0.0,0.0,307.6526555685888,307.6526555685888,0.0,0.0,0.0
701,"ADXL_Z__agg_autocorrelation__f_agg_""median""__maxlag_40",0.0,0.0,307.6526555685888,307.6526555685888,0.0,0.0,0.0
702,"ADXL_Z__agg_autocorrelation__f_agg_""var""__maxlag_40",0.0,0.0,307.6526555685888,307.6526555685888,0.0,0.0,0.0
703,ADXL_Z__partial_autocorrelation__lag_2,0.0,0.0,307.6526555685888,307.6526555685888,0.0,0.0,0.0
704,"GYRO_X__change_quantiles__f_agg_""mean""__isabs_True__qh_0.6__ql_0.2",0.0,0.0,307.6526555685888,307.6526555685888,0.0,0.0,0.0
705,ADXL_Z__number_cwt_peaks__n_1,0.0,0.0,307.6526555685888,307.6526555685888,0.0,0.0,0.0
706,ADXL_Z__number_cwt_peaks__n_5,0.0,0.0,307.6526555685888,307.6526555685888,0.0,0.0,0.0
707,"ADXL_Z__agg_autocorrelation__f_agg_""mean""__maxlag_40",0.0,0.0,307.6526555685888,307.6526555685888,0.0,0.0,0.0
708,ADXL_Z__quantile__q_0.9,0.0,0.0,307.6526555685888,307.6526555685888,0.0,0.0,0.0
709,ADXL_Z__quantile__q_0.8,0.0,0.0,307.6526555685888,307.6526555685888,0.0,0.0,0.0
710,ADXL_Z__quantile__q_0.7,0.0,0.0,307.6526555685888,307.6526555685888,0.0,0.0,0.0
711,ADXL_Z__minimum,0.0,0.0,307.6526555685888,307.6526555685888,0.0,0.0,0.0
712,"GYRO_X__change_quantiles__f_agg_""var""__isabs_False__qh_1.0__ql_0.2",0.0,0.0,307.6526555685888,307.6526555685888,0.0,0.0,0.0
713,"GYRO_X__change_quantiles__f_agg_""var""__isabs_True__qh_0.8__ql_0.2",0.0,0.0,307.6526555685888,307.6526555685888,0.0,0.0,0.0
714,"GYRO_X__change_quantiles__f_agg_""mean""__isabs_True__qh_0.8__ql_0.2",0.0,0.0,307.6526555685888,307.6526555685888,0.0,0.0,0.0
715,ADXL_Z__c3__lag_1,0.0,0.0,307.6526555685888,307.6526555685888,0.0,0.0,0.0
716,ADXL_Z__c3__lag_2,0.0,0.0,307.6526555685888,307.6526555685888,0.0,0.0,0.0
717,ADXL_Z__c3__lag_3,0.0,0.0,307.6526555685888,307.6526555685888,0.0,0.0,0.0
718,ADXL_Z__cid_ce__normalize_True,0.0,0.0,307.6526555685888,307.6526555685888,0.0,0.0,0.0
719,ADXL_Z__cid_ce__normalize_False,0.0,0.0,307.6526555685888,307.6526555685888,0.0,0.0,0.0
720,"GYRO_X__change_quantiles__f_agg_""var""__isabs_False__qh_0.8__ql_0.2",0.0,0.0,307.6526555685888,307.6526555685888,0.0,0.0,0.0
721,ADXL_Z__large_standard_deviation__r_0.15000000000000002,0.0,0.0,307.6526555685888,307.6526555685888,0.0,0.0,0.0
722,ADXL_Z__large_standard_deviation__r_0.2,0.0,0.0,307.6526555685888,307.6526555685888,0.0,0.0,0.0
723,ADXL_Z__large_standard_deviation__r_0.30000000000000004,0.0,0.0,307.6526555685888,307.6526555685888,0.0,0.0,0.0
724,ADXL_Z__quantile__q_0.1,0.0,0.0,307.6526555685888,307.6526555685888,0.0,0.0,0.0
725,ADXL_Z__quantile__q_0.6,0.0,0.0,307.6526555685888,307.6526555685888,0.0,0.0,0.0
726,GYRO_X__autocorrelation__lag_6,0.0,0.0,307.6526555685888,307.6526555685888,0.0,0.0,0.0
727,GYRO_X__autocorrelation__lag_5,0.0,0.0,307.6526555685888,307.6526555685888,0.0,0.0,0.0
728,GYRO_X__autocorrelation__lag_4,0.0,0.0,307.6526555685888,307.6526555685888,0.0,0.0,0.0
729,GYRO_X__autocorrelation__lag_3,0.0,0.0,307.6526555685888,307.6526555685888,0.0,0.0,0.0
730,ADXL_Z__fourier_entropy__bins_100,0.0,0.0,307.6526555685888,307.6526555685888,0.0,0.0,0.0
731,ADXL_Z__fourier_entropy__bins_10,0.0,0.0,307.6526555685888,307.6526555685888,0.0,0.0,0.0
732,ADXL_Z__fourier_entropy__bins_5,0.0,0.0,307.6526555685888,307.6526555685888,0.0,0.0,0.0
733,ADXL_Z__fourier_entropy__bins_3,0.0,0.0,307.6526555685888,307.6526555685888,0.0,0.0,0.0
734,ADXL_Z__fourier_entropy__bins_2,0.0,0.0,307.6526555685888,307.6526555685888,0.0,0.0,0.0
735,ADXL_Z__lempel_ziv_complexity__bins_100,0.0,0.0,307.6526555685888,307.6526555685888,0.0,0.0,0.0
736,ADXL_Z__permutation_entropy__dimension_3__tau_1,0.0,0.0,307.6526555685888,307.6526555685888,0.0,0.0,0.0
737,ADXL_Z__lempel_ziv_complexity__bins_10,0.0,0.0,307.6526555685888,307.6526555685888,0.0,0.0,0.0
738,ADXL_Z__lempel_ziv_complexity__bins_3,0.0,0.0,307.6526555685888,307.6526555685888,0.0,0.0,0.0
739,ADXL_Z__lempel_ziv_complexity__bins_2,0.0,0.0,307.6526555685888,307.6526555685888,0.0,0.0,0.0
740,ADXL_Z__ratio_beyond_r_sigma__r_6,0.0,0.0,307.6526555685888,307.6526555685888,0.0,0.0,0.0
741,ADXL_Z__ratio_beyond_r_sigma__r_5,0.0,0.0,307.6526555685888,307.6526555685888,0.0,0.0,0.0
742,ADXL_Z__ratio_beyond_r_sigma__r_3,0.0,0.0,307.6526555685888,307.6526555685888,0.0,0.0,0.0
743,ADXL_Z__energy_ratio_by_chunks__num_segments_10__segment_focus_9,0.0,0.0,307.6526555685888,307.6526555685888,0.0,0.0,0.0
744,ADXL_Z__lempel_ziv_complexity__bins_5,0.0,0.0,307.6526555685888,307.6526555685888,0.0,0.0,0.0
745,"ADXL_Z__augmented_dickey_fuller__attr_""pvalue""__autolag_""AIC""",0.0,0.0,307.6526555685888,307.6526555685888,0.0,0.0,0.0
746,ADXL_Z__permutation_entropy__dimension_4__tau_1,0.0,0.0,307.6526555685888,307.6526555685888,0.0,0.0,0.0
747,ADXL_Z__permutation_entropy__dimension_6__tau_1,0.0,0.0,307.6526555685888,307.6526555685888,0.0,0.0,0.0
748,"ADXL_Z__fft_coefficient__attr_""abs""__coeff_82",0.0,0.0,307.6526555685888,307.6526555685888,0.0,0.0,0.0
749,"ADXL_Z__fft_coefficient__attr_""abs""__coeff_83",0.0,0.0,307.6526555685888,307.6526555685888,0.0,0.0,0.0
750,"ADXL_Z__fft_coefficient__attr_""abs""__coeff_84",0.0,0.0,307.6526555685888,307.6526555685888,0.0,0.0,0.0
751,"ADXL_Z__fft_coefficient__attr_""abs""__coeff_85",0.0,0.0,307.6526555685888,307.6526555685888,0.0,0.0,0.0
752,"ADXL_Z__fft_coefficient__attr_""abs""__coeff_86",0.0,0.0,307.6526555685888,307.6526555685888,0.0,0.0,0.0
753,"ADXL_Z__fft_coefficient__attr_""abs""__coeff_87",0.0,0.0,307.6526555685888,307.6526555685888,0.0,0.0,0.0
754,ADXL_Z__permutation_entropy__dimension_5__tau_1,0.0,0.0,307.6526555685888,307.6526555685888,0.0,0.0,0.0
755,"ADXL_Z__fft_coefficient__attr_""abs""__coeff_88",0.0,0.0,307.6526555685888,307.6526555685888,0.0,0.0,0.0
756,"ADXL_Z__fft_coefficient__attr_""abs""__coeff_94",0.0,0.0,307.6526555685888,307.6526555685888,0.0,0.0,0.0
757,"ADXL_Z__fft_coefficient__attr_""abs""__coeff_95",0.0,0.0,307.6526555685888,307.6526555685888,0.0,0.0,0.0
758,GYRO_X__length,0.0,0.0,307.6526555685888,307.6526555685888,0.0,0.0,0.0
759,GYRO_X__mean_abs_change,0.0,0.0,307.6526555685888,307.6526555685888,0.0,0.0,0.0
760,ADXL_Z__mean_n_absolute_max__number_of_maxima_7,0.0,0.0,307.6526555685888,307.6526555685888,0.0,0.0,0.0
761,ADXL_Z__permutation_entropy__dimension_7__tau_1,0.0,0.0,307.6526555685888,307.6526555685888,0.0,0.0,0.0
762,"ADXL_Z__fft_coefficient__attr_""abs""__coeff_93",0.0,0.0,307.6526555685888,307.6526555685888,0.0,0.0,0.0
763,"ADXL_Z__augmented_dickey_fuller__attr_""teststat""__autolag_""AIC""",0.0,0.0,307.6526555685888,307.6526555685888,0.0,0.0,0.0
764,"ADXL_Z__agg_linear_trend__attr_""stderr""__chunk_len_50__f_agg_""var""",0.0,0.0,307.6526555685888,307.6526555685888,0.0,0.0,0.0
765,"ADXL_Z__agg_linear_trend__attr_""stderr""__chunk_len_50__f_agg_""mean""",0.0,0.0,307.6526555685888,307.6526555685888,0.0,0.0,0.0
766,"ADXL_Z__agg_linear_trend__attr_""intercept""__chunk_len_10__f_agg_""var""",0.0,0.0,307.6526555685888,307.6526555685888,0.0,0.0,0.0
767,"ADXL_Z__agg_linear_trend__attr_""intercept""__chunk_len_5__f_agg_""var""",0.0,0.0,307.6526555685888,307.6526555685888,0.0,0.0,0.0
768,"ADXL_Z__agg_linear_trend__attr_""rvalue""__chunk_len_50__f_agg_""mean""",0.0,0.0,307.6526555685888,307.6526555685888,0.0,0.0,0.0
769,"ADXL_Z__agg_linear_trend__attr_""rvalue""__chunk_len_50__f_agg_""min""",0.0,0.0,307.6526555685888,307.6526555685888,0.0,0.0,0.0
770,"ADXL_Z__agg_linear_trend__attr_""rvalue""__chunk_len_10__f_agg_""mean""",0.0,0.0,307.6526555685888,307.6526555685888,0.0,0.0,0.0
771,"ADXL_Z__fft_aggregated__aggtype_""centroid""",0.0,0.0,307.6526555685888,307.6526555685888,0.0,0.0,0.0
772,"ADXL_Z__agg_linear_trend__attr_""intercept""__chunk_len_50__f_agg_""min""",0.0,0.0,307.6526555685888,307.6526555685888,0.0,0.0,0.0
773,"ADXL_Z__fft_aggregated__aggtype_""variance""",0.0,0.0,307.6526555685888,307.6526555685888,0.0,0.0,0.0
774,"ADXL_Z__agg_linear_trend__attr_""rvalue""__chunk_len_10__f_agg_""min""",0.0,0.0,307.6526555685888,307.6526555685888,0.0,0.0,0.0
775,ADXL_Z__range_count__max_1__min_-1,0.0,0.0,307.6526555685888,307.6526555685888,0.0,0.0,0.0
776,ADXL_Z__range_count__max_0__min_-1000000000000.0,0.0,0.0,307.6526555685888,307.6526555685888,0.0,0.0,0.0
777,"ADXL_Z__linear_trend__attr_""rvalue""",0.0,0.0,307.6526555685888,307.6526555685888,0.0,0.0,0.0
778,"ADXL_Z__linear_trend__attr_""slope""",0.0,0.0,307.6526555685888,307.6526555685888,0.0,0.0,0.0
779,"ADXL_Z__linear_trend__attr_""stderr""",0.0,0.0,307.6526555685888,307.6526555685888,0.0,0.0,0.0
780,"ADXL_Z__fft_aggregated__aggtype_""kurtosis""",0.0,0.0,307.6526555685888,307.6526555685888,0.0,0.0,0.0
781,"ADXL_Z__agg_linear_trend__attr_""intercept""__chunk_len_50__f_agg_""var""",0.0,0.0,307.6526555685888,307.6526555685888,0.0,0.0,0.0
782,"ADXL_Z__agg_linear_trend__attr_""slope""__chunk_len_5__f_agg_""max""",0.0,0.0,307.6526555685888,307.6526555685888,0.0,0.0,0.0
783,"ADXL_Z__agg_linear_trend__attr_""slope""__chunk_len_5__f_agg_""min""",0.0,0.0,307.6526555685888,307.6526555685888,0.0,0.0,0.0
784,"ADXL_Z__agg_linear_trend__attr_""stderr""__chunk_len_50__f_agg_""min""",0.0,0.0,307.6526555685888,307.6526555685888,0.0,0.0,0.0
785,"ADXL_Z__agg_linear_trend__attr_""stderr""__chunk_len_50__f_agg_""max""",0.0,0.0,307.6526555685888,307.6526555685888,0.0,0.0,0.0
786,"ADXL_Z__agg_linear_trend__attr_""stderr""__chunk_len_10__f_agg_""mean""",0.0,0.0,307.6526555685888,307.6526555685888,0.0,0.0,0.0
787,"ADXL_Z__agg_linear_trend__attr_""stderr""__chunk_len_10__f_agg_""min""",0.0,0.0,307.6526555685888,307.6526555685888,0.0,0.0,0.0
788,"ADXL_Z__agg_linear_trend__attr_""stderr""__chunk_len_10__f_agg_""max""",0.0,0.0,307.6526555685888,307.6526555685888,0.0,0.0,0.0
789,"ADXL_Z__agg_linear_trend__attr_""stderr""__chunk_len_5__f_agg_""mean""",0.0,0.0,307.6526555685888,307.6526555685888,0.0,0.0,0.0
790,"ADXL_Z__agg_linear_trend__attr_""stderr""__chunk_len_5__f_agg_""min""",0.0,0.0,307.6526555685888,307.6526555685888,0.0,0.0,0.0
791,"ADXL_Z__agg_linear_trend__attr_""stderr""__chunk_len_5__f_agg_""max""",0.0,0.0,307.6526555685888,307.6526555685888,0.0,0.0,0.0
792,"ADXL_Z__agg_linear_trend__attr_""slope""__chunk_len_50__f_agg_""mean""",0.0,0.0,307.6526555685888,307.6526555685888,0.0,0.0,0.0
793,"ADXL_Z__agg_linear_trend__attr_""slope""__chunk_len_50__f_agg_""min""",0.0,0.0,307.6526555685888,307.6526555685888,0.0,0.0,0.0
794,"ADXL_Z__agg_linear_trend__attr_""slope""__chunk_len_50__f_agg_""max""",0.0,0.0,307.6526555685888,307.6526555685888,0.0,0.0,0.0
795,"ADXL_Z__agg_linear_trend__attr_""slope""__chunk_len_10__f_agg_""mean""",0.0,0.0,307.6526555685888,307.6526555685888,0.0,0.0,0.0
796,"ADXL_Z__agg_linear_trend__attr_""slope""__chunk_len_10__f_agg_""min""",0.0,0.0,307.6526555685888,307.6526555685888,0.0,0.0,0.0
797,"ADXL_Z__agg_linear_trend__attr_""slope""__chunk_len_10__f_agg_""max""",0.0,0.0,307.6526555685888,307.6526555685888,0.0,0.0,0.0
798,"ADXL_Z__agg_linear_trend__attr_""slope""__chunk_len_5__f_agg_""mean""",0.0,0.0,307.6526555685888,307.6526555685888,0.0,0.0,0.0
799,"ADXL_Z__fft_coefficient__attr_""abs""__coeff_79",0.0,0.0,307.6526555685888,307.6526555685888,0.0,0.0,0.0
800,ADXL_Y__count_below__t_0,0.0,0.0,307.6526555685888,307.6526555685888,0.0,0.0,0.0
801,"ADXL_Z__fft_coefficient__attr_""abs""__coeff_78",0.0,0.0,307.6526555685888,307.6526555685888,0.0,0.0,0.0
802,"ADXL_Z__fft_coefficient__attr_""abs""__coeff_76",0.0,0.0,307.6526555685888,307.6526555685888,0.0,0.0,0.0
803,GYRO_X__longest_strike_below_mean,0.0,0.0,307.6526555685888,307.6526555685888,0.0,0.0,0.0
804,GYRO_X__absolute_sum_of_changes,0.0,0.0,307.6526555685888,307.6526555685888,0.0,0.0,0.0
805,GYRO_X__root_mean_square,0.0,0.0,307.6526555685888,307.6526555685888,0.0,0.0,0.0
806,GYRO_X__skewness,0.0,0.0,307.6526555685888,307.6526555685888,0.0,0.0,0.0
807,GYRO_X__standard_deviation,0.0,0.0,307.6526555685888,307.6526555685888,0.0,0.0,0.0
808,"ADXL_Z__fft_coefficient__attr_""abs""__coeff_1",0.0,0.0,307.6526555685888,307.6526555685888,0.0,0.0,0.0
809,GYRO_X__longest_strike_above_mean,0.0,0.0,307.6526555685888,307.6526555685888,0.0,0.0,0.0
810,"ADXL_Z__fft_coefficient__attr_""abs""__coeff_2",0.0,0.0,307.6526555685888,307.6526555685888,0.0,0.0,0.0
811,"ADXL_Z__fft_coefficient__attr_""abs""__coeff_4",0.0,0.0,307.6526555685888,307.6526555685888,0.0,0.0,0.0
812,"ADXL_Z__fft_coefficient__attr_""abs""__coeff_5",0.0,0.0,307.6526555685888,307.6526555685888,0.0,0.0,0.0
813,"ADXL_Z__fft_coefficient__attr_""abs""__coeff_6",0.0,0.0,307.6526555685888,307.6526555685888,0.0,0.0,0.0
814,"ADXL_Z__fft_coefficient__attr_""abs""__coeff_7",0.0,0.0,307.6526555685888,307.6526555685888,0.0,0.0,0.0
815,"ADXL_Z__fft_coefficient__attr_""abs""__coeff_8",0.0,0.0,307.6526555685888,307.6526555685888,0.0,0.0,0.0
816,"ADXL_Z__fft_coefficient__attr_""abs""__coeff_9",0.0,0.0,307.6526555685888,307.6526555685888,0.0,0.0,0.0
817,"ADXL_Z__fft_coefficient__attr_""abs""__coeff_3",0.0,0.0,307.6526555685888,307.6526555685888,0.0,0.0,0.0
818,"ADXL_Z__fft_coefficient__attr_""abs""__coeff_10",0.0,0.0,307.6526555685888,307.6526555685888,0.0,0.0,0.0
819,GYRO_X__count_above_mean,0.0,0.0,307.6526555685888,307.6526555685888,0.0,0.0,0.0
820,GYRO_X__percentage_of_reoccurring_values_to_all_values,0.0,0.0,307.6526555685888,307.6526555685888,0.0,0.0,0.0
821,GYRO_X__autocorrelation__lag_2,0.0,0.0,307.6526555685888,307.6526555685888,0.0,0.0,0.0
822,GYRO_X__autocorrelation__lag_1,0.0,0.0,307.6526555685888,307.6526555685888,0.0,0.0,0.0
823,GYRO_X__quantile__q_0.9,0.0,0.0,307.6526555685888,307.6526555685888,0.0,0.0,0.0
824,GYRO_X__quantile__q_0.8,0.0,0.0,307.6526555685888,307.6526555685888,0.0,0.0,0.0
825,GYRO_X__quantile__q_0.2,0.0,0.0,307.6526555685888,307.6526555685888,0.0,0.0,0.0
826,GYRO_X__quantile__q_0.1,0.0,0.0,307.6526555685888,307.6526555685888,0.0,0.0,0.0
827,GYRO_X__count_below_mean,0.0,0.0,307.6526555685888,307.6526555685888,0.0,0.0,0.0
828,GYRO_X__large_standard_deviation__r_0.1,0.0,0.0,307.6526555685888,307.6526555685888,0.0,0.0,0.0
829,GYRO_X__cid_ce__normalize_True,0.0,0.0,307.6526555685888,307.6526555685888,0.0,0.0,0.0
830,GYRO_X__minimum,0.0,0.0,307.6526555685888,307.6526555685888,0.0,0.0,0.0
831,GYRO_X__absolute_maximum,0.0,0.0,307.6526555685888,307.6526555685888,0.0,0.0,0.0
832,GYRO_X__maximum,0.0,0.0,307.6526555685888,307.6526555685888,0.0,0.0,0.0
833,GYRO_X__ratio_value_number_to_time_series_length,0.0,0.0,307.6526555685888,307.6526555685888,0.0,0.0,0.0
834,GYRO_X__percentage_of_reoccurring_datapoints_to_all_datapoints,0.0,0.0,307.6526555685888,307.6526555685888,0.0,0.0,0.0
835,GYRO_X__cid_ce__normalize_False,0.0,0.0,307.6526555685888,307.6526555685888,0.0,0.0,0.0
836,"ADXL_Z__fft_coefficient__attr_""abs""__coeff_11",0.0,0.0,307.6526555685888,307.6526555685888,0.0,0.0,0.0
837,"ADXL_Z__fft_coefficient__attr_""abs""__coeff_12",0.0,0.0,307.6526555685888,307.6526555685888,0.0,0.0,0.0
838,"ADXL_Z__fft_coefficient__attr_""abs""__coeff_13",0.0,0.0,307.6526555685888,307.6526555685888,0.0,0.0,0.0
839,"ADXL_Z__fft_coefficient__attr_""abs""__coeff_39",0.0,0.0,307.6526555685888,307.6526555685888,0.0,0.0,0.0
840,"ADXL_Z__fft_coefficient__attr_""abs""__coeff_40",0.0,0.0,307.6526555685888,307.6526555685888,0.0,0.0,0.0
841,"ADXL_Z__fft_coefficient__attr_""abs""__coeff_41",0.0,0.0,307.6526555685888,307.6526555685888,0.0,0.0,0.0
842,"ADXL_Z__fft_coefficient__attr_""abs""__coeff_42",0.0,0.0,307.6526555685888,307.6526555685888,0.0,0.0,0.0
843,"ADXL_Z__fft_coefficient__attr_""abs""__coeff_43",0.0,0.0,307.6526555685888,307.6526555685888,0.0,0.0,0.0
844,"ADXL_Z__fft_coefficient__attr_""abs""__coeff_47",0.0,0.0,307.6526555685888,307.6526555685888,0.0,0.0,0.0
845,"ADXL_Z__fft_coefficient__attr_""abs""__coeff_38",0.0,0.0,307.6526555685888,307.6526555685888,0.0,0.0,0.0
846,"ADXL_Z__fft_coefficient__attr_""abs""__coeff_63",0.0,0.0,307.6526555685888,307.6526555685888,0.0,0.0,0.0
847,"ADXL_Z__fft_coefficient__attr_""abs""__coeff_65",0.0,0.0,307.6526555685888,307.6526555685888,0.0,0.0,0.0
848,"ADXL_Z__fft_coefficient__attr_""abs""__coeff_67",0.0,0.0,307.6526555685888,307.6526555685888,0.0,0.0,0.0
849,"ADXL_Z__fft_coefficient__attr_""abs""__coeff_68",0.0,0.0,307.6526555685888,307.6526555685888,0.0,0.0,0.0
850,"ADXL_Z__fft_coefficient__attr_""abs""__coeff_70",0.0,0.0,307.6526555685888,307.6526555685888,0.0,0.0,0.0
851,"ADXL_Z__fft_coefficient__attr_""abs""__coeff_71",0.0,0.0,307.6526555685888,307.6526555685888,0.0,0.0,0.0
852,"ADXL_Z__fft_coefficient__attr_""abs""__coeff_75",0.0,0.0,307.6526555685888,307.6526555685888,0.0,0.0,0.0
853,"ADXL_Z__fft_coefficient__attr_""abs""__coeff_64",0.0,0.0,307.6526555685888,307.6526555685888,0.0,0.0,0.0
854,"ADXL_Z__fft_coefficient__attr_""abs""__coeff_31",0.0,0.0,307.6526555685888,307.6526555685888,0.0,0.0,0.0
855,"ADXL_Z__fft_coefficient__attr_""abs""__coeff_30",0.0,0.0,307.6526555685888,307.6526555685888,0.0,0.0,0.0
856,"ADXL_Z__fft_coefficient__attr_""abs""__coeff_29",0.0,0.0,307.6526555685888,307.6526555685888,0.0,0.0,0.0
857,"ADXL_Z__fft_coefficient__attr_""abs""__coeff_14",0.0,0.0,307.6526555685888,307.6526555685888,0.0,0.0,0.0
858,"ADXL_Z__fft_coefficient__attr_""abs""__coeff_15",0.0,0.0,307.6526555685888,307.6526555685888,0.0,0.0,0.0
859,"ADXL_Z__fft_coefficient__attr_""abs""__coeff_16",0.0,0.0,307.6526555685888,307.6526555685888,0.0,0.0,0.0
860,"ADXL_Z__fft_coefficient__attr_""abs""__coeff_17",0.0,0.0,307.6526555685888,307.6526555685888,0.0,0.0,0.0
861,"ADXL_Z__fft_coefficient__attr_""abs""__coeff_18",0.0,0.0,307.6526555685888,307.6526555685888,0.0,0.0,0.0
862,"ADXL_Z__fft_coefficient__attr_""abs""__coeff_19",0.0,0.0,307.6526555685888,307.6526555685888,0.0,0.0,0.0
863,"ADXL_Z__fft_coefficient__attr_""abs""__coeff_20",0.0,0.0,307.6526555685888,307.6526555685888,0.0,0.0,0.0
864,"ADXL_Z__fft_coefficient__attr_""abs""__coeff_21",0.0,0.0,307.6526555685888,307.6526555685888,0.0,0.0,0.0
865,"ADXL_Z__fft_coefficient__attr_""abs""__coeff_22",0.0,0.0,307.6526555685888,307.6526555685888,0.0,0.0,0.0
866,"ADXL_Z__fft_coefficient__attr_""abs""__coeff_23",0.0,0.0,307.6526555685888,307.6526555685888,0.0,0.0,0.0
867,"ADXL_Z__fft_coefficient__attr_""abs""__coeff_24",0.0,0.0,307.6526555685888,307.6526555685888,0.0,0.0,0.0
868,"ADXL_Z__fft_coefficient__attr_""abs""__coeff_25",0.0,0.0,307.6526555685888,307.6526555685888,0.0,0.0,0.0
869,"ADXL_Z__fft_coefficient__attr_""abs""__coeff_26",0.0,0.0,307.6526555685888,307.6526555685888,0.0,0.0,0.0
870,"ADXL_Z__fft_coefficient__attr_""abs""__coeff_27",0.0,0.0,307.6526555685888,307.6526555685888,0.0,0.0,0.0
871,"ADXL_Z__fft_coefficient__attr_""abs""__coeff_28",0.0,0.0,307.6526555685888,307.6526555685888,0.0,0.0,0.0
872,"ADXL_Z__fft_coefficient__attr_""abs""__coeff_77",0.0,0.0,307.6526555685888,307.6526555685888,0.0,0.0,0.0
873,ADXL_Y__count_above__t_0,0.0,0.0,307.6526555685888,307.6526555685888,0.0,0.0,0.0
874,ADXL_Y__ratio_beyond_r_sigma__r_5,0.0,0.0,307.6526555685888,307.6526555685888,0.0,0.0,0.0
875,ADXL_Y__ratio_beyond_r_sigma__r_3,0.0,0.0,307.6526555685888,307.6526555685888,0.0,0.0,0.0
876,"ADXL_Y__change_quantiles__f_agg_""mean""__isabs_True__qh_1.0__ql_0.2",0.0,0.0,307.6526555685888,307.6526555685888,0.0,0.0,0.0
877,"ADXL_Y__change_quantiles__f_agg_""var""__isabs_False__qh_0.6__ql_0.4",0.0,0.0,307.6526555685888,307.6526555685888,0.0,0.0,0.0
878,"ADXL_Y__change_quantiles__f_agg_""mean""__isabs_True__qh_0.6__ql_0.4",0.0,0.0,307.6526555685888,307.6526555685888,0.0,0.0,0.0
879,"ADXL_Y__change_quantiles__f_agg_""var""__isabs_True__qh_0.6__ql_0.4",0.0,0.0,307.6526555685888,307.6526555685888,0.0,0.0,0.0
880,"ADXL_Y__change_quantiles__f_agg_""var""__isabs_False__qh_0.8__ql_0.4",0.0,0.0,307.6526555685888,307.6526555685888,0.0,0.0,0.0
881,"ADXL_Y__change_quantiles__f_agg_""mean""__isabs_True__qh_0.8__ql_0.4",0.0,0.0,307.6526555685888,307.6526555685888,0.0,0.0,0.0
882,"ADXL_Y__change_quantiles__f_agg_""mean""__isabs_False__qh_1.0__ql_0.2",0.0,0.0,307.6526555685888,307.6526555685888,0.0,0.0,0.0
883,"ADXL_Y__change_quantiles__f_agg_""var""__isabs_True__qh_0.8__ql_0.4",0.0,0.0,307.6526555685888,307.6526555685888,0.0,0.0,0.0
884,"ADXL_Y__change_quantiles__f_agg_""var""__isabs_False__qh_0.8__ql_0.6",0.0,0.0,307.6526555685888,307.6526555685888,0.0,0.0,0.0
885,"ADXL_Y__change_quantiles__f_agg_""mean""__isabs_True__qh_0.8__ql_0.6",0.0,0.0,307.6526555685888,307.6526555685888,0.0,0.0,0.0
886,"ADXL_Y__change_quantiles__f_agg_""var""__isabs_True__qh_0.8__ql_0.6",0.0,0.0,307.6526555685888,307.6526555685888,0.0,0.0,0.0
887,"ADXL_Y__change_quantiles__f_agg_""mean""__isabs_True__qh_1.0__ql_0.6",0.0,0.0,307.6526555685888,307.6526555685888,0.0,0.0,0.0
888,"GYRO_X__agg_linear_trend__attr_""rvalue""__chunk_len_50__f_agg_""max""",0.0,0.0,307.6526555685888,307.6526555685888,0.0,0.0,0.0
889,"ADXL_Y__change_quantiles__f_agg_""mean""__isabs_True__qh_1.0__ql_0.8",0.0,0.0,307.6526555685888,307.6526555685888,0.0,0.0,0.0
890,"ADXL_Y__change_quantiles__f_agg_""mean""__isabs_True__qh_1.0__ql_0.4",0.0,0.0,307.6526555685888,307.6526555685888,0.0,0.0,0.0
891,"ADXL_Y__fft_coefficient__attr_""real""__coeff_0",0.0,0.0,307.6526555685888,307.6526555685888,0.0,0.0,0.0
892,"ADXL_Y__change_quantiles__f_agg_""var""__isabs_True__qh_0.8__ql_0.2",0.0,0.0,307.6526555685888,307.6526555685888,0.0,0.0,0.0
893,"ADXL_Y__change_quantiles__f_agg_""var""__isabs_False__qh_0.8__ql_0.2",0.0,0.0,307.6526555685888,307.6526555685888,0.0,0.0,0.0
894,"ADXL_Y__change_quantiles__f_agg_""var""__isabs_True__qh_0.6__ql_0.0",0.0,0.0,307.6526555685888,307.6526555685888,0.0,0.0,0.0
895,"ADXL_Y__change_quantiles__f_agg_""var""__isabs_False__qh_0.8__ql_0.0",0.0,0.0,307.6526555685888,307.6526555685888,0.0,0.0,0.0
896,"ADXL_Y__change_quantiles__f_agg_""mean""__isabs_True__qh_0.8__ql_0.0",0.0,0.0,307.6526555685888,307.6526555685888,0.0,0.0,0.0
897,"ADXL_Y__change_quantiles__f_agg_""var""__isabs_True__qh_0.8__ql_0.0",0.0,0.0,307.6526555685888,307.6526555685888,0.0,0.0,0.0
898,"ADXL_Y__change_quantiles__f_agg_""mean""__isabs_False__qh_1.0__ql_0.0",0.0,0.0,307.6526555685888,307.6526555685888,0.0,0.0,0.0
899,"ADXL_Y__change_quantiles__f_agg_""mean""__isabs_True__qh_1.0__ql_0.0",0.0,0.0,307.6526555685888,307.6526555685888,0.0,0.0,0.0
900,"ADXL_Y__change_quantiles__f_agg_""mean""__isabs_True__qh_0.8__ql_0.2",0.0,0.0,307.6526555685888,307.6526555685888,0.0,0.0,0.0
901,"ADXL_Y__change_quantiles__f_agg_""var""__isabs_False__qh_0.4__ql_0.2",0.0,0.0,307.6526555685888,307.6526555685888,0.0,0.0,0.0
902,"ADXL_Y__change_quantiles__f_agg_""var""__isabs_True__qh_0.4__ql_0.2",0.0,0.0,307.6526555685888,307.6526555685888,0.0,0.0,0.0
903,"ADXL_Y__change_quantiles__f_agg_""mean""__isabs_False__qh_0.6__ql_0.2",0.0,0.0,307.6526555685888,307.6526555685888,0.0,0.0,0.0
904,"ADXL_Y__change_quantiles__f_agg_""var""__isabs_False__qh_0.6__ql_0.2",0.0,0.0,307.6526555685888,307.6526555685888,0.0,0.0,0.0
905,"ADXL_Y__change_quantiles__f_agg_""mean""__isabs_True__qh_0.6__ql_0.2",0.0,0.0,307.6526555685888,307.6526555685888,0.0,0.0,0.0
906,"ADXL_Y__change_quantiles__f_agg_""var""__isabs_True__qh_0.6__ql_0.2",0.0,0.0,307.6526555685888,307.6526555685888,0.0,0.0,0.0
907,"ADXL_Y__change_quantiles__f_agg_""mean""__isabs_False__qh_0.8__ql_0.2",0.0,0.0,307.6526555685888,307.6526555685888,0.0,0.0,0.0
908,"ADXL_Y__change_quantiles__f_agg_""mean""__isabs_True__qh_0.4__ql_0.2",0.0,0.0,307.6526555685888,307.6526555685888,0.0,0.0,0.0
909,"ADXL_Y__fft_coefficient__attr_""real""__coeff_1",0.0,0.0,307.6526555685888,307.6526555685888,0.0,0.0,0.0
910,"GYRO_X__agg_linear_trend__attr_""rvalue""__chunk_len_10__f_agg_""min""",0.0,0.0,307.6526555685888,307.6526555685888,0.0,0.0,0.0
911,"GYRO_X__agg_linear_trend__attr_""rvalue""__chunk_len_10__f_agg_""max""",0.0,0.0,307.6526555685888,307.6526555685888,0.0,0.0,0.0
912,"ADXL_Y__fft_coefficient__attr_""abs""__coeff_8",0.0,0.0,307.6526555685888,307.6526555685888,0.0,0.0,0.0
913,"ADXL_Y__fft_coefficient__attr_""abs""__coeff_9",0.0,0.0,307.6526555685888,307.6526555685888,0.0,0.0,0.0
914,"ADXL_Y__fft_coefficient__attr_""abs""__coeff_10",0.0,0.0,307.6526555685888,307.6526555685888,0.0,0.0,0.0
915,"ADXL_Y__fft_coefficient__attr_""abs""__coeff_11",0.0,0.0,307.6526555685888,307.6526555685888,0.0,0.0,0.0
916,"ADXL_Y__fft_coefficient__attr_""abs""__coeff_12",0.0,0.0,307.6526555685888,307.6526555685888,0.0,0.0,0.0
917,"ADXL_Y__fft_coefficient__attr_""abs""__coeff_13",0.0,0.0,307.6526555685888,307.6526555685888,0.0,0.0,0.0
918,"ADXL_Y__fft_coefficient__attr_""abs""__coeff_7",0.0,0.0,307.6526555685888,307.6526555685888,0.0,0.0,0.0
919,"ADXL_Y__fft_coefficient__attr_""abs""__coeff_14",0.0,0.0,307.6526555685888,307.6526555685888,0.0,0.0,0.0
920,"ADXL_Y__fft_coefficient__attr_""abs""__coeff_16",0.0,0.0,307.6526555685888,307.6526555685888,0.0,0.0,0.0
921,"ADXL_Y__fft_coefficient__attr_""abs""__coeff_17",0.0,0.0,307.6526555685888,307.6526555685888,0.0,0.0,0.0
922,"ADXL_Y__fft_coefficient__attr_""abs""__coeff_18",0.0,0.0,307.6526555685888,307.6526555685888,0.0,0.0,0.0
923,"ADXL_Y__fft_coefficient__attr_""abs""__coeff_19",0.0,0.0,307.6526555685888,307.6526555685888,0.0,0.0,0.0
924,"ADXL_Y__fft_coefficient__attr_""abs""__coeff_20",0.0,0.0,307.6526555685888,307.6526555685888,0.0,0.0,0.0
925,"ADXL_Y__fft_coefficient__attr_""abs""__coeff_21",0.0,0.0,307.6526555685888,307.6526555685888,0.0,0.0,0.0
926,"ADXL_Y__fft_coefficient__attr_""abs""__coeff_15",0.0,0.0,307.6526555685888,307.6526555685888,0.0,0.0,0.0
927,"ADXL_Y__fft_coefficient__attr_""abs""__coeff_6",0.0,0.0,307.6526555685888,307.6526555685888,0.0,0.0,0.0
928,"ADXL_Y__fft_coefficient__attr_""abs""__coeff_5",0.0,0.0,307.6526555685888,307.6526555685888,0.0,0.0,0.0
929,"ADXL_Y__fft_coefficient__attr_""abs""__coeff_4",0.0,0.0,307.6526555685888,307.6526555685888,0.0,0.0,0.0
930,"ADXL_Y__fft_coefficient__attr_""imag""__coeff_1",0.0,0.0,307.6526555685888,307.6526555685888,0.0,0.0,0.0
931,"ADXL_Y__fft_coefficient__attr_""imag""__coeff_2",0.0,0.0,307.6526555685888,307.6526555685888,0.0,0.0,0.0
932,"ADXL_Y__fft_coefficient__attr_""imag""__coeff_3",0.0,0.0,307.6526555685888,307.6526555685888,0.0,0.0,0.0
933,"ADXL_Y__fft_coefficient__attr_""imag""__coeff_4",0.0,0.0,307.6526555685888,307.6526555685888,0.0,0.0,0.0
934,"GYRO_X__agg_linear_trend__attr_""rvalue""__chunk_len_5__f_agg_""min""",0.0,0.0,307.6526555685888,307.6526555685888,0.0,0.0,0.0
935,"GYRO_X__linear_trend__attr_""stderr""",0.0,0.0,307.6526555685888,307.6526555685888,0.0,0.0,0.0
936,"GYRO_X__linear_trend__attr_""intercept""",0.0,0.0,307.6526555685888,307.6526555685888,0.0,0.0,0.0
937,GYRO_X__friedrich_coefficients__coeff_2__m_3__r_30,0.0,0.0,307.6526555685888,307.6526555685888,0.0,0.0,0.0
938,"GYRO_X__fft_aggregated__aggtype_""skew""",0.0,0.0,307.6526555685888,307.6526555685888,0.0,0.0,0.0
939,"GYRO_X__fft_aggregated__aggtype_""variance""",0.0,0.0,307.6526555685888,307.6526555685888,0.0,0.0,0.0
940,"GYRO_X__fft_aggregated__aggtype_""centroid""",0.0,0.0,307.6526555685888,307.6526555685888,0.0,0.0,0.0
941,"ADXL_Y__fft_coefficient__attr_""abs""__coeff_0",0.0,0.0,307.6526555685888,307.6526555685888,0.0,0.0,0.0
942,"ADXL_Y__fft_coefficient__attr_""abs""__coeff_1",0.0,0.0,307.6526555685888,307.6526555685888,0.0,0.0,0.0
943,"ADXL_Y__fft_coefficient__attr_""abs""__coeff_2",0.0,0.0,307.6526555685888,307.6526555685888,0.0,0.0,0.0
944,"ADXL_Y__fft_coefficient__attr_""abs""__coeff_3",0.0,0.0,307.6526555685888,307.6526555685888,0.0,0.0,0.0
945,"ADXL_Y__change_quantiles__f_agg_""mean""__isabs_True__qh_0.6__ql_0.0",0.0,0.0,307.6526555685888,307.6526555685888,0.0,0.0,0.0
946,"ADXL_Y__fft_coefficient__attr_""abs""__coeff_22",0.0,0.0,307.6526555685888,307.6526555685888,0.0,0.0,0.0
947,"ADXL_Y__change_quantiles__f_agg_""var""__isabs_False__qh_0.6__ql_0.0",0.0,0.0,307.6526555685888,307.6526555685888,0.0,0.0,0.0
948,"ADXL_Y__change_quantiles__f_agg_""var""__isabs_False__qh_0.4__ql_0.0",0.0,0.0,307.6526555685888,307.6526555685888,0.0,0.0,0.0
949,ADXL_Y__autocorrelation__lag_8,0.0,0.0,307.6526555685888,307.6526555685888,0.0,0.0,0.0
950,ADXL_Y__autocorrelation__lag_9,0.0,0.0,307.6526555685888,307.6526555685888,0.0,0.0,0.0
951,"ADXL_Y__agg_autocorrelation__f_agg_""mean""__maxlag_40",0.0,0.0,307.6526555685888,307.6526555685888,0.0,0.0,0.0
952,"ADXL_Y__agg_autocorrelation__f_agg_""median""__maxlag_40",0.0,0.0,307.6526555685888,307.6526555685888,0.0,0.0,0.0
953,"ADXL_Y__agg_autocorrelation__f_agg_""var""__maxlag_40",0.0,0.0,307.6526555685888,307.6526555685888,0.0,0.0,0.0
954,ADXL_Y__partial_autocorrelation__lag_2,0.0,0.0,307.6526555685888,307.6526555685888,0.0,0.0,0.0
955,ADXL_Y__autocorrelation__lag_7,0.0,0.0,307.6526555685888,307.6526555685888,0.0,0.0,0.0
956,"GYRO_X__agg_linear_trend__attr_""stderr""__chunk_len_50__f_agg_""min""",0.0,0.0,307.6526555685888,307.6526555685888,0.0,0.0,0.0
957,ADXL_Y__number_cwt_peaks__n_1,0.0,0.0,307.6526555685888,307.6526555685888,0.0,0.0,0.0
958,ADXL_Y__number_cwt_peaks__n_5,0.0,0.0,307.6526555685888,307.6526555685888,0.0,0.0,0.0
959,ADXL_Y__number_peaks__n_1,0.0,0.0,307.6526555685888,307.6526555685888,0.0,0.0,0.0
960,ADXL_Y__number_peaks__n_3,0.0,0.0,307.6526555685888,307.6526555685888,0.0,0.0,0.0
961,ADXL_Y__number_peaks__n_5,0.0,0.0,307.6526555685888,307.6526555685888,0.0,0.0,0.0
962,ADXL_Y__number_peaks__n_10,0.0,0.0,307.6526555685888,307.6526555685888,0.0,0.0,0.0
963,"GYRO_X__agg_linear_trend__attr_""stderr""__chunk_len_50__f_agg_""max""",0.0,0.0,307.6526555685888,307.6526555685888,0.0,0.0,0.0
964,ADXL_Y__number_peaks__n_50,0.0,0.0,307.6526555685888,307.6526555685888,0.0,0.0,0.0
965,ADXL_Y__autocorrelation__lag_6,0.0,0.0,307.6526555685888,307.6526555685888,0.0,0.0,0.0
966,ADXL_Y__autocorrelation__lag_4,0.0,0.0,307.6526555685888,307.6526555685888,0.0,0.0,0.0
967,ADXL_Y__c3__lag_3,0.0,0.0,307.6526555685888,307.6526555685888,0.0,0.0,0.0
968,ADXL_Y__cid_ce__normalize_False,0.0,0.0,307.6526555685888,307.6526555685888,0.0,0.0,0.0
969,ADXL_Y__large_standard_deviation__r_0.25,0.0,0.0,307.6526555685888,307.6526555685888,0.0,0.0,0.0
970,ADXL_Y__large_standard_deviation__r_0.30000000000000004,0.0,0.0,307.6526555685888,307.6526555685888,0.0,0.0,0.0
971,"GYRO_X__agg_linear_trend__attr_""stderr""__chunk_len_50__f_agg_""mean""",0.0,0.0,307.6526555685888,307.6526555685888,0.0,0.0,0.0
972,ADXL_Y__quantile__q_0.1,0.0,0.0,307.6526555685888,307.6526555685888,0.0,0.0,0.0
973,ADXL_Y__autocorrelation__lag_5,0.0,0.0,307.6526555685888,307.6526555685888,0.0,0.0,0.0
974,ADXL_Y__quantile__q_0.2,0.0,0.0,307.6526555685888,307.6526555685888,0.0,0.0,0.0
975,ADXL_Y__quantile__q_0.4,0.0,0.0,307.6526555685888,307.6526555685888,0.0,0.0,0.0
976,ADXL_Y__quantile__q_0.6,0.0,0.0,307.6526555685888,307.6526555685888,0.0,0.0,0.0
977,ADXL_Y__quantile__q_0.7,0.0,0.0,307.6526555685888,307.6526555685888,0.0,0.0,0.0
978,ADXL_Y__quantile__q_0.8,0.0,0.0,307.6526555685888,307.6526555685888,0.0,0.0,0.0
979,ADXL_Y__quantile__q_0.9,0.0,0.0,307.6526555685888,307.6526555685888,0.0,0.0,0.0
980,ADXL_Y__autocorrelation__lag_3,0.0,0.0,307.6526555685888,307.6526555685888,0.0,0.0,0.0
981,ADXL_Y__quantile__q_0.3,0.0,0.0,307.6526555685888,307.6526555685888,0.0,0.0,0.0
982,ADXL_Y__binned_entropy__max_bins_10,0.0,0.0,307.6526555685888,307.6526555685888,0.0,0.0,0.0
983,ADXL_Y__index_mass_quantile__q_0.1,0.0,0.0,307.6526555685888,307.6526555685888,0.0,0.0,0.0
984,ADXL_Y__index_mass_quantile__q_0.2,0.0,0.0,307.6526555685888,307.6526555685888,0.0,0.0,0.0
985,"GYRO_X__agg_linear_trend__attr_""intercept""__chunk_len_50__f_agg_""max""",0.0,0.0,307.6526555685888,307.6526555685888,0.0,0.0,0.0
986,"GYRO_X__agg_linear_trend__attr_""intercept""__chunk_len_10__f_agg_""mean""",0.0,0.0,307.6526555685888,307.6526555685888,0.0,0.0,0.0
987,"GYRO_X__agg_linear_trend__attr_""intercept""__chunk_len_10__f_agg_""min""",0.0,0.0,307.6526555685888,307.6526555685888,0.0,0.0,0.0
988,"GYRO_X__agg_linear_trend__attr_""intercept""__chunk_len_10__f_agg_""max""",0.0,0.0,307.6526555685888,307.6526555685888,0.0,0.0,0.0
989,"GYRO_X__agg_linear_trend__attr_""intercept""__chunk_len_5__f_agg_""var""",0.0,0.0,307.6526555685888,307.6526555685888,0.0,0.0,0.0
990,GYRO_Z__permutation_entropy__dimension_7__tau_1,0.0,0.0,307.6526555685888,307.6526555685888,0.0,0.0,0.0
991,"GYRO_X__agg_linear_trend__attr_""intercept""__chunk_len_50__f_agg_""min""",0.0,0.0,307.6526555685888,307.6526555685888,0.0,0.0,0.0
992,"GYRO_X__agg_linear_trend__attr_""intercept""__chunk_len_5__f_agg_""mean""",0.0,0.0,307.6526555685888,307.6526555685888,0.0,0.0,0.0
993,ADXL_Y__spkt_welch_density__coeff_5,0.0,0.0,307.6526555685888,307.6526555685888,0.0,0.0,0.0
994,ADXL_Y__ar_coefficient__coeff_1__k_10,0.0,0.0,307.6526555685888,307.6526555685888,0.0,0.0,0.0
995,ADXL_Y__ar_coefficient__coeff_2__k_10,0.0,0.0,307.6526555685888,307.6526555685888,0.0,0.0,0.0
996,"GYRO_X__agg_linear_trend__attr_""intercept""__chunk_len_5__f_agg_""min""",0.0,0.0,307.6526555685888,307.6526555685888,0.0,0.0,0.0
997,"GYRO_X__agg_linear_trend__attr_""intercept""__chunk_len_5__f_agg_""max""",0.0,0.0,307.6526555685888,307.6526555685888,0.0,0.0,0.0
998,"ADXL_Y__change_quantiles__f_agg_""mean""__isabs_True__qh_0.2__ql_0.0",0.0,0.0,307.6526555685888,307.6526555685888,0.0,0.0,0.0
999,ADXL_Y__spkt_welch_density__coeff_2,0.0,0.0,307.6526555685888,307.6526555685888,0.0,0.0,0.0
1000,"GYRO_X__agg_linear_trend__attr_""intercept""__chunk_len_50__f_agg_""mean""",0.0,0.0,307.6526555685888,307.6526555685888,0.0,0.0,0.0
1001,"GYRO_X__agg_linear_trend__attr_""slope""__chunk_len_5__f_agg_""min""",0.0,0.0,307.6526555685888,307.6526555685888,0.0,0.0,0.0
1002,"GYRO_X__agg_linear_trend__attr_""slope""__chunk_len_10__f_agg_""max""",0.0,0.0,307.6526555685888,307.6526555685888,0.0,0.0,0.0
1003,ADXL_Y__index_mass_quantile__q_0.3,0.0,0.0,307.6526555685888,307.6526555685888,0.0,0.0,0.0
1004,ADXL_Y__index_mass_quantile__q_0.4,0.0,0.0,307.6526555685888,307.6526555685888,0.0,0.0,0.0
1005,ADXL_Y__index_mass_quantile__q_0.6,0.0,0.0,307.6526555685888,307.6526555685888,0.0,0.0,0.0
1006,ADXL_Y__index_mass_quantile__q_0.7,0.0,0.0,307.6526555685888,307.6526555685888,0.0,0.0,0.0
1007,ADXL_Y__index_mass_quantile__q_0.8,0.0,0.0,307.6526555685888,307.6526555685888,0.0,0.0,0.0
1008,ADXL_Y__index_mass_quantile__q_0.9,0.0,0.0,307.6526555685888,307.6526555685888,0.0,0.0,0.0
1009,"GYRO_X__agg_linear_trend__attr_""stderr""__chunk_len_10__f_agg_""mean""",0.0,0.0,307.6526555685888,307.6526555685888,0.0,0.0,0.0
1010,"GYRO_X__agg_linear_trend__attr_""stderr""__chunk_len_10__f_agg_""min""",0.0,0.0,307.6526555685888,307.6526555685888,0.0,0.0,0.0
1011,"GYRO_X__agg_linear_trend__attr_""stderr""__chunk_len_10__f_agg_""max""",0.0,0.0,307.6526555685888,307.6526555685888,0.0,0.0,0.0
1012,"GYRO_X__agg_linear_trend__attr_""stderr""__chunk_len_5__f_agg_""mean""",0.0,0.0,307.6526555685888,307.6526555685888,0.0,0.0,0.0
1013,"GYRO_X__agg_linear_trend__attr_""stderr""__chunk_len_5__f_agg_""min""",0.0,0.0,307.6526555685888,307.6526555685888,0.0,0.0,0.0
1014,"GYRO_X__agg_linear_trend__attr_""stderr""__chunk_len_5__f_agg_""max""",0.0,0.0,307.6526555685888,307.6526555685888,0.0,0.0,0.0
1015,"GYRO_X__agg_linear_trend__attr_""slope""__chunk_len_50__f_agg_""min""",0.0,0.0,307.6526555685888,307.6526555685888,0.0,0.0,0.0
1016,"GYRO_X__agg_linear_trend__attr_""slope""__chunk_len_50__f_agg_""max""",0.0,0.0,307.6526555685888,307.6526555685888,0.0,0.0,0.0
1017,"GYRO_X__agg_linear_trend__attr_""slope""__chunk_len_10__f_agg_""min""",0.0,0.0,307.6526555685888,307.6526555685888,0.0,0.0,0.0
1018,"ADXL_Y__change_quantiles__f_agg_""mean""__isabs_True__qh_0.4__ql_0.0",0.0,0.0,307.6526555685888,307.6526555685888,0.0,0.0,0.0
1019,ADXL_Y__c3__lag_1,0.0,0.0,307.6526555685888,307.6526555685888,0.0,0.0,0.0
1020,"ADXL_Y__fft_coefficient__attr_""abs""__coeff_23",0.0,0.0,307.6526555685888,307.6526555685888,0.0,0.0,0.0
1021,"ADXL_Y__fft_coefficient__attr_""abs""__coeff_25",0.0,0.0,307.6526555685888,307.6526555685888,0.0,0.0,0.0
1022,"ADXL_Y__agg_linear_trend__attr_""rvalue""__chunk_len_5__f_agg_""mean""",0.0,0.0,307.6526555685888,307.6526555685888,0.0,0.0,0.0
1023,"ADXL_Y__agg_linear_trend__attr_""rvalue""__chunk_len_10__f_agg_""max""",0.0,0.0,307.6526555685888,307.6526555685888,0.0,0.0,0.0
1024,"ADXL_Y__agg_linear_trend__attr_""rvalue""__chunk_len_10__f_agg_""min""",0.0,0.0,307.6526555685888,307.6526555685888,0.0,0.0,0.0
1025,"ADXL_Y__agg_linear_trend__attr_""rvalue""__chunk_len_10__f_agg_""mean""",0.0,0.0,307.6526555685888,307.6526555685888,0.0,0.0,0.0
1026,"ADXL_Y__agg_linear_trend__attr_""rvalue""__chunk_len_50__f_agg_""max""",0.0,0.0,307.6526555685888,307.6526555685888,0.0,0.0,0.0
1027,"ADXL_Y__agg_linear_trend__attr_""rvalue""__chunk_len_50__f_agg_""min""",0.0,0.0,307.6526555685888,307.6526555685888,0.0,0.0,0.0
1028,"ADXL_Y__agg_linear_trend__attr_""rvalue""__chunk_len_5__f_agg_""min""",0.0,0.0,307.6526555685888,307.6526555685888,0.0,0.0,0.0
1029,"ADXL_Y__agg_linear_trend__attr_""rvalue""__chunk_len_50__f_agg_""mean""",0.0,0.0,307.6526555685888,307.6526555685888,0.0,0.0,0.0
1030,"ADXL_Y__agg_linear_trend__attr_""intercept""__chunk_len_5__f_agg_""min""",0.0,0.0,307.6526555685888,307.6526555685888,0.0,0.0,0.0
1031,"ADXL_Y__agg_linear_trend__attr_""intercept""__chunk_len_5__f_agg_""mean""",0.0,0.0,307.6526555685888,307.6526555685888,0.0,0.0,0.0
1032,"ADXL_Y__agg_linear_trend__attr_""intercept""__chunk_len_5__f_agg_""var""",0.0,0.0,307.6526555685888,307.6526555685888,0.0,0.0,0.0
1033,"ADXL_Y__agg_linear_trend__attr_""intercept""__chunk_len_10__f_agg_""max""",0.0,0.0,307.6526555685888,307.6526555685888,0.0,0.0,0.0
1034,"ADXL_Y__agg_linear_trend__attr_""intercept""__chunk_len_10__f_agg_""min""",0.0,0.0,307.6526555685888,307.6526555685888,0.0,0.0,0.0
1035,"ADXL_Y__agg_linear_trend__attr_""intercept""__chunk_len_10__f_agg_""mean""",0.0,0.0,307.6526555685888,307.6526555685888,0.0,0.0,0.0
1036,"ADXL_Y__agg_linear_trend__attr_""intercept""__chunk_len_5__f_agg_""max""",0.0,0.0,307.6526555685888,307.6526555685888,0.0,0.0,0.0
1037,"ADXL_Y__agg_linear_trend__attr_""intercept""__chunk_len_10__f_agg_""var""",0.0,0.0,307.6526555685888,307.6526555685888,0.0,0.0,0.0
1038,"ADXL_Y__agg_linear_trend__attr_""rvalue""__chunk_len_5__f_agg_""max""",0.0,0.0,307.6526555685888,307.6526555685888,0.0,0.0,0.0
1039,"ADXL_Y__linear_trend__attr_""slope""",0.0,0.0,307.6526555685888,307.6526555685888,0.0,0.0,0.0
1040,"GYRO_X__change_quantiles__f_agg_""mean""__isabs_True__qh_0.8__ql_0.4",0.0,0.0,307.6526555685888,307.6526555685888,0.0,0.0,0.0
1041,"GYRO_X__change_quantiles__f_agg_""var""__isabs_False__qh_0.8__ql_0.4",0.0,0.0,307.6526555685888,307.6526555685888,0.0,0.0,0.0
1042,"GYRO_X__change_quantiles__f_agg_""var""__isabs_True__qh_0.6__ql_0.4",0.0,0.0,307.6526555685888,307.6526555685888,0.0,0.0,0.0
1043,"ADXL_Y__fft_aggregated__aggtype_""centroid""",0.0,0.0,307.6526555685888,307.6526555685888,0.0,0.0,0.0
1044,"ADXL_Y__fft_aggregated__aggtype_""variance""",0.0,0.0,307.6526555685888,307.6526555685888,0.0,0.0,0.0
1045,"ADXL_Y__fft_aggregated__aggtype_""skew""",0.0,0.0,307.6526555685888,307.6526555685888,0.0,0.0,0.0
1046,"ADXL_Y__linear_trend__attr_""stderr""",0.0,0.0,307.6526555685888,307.6526555685888,0.0,0.0,0.0
1047,"ADXL_Y__fft_aggregated__aggtype_""kurtosis""",0.0,0.0,307.6526555685888,307.6526555685888,0.0,0.0,0.0
1048,ADXL_Y__range_count__max_1__min_-1,0.0,0.0,307.6526555685888,307.6526555685888,0.0,0.0,0.0
1049,ADXL_Y__range_count__max_0__min_-1000000000000.0,0.0,0.0,307.6526555685888,307.6526555685888,0.0,0.0,0.0
1050,ADXL_Y__range_count__max_1000000000000.0__min_0,0.0,0.0,307.6526555685888,307.6526555685888,0.0,0.0,0.0
1051,"ADXL_Y__linear_trend__attr_""pvalue""",0.0,0.0,307.6526555685888,307.6526555685888,0.0,0.0,0.0
1052,"ADXL_Y__linear_trend__attr_""rvalue""",0.0,0.0,307.6526555685888,307.6526555685888,0.0,0.0,0.0
1053,"ADXL_Y__linear_trend__attr_""intercept""",0.0,0.0,307.6526555685888,307.6526555685888,0.0,0.0,0.0
1054,"GYRO_X__change_quantiles__f_agg_""mean""__isabs_True__qh_0.6__ql_0.4",0.0,0.0,307.6526555685888,307.6526555685888,0.0,0.0,0.0
1055,"ADXL_Y__agg_linear_trend__attr_""intercept""__chunk_len_50__f_agg_""max""",0.0,0.0,307.6526555685888,307.6526555685888,0.0,0.0,0.0
1056,"ADXL_Y__agg_linear_trend__attr_""intercept""__chunk_len_50__f_agg_""min""",0.0,0.0,307.6526555685888,307.6526555685888,0.0,0.0,0.0
1057,"ADXL_Y__agg_linear_trend__attr_""intercept""__chunk_len_50__f_agg_""mean""",0.0,0.0,307.6526555685888,307.6526555685888,0.0,0.0,0.0
1058,"ADXL_Y__agg_linear_trend__attr_""stderr""__chunk_len_50__f_agg_""var""",0.0,0.0,307.6526555685888,307.6526555685888,0.0,0.0,0.0
1059,"ADXL_Y__augmented_dickey_fuller__attr_""teststat""__autolag_""AIC""",0.0,0.0,307.6526555685888,307.6526555685888,0.0,0.0,0.0
1060,"ADXL_Y__augmented_dickey_fuller__attr_""pvalue""__autolag_""AIC""",0.0,0.0,307.6526555685888,307.6526555685888,0.0,0.0,0.0
1061,ADXL_Y__energy_ratio_by_chunks__num_segments_10__segment_focus_0,0.0,0.0,307.6526555685888,307.6526555685888,0.0,0.0,0.0
1062,ADXL_Y__energy_ratio_by_chunks__num_segments_10__segment_focus_1,0.0,0.0,307.6526555685888,307.6526555685888,0.0,0.0,0.0
1063,ADXL_Y__energy_ratio_by_chunks__num_segments_10__segment_focus_2,0.0,0.0,307.6526555685888,307.6526555685888,0.0,0.0,0.0
1064,"ADXL_Y__agg_linear_trend__attr_""stderr""__chunk_len_50__f_agg_""mean""",0.0,0.0,307.6526555685888,307.6526555685888,0.0,0.0,0.0
1065,ADXL_Y__energy_ratio_by_chunks__num_segments_10__segment_focus_6,0.0,0.0,307.6526555685888,307.6526555685888,0.0,0.0,0.0
1066,ADXL_Y__energy_ratio_by_chunks__num_segments_10__segment_focus_8,0.0,0.0,307.6526555685888,307.6526555685888,0.0,0.0,0.0
1067,ADXL_Y__energy_ratio_by_chunks__num_segments_10__segment_focus_9,0.0,0.0,307.6526555685888,307.6526555685888,0.0,0.0,0.0
1068,ADXL_Y__ratio_beyond_r_sigma__r_0.5,0.0,0.0,307.6526555685888,307.6526555685888,0.0,0.0,0.0
1069,ADXL_Y__ratio_beyond_r_sigma__r_1,0.0,0.0,307.6526555685888,307.6526555685888,0.0,0.0,0.0
1070,ADXL_Y__ratio_beyond_r_sigma__r_2,0.0,0.0,307.6526555685888,307.6526555685888,0.0,0.0,0.0
1071,ADXL_Y__ratio_beyond_r_sigma__r_2.5,0.0,0.0,307.6526555685888,307.6526555685888,0.0,0.0,0.0
1072,ADXL_Y__energy_ratio_by_chunks__num_segments_10__segment_focus_7,0.0,0.0,307.6526555685888,307.6526555685888,0.0,0.0,0.0
1073,"ADXL_Y__agg_linear_trend__attr_""stderr""__chunk_len_50__f_agg_""min""",0.0,0.0,307.6526555685888,307.6526555685888,0.0,0.0,0.0
1074,"ADXL_Y__agg_linear_trend__attr_""stderr""__chunk_len_50__f_agg_""max""",0.0,0.0,307.6526555685888,307.6526555685888,0.0,0.0,0.0
1075,"ADXL_Y__agg_linear_trend__attr_""stderr""__chunk_len_10__f_agg_""mean""",0.0,0.0,307.6526555685888,307.6526555685888,0.0,0.0,0.0
1076,"ADXL_Y__agg_linear_trend__attr_""intercept""__chunk_len_50__f_agg_""var""",0.0,0.0,307.6526555685888,307.6526555685888,0.0,0.0,0.0
1077,"ADXL_Y__agg_linear_trend__attr_""slope""__chunk_len_5__f_agg_""max""",0.0,0.0,307.6526555685888,307.6526555685888,0.0,0.0,0.0
1078,"ADXL_Y__agg_linear_trend__attr_""slope""__chunk_len_5__f_agg_""min""",0.0,0.0,307.6526555685888,307.6526555685888,0.0,0.0,0.0
1079,"ADXL_Y__agg_linear_trend__attr_""slope""__chunk_len_5__f_agg_""mean""",0.0,0.0,307.6526555685888,307.6526555685888,0.0,0.0,0.0
1080,"ADXL_Y__agg_linear_trend__attr_""slope""__chunk_len_10__f_agg_""max""",0.0,0.0,307.6526555685888,307.6526555685888,0.0,0.0,0.0
1081,"ADXL_Y__agg_linear_trend__attr_""slope""__chunk_len_10__f_agg_""min""",0.0,0.0,307.6526555685888,307.6526555685888,0.0,0.0,0.0
1082,"ADXL_Y__agg_linear_trend__attr_""slope""__chunk_len_10__f_agg_""mean""",0.0,0.0,307.6526555685888,307.6526555685888,0.0,0.0,0.0
1083,"ADXL_Y__agg_linear_trend__attr_""slope""__chunk_len_50__f_agg_""max""",0.0,0.0,307.6526555685888,307.6526555685888,0.0,0.0,0.0
1084,"ADXL_Y__agg_linear_trend__attr_""slope""__chunk_len_50__f_agg_""min""",0.0,0.0,307.6526555685888,307.6526555685888,0.0,0.0,0.0
1085,"ADXL_Y__agg_linear_trend__attr_""slope""__chunk_len_50__f_agg_""mean""",0.0,0.0,307.6526555685888,307.6526555685888,0.0,0.0,0.0
1086,"ADXL_Y__agg_linear_trend__attr_""stderr""__chunk_len_5__f_agg_""max""",0.0,0.0,307.6526555685888,307.6526555685888,0.0,0.0,0.0
1087,"ADXL_Y__agg_linear_trend__attr_""stderr""__chunk_len_5__f_agg_""min""",0.0,0.0,307.6526555685888,307.6526555685888,0.0,0.0,0.0
1088,"ADXL_Y__agg_linear_trend__attr_""stderr""__chunk_len_5__f_agg_""mean""",0.0,0.0,307.6526555685888,307.6526555685888,0.0,0.0,0.0
1089,"ADXL_Y__agg_linear_trend__attr_""stderr""__chunk_len_10__f_agg_""max""",0.0,0.0,307.6526555685888,307.6526555685888,0.0,0.0,0.0
1090,"ADXL_Y__agg_linear_trend__attr_""stderr""__chunk_len_10__f_agg_""min""",0.0,0.0,307.6526555685888,307.6526555685888,0.0,0.0,0.0
1091,"GYRO_X__change_quantiles__f_agg_""var""__isabs_True__qh_0.8__ql_0.4",0.0,0.0,307.6526555685888,307.6526555685888,0.0,0.0,0.0
1092,"ADXL_Y__fft_coefficient__attr_""abs""__coeff_24",0.0,0.0,307.6526555685888,307.6526555685888,0.0,0.0,0.0
1093,"GYRO_X__change_quantiles__f_agg_""var""__isabs_False__qh_1.0__ql_0.4",0.0,0.0,307.6526555685888,307.6526555685888,0.0,0.0,0.0
1094,"GYRO_X__change_quantiles__f_agg_""mean""__isabs_True__qh_0.8__ql_0.6",0.0,0.0,307.6526555685888,307.6526555685888,0.0,0.0,0.0
1095,"ADXL_Y__fft_coefficient__attr_""abs""__coeff_66",0.0,0.0,307.6526555685888,307.6526555685888,0.0,0.0,0.0
1096,"ADXL_Y__fft_coefficient__attr_""abs""__coeff_67",0.0,0.0,307.6526555685888,307.6526555685888,0.0,0.0,0.0
1097,"ADXL_Y__fft_coefficient__attr_""abs""__coeff_68",0.0,0.0,307.6526555685888,307.6526555685888,0.0,0.0,0.0
1098,"ADXL_Y__fft_coefficient__attr_""abs""__coeff_69",0.0,0.0,307.6526555685888,307.6526555685888,0.0,0.0,0.0
1099,"ADXL_Y__fft_coefficient__attr_""abs""__coeff_70",0.0,0.0,307.6526555685888,307.6526555685888,0.0,0.0,0.0
1100,"ADXL_Y__fft_coefficient__attr_""abs""__coeff_71",0.0,0.0,307.6526555685888,307.6526555685888,0.0,0.0,0.0
1101,"ADXL_Y__fft_coefficient__attr_""abs""__coeff_65",0.0,0.0,307.6526555685888,307.6526555685888,0.0,0.0,0.0
1102,"ADXL_Y__fft_coefficient__attr_""abs""__coeff_72",0.0,0.0,307.6526555685888,307.6526555685888,0.0,0.0,0.0
1103,"ADXL_Y__fft_coefficient__attr_""abs""__coeff_74",0.0,0.0,307.6526555685888,307.6526555685888,0.0,0.0,0.0
1104,"ADXL_Y__fft_coefficient__attr_""abs""__coeff_75",0.0,0.0,307.6526555685888,307.6526555685888,0.0,0.0,0.0
1105,"ADXL_Y__fft_coefficient__attr_""abs""__coeff_76",0.0,0.0,307.6526555685888,307.6526555685888,0.0,0.0,0.0
1106,"ADXL_Y__fft_coefficient__attr_""abs""__coeff_77",0.0,0.0,307.6526555685888,307.6526555685888,0.0,0.0,0.0
1107,"ADXL_Y__fft_coefficient__attr_""abs""__coeff_78",0.0,0.0,307.6526555685888,307.6526555685888,0.0,0.0,0.0
1108,"ADXL_Y__fft_coefficient__attr_""abs""__coeff_79",0.0,0.0,307.6526555685888,307.6526555685888,0.0,0.0,0.0
1109,"ADXL_Y__fft_coefficient__attr_""abs""__coeff_73",0.0,0.0,307.6526555685888,307.6526555685888,0.0,0.0,0.0
1110,"ADXL_Y__fft_coefficient__attr_""abs""__coeff_80",0.0,0.0,307.6526555685888,307.6526555685888,0.0,0.0,0.0
1111,"ADXL_Y__fft_coefficient__attr_""abs""__coeff_58",0.0,0.0,307.6526555685888,307.6526555685888,0.0,0.0,0.0
1112,"ADXL_Y__fft_coefficient__attr_""abs""__coeff_55",0.0,0.0,307.6526555685888,307.6526555685888,0.0,0.0,0.0
1113,"ADXL_Y__fft_coefficient__attr_""abs""__coeff_26",0.0,0.0,307.6526555685888,307.6526555685888,0.0,0.0,0.0
1114,"ADXL_Y__fft_coefficient__attr_""abs""__coeff_27",0.0,0.0,307.6526555685888,307.6526555685888,0.0,0.0,0.0
1115,"ADXL_Y__fft_coefficient__attr_""abs""__coeff_28",0.0,0.0,307.6526555685888,307.6526555685888,0.0,0.0,0.0
1116,"ADXL_Y__fft_coefficient__attr_""abs""__coeff_29",0.0,0.0,307.6526555685888,307.6526555685888,0.0,0.0,0.0
1117,"ADXL_Y__fft_coefficient__attr_""abs""__coeff_30",0.0,0.0,307.6526555685888,307.6526555685888,0.0,0.0,0.0
1118,"ADXL_Y__fft_coefficient__attr_""abs""__coeff_31",0.0,0.0,307.6526555685888,307.6526555685888,0.0,0.0,0.0
1119,"ADXL_Y__fft_coefficient__attr_""abs""__coeff_56",0.0,0.0,307.6526555685888,307.6526555685888,0.0,0.0,0.0
1120,"ADXL_Y__fft_coefficient__attr_""abs""__coeff_32",0.0,0.0,307.6526555685888,307.6526555685888,0.0,0.0,0.0
1121,"ADXL_Y__fft_coefficient__attr_""abs""__coeff_39",0.0,0.0,307.6526555685888,307.6526555685888,0.0,0.0,0.0
1122,"ADXL_Y__fft_coefficient__attr_""abs""__coeff_40",0.0,0.0,307.6526555685888,307.6526555685888,0.0,0.0,0.0
1123,"ADXL_Y__fft_coefficient__attr_""abs""__coeff_41",0.0,0.0,307.6526555685888,307.6526555685888,0.0,0.0,0.0
1124,"ADXL_Y__fft_coefficient__attr_""abs""__coeff_42",0.0,0.0,307.6526555685888,307.6526555685888,0.0,0.0,0.0
1125,"ADXL_Y__fft_coefficient__attr_""abs""__coeff_43",0.0,0.0,307.6526555685888,307.6526555685888,0.0,0.0,0.0
1126,"ADXL_Y__fft_coefficient__attr_""abs""__coeff_54",0.0,0.0,307.6526555685888,307.6526555685888,0.0,0.0,0.0
1127,"ADXL_Y__fft_coefficient__attr_""abs""__coeff_38",0.0,0.0,307.6526555685888,307.6526555685888,0.0,0.0,0.0
1128,"ADXL_Y__fft_coefficient__attr_""abs""__coeff_81",0.0,0.0,307.6526555685888,307.6526555685888,0.0,0.0,0.0
1129,"ADXL_Y__fft_coefficient__attr_""abs""__coeff_82",0.0,0.0,307.6526555685888,307.6526555685888,0.0,0.0,0.0
1130,"ADXL_Y__fft_coefficient__attr_""abs""__coeff_83",0.0,0.0,307.6526555685888,307.6526555685888,0.0,0.0,0.0
1131,"GYRO_X__fft_coefficient__attr_""abs""__coeff_10",0.0,0.0,307.6526555685888,307.6526555685888,0.0,0.0,0.0
1132,"GYRO_X__fft_coefficient__attr_""abs""__coeff_9",0.0,0.0,307.6526555685888,307.6526555685888,0.0,0.0,0.0
1133,"GYRO_X__fft_coefficient__attr_""abs""__coeff_8",0.0,0.0,307.6526555685888,307.6526555685888,0.0,0.0,0.0
1134,"GYRO_X__fft_coefficient__attr_""abs""__coeff_7",0.0,0.0,307.6526555685888,307.6526555685888,0.0,0.0,0.0
1135,"GYRO_X__fft_coefficient__attr_""abs""__coeff_6",0.0,0.0,307.6526555685888,307.6526555685888,0.0,0.0,0.0
1136,"GYRO_X__fft_coefficient__attr_""abs""__coeff_5",0.0,0.0,307.6526555685888,307.6526555685888,0.0,0.0,0.0
1137,"GYRO_X__fft_coefficient__attr_""abs""__coeff_11",0.0,0.0,307.6526555685888,307.6526555685888,0.0,0.0,0.0
1138,"GYRO_X__fft_coefficient__attr_""abs""__coeff_4",0.0,0.0,307.6526555685888,307.6526555685888,0.0,0.0,0.0
1139,"GYRO_X__fft_coefficient__attr_""abs""__coeff_2",0.0,0.0,307.6526555685888,307.6526555685888,0.0,0.0,0.0
1140,"GYRO_X__fft_coefficient__attr_""abs""__coeff_1",0.0,0.0,307.6526555685888,307.6526555685888,0.0,0.0,0.0
1141,"GYRO_X__change_quantiles__f_agg_""mean""__isabs_True__qh_1.0__ql_0.8",0.0,0.0,307.6526555685888,307.6526555685888,0.0,0.0,0.0
1142,"GYRO_X__change_quantiles__f_agg_""mean""__isabs_True__qh_1.0__ql_0.6",0.0,0.0,307.6526555685888,307.6526555685888,0.0,0.0,0.0
1143,"GYRO_X__change_quantiles__f_agg_""var""__isabs_False__qh_1.0__ql_0.6",0.0,0.0,307.6526555685888,307.6526555685888,0.0,0.0,0.0
1144,"GYRO_X__change_quantiles__f_agg_""var""__isabs_True__qh_0.8__ql_0.6",0.0,0.0,307.6526555685888,307.6526555685888,0.0,0.0,0.0
1145,"GYRO_X__fft_coefficient__attr_""abs""__coeff_3",0.0,0.0,307.6526555685888,307.6526555685888,0.0,0.0,0.0
1146,"GYRO_X__fft_coefficient__attr_""abs""__coeff_12",0.0,0.0,307.6526555685888,307.6526555685888,0.0,0.0,0.0
1147,"GYRO_X__fft_coefficient__attr_""abs""__coeff_13",0.0,0.0,307.6526555685888,307.6526555685888,0.0,0.0,0.0
1148,"ADXL_Y__fft_coefficient__attr_""abs""__coeff_99",0.0,0.0,307.6526555685888,307.6526555685888,0.0,0.0,0.0
1149,"ADXL_Y__fft_coefficient__attr_""abs""__coeff_84",0.0,0.0,307.6526555685888,307.6526555685888,0.0,0.0,0.0
1150,"ADXL_Y__fft_coefficient__attr_""abs""__coeff_85",0.0,0.0,307.6526555685888,307.6526555685888,0.0,0.0,0.0
1151,"ADXL_Y__fft_coefficient__attr_""abs""__coeff_86",0.0,0.0,307.6526555685888,307.6526555685888,0.0,0.0,0.0
1152,"ADXL_Y__fft_coefficient__attr_""abs""__coeff_87",0.0,0.0,307.6526555685888,307.6526555685888,0.0,0.0,0.0
1153,"ADXL_Y__fft_coefficient__attr_""abs""__coeff_88",0.0,0.0,307.6526555685888,307.6526555685888,0.0,0.0,0.0
1154,"ADXL_Y__fft_coefficient__attr_""abs""__coeff_89",0.0,0.0,307.6526555685888,307.6526555685888,0.0,0.0,0.0
1155,"ADXL_Y__fft_coefficient__attr_""abs""__coeff_90",0.0,0.0,307.6526555685888,307.6526555685888,0.0,0.0,0.0
1156,"ADXL_Y__fft_coefficient__attr_""abs""__coeff_91",0.0,0.0,307.6526555685888,307.6526555685888,0.0,0.0,0.0
1157,"ADXL_Y__fft_coefficient__attr_""abs""__coeff_92",0.0,0.0,307.6526555685888,307.6526555685888,0.0,0.0,0.0
1158,"ADXL_Y__fft_coefficient__attr_""abs""__coeff_93",0.0,0.0,307.6526555685888,307.6526555685888,0.0,0.0,0.0
1159,"ADXL_Y__fft_coefficient__attr_""abs""__coeff_94",0.0,0.0,307.6526555685888,307.6526555685888,0.0,0.0,0.0
1160,"ADXL_Y__fft_coefficient__attr_""abs""__coeff_95",0.0,0.0,307.6526555685888,307.6526555685888,0.0,0.0,0.0
1161,"ADXL_Y__fft_coefficient__attr_""abs""__coeff_96",0.0,0.0,307.6526555685888,307.6526555685888,0.0,0.0,0.0
1162,"ADXL_Y__fft_coefficient__attr_""abs""__coeff_97",0.0,0.0,307.6526555685888,307.6526555685888,0.0,0.0,0.0
1163,"ADXL_Y__fft_coefficient__attr_""abs""__coeff_98",0.0,0.0,307.6526555685888,307.6526555685888,0.0,0.0,0.0
1164,"GYRO_X__change_quantiles__f_agg_""mean""__isabs_True__qh_1.0__ql_0.4",0.0,0.0,307.6526555685888,307.6526555685888,0.0,0.0,0.0
1165,MMA_Z__spkt_welch_density__coeff_2,0.0,0.0,307.6526555685888,307.6526555685888,0.0,0.0,0.0
1166,"MMA_Z__agg_linear_trend__attr_""stderr""__chunk_len_50__f_agg_""min""",0.0,0.0,307.6526555685888,307.6526555685888,0.0,0.0,0.0
1167,"ADXL_Z__agg_linear_trend__attr_""rvalue""__chunk_len_5__f_agg_""mean""",0.0,0.0,307.6526555685888,307.6526555685888,0.0,0.0,0.0
1168,"MMA_Y__change_quantiles__f_agg_""var""__isabs_False__qh_0.8__ql_0.6",0.0,0.0,307.6526555685888,307.6526555685888,0.0,0.0,0.0
1169,"MMA_Y__change_quantiles__f_agg_""var""__isabs_True__qh_1.0__ql_0.4",0.0,0.0,307.6526555685888,307.6526555685888,0.0,0.0,0.0
1170,"MMA_Y__change_quantiles__f_agg_""mean""__isabs_True__qh_1.0__ql_0.4",0.0,0.0,307.6526555685888,307.6526555685888,0.0,0.0,0.0
1171,"MMA_Y__change_quantiles__f_agg_""var""__isabs_False__qh_1.0__ql_0.4",0.0,0.0,307.6526555685888,307.6526555685888,0.0,0.0,0.0
1172,"MMA_Y__change_quantiles__f_agg_""var""__isabs_True__qh_0.8__ql_0.4",0.0,0.0,307.6526555685888,307.6526555685888,0.0,0.0,0.0
1173,"MMA_Y__change_quantiles__f_agg_""mean""__isabs_True__qh_0.8__ql_0.4",0.0,0.0,307.6526555685888,307.6526555685888,0.0,0.0,0.0
1174,"MMA_Y__change_quantiles__f_agg_""var""__isabs_False__qh_0.8__ql_0.4",0.0,0.0,307.6526555685888,307.6526555685888,0.0,0.0,0.0
1175,"MMA_Y__change_quantiles__f_agg_""var""__isabs_True__qh_0.6__ql_0.4",0.0,0.0,307.6526555685888,307.6526555685888,0.0,0.0,0.0
1176,"MMA_Y__change_quantiles__f_agg_""mean""__isabs_True__qh_0.6__ql_0.4",0.0,0.0,307.6526555685888,307.6526555685888,0.0,0.0,0.0
1177,"MMA_Y__change_quantiles__f_agg_""var""__isabs_False__qh_0.6__ql_0.4",0.0,0.0,307.6526555685888,307.6526555685888,0.0,0.0,0.0
1178,"MMA_Y__change_quantiles__f_agg_""var""__isabs_True__qh_1.0__ql_0.2",0.0,0.0,307.6526555685888,307.6526555685888,0.0,0.0,0.0
1179,"MMA_Y__change_quantiles__f_agg_""mean""__isabs_True__qh_1.0__ql_0.2",0.0,0.0,307.6526555685888,307.6526555685888,0.0,0.0,0.0
1180,"MMA_Y__change_quantiles__f_agg_""var""__isabs_False__qh_1.0__ql_0.2",0.0,0.0,307.6526555685888,307.6526555685888,0.0,0.0,0.0
1181,"MMA_Y__change_quantiles__f_agg_""mean""__isabs_False__qh_1.0__ql_0.2",0.0,0.0,307.6526555685888,307.6526555685888,0.0,0.0,0.0
1182,"MMA_Y__change_quantiles__f_agg_""mean""__isabs_True__qh_0.8__ql_0.6",0.0,0.0,307.6526555685888,307.6526555685888,0.0,0.0,0.0
1183,"MMA_Y__change_quantiles__f_agg_""var""__isabs_True__qh_0.8__ql_0.2",0.0,0.0,307.6526555685888,307.6526555685888,0.0,0.0,0.0
1184,"MMA_Y__change_quantiles__f_agg_""var""__isabs_False__qh_0.8__ql_0.2",0.0,0.0,307.6526555685888,307.6526555685888,0.0,0.0,0.0
1185,"MMA_Y__change_quantiles__f_agg_""mean""__isabs_False__qh_0.8__ql_0.2",0.0,0.0,307.6526555685888,307.6526555685888,0.0,0.0,0.0
1186,"MMA_Y__change_quantiles__f_agg_""var""__isabs_True__qh_0.6__ql_0.2",0.0,0.0,307.6526555685888,307.6526555685888,0.0,0.0,0.0
1187,"MMA_Y__change_quantiles__f_agg_""mean""__isabs_True__qh_0.6__ql_0.2",0.0,0.0,307.6526555685888,307.6526555685888,0.0,0.0,0.0
1188,"MMA_Y__change_quantiles__f_agg_""var""__isabs_False__qh_0.6__ql_0.2",0.0,0.0,307.6526555685888,307.6526555685888,0.0,0.0,0.0
1189,"MMA_Y__change_quantiles__f_agg_""mean""__isabs_False__qh_0.6__ql_0.2",0.0,0.0,307.6526555685888,307.6526555685888,0.0,0.0,0.0
1190,"MMA_Y__change_quantiles__f_agg_""var""__isabs_True__qh_0.4__ql_0.2",0.0,0.0,307.6526555685888,307.6526555685888,0.0,0.0,0.0
1191,"MMA_Y__change_quantiles__f_agg_""mean""__isabs_True__qh_0.4__ql_0.2",0.0,0.0,307.6526555685888,307.6526555685888,0.0,0.0,0.0
1192,"MMA_Y__change_quantiles__f_agg_""var""__isabs_False__qh_0.4__ql_0.2",0.0,0.0,307.6526555685888,307.6526555685888,0.0,0.0,0.0
1193,"MMA_Y__change_quantiles__f_agg_""mean""__isabs_False__qh_0.4__ql_0.2",0.0,0.0,307.6526555685888,307.6526555685888,0.0,0.0,0.0
1194,"MMA_Y__change_quantiles__f_agg_""mean""__isabs_True__qh_1.0__ql_0.0",0.0,0.0,307.6526555685888,307.6526555685888,0.0,0.0,0.0
1195,"MMA_Y__change_quantiles__f_agg_""var""__isabs_False__qh_1.0__ql_0.0",0.0,0.0,307.6526555685888,307.6526555685888,0.0,0.0,0.0
1196,"MMA_Y__change_quantiles__f_agg_""mean""__isabs_False__qh_1.0__ql_0.0",0.0,0.0,307.6526555685888,307.6526555685888,0.0,0.0,0.0
1197,"MMA_Y__change_quantiles__f_agg_""var""__isabs_True__qh_0.8__ql_0.0",0.0,0.0,307.6526555685888,307.6526555685888,0.0,0.0,0.0
1198,"MMA_Y__change_quantiles__f_agg_""mean""__isabs_True__qh_0.8__ql_0.2",0.0,0.0,307.6526555685888,307.6526555685888,0.0,0.0,0.0
1199,"MMA_Y__change_quantiles__f_agg_""mean""__isabs_True__qh_0.8__ql_0.0",0.0,0.0,307.6526555685888,307.6526555685888,0.0,0.0,0.0
1200,"MMA_Y__change_quantiles__f_agg_""var""__isabs_True__qh_0.8__ql_0.6",0.0,0.0,307.6526555685888,307.6526555685888,0.0,0.0,0.0
1201,"MMA_Y__change_quantiles__f_agg_""mean""__isabs_True__qh_1.0__ql_0.6",0.0,0.0,307.6526555685888,307.6526555685888,0.0,0.0,0.0
1202,"GYRO_Z__fft_coefficient__attr_""abs""__coeff_1",0.0,0.0,307.6526555685888,307.6526555685888,0.0,0.0,0.0
1203,"GYRO_Z__fft_coefficient__attr_""abs""__coeff_2",0.0,0.0,307.6526555685888,307.6526555685888,0.0,0.0,0.0
1204,"GYRO_Z__fft_coefficient__attr_""abs""__coeff_3",0.0,0.0,307.6526555685888,307.6526555685888,0.0,0.0,0.0
1205,"GYRO_Z__fft_coefficient__attr_""abs""__coeff_4",0.0,0.0,307.6526555685888,307.6526555685888,0.0,0.0,0.0
1206,"GYRO_Z__fft_coefficient__attr_""abs""__coeff_5",0.0,0.0,307.6526555685888,307.6526555685888,0.0,0.0,0.0
1207,"GYRO_Z__fft_coefficient__attr_""abs""__coeff_6",0.0,0.0,307.6526555685888,307.6526555685888,0.0,0.0,0.0
1208,"GYRO_Z__fft_coefficient__attr_""abs""__coeff_7",0.0,0.0,307.6526555685888,307.6526555685888,0.0,0.0,0.0
1209,"GYRO_Z__fft_coefficient__attr_""abs""__coeff_8",0.0,0.0,307.6526555685888,307.6526555685888,0.0,0.0,0.0
1210,"GYRO_Z__fft_coefficient__attr_""abs""__coeff_9",0.0,0.0,307.6526555685888,307.6526555685888,0.0,0.0,0.0
1211,"GYRO_Z__fft_coefficient__attr_""abs""__coeff_10",0.0,0.0,307.6526555685888,307.6526555685888,0.0,0.0,0.0
1212,"GYRO_Z__fft_coefficient__attr_""abs""__coeff_11",0.0,0.0,307.6526555685888,307.6526555685888,0.0,0.0,0.0
1213,"GYRO_Z__fft_coefficient__attr_""abs""__coeff_12",0.0,0.0,307.6526555685888,307.6526555685888,0.0,0.0,0.0
1214,"GYRO_Z__fft_coefficient__attr_""abs""__coeff_13",0.0,0.0,307.6526555685888,307.6526555685888,0.0,0.0,0.0
1215,"GYRO_Z__fft_coefficient__attr_""abs""__coeff_14",0.0,0.0,307.6526555685888,307.6526555685888,0.0,0.0,0.0
1216,MMA_X__variance,0.0,0.0,307.6526555685888,307.6526555685888,0.0,0.0,0.0
1217,"GYRO_Z__fft_coefficient__attr_""abs""__coeff_15",0.0,0.0,307.6526555685888,307.6526555685888,0.0,0.0,0.0
1218,"GYRO_Z__fft_coefficient__attr_""abs""__coeff_17",0.0,0.0,307.6526555685888,307.6526555685888,0.0,0.0,0.0
1219,"MMA_Y__fft_coefficient__attr_""imag""__coeff_4",0.0,0.0,307.6526555685888,307.6526555685888,0.0,0.0,0.0
1220,"MMA_Y__fft_coefficient__attr_""imag""__coeff_3",0.0,0.0,307.6526555685888,307.6526555685888,0.0,0.0,0.0
1221,"MMA_Y__fft_coefficient__attr_""imag""__coeff_2",0.0,0.0,307.6526555685888,307.6526555685888,0.0,0.0,0.0
1222,"MMA_Y__fft_coefficient__attr_""imag""__coeff_1",0.0,0.0,307.6526555685888,307.6526555685888,0.0,0.0,0.0
1223,"GYRO_Z__fft_coefficient__attr_""abs""__coeff_18",0.0,0.0,307.6526555685888,307.6526555685888,0.0,0.0,0.0
1224,"GYRO_Z__fft_coefficient__attr_""abs""__coeff_19",0.0,0.0,307.6526555685888,307.6526555685888,0.0,0.0,0.0
1225,MMA_X__length,0.0,0.0,307.6526555685888,307.6526555685888,0.0,0.0,0.0
1226,MMA_X__standard_deviation,0.0,0.0,307.6526555685888,307.6526555685888,0.0,0.0,0.0
1227,"GYRO_Z__fft_coefficient__attr_""abs""__coeff_20",0.0,0.0,307.6526555685888,307.6526555685888,0.0,0.0,0.0
1228,"GYRO_Z__fft_coefficient__attr_""abs""__coeff_21",0.0,0.0,307.6526555685888,307.6526555685888,0.0,0.0,0.0
1229,"MMA_Y__fft_coefficient__attr_""real""__coeff_1",0.0,0.0,307.6526555685888,307.6526555685888,0.0,0.0,0.0
1230,"MMA_Y__fft_coefficient__attr_""real""__coeff_0",0.0,0.0,307.6526555685888,307.6526555685888,0.0,0.0,0.0
1231,"MMA_Y__change_quantiles__f_agg_""mean""__isabs_True__qh_1.0__ql_0.8",0.0,0.0,307.6526555685888,307.6526555685888,0.0,0.0,0.0
1232,"GYRO_Z__fft_coefficient__attr_""abs""__coeff_16",0.0,0.0,307.6526555685888,307.6526555685888,0.0,0.0,0.0
1233,"GYRO_Z__fft_coefficient__attr_""abs""__coeff_0",0.0,0.0,307.6526555685888,307.6526555685888,0.0,0.0,0.0
1234,"MMA_Y__change_quantiles__f_agg_""var""__isabs_False__qh_0.8__ql_0.0",0.0,0.0,307.6526555685888,307.6526555685888,0.0,0.0,0.0
1235,"MMA_Y__change_quantiles__f_agg_""mean""__isabs_True__qh_0.6__ql_0.0",0.0,0.0,307.6526555685888,307.6526555685888,0.0,0.0,0.0
1236,MMA_Y__index_mass_quantile__q_0.7,0.0,0.0,307.6526555685888,307.6526555685888,0.0,0.0,0.0
1237,MMA_Y__index_mass_quantile__q_0.6,0.0,0.0,307.6526555685888,307.6526555685888,0.0,0.0,0.0
1238,MMA_X__percentage_of_reoccurring_datapoints_to_all_datapoints,0.0,0.0,307.6526555685888,307.6526555685888,0.0,0.0,0.0
1239,MMA_Y__index_mass_quantile__q_0.4,0.0,0.0,307.6526555685888,307.6526555685888,0.0,0.0,0.0
1240,MMA_Y__index_mass_quantile__q_0.3,0.0,0.0,307.6526555685888,307.6526555685888,0.0,0.0,0.0
1241,MMA_Y__index_mass_quantile__q_0.2,0.0,0.0,307.6526555685888,307.6526555685888,0.0,0.0,0.0
1242,MMA_Y__index_mass_quantile__q_0.1,0.0,0.0,307.6526555685888,307.6526555685888,0.0,0.0,0.0
1243,MMA_Y__binned_entropy__max_bins_10,0.0,0.0,307.6526555685888,307.6526555685888,0.0,0.0,0.0
1244,MMA_Y__number_peaks__n_50,0.0,0.0,307.6526555685888,307.6526555685888,0.0,0.0,0.0
1245,MMA_Y__number_peaks__n_10,0.0,0.0,307.6526555685888,307.6526555685888,0.0,0.0,0.0
1246,MMA_Y__number_peaks__n_5,0.0,0.0,307.6526555685888,307.6526555685888,0.0,0.0,0.0
1247,MMA_Y__number_peaks__n_3,0.0,0.0,307.6526555685888,307.6526555685888,0.0,0.0,0.0
1248,MMA_Y__number_peaks__n_1,0.0,0.0,307.6526555685888,307.6526555685888,0.0,0.0,0.0
1249,MMA_Y__number_cwt_peaks__n_5,0.0,0.0,307.6526555685888,307.6526555685888,0.0,0.0,0.0
1250,MMA_Y__index_mass_quantile__q_0.8,0.0,0.0,307.6526555685888,307.6526555685888,0.0,0.0,0.0
1251,MMA_Y__number_cwt_peaks__n_1,0.0,0.0,307.6526555685888,307.6526555685888,0.0,0.0,0.0
1252,"MMA_Y__agg_autocorrelation__f_agg_""median""__maxlag_40",0.0,0.0,307.6526555685888,307.6526555685888,0.0,0.0,0.0
1253,"MMA_Y__agg_autocorrelation__f_agg_""mean""__maxlag_40",0.0,0.0,307.6526555685888,307.6526555685888,0.0,0.0,0.0
1254,MMA_Y__autocorrelation__lag_9,0.0,0.0,307.6526555685888,307.6526555685888,0.0,0.0,0.0
1255,MMA_Y__autocorrelation__lag_8,0.0,0.0,307.6526555685888,307.6526555685888,0.0,0.0,0.0
1256,MMA_Y__autocorrelation__lag_7,0.0,0.0,307.6526555685888,307.6526555685888,0.0,0.0,0.0
1257,MMA_Y__autocorrelation__lag_6,0.0,0.0,307.6526555685888,307.6526555685888,0.0,0.0,0.0
1258,MMA_Y__autocorrelation__lag_5,0.0,0.0,307.6526555685888,307.6526555685888,0.0,0.0,0.0
1259,MMA_Y__autocorrelation__lag_4,0.0,0.0,307.6526555685888,307.6526555685888,0.0,0.0,0.0
1260,MMA_Y__autocorrelation__lag_3,0.0,0.0,307.6526555685888,307.6526555685888,0.0,0.0,0.0
1261,MMA_Y__quantile__q_0.9,0.0,0.0,307.6526555685888,307.6526555685888,0.0,0.0,0.0
1262,MMA_Y__quantile__q_0.8,0.0,0.0,307.6526555685888,307.6526555685888,0.0,0.0,0.0
1263,MMA_Y__quantile__q_0.7,0.0,0.0,307.6526555685888,307.6526555685888,0.0,0.0,0.0
1264,MMA_Y__quantile__q_0.6,0.0,0.0,307.6526555685888,307.6526555685888,0.0,0.0,0.0
1265,MMA_Y__quantile__q_0.4,0.0,0.0,307.6526555685888,307.6526555685888,0.0,0.0,0.0
1266,"MMA_Y__agg_autocorrelation__f_agg_""var""__maxlag_40",0.0,0.0,307.6526555685888,307.6526555685888,0.0,0.0,0.0
1267,"MMA_Y__change_quantiles__f_agg_""var""__isabs_True__qh_0.6__ql_0.0",0.0,0.0,307.6526555685888,307.6526555685888,0.0,0.0,0.0
1268,MMA_Y__index_mass_quantile__q_0.9,0.0,0.0,307.6526555685888,307.6526555685888,0.0,0.0,0.0
1269,MMA_X__longest_strike_above_mean,0.0,0.0,307.6526555685888,307.6526555685888,0.0,0.0,0.0
1270,"MMA_Y__change_quantiles__f_agg_""var""__isabs_False__qh_0.6__ql_0.0",0.0,0.0,307.6526555685888,307.6526555685888,0.0,0.0,0.0
1271,"MMA_Y__change_quantiles__f_agg_""var""__isabs_True__qh_0.4__ql_0.0",0.0,0.0,307.6526555685888,307.6526555685888,0.0,0.0,0.0
1272,"MMA_Y__change_quantiles__f_agg_""mean""__isabs_True__qh_0.4__ql_0.0",0.0,0.0,307.6526555685888,307.6526555685888,0.0,0.0,0.0
1273,"MMA_Y__change_quantiles__f_agg_""var""__isabs_False__qh_0.4__ql_0.0",0.0,0.0,307.6526555685888,307.6526555685888,0.0,0.0,0.0
1274,"MMA_Y__change_quantiles__f_agg_""mean""__isabs_True__qh_0.2__ql_0.0",0.0,0.0,307.6526555685888,307.6526555685888,0.0,0.0,0.0
1275,"MMA_Y__change_quantiles__f_agg_""var""__isabs_False__qh_0.2__ql_0.0",0.0,0.0,307.6526555685888,307.6526555685888,0.0,0.0,0.0
1276,"GYRO_Z__fft_coefficient__attr_""abs""__coeff_24",0.0,0.0,307.6526555685888,307.6526555685888,0.0,0.0,0.0
1277,"GYRO_Z__fft_coefficient__attr_""abs""__coeff_26",0.0,0.0,307.6526555685888,307.6526555685888,0.0,0.0,0.0
1278,MMA_Y__ar_coefficient__coeff_2__k_10,0.0,0.0,307.6526555685888,307.6526555685888,0.0,0.0,0.0
1279,MMA_Y__ar_coefficient__coeff_1__k_10,0.0,0.0,307.6526555685888,307.6526555685888,0.0,0.0,0.0
1280,MMA_Y__spkt_welch_density__coeff_5,0.0,0.0,307.6526555685888,307.6526555685888,0.0,0.0,0.0
1281,MMA_Y__spkt_welch_density__coeff_2,0.0,0.0,307.6526555685888,307.6526555685888,0.0,0.0,0.0
1282,"GYRO_Z__fft_coefficient__attr_""abs""__coeff_32",0.0,0.0,307.6526555685888,307.6526555685888,0.0,0.0,0.0
1283,"GYRO_Z__fft_coefficient__attr_""abs""__coeff_34",0.0,0.0,307.6526555685888,307.6526555685888,0.0,0.0,0.0
1284,MMA_X__percentage_of_reoccurring_values_to_all_values,0.0,0.0,307.6526555685888,307.6526555685888,0.0,0.0,0.0
1285,"GYRO_Z__fft_coefficient__attr_""abs""__coeff_35",0.0,0.0,307.6526555685888,307.6526555685888,0.0,0.0,0.0
1286,"GYRO_Z__fft_coefficient__attr_""abs""__coeff_37",0.0,0.0,307.6526555685888,307.6526555685888,0.0,0.0,0.0
1287,"GYRO_Z__fft_coefficient__attr_""abs""__coeff_38",0.0,0.0,307.6526555685888,307.6526555685888,0.0,0.0,0.0
1288,"GYRO_Z__fft_coefficient__attr_""abs""__coeff_39",0.0,0.0,307.6526555685888,307.6526555685888,0.0,0.0,0.0
1289,MMA_X__root_mean_square,0.0,0.0,307.6526555685888,307.6526555685888,0.0,0.0,0.0
1290,"GYRO_Z__fft_coefficient__attr_""abs""__coeff_40",0.0,0.0,307.6526555685888,307.6526555685888,0.0,0.0,0.0
1291,"GYRO_Z__fft_coefficient__attr_""abs""__coeff_41",0.0,0.0,307.6526555685888,307.6526555685888,0.0,0.0,0.0
1292,"GYRO_Z__fft_coefficient__attr_""abs""__coeff_42",0.0,0.0,307.6526555685888,307.6526555685888,0.0,0.0,0.0
1293,"GYRO_Z__fft_coefficient__attr_""abs""__coeff_43",0.0,0.0,307.6526555685888,307.6526555685888,0.0,0.0,0.0
1294,"GYRO_Z__fft_coefficient__attr_""abs""__coeff_44",0.0,0.0,307.6526555685888,307.6526555685888,0.0,0.0,0.0
1295,"GYRO_Z__fft_coefficient__attr_""abs""__coeff_45",0.0,0.0,307.6526555685888,307.6526555685888,0.0,0.0,0.0
1296,"GYRO_Z__fft_coefficient__attr_""abs""__coeff_46",0.0,0.0,307.6526555685888,307.6526555685888,0.0,0.0,0.0
1297,MMA_X__absolute_sum_of_changes,0.0,0.0,307.6526555685888,307.6526555685888,0.0,0.0,0.0
1298,"GYRO_Z__fft_coefficient__attr_""abs""__coeff_47",0.0,0.0,307.6526555685888,307.6526555685888,0.0,0.0,0.0
1299,MMA_X__longest_strike_below_mean,0.0,0.0,307.6526555685888,307.6526555685888,0.0,0.0,0.0
1300,"GYRO_Z__fft_coefficient__attr_""abs""__coeff_36",0.0,0.0,307.6526555685888,307.6526555685888,0.0,0.0,0.0
1301,MMA_Y__quantile__q_0.3,0.0,0.0,307.6526555685888,307.6526555685888,0.0,0.0,0.0
1302,"GYRO_Z__change_quantiles__f_agg_""mean""__isabs_True__qh_1.0__ql_0.8",0.0,0.0,307.6526555685888,307.6526555685888,0.0,0.0,0.0
1303,"GYRO_Z__change_quantiles__f_agg_""var""__isabs_False__qh_1.0__ql_0.6",0.0,0.0,307.6526555685888,307.6526555685888,0.0,0.0,0.0
1304,"MMA_Y__fft_coefficient__attr_""abs""__coeff_87",0.0,0.0,307.6526555685888,307.6526555685888,0.0,0.0,0.0
1305,"MMA_Y__fft_coefficient__attr_""abs""__coeff_86",0.0,0.0,307.6526555685888,307.6526555685888,0.0,0.0,0.0
1306,"MMA_Y__fft_coefficient__attr_""abs""__coeff_85",0.0,0.0,307.6526555685888,307.6526555685888,0.0,0.0,0.0
1307,"MMA_Y__fft_coefficient__attr_""abs""__coeff_84",0.0,0.0,307.6526555685888,307.6526555685888,0.0,0.0,0.0
1308,"MMA_Y__fft_coefficient__attr_""abs""__coeff_83",0.0,0.0,307.6526555685888,307.6526555685888,0.0,0.0,0.0
1309,"MMA_Y__fft_coefficient__attr_""abs""__coeff_82",0.0,0.0,307.6526555685888,307.6526555685888,0.0,0.0,0.0
1310,"MMA_Y__fft_coefficient__attr_""abs""__coeff_81",0.0,0.0,307.6526555685888,307.6526555685888,0.0,0.0,0.0
1311,"MMA_Y__fft_coefficient__attr_""abs""__coeff_80",0.0,0.0,307.6526555685888,307.6526555685888,0.0,0.0,0.0
1312,"MMA_Y__fft_coefficient__attr_""abs""__coeff_79",0.0,0.0,307.6526555685888,307.6526555685888,0.0,0.0,0.0
1313,"MMA_Y__fft_coefficient__attr_""abs""__coeff_78",0.0,0.0,307.6526555685888,307.6526555685888,0.0,0.0,0.0
1314,"MMA_Y__fft_coefficient__attr_""abs""__coeff_77",0.0,0.0,307.6526555685888,307.6526555685888,0.0,0.0,0.0
1315,"MMA_Y__fft_coefficient__attr_""abs""__coeff_76",0.0,0.0,307.6526555685888,307.6526555685888,0.0,0.0,0.0
1316,"MMA_Y__fft_coefficient__attr_""abs""__coeff_75",0.0,0.0,307.6526555685888,307.6526555685888,0.0,0.0,0.0
1317,"MMA_Y__fft_coefficient__attr_""abs""__coeff_74",0.0,0.0,307.6526555685888,307.6526555685888,0.0,0.0,0.0
1318,"MMA_Y__fft_coefficient__attr_""abs""__coeff_88",0.0,0.0,307.6526555685888,307.6526555685888,0.0,0.0,0.0
1319,"MMA_Y__fft_coefficient__attr_""abs""__coeff_73",0.0,0.0,307.6526555685888,307.6526555685888,0.0,0.0,0.0
1320,"MMA_Y__fft_coefficient__attr_""abs""__coeff_71",0.0,0.0,307.6526555685888,307.6526555685888,0.0,0.0,0.0
1321,"MMA_Y__fft_coefficient__attr_""abs""__coeff_70",0.0,0.0,307.6526555685888,307.6526555685888,0.0,0.0,0.0
1322,"MMA_Y__fft_coefficient__attr_""abs""__coeff_69",0.0,0.0,307.6526555685888,307.6526555685888,0.0,0.0,0.0
1323,"MMA_Y__fft_coefficient__attr_""abs""__coeff_68",0.0,0.0,307.6526555685888,307.6526555685888,0.0,0.0,0.0
1324,"MMA_Y__fft_coefficient__attr_""abs""__coeff_67",0.0,0.0,307.6526555685888,307.6526555685888,0.0,0.0,0.0
1325,"MMA_Y__fft_coefficient__attr_""abs""__coeff_66",0.0,0.0,307.6526555685888,307.6526555685888,0.0,0.0,0.0
1326,"MMA_Y__fft_coefficient__attr_""abs""__coeff_65",0.0,0.0,307.6526555685888,307.6526555685888,0.0,0.0,0.0
1327,"MMA_Y__fft_coefficient__attr_""abs""__coeff_58",0.0,0.0,307.6526555685888,307.6526555685888,0.0,0.0,0.0
1328,"MMA_Y__fft_coefficient__attr_""abs""__coeff_56",0.0,0.0,307.6526555685888,307.6526555685888,0.0,0.0,0.0
1329,"MMA_Y__fft_coefficient__attr_""abs""__coeff_55",0.0,0.0,307.6526555685888,307.6526555685888,0.0,0.0,0.0
1330,"MMA_Y__fft_coefficient__attr_""abs""__coeff_54",0.0,0.0,307.6526555685888,307.6526555685888,0.0,0.0,0.0
1331,"MMA_Y__fft_coefficient__attr_""abs""__coeff_43",0.0,0.0,307.6526555685888,307.6526555685888,0.0,0.0,0.0
1332,"MMA_Y__fft_coefficient__attr_""abs""__coeff_42",0.0,0.0,307.6526555685888,307.6526555685888,0.0,0.0,0.0
1333,"MMA_Y__fft_coefficient__attr_""abs""__coeff_41",0.0,0.0,307.6526555685888,307.6526555685888,0.0,0.0,0.0
1334,"MMA_Y__fft_coefficient__attr_""abs""__coeff_72",0.0,0.0,307.6526555685888,307.6526555685888,0.0,0.0,0.0
1335,"MMA_Y__fft_coefficient__attr_""abs""__coeff_40",0.0,0.0,307.6526555685888,307.6526555685888,0.0,0.0,0.0
1336,"MMA_Y__fft_coefficient__attr_""abs""__coeff_89",0.0,0.0,307.6526555685888,307.6526555685888,0.0,0.0,0.0
1337,"MMA_Y__fft_coefficient__attr_""abs""__coeff_91",0.0,0.0,307.6526555685888,307.6526555685888,0.0,0.0,0.0
1338,GYRO_Z__number_peaks__n_10,0.0,0.0,307.6526555685888,307.6526555685888,0.0,0.0,0.0
1339,GYRO_Z__number_peaks__n_50,0.0,0.0,307.6526555685888,307.6526555685888,0.0,0.0,0.0
1340,GYRO_Z__binned_entropy__max_bins_10,0.0,0.0,307.6526555685888,307.6526555685888,0.0,0.0,0.0
1341,GYRO_Z__index_mass_quantile__q_0.1,0.0,0.0,307.6526555685888,307.6526555685888,0.0,0.0,0.0
1342,GYRO_Z__index_mass_quantile__q_0.2,0.0,0.0,307.6526555685888,307.6526555685888,0.0,0.0,0.0
1343,GYRO_Z__index_mass_quantile__q_0.6,0.0,0.0,307.6526555685888,307.6526555685888,0.0,0.0,0.0
1344,GYRO_Z__index_mass_quantile__q_0.7,0.0,0.0,307.6526555685888,307.6526555685888,0.0,0.0,0.0
1345,GYRO_Z__index_mass_quantile__q_0.8,0.0,0.0,307.6526555685888,307.6526555685888,0.0,0.0,0.0
1346,GYRO_Z__index_mass_quantile__q_0.9,0.0,0.0,307.6526555685888,307.6526555685888,0.0,0.0,0.0
1347,GYRO_Z__spkt_welch_density__coeff_2,0.0,0.0,307.6526555685888,307.6526555685888,0.0,0.0,0.0
1348,GYRO_Z__spkt_welch_density__coeff_5,0.0,0.0,307.6526555685888,307.6526555685888,0.0,0.0,0.0
1349,GYRO_Z__ar_coefficient__coeff_1__k_10,0.0,0.0,307.6526555685888,307.6526555685888,0.0,0.0,0.0
1350,GYRO_Z__ar_coefficient__coeff_2__k_10,0.0,0.0,307.6526555685888,307.6526555685888,0.0,0.0,0.0
1351,GYRO_Z__ar_coefficient__coeff_3__k_10,0.0,0.0,307.6526555685888,307.6526555685888,0.0,0.0,0.0
1352,"MMA_Y__fft_coefficient__attr_""abs""__coeff_90",0.0,0.0,307.6526555685888,307.6526555685888,0.0,0.0,0.0
1353,"GYRO_Z__change_quantiles__f_agg_""mean""__isabs_True__qh_0.2__ql_0.0",0.0,0.0,307.6526555685888,307.6526555685888,0.0,0.0,0.0
1354,"GYRO_Z__change_quantiles__f_agg_""mean""__isabs_True__qh_0.4__ql_0.0",0.0,0.0,307.6526555685888,307.6526555685888,0.0,0.0,0.0
1355,"GYRO_Z__change_quantiles__f_agg_""var""__isabs_False__qh_0.6__ql_0.0",0.0,0.0,307.6526555685888,307.6526555685888,0.0,0.0,0.0
1356,"GYRO_Z__change_quantiles__f_agg_""mean""__isabs_True__qh_0.6__ql_0.0",0.0,0.0,307.6526555685888,307.6526555685888,0.0,0.0,0.0
1357,MMA_X__mean_abs_change,0.0,0.0,307.6526555685888,307.6526555685888,0.0,0.0,0.0
1358,GYRO_Z__permutation_entropy__dimension_4__tau_1,0.0,0.0,307.6526555685888,307.6526555685888,0.0,0.0,0.0
1359,"GYRO_Z__change_quantiles__f_agg_""var""__isabs_True__qh_0.6__ql_0.0",0.0,0.0,307.6526555685888,307.6526555685888,0.0,0.0,0.0
1360,"MMA_Y__fft_coefficient__attr_""abs""__coeff_99",0.0,0.0,307.6526555685888,307.6526555685888,0.0,0.0,0.0
1361,"MMA_Y__fft_coefficient__attr_""abs""__coeff_98",0.0,0.0,307.6526555685888,307.6526555685888,0.0,0.0,0.0
1362,"MMA_Y__fft_coefficient__attr_""abs""__coeff_97",0.0,0.0,307.6526555685888,307.6526555685888,0.0,0.0,0.0
1363,"MMA_Y__fft_coefficient__attr_""abs""__coeff_96",0.0,0.0,307.6526555685888,307.6526555685888,0.0,0.0,0.0
1364,"MMA_Y__fft_coefficient__attr_""abs""__coeff_95",0.0,0.0,307.6526555685888,307.6526555685888,0.0,0.0,0.0
1365,"MMA_Y__fft_coefficient__attr_""abs""__coeff_94",0.0,0.0,307.6526555685888,307.6526555685888,0.0,0.0,0.0
1366,"MMA_Y__fft_coefficient__attr_""abs""__coeff_93",0.0,0.0,307.6526555685888,307.6526555685888,0.0,0.0,0.0
1367,"MMA_Y__fft_coefficient__attr_""abs""__coeff_92",0.0,0.0,307.6526555685888,307.6526555685888,0.0,0.0,0.0
1368,"GYRO_Z__change_quantiles__f_agg_""var""__isabs_False__qh_0.4__ql_0.0",0.0,0.0,307.6526555685888,307.6526555685888,0.0,0.0,0.0
1369,"GYRO_Z__change_quantiles__f_agg_""mean""__isabs_True__qh_1.0__ql_0.6",0.0,0.0,307.6526555685888,307.6526555685888,0.0,0.0,0.0
1370,"MMA_Y__fft_coefficient__attr_""abs""__coeff_39",0.0,0.0,307.6526555685888,307.6526555685888,0.0,0.0,0.0
1371,GYRO_Z__permutation_entropy__dimension_3__tau_1,0.0,0.0,307.6526555685888,307.6526555685888,0.0,0.0,0.0
1372,"GYRO_Z__change_quantiles__f_agg_""var""__isabs_False__qh_0.8__ql_0.0",0.0,0.0,307.6526555685888,307.6526555685888,0.0,0.0,0.0
1373,"GYRO_Z__change_quantiles__f_agg_""mean""__isabs_True__qh_0.8__ql_0.0",0.0,0.0,307.6526555685888,307.6526555685888,0.0,0.0,0.0
1374,"GYRO_Z__change_quantiles__f_agg_""var""__isabs_True__qh_0.8__ql_0.0",0.0,0.0,307.6526555685888,307.6526555685888,0.0,0.0,0.0
1375,"GYRO_Z__change_quantiles__f_agg_""var""__isabs_False__qh_1.0__ql_0.0",0.0,0.0,307.6526555685888,307.6526555685888,0.0,0.0,0.0
1376,"GYRO_Z__change_quantiles__f_agg_""mean""__isabs_True__qh_1.0__ql_0.0",0.0,0.0,307.6526555685888,307.6526555685888,0.0,0.0,0.0
1377,"GYRO_Z__change_quantiles__f_agg_""var""__isabs_True__qh_1.0__ql_0.0",0.0,0.0,307.6526555685888,307.6526555685888,0.0,0.0,0.0
1378,"GYRO_Z__change_quantiles__f_agg_""var""__isabs_False__qh_0.4__ql_0.2",0.0,0.0,307.6526555685888,307.6526555685888,0.0,0.0,0.0
1379,"GYRO_Z__change_quantiles__f_agg_""mean""__isabs_True__qh_0.4__ql_0.2",0.0,0.0,307.6526555685888,307.6526555685888,0.0,0.0,0.0
1380,"GYRO_Z__change_quantiles__f_agg_""var""__isabs_True__qh_0.4__ql_0.2",0.0,0.0,307.6526555685888,307.6526555685888,0.0,0.0,0.0
1381,"GYRO_Z__change_quantiles__f_agg_""var""__isabs_False__qh_0.6__ql_0.2",0.0,0.0,307.6526555685888,307.6526555685888,0.0,0.0,0.0
1382,"GYRO_Z__change_quantiles__f_agg_""mean""__isabs_True__qh_0.6__ql_0.2",0.0,0.0,307.6526555685888,307.6526555685888,0.0,0.0,0.0
1383,"GYRO_Z__change_quantiles__f_agg_""var""__isabs_True__qh_0.6__ql_0.2",0.0,0.0,307.6526555685888,307.6526555685888,0.0,0.0,0.0
1384,"GYRO_Z__change_quantiles__f_agg_""var""__isabs_False__qh_0.8__ql_0.2",0.0,0.0,307.6526555685888,307.6526555685888,0.0,0.0,0.0
1385,"GYRO_Z__change_quantiles__f_agg_""mean""__isabs_True__qh_0.8__ql_0.2",0.0,0.0,307.6526555685888,307.6526555685888,0.0,0.0,0.0
1386,"MMA_Y__fft_coefficient__attr_""abs""__coeff_0",0.0,0.0,307.6526555685888,307.6526555685888,0.0,0.0,0.0
1387,"GYRO_Z__change_quantiles__f_agg_""var""__isabs_True__qh_0.8__ql_0.2",0.0,0.0,307.6526555685888,307.6526555685888,0.0,0.0,0.0
1388,"GYRO_Z__change_quantiles__f_agg_""mean""__isabs_True__qh_1.0__ql_0.2",0.0,0.0,307.6526555685888,307.6526555685888,0.0,0.0,0.0
1389,"GYRO_Z__change_quantiles__f_agg_""var""__isabs_True__qh_1.0__ql_0.2",0.0,0.0,307.6526555685888,307.6526555685888,0.0,0.0,0.0
1390,"GYRO_Z__change_quantiles__f_agg_""var""__isabs_False__qh_0.6__ql_0.4",0.0,0.0,307.6526555685888,307.6526555685888,0.0,0.0,0.0
1391,"GYRO_Z__change_quantiles__f_agg_""mean""__isabs_True__qh_0.6__ql_0.4",0.0,0.0,307.6526555685888,307.6526555685888,0.0,0.0,0.0
1392,"GYRO_Z__change_quantiles__f_agg_""var""__isabs_True__qh_0.6__ql_0.4",0.0,0.0,307.6526555685888,307.6526555685888,0.0,0.0,0.0
1393,"GYRO_Z__change_quantiles__f_agg_""var""__isabs_False__qh_0.8__ql_0.4",0.0,0.0,307.6526555685888,307.6526555685888,0.0,0.0,0.0
1394,"GYRO_Z__change_quantiles__f_agg_""mean""__isabs_True__qh_0.8__ql_0.4",0.0,0.0,307.6526555685888,307.6526555685888,0.0,0.0,0.0
1395,"GYRO_Z__change_quantiles__f_agg_""var""__isabs_True__qh_0.8__ql_0.4",0.0,0.0,307.6526555685888,307.6526555685888,0.0,0.0,0.0
1396,"GYRO_Z__change_quantiles__f_agg_""var""__isabs_False__qh_1.0__ql_0.4",0.0,0.0,307.6526555685888,307.6526555685888,0.0,0.0,0.0
1397,"GYRO_Z__change_quantiles__f_agg_""mean""__isabs_True__qh_1.0__ql_0.4",0.0,0.0,307.6526555685888,307.6526555685888,0.0,0.0,0.0
1398,"GYRO_Z__change_quantiles__f_agg_""var""__isabs_True__qh_1.0__ql_0.4",0.0,0.0,307.6526555685888,307.6526555685888,0.0,0.0,0.0
1399,"GYRO_Z__change_quantiles__f_agg_""var""__isabs_False__qh_0.8__ql_0.6",0.0,0.0,307.6526555685888,307.6526555685888,0.0,0.0,0.0
1400,"GYRO_Z__change_quantiles__f_agg_""mean""__isabs_True__qh_0.8__ql_0.6",0.0,0.0,307.6526555685888,307.6526555685888,0.0,0.0,0.0
1401,"GYRO_Z__change_quantiles__f_agg_""var""__isabs_True__qh_0.8__ql_0.6",0.0,0.0,307.6526555685888,307.6526555685888,0.0,0.0,0.0
1402,"GYRO_Z__change_quantiles__f_agg_""var""__isabs_False__qh_1.0__ql_0.2",0.0,0.0,307.6526555685888,307.6526555685888,0.0,0.0,0.0
1403,"MMA_Y__fft_coefficient__attr_""abs""__coeff_38",0.0,0.0,307.6526555685888,307.6526555685888,0.0,0.0,0.0
1404,"MMA_Y__fft_coefficient__attr_""abs""__coeff_1",0.0,0.0,307.6526555685888,307.6526555685888,0.0,0.0,0.0
1405,"MMA_Y__fft_coefficient__attr_""abs""__coeff_3",0.0,0.0,307.6526555685888,307.6526555685888,0.0,0.0,0.0
1406,GYRO_Z__fourier_entropy__bins_100,0.0,0.0,307.6526555685888,307.6526555685888,0.0,0.0,0.0
1407,"MMA_Y__fft_coefficient__attr_""abs""__coeff_32",0.0,0.0,307.6526555685888,307.6526555685888,0.0,0.0,0.0
1408,"MMA_Y__fft_coefficient__attr_""abs""__coeff_31",0.0,0.0,307.6526555685888,307.6526555685888,0.0,0.0,0.0
1409,"MMA_Y__fft_coefficient__attr_""abs""__coeff_30",0.0,0.0,307.6526555685888,307.6526555685888,0.0,0.0,0.0
1410,"MMA_Y__fft_coefficient__attr_""abs""__coeff_29",0.0,0.0,307.6526555685888,307.6526555685888,0.0,0.0,0.0
1411,"MMA_Y__fft_coefficient__attr_""abs""__coeff_28",0.0,0.0,307.6526555685888,307.6526555685888,0.0,0.0,0.0
1412,"MMA_Y__fft_coefficient__attr_""abs""__coeff_27",0.0,0.0,307.6526555685888,307.6526555685888,0.0,0.0,0.0
1413,"MMA_Y__fft_coefficient__attr_""abs""__coeff_26",0.0,0.0,307.6526555685888,307.6526555685888,0.0,0.0,0.0
1414,"MMA_Y__fft_coefficient__attr_""abs""__coeff_25",0.0,0.0,307.6526555685888,307.6526555685888,0.0,0.0,0.0
1415,"MMA_Y__fft_coefficient__attr_""abs""__coeff_24",0.0,0.0,307.6526555685888,307.6526555685888,0.0,0.0,0.0
1416,"MMA_Y__fft_coefficient__attr_""abs""__coeff_23",0.0,0.0,307.6526555685888,307.6526555685888,0.0,0.0,0.0
1417,"MMA_Y__fft_coefficient__attr_""abs""__coeff_22",0.0,0.0,307.6526555685888,307.6526555685888,0.0,0.0,0.0
1418,"MMA_Y__fft_coefficient__attr_""abs""__coeff_21",0.0,0.0,307.6526555685888,307.6526555685888,0.0,0.0,0.0
1419,"MMA_Y__fft_coefficient__attr_""abs""__coeff_20",0.0,0.0,307.6526555685888,307.6526555685888,0.0,0.0,0.0
1420,"MMA_Y__fft_coefficient__attr_""abs""__coeff_2",0.0,0.0,307.6526555685888,307.6526555685888,0.0,0.0,0.0
1421,"MMA_Y__fft_coefficient__attr_""abs""__coeff_19",0.0,0.0,307.6526555685888,307.6526555685888,0.0,0.0,0.0
1422,"MMA_Y__fft_coefficient__attr_""abs""__coeff_17",0.0,0.0,307.6526555685888,307.6526555685888,0.0,0.0,0.0
1423,"MMA_Y__fft_coefficient__attr_""abs""__coeff_16",0.0,0.0,307.6526555685888,307.6526555685888,0.0,0.0,0.0
1424,"MMA_Y__fft_coefficient__attr_""abs""__coeff_15",0.0,0.0,307.6526555685888,307.6526555685888,0.0,0.0,0.0
1425,"MMA_Y__fft_coefficient__attr_""abs""__coeff_14",0.0,0.0,307.6526555685888,307.6526555685888,0.0,0.0,0.0
1426,"MMA_Y__fft_coefficient__attr_""abs""__coeff_13",0.0,0.0,307.6526555685888,307.6526555685888,0.0,0.0,0.0
1427,"MMA_Y__fft_coefficient__attr_""abs""__coeff_12",0.0,0.0,307.6526555685888,307.6526555685888,0.0,0.0,0.0
1428,"MMA_Y__fft_coefficient__attr_""abs""__coeff_11",0.0,0.0,307.6526555685888,307.6526555685888,0.0,0.0,0.0
1429,"MMA_Y__fft_coefficient__attr_""abs""__coeff_10",0.0,0.0,307.6526555685888,307.6526555685888,0.0,0.0,0.0
1430,"MMA_Y__fft_coefficient__attr_""abs""__coeff_9",0.0,0.0,307.6526555685888,307.6526555685888,0.0,0.0,0.0
1431,"MMA_Y__fft_coefficient__attr_""abs""__coeff_8",0.0,0.0,307.6526555685888,307.6526555685888,0.0,0.0,0.0
1432,"MMA_Y__fft_coefficient__attr_""abs""__coeff_7",0.0,0.0,307.6526555685888,307.6526555685888,0.0,0.0,0.0
1433,"MMA_Y__fft_coefficient__attr_""abs""__coeff_6",0.0,0.0,307.6526555685888,307.6526555685888,0.0,0.0,0.0
1434,"MMA_Y__fft_coefficient__attr_""abs""__coeff_5",0.0,0.0,307.6526555685888,307.6526555685888,0.0,0.0,0.0
1435,"MMA_Y__fft_coefficient__attr_""abs""__coeff_4",0.0,0.0,307.6526555685888,307.6526555685888,0.0,0.0,0.0
1436,"MMA_Y__fft_coefficient__attr_""abs""__coeff_18",0.0,0.0,307.6526555685888,307.6526555685888,0.0,0.0,0.0
1437,MMA_Y__quantile__q_0.2,0.0,0.0,307.6526555685888,307.6526555685888,0.0,0.0,0.0
1438,MMA_Y__quantile__q_0.1,0.0,0.0,307.6526555685888,307.6526555685888,0.0,0.0,0.0
1439,MMA_Y__large_standard_deviation__r_0.30000000000000004,0.0,0.0,307.6526555685888,307.6526555685888,0.0,0.0,0.0
1440,"GYRO_Z__agg_linear_trend__attr_""intercept""__chunk_len_10__f_agg_""max""",0.0,0.0,307.6526555685888,307.6526555685888,0.0,0.0,0.0
1441,"GYRO_Z__agg_linear_trend__attr_""intercept""__chunk_len_10__f_agg_""var""",0.0,0.0,307.6526555685888,307.6526555685888,0.0,0.0,0.0
1442,"GYRO_Z__agg_linear_trend__attr_""intercept""__chunk_len_50__f_agg_""max""",0.0,0.0,307.6526555685888,307.6526555685888,0.0,0.0,0.0
1443,"GYRO_Z__agg_linear_trend__attr_""intercept""__chunk_len_50__f_agg_""min""",0.0,0.0,307.6526555685888,307.6526555685888,0.0,0.0,0.0
1444,"GYRO_Z__agg_linear_trend__attr_""intercept""__chunk_len_50__f_agg_""var""",0.0,0.0,307.6526555685888,307.6526555685888,0.0,0.0,0.0
1445,"MMA_X__change_quantiles__f_agg_""mean""__isabs_True__qh_1.0__ql_0.8",0.0,0.0,307.6526555685888,307.6526555685888,0.0,0.0,0.0
1446,"MMA_X__change_quantiles__f_agg_""mean""__isabs_True__qh_1.0__ql_0.6",0.0,0.0,307.6526555685888,307.6526555685888,0.0,0.0,0.0
1447,"MMA_X__change_quantiles__f_agg_""mean""__isabs_True__qh_1.0__ql_0.4",0.0,0.0,307.6526555685888,307.6526555685888,0.0,0.0,0.0
1448,"MMA_X__change_quantiles__f_agg_""var""__isabs_False__qh_1.0__ql_0.4",0.0,0.0,307.6526555685888,307.6526555685888,0.0,0.0,0.0
1449,"GYRO_Z__agg_linear_trend__attr_""stderr""__chunk_len_5__f_agg_""max""",0.0,0.0,307.6526555685888,307.6526555685888,0.0,0.0,0.0
1450,"MMA_X__change_quantiles__f_agg_""var""__isabs_True__qh_0.8__ql_0.4",0.0,0.0,307.6526555685888,307.6526555685888,0.0,0.0,0.0
1451,"MMA_X__change_quantiles__f_agg_""mean""__isabs_True__qh_0.8__ql_0.4",0.0,0.0,307.6526555685888,307.6526555685888,0.0,0.0,0.0
1452,"MMA_X__change_quantiles__f_agg_""var""__isabs_False__qh_0.8__ql_0.4",0.0,0.0,307.6526555685888,307.6526555685888,0.0,0.0,0.0
1453,"GYRO_Z__agg_linear_trend__attr_""stderr""__chunk_len_5__f_agg_""min""",0.0,0.0,307.6526555685888,307.6526555685888,0.0,0.0,0.0
1454,"GYRO_Z__agg_linear_trend__attr_""intercept""__chunk_len_5__f_agg_""var""",0.0,0.0,307.6526555685888,307.6526555685888,0.0,0.0,0.0
1455,"MMA_X__change_quantiles__f_agg_""var""__isabs_True__qh_0.6__ql_0.4",0.0,0.0,307.6526555685888,307.6526555685888,0.0,0.0,0.0
1456,"MMA_X__change_quantiles__f_agg_""var""__isabs_False__qh_0.6__ql_0.4",0.0,0.0,307.6526555685888,307.6526555685888,0.0,0.0,0.0
1457,"GYRO_Z__agg_linear_trend__attr_""stderr""__chunk_len_5__f_agg_""mean""",0.0,0.0,307.6526555685888,307.6526555685888,0.0,0.0,0.0
1458,"MMA_X__change_quantiles__f_agg_""mean""__isabs_True__qh_1.0__ql_0.2",0.0,0.0,307.6526555685888,307.6526555685888,0.0,0.0,0.0
1459,"MMA_X__change_quantiles__f_agg_""var""__isabs_False__qh_1.0__ql_0.2",0.0,0.0,307.6526555685888,307.6526555685888,0.0,0.0,0.0
1460,"MMA_X__change_quantiles__f_agg_""var""__isabs_True__qh_0.8__ql_0.2",0.0,0.0,307.6526555685888,307.6526555685888,0.0,0.0,0.0
1461,"MMA_X__change_quantiles__f_agg_""mean""__isabs_True__qh_0.8__ql_0.2",0.0,0.0,307.6526555685888,307.6526555685888,0.0,0.0,0.0
1462,"MMA_X__change_quantiles__f_agg_""var""__isabs_False__qh_0.8__ql_0.2",0.0,0.0,307.6526555685888,307.6526555685888,0.0,0.0,0.0
1463,"GYRO_Z__agg_linear_trend__attr_""stderr""__chunk_len_10__f_agg_""max""",0.0,0.0,307.6526555685888,307.6526555685888,0.0,0.0,0.0
1464,"MMA_X__change_quantiles__f_agg_""var""__isabs_True__qh_0.6__ql_0.2",0.0,0.0,307.6526555685888,307.6526555685888,0.0,0.0,0.0
1465,"MMA_X__change_quantiles__f_agg_""mean""__isabs_True__qh_0.6__ql_0.2",0.0,0.0,307.6526555685888,307.6526555685888,0.0,0.0,0.0
1466,"MMA_X__change_quantiles__f_agg_""var""__isabs_False__qh_0.6__ql_0.2",0.0,0.0,307.6526555685888,307.6526555685888,0.0,0.0,0.0
1467,"GYRO_Z__agg_linear_trend__attr_""stderr""__chunk_len_10__f_agg_""min""",0.0,0.0,307.6526555685888,307.6526555685888,0.0,0.0,0.0
1468,"GYRO_Z__agg_linear_trend__attr_""stderr""__chunk_len_10__f_agg_""mean""",0.0,0.0,307.6526555685888,307.6526555685888,0.0,0.0,0.0
1469,"MMA_X__change_quantiles__f_agg_""mean""__isabs_True__qh_1.0__ql_0.0",0.0,0.0,307.6526555685888,307.6526555685888,0.0,0.0,0.0
1470,"MMA_X__change_quantiles__f_agg_""mean""__isabs_True__qh_0.6__ql_0.4",0.0,0.0,307.6526555685888,307.6526555685888,0.0,0.0,0.0
1471,GYRO_Z__lempel_ziv_complexity__bins_100,0.0,0.0,307.6526555685888,307.6526555685888,0.0,0.0,0.0
1472,MMA_X__benford_correlation,0.0,0.0,307.6526555685888,307.6526555685888,0.0,0.0,0.0
1473,GYRO_Z__range_count__max_1000000000000.0__min_0,0.0,0.0,307.6526555685888,307.6526555685888,0.0,0.0,0.0
1474,"MMA_X__fft_coefficient__attr_""abs""__coeff_25",0.0,0.0,307.6526555685888,307.6526555685888,0.0,0.0,0.0
1475,"MMA_X__fft_coefficient__attr_""abs""__coeff_24",0.0,0.0,307.6526555685888,307.6526555685888,0.0,0.0,0.0
1476,"MMA_X__fft_coefficient__attr_""abs""__coeff_23",0.0,0.0,307.6526555685888,307.6526555685888,0.0,0.0,0.0
1477,"MMA_X__fft_coefficient__attr_""abs""__coeff_22",0.0,0.0,307.6526555685888,307.6526555685888,0.0,0.0,0.0
1478,"MMA_X__fft_coefficient__attr_""abs""__coeff_21",0.0,0.0,307.6526555685888,307.6526555685888,0.0,0.0,0.0
1479,"MMA_X__fft_coefficient__attr_""abs""__coeff_20",0.0,0.0,307.6526555685888,307.6526555685888,0.0,0.0,0.0
1480,"MMA_X__fft_coefficient__attr_""abs""__coeff_19",0.0,0.0,307.6526555685888,307.6526555685888,0.0,0.0,0.0
1481,"MMA_X__fft_coefficient__attr_""abs""__coeff_18",0.0,0.0,307.6526555685888,307.6526555685888,0.0,0.0,0.0
1482,"MMA_X__fft_coefficient__attr_""abs""__coeff_17",0.0,0.0,307.6526555685888,307.6526555685888,0.0,0.0,0.0
1483,"MMA_X__fft_coefficient__attr_""abs""__coeff_16",0.0,0.0,307.6526555685888,307.6526555685888,0.0,0.0,0.0
1484,"MMA_X__fft_coefficient__attr_""abs""__coeff_15",0.0,0.0,307.6526555685888,307.6526555685888,0.0,0.0,0.0
1485,"MMA_X__fft_coefficient__attr_""abs""__coeff_14",0.0,0.0,307.6526555685888,307.6526555685888,0.0,0.0,0.0
1486,"MMA_X__fft_coefficient__attr_""abs""__coeff_13",0.0,0.0,307.6526555685888,307.6526555685888,0.0,0.0,0.0
1487,"MMA_X__fft_coefficient__attr_""abs""__coeff_12",0.0,0.0,307.6526555685888,307.6526555685888,0.0,0.0,0.0
1488,"GYRO_Z__linear_trend__attr_""stderr""",0.0,0.0,307.6526555685888,307.6526555685888,0.0,0.0,0.0
1489,"MMA_X__fft_coefficient__attr_""abs""__coeff_11",0.0,0.0,307.6526555685888,307.6526555685888,0.0,0.0,0.0
1490,"MMA_X__fft_coefficient__attr_""abs""__coeff_9",0.0,0.0,307.6526555685888,307.6526555685888,0.0,0.0,0.0
1491,"MMA_X__fft_coefficient__attr_""abs""__coeff_8",0.0,0.0,307.6526555685888,307.6526555685888,0.0,0.0,0.0
1492,"MMA_X__fft_coefficient__attr_""abs""__coeff_7",0.0,0.0,307.6526555685888,307.6526555685888,0.0,0.0,0.0
1493,"MMA_X__fft_coefficient__attr_""abs""__coeff_6",0.0,0.0,307.6526555685888,307.6526555685888,0.0,0.0,0.0
1494,"MMA_X__fft_coefficient__attr_""abs""__coeff_5",0.0,0.0,307.6526555685888,307.6526555685888,0.0,0.0,0.0
1495,MMA_X__absolute_maximum,0.0,0.0,307.6526555685888,307.6526555685888,0.0,0.0,0.0
1496,"MMA_X__fft_coefficient__attr_""abs""__coeff_4",0.0,0.0,307.6526555685888,307.6526555685888,0.0,0.0,0.0
1497,MMA_X__minimum,0.0,0.0,307.6526555685888,307.6526555685888,0.0,0.0,0.0
1498,"MMA_X__fft_coefficient__attr_""abs""__coeff_3",0.0,0.0,307.6526555685888,307.6526555685888,0.0,0.0,0.0
1499,"MMA_X__fft_coefficient__attr_""abs""__coeff_2",0.0,0.0,307.6526555685888,307.6526555685888,0.0,0.0,0.0
1500,"MMA_X__fft_coefficient__attr_""abs""__coeff_1",0.0,0.0,307.6526555685888,307.6526555685888,0.0,0.0,0.0
1501,"MMA_X__fft_coefficient__attr_""abs""__coeff_0",0.0,0.0,307.6526555685888,307.6526555685888,0.0,0.0,0.0
1502,GYRO_Z__range_count__max_1__min_-1,0.0,0.0,307.6526555685888,307.6526555685888,0.0,0.0,0.0
1503,GYRO_Z__range_count__max_0__min_-1000000000000.0,0.0,0.0,307.6526555685888,307.6526555685888,0.0,0.0,0.0
1504,"MMA_X__fft_coefficient__attr_""abs""__coeff_10",0.0,0.0,307.6526555685888,307.6526555685888,0.0,0.0,0.0
1505,"MMA_X__fft_coefficient__attr_""abs""__coeff_26",0.0,0.0,307.6526555685888,307.6526555685888,0.0,0.0,0.0
1506,"MMA_X__change_quantiles__f_agg_""mean""__isabs_True__qh_0.8__ql_0.0",0.0,0.0,307.6526555685888,307.6526555685888,0.0,0.0,0.0
1507,"GYRO_Z__agg_linear_trend__attr_""stderr""__chunk_len_50__f_agg_""max""",0.0,0.0,307.6526555685888,307.6526555685888,0.0,0.0,0.0
1508,MMA_X__number_peaks__n_50,0.0,0.0,307.6526555685888,307.6526555685888,0.0,0.0,0.0
1509,MMA_X__number_peaks__n_10,0.0,0.0,307.6526555685888,307.6526555685888,0.0,0.0,0.0
1510,MMA_X__number_peaks__n_5,0.0,0.0,307.6526555685888,307.6526555685888,0.0,0.0,0.0
1511,MMA_X__number_peaks__n_3,0.0,0.0,307.6526555685888,307.6526555685888,0.0,0.0,0.0
1512,MMA_X__number_peaks__n_1,0.0,0.0,307.6526555685888,307.6526555685888,0.0,0.0,0.0
1513,MMA_X__number_cwt_peaks__n_5,0.0,0.0,307.6526555685888,307.6526555685888,0.0,0.0,0.0
1514,MMA_X__number_cwt_peaks__n_1,0.0,0.0,307.6526555685888,307.6526555685888,0.0,0.0,0.0
1515,GYRO_Z__ratio_beyond_r_sigma__r_7,0.0,0.0,307.6526555685888,307.6526555685888,0.0,0.0,0.0
1516,"MMA_X__agg_autocorrelation__f_agg_""var""__maxlag_40",0.0,0.0,307.6526555685888,307.6526555685888,0.0,0.0,0.0
1517,"MMA_X__agg_autocorrelation__f_agg_""median""__maxlag_40",0.0,0.0,307.6526555685888,307.6526555685888,0.0,0.0,0.0
1518,"MMA_X__agg_autocorrelation__f_agg_""mean""__maxlag_40",0.0,0.0,307.6526555685888,307.6526555685888,0.0,0.0,0.0
1519,MMA_X__autocorrelation__lag_9,0.0,0.0,307.6526555685888,307.6526555685888,0.0,0.0,0.0
1520,MMA_X__autocorrelation__lag_8,0.0,0.0,307.6526555685888,307.6526555685888,0.0,0.0,0.0
1521,MMA_X__autocorrelation__lag_7,0.0,0.0,307.6526555685888,307.6526555685888,0.0,0.0,0.0
1522,MMA_X__binned_entropy__max_bins_10,0.0,0.0,307.6526555685888,307.6526555685888,0.0,0.0,0.0
1523,MMA_X__autocorrelation__lag_6,0.0,0.0,307.6526555685888,307.6526555685888,0.0,0.0,0.0
1524,MMA_X__autocorrelation__lag_4,0.0,0.0,307.6526555685888,307.6526555685888,0.0,0.0,0.0
1525,MMA_X__autocorrelation__lag_3,0.0,0.0,307.6526555685888,307.6526555685888,0.0,0.0,0.0
1526,GYRO_Z__lempel_ziv_complexity__bins_5,0.0,0.0,307.6526555685888,307.6526555685888,0.0,0.0,0.0
1527,GYRO_Z__lempel_ziv_complexity__bins_3,0.0,0.0,307.6526555685888,307.6526555685888,0.0,0.0,0.0
1528,MMA_X__cid_ce__normalize_True,0.0,0.0,307.6526555685888,307.6526555685888,0.0,0.0,0.0
1529,GYRO_Z__count_below__t_0,0.0,0.0,307.6526555685888,307.6526555685888,0.0,0.0,0.0
1530,MMA_X__large_standard_deviation__r_0.30000000000000004,0.0,0.0,307.6526555685888,307.6526555685888,0.0,0.0,0.0
1531,MMA_X__large_standard_deviation__r_0.25,0.0,0.0,307.6526555685888,307.6526555685888,0.0,0.0,0.0
1532,MMA_X__large_standard_deviation__r_0.2,0.0,0.0,307.6526555685888,307.6526555685888,0.0,0.0,0.0
1533,MMA_X__large_standard_deviation__r_0.15000000000000002,0.0,0.0,307.6526555685888,307.6526555685888,0.0,0.0,0.0
1534,MMA_X__large_standard_deviation__r_0.1,0.0,0.0,307.6526555685888,307.6526555685888,0.0,0.0,0.0
1535,GYRO_Z__lempel_ziv_complexity__bins_2,0.0,0.0,307.6526555685888,307.6526555685888,0.0,0.0,0.0
1536,MMA_X__symmetry_looking__r_0.1,0.0,0.0,307.6526555685888,307.6526555685888,0.0,0.0,0.0
1537,MMA_X__cid_ce__normalize_False,0.0,0.0,307.6526555685888,307.6526555685888,0.0,0.0,0.0
1538,MMA_X__autocorrelation__lag_5,0.0,0.0,307.6526555685888,307.6526555685888,0.0,0.0,0.0
1539,"MMA_X__change_quantiles__f_agg_""var""__isabs_False__qh_0.8__ql_0.0",0.0,0.0,307.6526555685888,307.6526555685888,0.0,0.0,0.0
1540,MMA_X__index_mass_quantile__q_0.1,0.0,0.0,307.6526555685888,307.6526555685888,0.0,0.0,0.0
1541,MMA_X__index_mass_quantile__q_0.3,0.0,0.0,307.6526555685888,307.6526555685888,0.0,0.0,0.0
1542,"MMA_X__change_quantiles__f_agg_""mean""__isabs_True__qh_0.6__ql_0.0",0.0,0.0,307.6526555685888,307.6526555685888,0.0,0.0,0.0
1543,"MMA_X__change_quantiles__f_agg_""var""__isabs_False__qh_0.6__ql_0.0",0.0,0.0,307.6526555685888,307.6526555685888,0.0,0.0,0.0
1544,"GYRO_Z__agg_linear_trend__attr_""stderr""__chunk_len_50__f_agg_""min""",0.0,0.0,307.6526555685888,307.6526555685888,0.0,0.0,0.0
1545,"MMA_X__change_quantiles__f_agg_""mean""__isabs_True__qh_0.4__ql_0.0",0.0,0.0,307.6526555685888,307.6526555685888,0.0,0.0,0.0
1546,"GYRO_Z__agg_linear_trend__attr_""stderr""__chunk_len_50__f_agg_""mean""",0.0,0.0,307.6526555685888,307.6526555685888,0.0,0.0,0.0
1547,"MMA_X__change_quantiles__f_agg_""mean""__isabs_True__qh_0.2__ql_0.0",0.0,0.0,307.6526555685888,307.6526555685888,0.0,0.0,0.0
1548,"GYRO_Z__agg_linear_trend__attr_""stderr""__chunk_len_50__f_agg_""var""",0.0,0.0,307.6526555685888,307.6526555685888,0.0,0.0,0.0
1549,"GYRO_Z__augmented_dickey_fuller__attr_""teststat""__autolag_""AIC""",0.0,0.0,307.6526555685888,307.6526555685888,0.0,0.0,0.0
1550,"GYRO_Z__augmented_dickey_fuller__attr_""pvalue""__autolag_""AIC""",0.0,0.0,307.6526555685888,307.6526555685888,0.0,0.0,0.0
1551,GYRO_Z__number_crossing_m__m_-1,0.0,0.0,307.6526555685888,307.6526555685888,0.0,0.0,0.0
1552,MMA_X__ar_coefficient__coeff_2__k_10,0.0,0.0,307.6526555685888,307.6526555685888,0.0,0.0,0.0
1553,MMA_X__ar_coefficient__coeff_1__k_10,0.0,0.0,307.6526555685888,307.6526555685888,0.0,0.0,0.0
1554,GYRO_Z__number_crossing_m__m_1,0.0,0.0,307.6526555685888,307.6526555685888,0.0,0.0,0.0
1555,MMA_X__spkt_welch_density__coeff_8,0.0,0.0,307.6526555685888,307.6526555685888,0.0,0.0,0.0
1556,MMA_X__index_mass_quantile__q_0.2,0.0,0.0,307.6526555685888,307.6526555685888,0.0,0.0,0.0
1557,MMA_X__spkt_welch_density__coeff_2,0.0,0.0,307.6526555685888,307.6526555685888,0.0,0.0,0.0
1558,GYRO_Z__energy_ratio_by_chunks__num_segments_10__segment_focus_9,0.0,0.0,307.6526555685888,307.6526555685888,0.0,0.0,0.0
1559,GYRO_Z__ratio_beyond_r_sigma__r_0.5,0.0,0.0,307.6526555685888,307.6526555685888,0.0,0.0,0.0
1560,GYRO_Z__ratio_beyond_r_sigma__r_1,0.0,0.0,307.6526555685888,307.6526555685888,0.0,0.0,0.0
1561,GYRO_Z__ratio_beyond_r_sigma__r_1.5,0.0,0.0,307.6526555685888,307.6526555685888,0.0,0.0,0.0
1562,GYRO_Z__ratio_beyond_r_sigma__r_2,0.0,0.0,307.6526555685888,307.6526555685888,0.0,0.0,0.0
1563,GYRO_Z__ratio_beyond_r_sigma__r_2.5,0.0,0.0,307.6526555685888,307.6526555685888,0.0,0.0,0.0
1564,GYRO_Z__ratio_beyond_r_sigma__r_3,0.0,0.0,307.6526555685888,307.6526555685888,0.0,0.0,0.0
1565,GYRO_Z__ratio_beyond_r_sigma__r_5,0.0,0.0,307.6526555685888,307.6526555685888,0.0,0.0,0.0
1566,GYRO_Z__ratio_beyond_r_sigma__r_6,0.0,0.0,307.6526555685888,307.6526555685888,0.0,0.0,0.0
1567,MMA_X__index_mass_quantile__q_0.9,0.0,0.0,307.6526555685888,307.6526555685888,0.0,0.0,0.0
1568,MMA_X__index_mass_quantile__q_0.8,0.0,0.0,307.6526555685888,307.6526555685888,0.0,0.0,0.0
1569,MMA_X__index_mass_quantile__q_0.7,0.0,0.0,307.6526555685888,307.6526555685888,0.0,0.0,0.0
1570,MMA_X__index_mass_quantile__q_0.6,0.0,0.0,307.6526555685888,307.6526555685888,0.0,0.0,0.0
1571,MMA_X__index_mass_quantile__q_0.4,0.0,0.0,307.6526555685888,307.6526555685888,0.0,0.0,0.0
1572,GYRO_Z__lempel_ziv_complexity__bins_10,0.0,0.0,307.6526555685888,307.6526555685888,0.0,0.0,0.0
1573,"MMA_X__fft_coefficient__attr_""abs""__coeff_27",0.0,0.0,307.6526555685888,307.6526555685888,0.0,0.0,0.0
1574,"MMA_X__fft_coefficient__attr_""abs""__coeff_29",0.0,0.0,307.6526555685888,307.6526555685888,0.0,0.0,0.0
1575,"MMA_X__fft_coefficient__attr_""abs""__coeff_30",0.0,0.0,307.6526555685888,307.6526555685888,0.0,0.0,0.0
1576,MMA_X__permutation_entropy__dimension_5__tau_1,0.0,0.0,307.6526555685888,307.6526555685888,0.0,0.0,0.0
1577,MMA_X__permutation_entropy__dimension_4__tau_1,0.0,0.0,307.6526555685888,307.6526555685888,0.0,0.0,0.0
1578,MMA_X__permutation_entropy__dimension_3__tau_1,0.0,0.0,307.6526555685888,307.6526555685888,0.0,0.0,0.0
1579,MMA_X__fourier_entropy__bins_100,0.0,0.0,307.6526555685888,307.6526555685888,0.0,0.0,0.0
1580,MMA_X__lempel_ziv_complexity__bins_100,0.0,0.0,307.6526555685888,307.6526555685888,0.0,0.0,0.0
1581,MMA_X__lempel_ziv_complexity__bins_10,0.0,0.0,307.6526555685888,307.6526555685888,0.0,0.0,0.0
1582,MMA_X__lempel_ziv_complexity__bins_5,0.0,0.0,307.6526555685888,307.6526555685888,0.0,0.0,0.0
1583,MMA_X__lempel_ziv_complexity__bins_3,0.0,0.0,307.6526555685888,307.6526555685888,0.0,0.0,0.0
1584,MMA_X__lempel_ziv_complexity__bins_2,0.0,0.0,307.6526555685888,307.6526555685888,0.0,0.0,0.0
1585,"GYRO_Z__fft_coefficient__attr_""abs""__coeff_61",0.0,0.0,307.6526555685888,307.6526555685888,0.0,0.0,0.0
1586,MMA_X__ratio_beyond_r_sigma__r_7,0.0,0.0,307.6526555685888,307.6526555685888,0.0,0.0,0.0
1587,MMA_X__ratio_beyond_r_sigma__r_6,0.0,0.0,307.6526555685888,307.6526555685888,0.0,0.0,0.0
1588,MMA_X__ratio_beyond_r_sigma__r_5,0.0,0.0,307.6526555685888,307.6526555685888,0.0,0.0,0.0
1589,MMA_X__ratio_beyond_r_sigma__r_3,0.0,0.0,307.6526555685888,307.6526555685888,0.0,0.0,0.0
1590,MMA_X__permutation_entropy__dimension_6__tau_1,0.0,0.0,307.6526555685888,307.6526555685888,0.0,0.0,0.0
1591,MMA_X__ratio_beyond_r_sigma__r_2.5,0.0,0.0,307.6526555685888,307.6526555685888,0.0,0.0,0.0
1592,MMA_X__ratio_beyond_r_sigma__r_1.5,0.0,0.0,307.6526555685888,307.6526555685888,0.0,0.0,0.0
1593,MMA_X__ratio_beyond_r_sigma__r_1,0.0,0.0,307.6526555685888,307.6526555685888,0.0,0.0,0.0
1594,MMA_X__ratio_beyond_r_sigma__r_0.5,0.0,0.0,307.6526555685888,307.6526555685888,0.0,0.0,0.0
1595,MMA_X__energy_ratio_by_chunks__num_segments_10__segment_focus_9,0.0,0.0,307.6526555685888,307.6526555685888,0.0,0.0,0.0
1596,MMA_X__energy_ratio_by_chunks__num_segments_10__segment_focus_8,0.0,0.0,307.6526555685888,307.6526555685888,0.0,0.0,0.0
1597,MMA_X__ratio_value_number_to_time_series_length,0.0,0.0,307.6526555685888,307.6526555685888,0.0,0.0,0.0
1598,MMA_X__energy_ratio_by_chunks__num_segments_10__segment_focus_0,0.0,0.0,307.6526555685888,307.6526555685888,0.0,0.0,0.0
1599,MMA_X__number_crossing_m__m_0,0.0,0.0,307.6526555685888,307.6526555685888,0.0,0.0,0.0
1600,"MMA_X__augmented_dickey_fuller__attr_""pvalue""__autolag_""AIC""",0.0,0.0,307.6526555685888,307.6526555685888,0.0,0.0,0.0
1601,"MMA_X__augmented_dickey_fuller__attr_""teststat""__autolag_""AIC""",0.0,0.0,307.6526555685888,307.6526555685888,0.0,0.0,0.0
1602,"MMA_X__agg_linear_trend__attr_""stderr""__chunk_len_50__f_agg_""var""",0.0,0.0,307.6526555685888,307.6526555685888,0.0,0.0,0.0
1603,"MMA_X__agg_linear_trend__attr_""stderr""__chunk_len_50__f_agg_""mean""",0.0,0.0,307.6526555685888,307.6526555685888,0.0,0.0,0.0
1604,"MMA_X__agg_linear_trend__attr_""stderr""__chunk_len_50__f_agg_""min""",0.0,0.0,307.6526555685888,307.6526555685888,0.0,0.0,0.0
1605,"MMA_X__agg_linear_trend__attr_""stderr""__chunk_len_50__f_agg_""max""",0.0,0.0,307.6526555685888,307.6526555685888,0.0,0.0,0.0
1606,MMA_X__ratio_beyond_r_sigma__r_2,0.0,0.0,307.6526555685888,307.6526555685888,0.0,0.0,0.0
1607,"MMA_X__agg_linear_trend__attr_""stderr""__chunk_len_10__f_agg_""mean""",0.0,0.0,307.6526555685888,307.6526555685888,0.0,0.0,0.0
1608,MMA_X__permutation_entropy__dimension_7__tau_1,0.0,0.0,307.6526555685888,307.6526555685888,0.0,0.0,0.0
1609,MMA_Y__variance_larger_than_standard_deviation,0.0,0.0,307.6526555685888,307.6526555685888,0.0,0.0,0.0
1610,MMA_Y__large_standard_deviation__r_0.25,0.0,0.0,307.6526555685888,307.6526555685888,0.0,0.0,0.0
1611,MMA_Y__cid_ce__normalize_False,0.0,0.0,307.6526555685888,307.6526555685888,0.0,0.0,0.0
1612,MMA_Y__cid_ce__normalize_True,0.0,0.0,307.6526555685888,307.6526555685888,0.0,0.0,0.0
1613,MMA_Y__c3__lag_3,0.0,0.0,307.6526555685888,307.6526555685888,0.0,0.0,0.0
1614,MMA_Y__c3__lag_2,0.0,0.0,307.6526555685888,307.6526555685888,0.0,0.0,0.0
1615,MMA_Y__c3__lag_1,0.0,0.0,307.6526555685888,307.6526555685888,0.0,0.0,0.0
1616,MMA_Y__benford_correlation,0.0,0.0,307.6526555685888,307.6526555685888,0.0,0.0,0.0
1617,MMA_Y__minimum,0.0,0.0,307.6526555685888,307.6526555685888,0.0,0.0,0.0
1618,MMA_Y__absolute_maximum,0.0,0.0,307.6526555685888,307.6526555685888,0.0,0.0,0.0
1619,MMA_Y__maximum,0.0,0.0,307.6526555685888,307.6526555685888,0.0,0.0,0.0
1620,MMA_Y__ratio_value_number_to_time_series_length,0.0,0.0,307.6526555685888,307.6526555685888,0.0,0.0,0.0
1621,MMA_Y__sum_of_reoccurring_data_points,0.0,0.0,307.6526555685888,307.6526555685888,0.0,0.0,0.0
1622,MMA_Y__sum_of_reoccurring_values,0.0,0.0,307.6526555685888,307.6526555685888,0.0,0.0,0.0
1623,MMA_Y__percentage_of_reoccurring_datapoints_to_all_datapoints,0.0,0.0,307.6526555685888,307.6526555685888,0.0,0.0,0.0
1624,MMA_X__mean_n_absolute_max__number_of_maxima_7,0.0,0.0,307.6526555685888,307.6526555685888,0.0,0.0,0.0
1625,MMA_Y__percentage_of_reoccurring_values_to_all_values,0.0,0.0,307.6526555685888,307.6526555685888,0.0,0.0,0.0
1626,MMA_Y__count_above_mean,0.0,0.0,307.6526555685888,307.6526555685888,0.0,0.0,0.0
1627,MMA_Y__longest_strike_above_mean,0.0,0.0,307.6526555685888,307.6526555685888,0.0,0.0,0.0
1628,MMA_Y__longest_strike_below_mean,0.0,0.0,307.6526555685888,307.6526555685888,0.0,0.0,0.0
1629,MMA_Y__absolute_sum_of_changes,0.0,0.0,307.6526555685888,307.6526555685888,0.0,0.0,0.0
1630,MMA_Y__root_mean_square,0.0,0.0,307.6526555685888,307.6526555685888,0.0,0.0,0.0
1631,MMA_Y__variance,0.0,0.0,307.6526555685888,307.6526555685888,0.0,0.0,0.0
1632,MMA_Y__standard_deviation,0.0,0.0,307.6526555685888,307.6526555685888,0.0,0.0,0.0
1633,MMA_Y__length,0.0,0.0,307.6526555685888,307.6526555685888,0.0,0.0,0.0
1634,MMA_Y__mean,0.0,0.0,307.6526555685888,307.6526555685888,0.0,0.0,0.0
1635,MMA_Y__median,0.0,0.0,307.6526555685888,307.6526555685888,0.0,0.0,0.0
1636,MMA_Y__mean_change,0.0,0.0,307.6526555685888,307.6526555685888,0.0,0.0,0.0
1637,MMA_Y__mean_abs_change,0.0,0.0,307.6526555685888,307.6526555685888,0.0,0.0,0.0
1638,MMA_Y__abs_energy,0.0,0.0,307.6526555685888,307.6526555685888,0.0,0.0,0.0
1639,MMA_Y__sum_values,0.0,0.0,307.6526555685888,307.6526555685888,0.0,0.0,0.0
1640,MMA_Y__count_below_mean,0.0,0.0,307.6526555685888,307.6526555685888,0.0,0.0,0.0
1641,"MMA_X__agg_linear_trend__attr_""stderr""__chunk_len_10__f_agg_""min""",0.0,0.0,307.6526555685888,307.6526555685888,0.0,0.0,0.0
1642,"MMA_X__agg_linear_trend__attr_""stderr""__chunk_len_10__f_agg_""max""",0.0,0.0,307.6526555685888,307.6526555685888,0.0,0.0,0.0
1643,"MMA_X__agg_linear_trend__attr_""stderr""__chunk_len_5__f_agg_""mean""",0.0,0.0,307.6526555685888,307.6526555685888,0.0,0.0,0.0
1644,"MMA_X__fft_coefficient__attr_""abs""__coeff_64",0.0,0.0,307.6526555685888,307.6526555685888,0.0,0.0,0.0
1645,"MMA_X__fft_coefficient__attr_""abs""__coeff_63",0.0,0.0,307.6526555685888,307.6526555685888,0.0,0.0,0.0
1646,"MMA_X__fft_coefficient__attr_""abs""__coeff_62",0.0,0.0,307.6526555685888,307.6526555685888,0.0,0.0,0.0
1647,"MMA_X__fft_coefficient__attr_""abs""__coeff_61",0.0,0.0,307.6526555685888,307.6526555685888,0.0,0.0,0.0
1648,"MMA_X__fft_coefficient__attr_""abs""__coeff_60",0.0,0.0,307.6526555685888,307.6526555685888,0.0,0.0,0.0
1649,"MMA_X__fft_coefficient__attr_""abs""__coeff_57",0.0,0.0,307.6526555685888,307.6526555685888,0.0,0.0,0.0
1650,"MMA_X__fft_coefficient__attr_""abs""__coeff_54",0.0,0.0,307.6526555685888,307.6526555685888,0.0,0.0,0.0
1651,"MMA_X__fft_coefficient__attr_""abs""__coeff_53",0.0,0.0,307.6526555685888,307.6526555685888,0.0,0.0,0.0
1652,"MMA_X__fft_coefficient__attr_""abs""__coeff_52",0.0,0.0,307.6526555685888,307.6526555685888,0.0,0.0,0.0
1653,"MMA_X__fft_coefficient__attr_""abs""__coeff_51",0.0,0.0,307.6526555685888,307.6526555685888,0.0,0.0,0.0
1654,"MMA_X__fft_coefficient__attr_""abs""__coeff_50",0.0,0.0,307.6526555685888,307.6526555685888,0.0,0.0,0.0
1655,"MMA_X__fft_coefficient__attr_""abs""__coeff_49",0.0,0.0,307.6526555685888,307.6526555685888,0.0,0.0,0.0
1656,"MMA_X__fft_coefficient__attr_""abs""__coeff_48",0.0,0.0,307.6526555685888,307.6526555685888,0.0,0.0,0.0
1657,"MMA_X__fft_coefficient__attr_""abs""__coeff_47",0.0,0.0,307.6526555685888,307.6526555685888,0.0,0.0,0.0
1658,"MMA_X__fft_coefficient__attr_""abs""__coeff_65",0.0,0.0,307.6526555685888,307.6526555685888,0.0,0.0,0.0
1659,"MMA_X__fft_coefficient__attr_""abs""__coeff_46",0.0,0.0,307.6526555685888,307.6526555685888,0.0,0.0,0.0
1660,"MMA_X__fft_coefficient__attr_""abs""__coeff_44",0.0,0.0,307.6526555685888,307.6526555685888,0.0,0.0,0.0
1661,"MMA_X__fft_coefficient__attr_""abs""__coeff_43",0.0,0.0,307.6526555685888,307.6526555685888,0.0,0.0,0.0
1662,"MMA_X__fft_coefficient__attr_""abs""__coeff_42",0.0,0.0,307.6526555685888,307.6526555685888,0.0,0.0,0.0
1663,"MMA_X__fft_coefficient__attr_""abs""__coeff_41",0.0,0.0,307.6526555685888,307.6526555685888,0.0,0.0,0.0
1664,"MMA_X__fft_coefficient__attr_""abs""__coeff_40",0.0,0.0,307.6526555685888,307.6526555685888,0.0,0.0,0.0
1665,"MMA_X__fft_coefficient__attr_""abs""__coeff_39",0.0,0.0,307.6526555685888,307.6526555685888,0.0,0.0,0.0
1666,"MMA_X__fft_coefficient__attr_""abs""__coeff_38",0.0,0.0,307.6526555685888,307.6526555685888,0.0,0.0,0.0
1667,"MMA_X__fft_coefficient__attr_""abs""__coeff_37",0.0,0.0,307.6526555685888,307.6526555685888,0.0,0.0,0.0
1668,"MMA_X__fft_coefficient__attr_""abs""__coeff_36",0.0,0.0,307.6526555685888,307.6526555685888,0.0,0.0,0.0
1669,"MMA_X__fft_coefficient__attr_""abs""__coeff_35",0.0,0.0,307.6526555685888,307.6526555685888,0.0,0.0,0.0
1670,"MMA_X__fft_coefficient__attr_""abs""__coeff_34",0.0,0.0,307.6526555685888,307.6526555685888,0.0,0.0,0.0
1671,"MMA_X__fft_coefficient__attr_""abs""__coeff_33",0.0,0.0,307.6526555685888,307.6526555685888,0.0,0.0,0.0
1672,"MMA_X__fft_coefficient__attr_""abs""__coeff_32",0.0,0.0,307.6526555685888,307.6526555685888,0.0,0.0,0.0
1673,"MMA_X__fft_coefficient__attr_""abs""__coeff_31",0.0,0.0,307.6526555685888,307.6526555685888,0.0,0.0,0.0
1674,"MMA_X__fft_coefficient__attr_""abs""__coeff_45",0.0,0.0,307.6526555685888,307.6526555685888,0.0,0.0,0.0
1675,"MMA_X__fft_coefficient__attr_""abs""__coeff_66",0.0,0.0,307.6526555685888,307.6526555685888,0.0,0.0,0.0
1676,"MMA_X__fft_coefficient__attr_""abs""__coeff_67",0.0,0.0,307.6526555685888,307.6526555685888,0.0,0.0,0.0
1677,"MMA_X__fft_coefficient__attr_""abs""__coeff_68",0.0,0.0,307.6526555685888,307.6526555685888,0.0,0.0,0.0
1678,"MMA_X__agg_linear_trend__attr_""stderr""__chunk_len_5__f_agg_""min""",0.0,0.0,307.6526555685888,307.6526555685888,0.0,0.0,0.0
1679,"MMA_X__agg_linear_trend__attr_""stderr""__chunk_len_5__f_agg_""max""",0.0,0.0,307.6526555685888,307.6526555685888,0.0,0.0,0.0
1680,"MMA_X__agg_linear_trend__attr_""intercept""__chunk_len_50__f_agg_""var""",0.0,0.0,307.6526555685888,307.6526555685888,0.0,0.0,0.0
1681,"MMA_X__agg_linear_trend__attr_""intercept""__chunk_len_50__f_agg_""min""",0.0,0.0,307.6526555685888,307.6526555685888,0.0,0.0,0.0
1682,"MMA_X__agg_linear_trend__attr_""intercept""__chunk_len_50__f_agg_""max""",0.0,0.0,307.6526555685888,307.6526555685888,0.0,0.0,0.0
1683,"MMA_X__agg_linear_trend__attr_""intercept""__chunk_len_10__f_agg_""var""",0.0,0.0,307.6526555685888,307.6526555685888,0.0,0.0,0.0
1684,"MMA_X__agg_linear_trend__attr_""intercept""__chunk_len_5__f_agg_""var""",0.0,0.0,307.6526555685888,307.6526555685888,0.0,0.0,0.0
1685,"GYRO_Z__fft_coefficient__attr_""abs""__coeff_81",0.0,0.0,307.6526555685888,307.6526555685888,0.0,0.0,0.0
1686,"GYRO_Z__fft_coefficient__attr_""abs""__coeff_82",0.0,0.0,307.6526555685888,307.6526555685888,0.0,0.0,0.0
1687,"MMA_X__linear_trend__attr_""stderr""",0.0,0.0,307.6526555685888,307.6526555685888,0.0,0.0,0.0
1688,"GYRO_Z__fft_coefficient__attr_""abs""__coeff_85",0.0,0.0,307.6526555685888,307.6526555685888,0.0,0.0,0.0
1689,MMA_X__range_count__max_1__min_-1,0.0,0.0,307.6526555685888,307.6526555685888,0.0,0.0,0.0
1690,"MMA_X__fft_aggregated__aggtype_""kurtosis""",0.0,0.0,307.6526555685888,307.6526555685888,0.0,0.0,0.0
1691,"MMA_X__fft_aggregated__aggtype_""skew""",0.0,0.0,307.6526555685888,307.6526555685888,0.0,0.0,0.0
1692,"MMA_X__fft_aggregated__aggtype_""variance""",0.0,0.0,307.6526555685888,307.6526555685888,0.0,0.0,0.0
1693,"MMA_X__fft_aggregated__aggtype_""centroid""",0.0,0.0,307.6526555685888,307.6526555685888,0.0,0.0,0.0
1694,"GYRO_Z__fft_coefficient__attr_""abs""__coeff_96",0.0,0.0,307.6526555685888,307.6526555685888,0.0,0.0,0.0
1695,"MMA_X__fft_coefficient__attr_""abs""__coeff_69",0.0,0.0,307.6526555685888,307.6526555685888,0.0,0.0,0.0
1696,"MMA_X__fft_coefficient__attr_""abs""__coeff_70",0.0,0.0,307.6526555685888,307.6526555685888,0.0,0.0,0.0
1697,"MMA_X__fft_coefficient__attr_""abs""__coeff_71",0.0,0.0,307.6526555685888,307.6526555685888,0.0,0.0,0.0
1698,"MMA_X__fft_coefficient__attr_""abs""__coeff_72",0.0,0.0,307.6526555685888,307.6526555685888,0.0,0.0,0.0
1699,"MMA_X__fft_coefficient__attr_""abs""__coeff_73",0.0,0.0,307.6526555685888,307.6526555685888,0.0,0.0,0.0
1700,"MMA_X__fft_coefficient__attr_""abs""__coeff_74",0.0,0.0,307.6526555685888,307.6526555685888,0.0,0.0,0.0
1701,GYRO_Z__number_peaks__n_5,0.0,0.0,307.6526555685888,307.6526555685888,0.0,0.0,0.0
1702,"MMA_X__fft_coefficient__attr_""abs""__coeff_94",0.0,0.0,307.6526555685888,307.6526555685888,0.0,0.0,0.0
1703,"MMA_X__fft_coefficient__attr_""abs""__coeff_96",0.0,0.0,307.6526555685888,307.6526555685888,0.0,0.0,0.0
1704,"MMA_X__fft_coefficient__attr_""abs""__coeff_97",0.0,0.0,307.6526555685888,307.6526555685888,0.0,0.0,0.0
1705,"MMA_X__fft_coefficient__attr_""abs""__coeff_98",0.0,0.0,307.6526555685888,307.6526555685888,0.0,0.0,0.0
1706,"MMA_X__fft_coefficient__attr_""abs""__coeff_99",0.0,0.0,307.6526555685888,307.6526555685888,0.0,0.0,0.0
1707,"GYRO_Z__fft_aggregated__aggtype_""variance""",0.0,0.0,307.6526555685888,307.6526555685888,0.0,0.0,0.0
1708,"GYRO_Z__fft_aggregated__aggtype_""centroid""",0.0,0.0,307.6526555685888,307.6526555685888,0.0,0.0,0.0
1709,"MMA_X__fft_coefficient__attr_""abs""__coeff_95",0.0,0.0,307.6526555685888,307.6526555685888,0.0,0.0,0.0
1710,GYRO_Z__number_peaks__n_3,0.0,0.0,307.6526555685888,307.6526555685888,0.0,0.0,0.0
1711,"GYRO_Z__fft_coefficient__attr_""abs""__coeff_33",0.0,0.0,307.6526555685888,307.6526555685888,0.0,0.0,0.0
1712,MMA_Z__absolute_sum_of_changes,0.0,0.0,307.6526555685888,307.6526555685888,0.0,0.0,0.0
1713,GYRO_Z__mean_abs_change,0.0,0.0,307.6526555685888,307.6526555685888,0.0,0.0,0.0
1714,GYRO_Z__abs_energy,0.0,0.0,307.6526555685888,307.6526555685888,0.0,0.0,0.0
1715,GYRO_Y__mean_n_absolute_max__number_of_maxima_7,0.0,0.0,307.6526555685888,307.6526555685888,0.0,0.0,0.0
1716,GYRO_Y__permutation_entropy__dimension_7__tau_1,0.0,0.0,307.6526555685888,307.6526555685888,0.0,0.0,0.0
1717,"MMA_Y__agg_linear_trend__attr_""intercept""__chunk_len_50__f_agg_""min""",0.0,0.0,307.6526555685888,307.6526555685888,0.0,0.0,0.0
1718,"MMA_Y__agg_linear_trend__attr_""intercept""__chunk_len_50__f_agg_""max""",0.0,0.0,307.6526555685888,307.6526555685888,0.0,0.0,0.0
1719,"MMA_Y__agg_linear_trend__attr_""intercept""__chunk_len_10__f_agg_""var""",0.0,0.0,307.6526555685888,307.6526555685888,0.0,0.0,0.0
1720,MMA_Z__large_standard_deviation__r_0.30000000000000004,0.0,0.0,307.6526555685888,307.6526555685888,0.0,0.0,0.0
1721,GYRO_Z__permutation_entropy__dimension_5__tau_1,0.0,0.0,307.6526555685888,307.6526555685888,0.0,0.0,0.0
1722,"MMA_Y__agg_linear_trend__attr_""intercept""__chunk_len_10__f_agg_""mean""",0.0,0.0,307.6526555685888,307.6526555685888,0.0,0.0,0.0
1723,"MMA_Y__agg_linear_trend__attr_""intercept""__chunk_len_10__f_agg_""min""",0.0,0.0,307.6526555685888,307.6526555685888,0.0,0.0,0.0
1724,MMA_Z__binned_entropy__max_bins_10,0.0,0.0,307.6526555685888,307.6526555685888,0.0,0.0,0.0
1725,MMA_Z__number_peaks__n_50,0.0,0.0,307.6526555685888,307.6526555685888,0.0,0.0,0.0
1726,"MMA_Y__agg_linear_trend__attr_""intercept""__chunk_len_10__f_agg_""max""",0.0,0.0,307.6526555685888,307.6526555685888,0.0,0.0,0.0
1727,MMA_Z__number_peaks__n_10,0.0,0.0,307.6526555685888,307.6526555685888,0.0,0.0,0.0
1728,"MMA_Y__agg_linear_trend__attr_""intercept""__chunk_len_5__f_agg_""var""",0.0,0.0,307.6526555685888,307.6526555685888,0.0,0.0,0.0
1729,"MMA_Y__agg_linear_trend__attr_""intercept""__chunk_len_5__f_agg_""mean""",0.0,0.0,307.6526555685888,307.6526555685888,0.0,0.0,0.0
1730,GYRO_Y__permutation_entropy__dimension_6__tau_1,0.0,0.0,307.6526555685888,307.6526555685888,0.0,0.0,0.0
1731,GYRO_Y__permutation_entropy__dimension_5__tau_1,0.0,0.0,307.6526555685888,307.6526555685888,0.0,0.0,0.0
1732,GYRO_Y__permutation_entropy__dimension_4__tau_1,0.0,0.0,307.6526555685888,307.6526555685888,0.0,0.0,0.0
1733,MMA_Y__fourier_entropy__bins_100,0.0,0.0,307.6526555685888,307.6526555685888,0.0,0.0,0.0
1734,MMA_X__abs_energy,0.0,0.0,307.6526555685888,307.6526555685888,0.0,0.0,0.0
1735,GYRO_Y__permutation_entropy__dimension_3__tau_1,0.0,0.0,307.6526555685888,307.6526555685888,0.0,0.0,0.0
1736,GYRO_Z__length,0.0,0.0,307.6526555685888,307.6526555685888,0.0,0.0,0.0
1737,"MMA_Y__agg_linear_trend__attr_""intercept""__chunk_len_50__f_agg_""mean""",0.0,0.0,307.6526555685888,307.6526555685888,0.0,0.0,0.0
1738,MMA_Z__large_standard_deviation__r_0.2,0.0,0.0,307.6526555685888,307.6526555685888,0.0,0.0,0.0
1739,"MMA_Y__agg_linear_trend__attr_""intercept""__chunk_len_50__f_agg_""var""",0.0,0.0,307.6526555685888,307.6526555685888,0.0,0.0,0.0
1740,MMA_Z__index_mass_quantile__q_0.2,0.0,0.0,307.6526555685888,307.6526555685888,0.0,0.0,0.0
1741,"MMA_Y__agg_linear_trend__attr_""stderr""__chunk_len_5__f_agg_""min""",0.0,0.0,307.6526555685888,307.6526555685888,0.0,0.0,0.0
1742,MMA_Z__c3__lag_2,0.0,0.0,307.6526555685888,307.6526555685888,0.0,0.0,0.0
1743,GYRO_Z__root_mean_square,0.0,0.0,307.6526555685888,307.6526555685888,0.0,0.0,0.0
1744,"MMA_Y__agg_linear_trend__attr_""stderr""__chunk_len_5__f_agg_""max""",0.0,0.0,307.6526555685888,307.6526555685888,0.0,0.0,0.0
1745,MMA_Z__autocorrelation__lag_6,0.0,0.0,307.6526555685888,307.6526555685888,0.0,0.0,0.0
1746,"MMA_Y__agg_linear_trend__attr_""slope""__chunk_len_50__f_agg_""mean""",0.0,0.0,307.6526555685888,307.6526555685888,0.0,0.0,0.0
1747,GYRO_Z__kurtosis,0.0,0.0,307.6526555685888,307.6526555685888,0.0,0.0,0.0
1748,MMA_Z__c3__lag_3,0.0,0.0,307.6526555685888,307.6526555685888,0.0,0.0,0.0
1749,GYRO_Z__variance,0.0,0.0,307.6526555685888,307.6526555685888,0.0,0.0,0.0
1750,"MMA_Y__agg_linear_trend__attr_""slope""__chunk_len_50__f_agg_""min""",0.0,0.0,307.6526555685888,307.6526555685888,0.0,0.0,0.0
1751,MMA_Z__quantile__q_0.1,0.0,0.0,307.6526555685888,307.6526555685888,0.0,0.0,0.0
1752,"MMA_Y__agg_linear_trend__attr_""slope""__chunk_len_50__f_agg_""max""",0.0,0.0,307.6526555685888,307.6526555685888,0.0,0.0,0.0
1753,MMA_Z__cid_ce__normalize_True,0.0,0.0,307.6526555685888,307.6526555685888,0.0,0.0,0.0
1754,MMA_Z__cid_ce__normalize_False,0.0,0.0,307.6526555685888,307.6526555685888,0.0,0.0,0.0
1755,"MMA_Y__agg_linear_trend__attr_""slope""__chunk_len_10__f_agg_""mean""",0.0,0.0,307.6526555685888,307.6526555685888,0.0,0.0,0.0
1756,"MMA_Y__agg_linear_trend__attr_""slope""__chunk_len_10__f_agg_""min""",0.0,0.0,307.6526555685888,307.6526555685888,0.0,0.0,0.0
1757,MMA_Y__fourier_entropy__bins_10,0.0,0.0,307.6526555685888,307.6526555685888,0.0,0.0,0.0
1758,"MMA_Y__agg_linear_trend__attr_""slope""__chunk_len_10__f_agg_""max""",0.0,0.0,307.6526555685888,307.6526555685888,0.0,0.0,0.0
1759,"MMA_Y__agg_linear_trend__attr_""slope""__chunk_len_5__f_agg_""mean""",0.0,0.0,307.6526555685888,307.6526555685888,0.0,0.0,0.0
1760,GYRO_Y__ratio_beyond_r_sigma__r_2.5,0.0,0.0,307.6526555685888,307.6526555685888,0.0,0.0,0.0
1761,"MMA_Y__agg_linear_trend__attr_""slope""__chunk_len_5__f_agg_""min""",0.0,0.0,307.6526555685888,307.6526555685888,0.0,0.0,0.0
1762,"MMA_Y__agg_linear_trend__attr_""slope""__chunk_len_5__f_agg_""max""",0.0,0.0,307.6526555685888,307.6526555685888,0.0,0.0,0.0
1763,MMA_Z__large_standard_deviation__r_0.15000000000000002,0.0,0.0,307.6526555685888,307.6526555685888,0.0,0.0,0.0
1764,GYRO_Z__standard_deviation,0.0,0.0,307.6526555685888,307.6526555685888,0.0,0.0,0.0
1765,MMA_Z__mean_abs_change,0.0,0.0,307.6526555685888,307.6526555685888,0.0,0.0,0.0
1766,MMA_Z__number_peaks__n_5,0.0,0.0,307.6526555685888,307.6526555685888,0.0,0.0,0.0
1767,MMA_Z__number_peaks__n_3,0.0,0.0,307.6526555685888,307.6526555685888,0.0,0.0,0.0
1768,"MMA_Y__linear_trend__attr_""pvalue""",0.0,0.0,307.6526555685888,307.6526555685888,0.0,0.0,0.0
1769,"MMA_Y__linear_trend__attr_""rvalue""",0.0,0.0,307.6526555685888,307.6526555685888,0.0,0.0,0.0
1770,"MMA_Y__agg_linear_trend__attr_""rvalue""__chunk_len_50__f_agg_""max""",0.0,0.0,307.6526555685888,307.6526555685888,0.0,0.0,0.0
1771,"MMA_Y__linear_trend__attr_""intercept""",0.0,0.0,307.6526555685888,307.6526555685888,0.0,0.0,0.0
1772,"MMA_Y__linear_trend__attr_""slope""",0.0,0.0,307.6526555685888,307.6526555685888,0.0,0.0,0.0
1773,"MMA_Y__linear_trend__attr_""stderr""",0.0,0.0,307.6526555685888,307.6526555685888,0.0,0.0,0.0
1774,MMA_Y__permutation_entropy__dimension_4__tau_1,0.0,0.0,307.6526555685888,307.6526555685888,0.0,0.0,0.0
1775,"MMA_Y__agg_linear_trend__attr_""rvalue""__chunk_len_5__f_agg_""max""",0.0,0.0,307.6526555685888,307.6526555685888,0.0,0.0,0.0
1776,"MMA_Y__agg_linear_trend__attr_""rvalue""__chunk_len_10__f_agg_""mean""",0.0,0.0,307.6526555685888,307.6526555685888,0.0,0.0,0.0
1777,MMA_Z__quantile__q_0.7,0.0,0.0,307.6526555685888,307.6526555685888,0.0,0.0,0.0
1778,"MMA_Y__agg_linear_trend__attr_""rvalue""__chunk_len_5__f_agg_""min""",0.0,0.0,307.6526555685888,307.6526555685888,0.0,0.0,0.0
1779,GYRO_Y__count_below__t_0,0.0,0.0,307.6526555685888,307.6526555685888,0.0,0.0,0.0
1780,MMA_Z__quantile__q_0.8,0.0,0.0,307.6526555685888,307.6526555685888,0.0,0.0,0.0
1781,MMA_Y__permutation_entropy__dimension_3__tau_1,0.0,0.0,307.6526555685888,307.6526555685888,0.0,0.0,0.0
1782,MMA_Z__quantile__q_0.9,0.0,0.0,307.6526555685888,307.6526555685888,0.0,0.0,0.0
1783,MMA_Z__autocorrelation__lag_1,0.0,0.0,307.6526555685888,307.6526555685888,0.0,0.0,0.0
1784,MMA_Z__autocorrelation__lag_2,0.0,0.0,307.6526555685888,307.6526555685888,0.0,0.0,0.0
1785,MMA_Z__autocorrelation__lag_3,0.0,0.0,307.6526555685888,307.6526555685888,0.0,0.0,0.0
1786,MMA_Z__autocorrelation__lag_4,0.0,0.0,307.6526555685888,307.6526555685888,0.0,0.0,0.0
1787,MMA_Z__autocorrelation__lag_9,0.0,0.0,307.6526555685888,307.6526555685888,0.0,0.0,0.0
1788,MMA_Z__autocorrelation__lag_8,0.0,0.0,307.6526555685888,307.6526555685888,0.0,0.0,0.0
1789,"MMA_Y__agg_linear_trend__attr_""rvalue""__chunk_len_10__f_agg_""max""",0.0,0.0,307.6526555685888,307.6526555685888,0.0,0.0,0.0
1790,"MMA_Y__agg_linear_trend__attr_""rvalue""__chunk_len_10__f_agg_""min""",0.0,0.0,307.6526555685888,307.6526555685888,0.0,0.0,0.0
1791,MMA_Z__autocorrelation__lag_5,0.0,0.0,307.6526555685888,307.6526555685888,0.0,0.0,0.0
1792,"MMA_Y__agg_linear_trend__attr_""rvalue""__chunk_len_5__f_agg_""mean""",0.0,0.0,307.6526555685888,307.6526555685888,0.0,0.0,0.0
1793,"MMA_Y__agg_linear_trend__attr_""stderr""__chunk_len_5__f_agg_""mean""",0.0,0.0,307.6526555685888,307.6526555685888,0.0,0.0,0.0
1794,"MMA_Z__agg_autocorrelation__f_agg_""mean""__maxlag_40",0.0,0.0,307.6526555685888,307.6526555685888,0.0,0.0,0.0
1795,GYRO_Y__lempel_ziv_complexity__bins_3,0.0,0.0,307.6526555685888,307.6526555685888,0.0,0.0,0.0
1796,MMA_Z__number_peaks__n_1,0.0,0.0,307.6526555685888,307.6526555685888,0.0,0.0,0.0
1797,MMA_Z__number_cwt_peaks__n_5,0.0,0.0,307.6526555685888,307.6526555685888,0.0,0.0,0.0
1798,MMA_Z__number_cwt_peaks__n_1,0.0,0.0,307.6526555685888,307.6526555685888,0.0,0.0,0.0
1799,MMA_Y__permutation_entropy__dimension_5__tau_1,0.0,0.0,307.6526555685888,307.6526555685888,0.0,0.0,0.0
1800,MMA_Z__abs_energy,0.0,0.0,307.6526555685888,307.6526555685888,0.0,0.0,0.0
1801,MMA_Z__quantile__q_0.6,0.0,0.0,307.6526555685888,307.6526555685888,0.0,0.0,0.0
1802,"MMA_Y__agg_linear_trend__attr_""intercept""__chunk_len_5__f_agg_""min""",0.0,0.0,307.6526555685888,307.6526555685888,0.0,0.0,0.0
1803,"MMA_Y__agg_linear_trend__attr_""intercept""__chunk_len_5__f_agg_""max""",0.0,0.0,307.6526555685888,307.6526555685888,0.0,0.0,0.0
1804,"MMA_Y__agg_linear_trend__attr_""rvalue""__chunk_len_50__f_agg_""mean""",0.0,0.0,307.6526555685888,307.6526555685888,0.0,0.0,0.0
1805,"MMA_Y__fft_aggregated__aggtype_""centroid""",0.0,0.0,307.6526555685888,307.6526555685888,0.0,0.0,0.0
1806,"MMA_Y__fft_aggregated__aggtype_""variance""",0.0,0.0,307.6526555685888,307.6526555685888,0.0,0.0,0.0
1807,GYRO_Y__lempel_ziv_complexity__bins_2,0.0,0.0,307.6526555685888,307.6526555685888,0.0,0.0,0.0
1808,"MMA_Y__fft_aggregated__aggtype_""skew""",0.0,0.0,307.6526555685888,307.6526555685888,0.0,0.0,0.0
1809,GYRO_Y__ratio_beyond_r_sigma__r_2,0.0,0.0,307.6526555685888,307.6526555685888,0.0,0.0,0.0
1810,"MMA_Y__agg_linear_trend__attr_""rvalue""__chunk_len_50__f_agg_""min""",0.0,0.0,307.6526555685888,307.6526555685888,0.0,0.0,0.0
1811,MMA_Z__partial_autocorrelation__lag_1,0.0,0.0,307.6526555685888,307.6526555685888,0.0,0.0,0.0
1812,GYRO_Y__lempel_ziv_complexity__bins_100,0.0,0.0,307.6526555685888,307.6526555685888,0.0,0.0,0.0
1813,MMA_Y__range_count__max_1__min_-1,0.0,0.0,307.6526555685888,307.6526555685888,0.0,0.0,0.0
1814,"MMA_Z__agg_autocorrelation__f_agg_""var""__maxlag_40",0.0,0.0,307.6526555685888,307.6526555685888,0.0,0.0,0.0
1815,MMA_Y__range_count__max_0__min_-1000000000000.0,0.0,0.0,307.6526555685888,307.6526555685888,0.0,0.0,0.0
1816,MMA_Y__range_count__max_1000000000000.0__min_0,0.0,0.0,307.6526555685888,307.6526555685888,0.0,0.0,0.0
1817,GYRO_Y__lempel_ziv_complexity__bins_10,0.0,0.0,307.6526555685888,307.6526555685888,0.0,0.0,0.0
1818,"MMA_Z__agg_autocorrelation__f_agg_""median""__maxlag_40",0.0,0.0,307.6526555685888,307.6526555685888,0.0,0.0,0.0
1819,GYRO_Y__lempel_ziv_complexity__bins_5,0.0,0.0,307.6526555685888,307.6526555685888,0.0,0.0,0.0
1820,"MMA_Y__fft_aggregated__aggtype_""kurtosis""",0.0,0.0,307.6526555685888,307.6526555685888,0.0,0.0,0.0
1821,MMA_Z__index_mass_quantile__q_0.3,0.0,0.0,307.6526555685888,307.6526555685888,0.0,0.0,0.0
1822,MMA_Z__median,0.0,0.0,307.6526555685888,307.6526555685888,0.0,0.0,0.0
1823,MMA_Y__energy_ratio_by_chunks__num_segments_10__segment_focus_6,0.0,0.0,307.6526555685888,307.6526555685888,0.0,0.0,0.0
1824,MMA_Y__ratio_beyond_r_sigma__r_2,0.0,0.0,307.6526555685888,307.6526555685888,0.0,0.0,0.0
1825,GYRO_Z__autocorrelation__lag_3,0.0,0.0,307.6526555685888,307.6526555685888,0.0,0.0,0.0
1826,MMA_Z__sum_values,0.0,0.0,307.6526555685888,307.6526555685888,0.0,0.0,0.0
1827,MMA_Z__longest_strike_above_mean,0.0,0.0,307.6526555685888,307.6526555685888,0.0,0.0,0.0
1828,MMA_Z__count_above_mean,0.0,0.0,307.6526555685888,307.6526555685888,0.0,0.0,0.0
1829,MMA_Y__ratio_beyond_r_sigma__r_1,0.0,0.0,307.6526555685888,307.6526555685888,0.0,0.0,0.0
1830,MMA_Z__count_below_mean,0.0,0.0,307.6526555685888,307.6526555685888,0.0,0.0,0.0
1831,MMA_Y__ratio_beyond_r_sigma__r_0.5,0.0,0.0,307.6526555685888,307.6526555685888,0.0,0.0,0.0
1832,MMA_Y__energy_ratio_by_chunks__num_segments_10__segment_focus_9,0.0,0.0,307.6526555685888,307.6526555685888,0.0,0.0,0.0
1833,MMA_Y__energy_ratio_by_chunks__num_segments_10__segment_focus_8,0.0,0.0,307.6526555685888,307.6526555685888,0.0,0.0,0.0
1834,GYRO_Z__autocorrelation__lag_4,0.0,0.0,307.6526555685888,307.6526555685888,0.0,0.0,0.0
1835,MMA_Z__percentage_of_reoccurring_values_to_all_values,0.0,0.0,307.6526555685888,307.6526555685888,0.0,0.0,0.0
1836,MMA_Z__sum_of_reoccurring_data_points,0.0,0.0,307.6526555685888,307.6526555685888,0.0,0.0,0.0
1837,GYRO_Z__quantile__q_0.9,0.0,0.0,307.6526555685888,307.6526555685888,0.0,0.0,0.0
1838,GYRO_Z__quantile__q_0.8,0.0,0.0,307.6526555685888,307.6526555685888,0.0,0.0,0.0
1839,GYRO_Z__quantile__q_0.7,0.0,0.0,307.6526555685888,307.6526555685888,0.0,0.0,0.0
1840,MMA_Y__energy_ratio_by_chunks__num_segments_10__segment_focus_7,0.0,0.0,307.6526555685888,307.6526555685888,0.0,0.0,0.0
1841,MMA_Z__ratio_value_number_to_time_series_length,0.0,0.0,307.6526555685888,307.6526555685888,0.0,0.0,0.0
1842,"MMA_Y__agg_linear_trend__attr_""stderr""__chunk_len_10__f_agg_""max""",0.0,0.0,307.6526555685888,307.6526555685888,0.0,0.0,0.0
1843,MMA_Z__variance,0.0,0.0,307.6526555685888,307.6526555685888,0.0,0.0,0.0
1844,MMA_Z__maximum,0.0,0.0,307.6526555685888,307.6526555685888,0.0,0.0,0.0
1845,MMA_Z__absolute_maximum,0.0,0.0,307.6526555685888,307.6526555685888,0.0,0.0,0.0
1846,MMA_Z__percentage_of_reoccurring_datapoints_to_all_datapoints,0.0,0.0,307.6526555685888,307.6526555685888,0.0,0.0,0.0
1847,GYRO_Z__quantile__q_0.3,0.0,0.0,307.6526555685888,307.6526555685888,0.0,0.0,0.0
1848,GYRO_Z__autocorrelation__lag_5,0.0,0.0,307.6526555685888,307.6526555685888,0.0,0.0,0.0
1849,MMA_Y__ratio_beyond_r_sigma__r_2.5,0.0,0.0,307.6526555685888,307.6526555685888,0.0,0.0,0.0
1850,MMA_Y__lempel_ziv_complexity__bins_100,0.0,0.0,307.6526555685888,307.6526555685888,0.0,0.0,0.0
1851,MMA_Y__lempel_ziv_complexity__bins_10,0.0,0.0,307.6526555685888,307.6526555685888,0.0,0.0,0.0
1852,GYRO_Z__number_cwt_peaks__n_5,0.0,0.0,307.6526555685888,307.6526555685888,0.0,0.0,0.0
1853,MMA_Y__mean_n_absolute_max__number_of_maxima_7,0.0,0.0,307.6526555685888,307.6526555685888,0.0,0.0,0.0
1854,GYRO_Z__number_cwt_peaks__n_1,0.0,0.0,307.6526555685888,307.6526555685888,0.0,0.0,0.0
1855,GYRO_Y__count_above__t_0,0.0,0.0,307.6526555685888,307.6526555685888,0.0,0.0,0.0
1856,"GYRO_Z__agg_autocorrelation__f_agg_""var""__maxlag_40",0.0,0.0,307.6526555685888,307.6526555685888,0.0,0.0,0.0
1857,MMA_Z__root_mean_square,0.0,0.0,307.6526555685888,307.6526555685888,0.0,0.0,0.0
1858,MMA_Y__lempel_ziv_complexity__bins_5,0.0,0.0,307.6526555685888,307.6526555685888,0.0,0.0,0.0
1859,"GYRO_Z__agg_autocorrelation__f_agg_""median""__maxlag_40",0.0,0.0,307.6526555685888,307.6526555685888,0.0,0.0,0.0
1860,GYRO_Z__autocorrelation__lag_6,0.0,0.0,307.6526555685888,307.6526555685888,0.0,0.0,0.0
1861,"GYRO_Z__agg_autocorrelation__f_agg_""mean""__maxlag_40",0.0,0.0,307.6526555685888,307.6526555685888,0.0,0.0,0.0
1862,MMA_Z__longest_strike_below_mean,0.0,0.0,307.6526555685888,307.6526555685888,0.0,0.0,0.0
1863,GYRO_Z__autocorrelation__lag_9,0.0,0.0,307.6526555685888,307.6526555685888,0.0,0.0,0.0
1864,MMA_Y__lempel_ziv_complexity__bins_2,0.0,0.0,307.6526555685888,307.6526555685888,0.0,0.0,0.0
1865,MMA_Y__count_below__t_0,0.0,0.0,307.6526555685888,307.6526555685888,0.0,0.0,0.0
1866,MMA_Y__count_above__t_0,0.0,0.0,307.6526555685888,307.6526555685888,0.0,0.0,0.0
1867,GYRO_Z__autocorrelation__lag_8,0.0,0.0,307.6526555685888,307.6526555685888,0.0,0.0,0.0
1868,GYRO_Y__ratio_beyond_r_sigma__r_7,0.0,0.0,307.6526555685888,307.6526555685888,0.0,0.0,0.0
1869,GYRO_Z__autocorrelation__lag_7,0.0,0.0,307.6526555685888,307.6526555685888,0.0,0.0,0.0
1870,MMA_Y__ratio_beyond_r_sigma__r_5,0.0,0.0,307.6526555685888,307.6526555685888,0.0,0.0,0.0
1871,MMA_Y__ratio_beyond_r_sigma__r_3,0.0,0.0,307.6526555685888,307.6526555685888,0.0,0.0,0.0
1872,MMA_Y__lempel_ziv_complexity__bins_3,0.0,0.0,307.6526555685888,307.6526555685888,0.0,0.0,0.0
1873,GYRO_Z__quantile__q_0.2,0.0,0.0,307.6526555685888,307.6526555685888,0.0,0.0,0.0
1874,MMA_Z__autocorrelation__lag_7,0.0,0.0,307.6526555685888,307.6526555685888,0.0,0.0,0.0
1875,GYRO_Z__quantile__q_0.1,0.0,0.0,307.6526555685888,307.6526555685888,0.0,0.0,0.0
1876,GYRO_Z__maximum,0.0,0.0,307.6526555685888,307.6526555685888,0.0,0.0,0.0
1877,GYRO_Y__ratio_beyond_r_sigma__r_0.5,0.0,0.0,307.6526555685888,307.6526555685888,0.0,0.0,0.0
1878,GYRO_Y__ratio_beyond_r_sigma__r_1,0.0,0.0,307.6526555685888,307.6526555685888,0.0,0.0,0.0
1879,GYRO_Z__percentage_of_reoccurring_datapoints_to_all_datapoints,0.0,0.0,307.6526555685888,307.6526555685888,0.0,0.0,0.0
1880,GYRO_Z__permutation_entropy__dimension_6__tau_1,0.0,0.0,307.6526555685888,307.6526555685888,0.0,0.0,0.0
1881,GYRO_Z__percentage_of_reoccurring_values_to_all_values,0.0,0.0,307.6526555685888,307.6526555685888,0.0,0.0,0.0
1882,MMA_Y__energy_ratio_by_chunks__num_segments_10__segment_focus_0,0.0,0.0,307.6526555685888,307.6526555685888,0.0,0.0,0.0
1883,MMA_Z__c3__lag_1,0.0,0.0,307.6526555685888,307.6526555685888,0.0,0.0,0.0
1884,MMA_Y__number_crossing_m__m_-1,0.0,0.0,307.6526555685888,307.6526555685888,0.0,0.0,0.0
1885,GYRO_Y__ratio_beyond_r_sigma__r_1.5,0.0,0.0,307.6526555685888,307.6526555685888,0.0,0.0,0.0
1886,MMA_Y__number_crossing_m__m_0,0.0,0.0,307.6526555685888,307.6526555685888,0.0,0.0,0.0
1887,MMA_Z__mean,0.0,0.0,307.6526555685888,307.6526555685888,0.0,0.0,0.0
1888,MMA_Y__permutation_entropy__dimension_7__tau_1,0.0,0.0,307.6526555685888,307.6526555685888,0.0,0.0,0.0
1889,"MMA_Y__augmented_dickey_fuller__attr_""pvalue""__autolag_""AIC""",0.0,0.0,307.6526555685888,307.6526555685888,0.0,0.0,0.0
1890,"MMA_Y__augmented_dickey_fuller__attr_""teststat""__autolag_""AIC""",0.0,0.0,307.6526555685888,307.6526555685888,0.0,0.0,0.0
1891,"MMA_Y__agg_linear_trend__attr_""stderr""__chunk_len_50__f_agg_""var""",0.0,0.0,307.6526555685888,307.6526555685888,0.0,0.0,0.0
1892,"MMA_Y__agg_linear_trend__attr_""stderr""__chunk_len_50__f_agg_""mean""",0.0,0.0,307.6526555685888,307.6526555685888,0.0,0.0,0.0
1893,"MMA_Y__agg_linear_trend__attr_""stderr""__chunk_len_50__f_agg_""min""",0.0,0.0,307.6526555685888,307.6526555685888,0.0,0.0,0.0
1894,"MMA_Y__agg_linear_trend__attr_""stderr""__chunk_len_50__f_agg_""max""",0.0,0.0,307.6526555685888,307.6526555685888,0.0,0.0,0.0
1895,GYRO_Z__absolute_sum_of_changes,0.0,0.0,307.6526555685888,307.6526555685888,0.0,0.0,0.0
1896,MMA_Y__permutation_entropy__dimension_6__tau_1,0.0,0.0,307.6526555685888,307.6526555685888,0.0,0.0,0.0
1897,"MMA_Y__agg_linear_trend__attr_""stderr""__chunk_len_10__f_agg_""mean""",0.0,0.0,307.6526555685888,307.6526555685888,0.0,0.0,0.0
1898,"MMA_Y__agg_linear_trend__attr_""stderr""__chunk_len_10__f_agg_""min""",0.0,0.0,307.6526555685888,307.6526555685888,0.0,0.0,0.0
1899,GYRO_Z__absolute_maximum,0.0,0.0,307.6526555685888,307.6526555685888,0.0,0.0,0.0
1900,GYRO_Y__ratio_beyond_r_sigma__r_5,0.0,0.0,307.6526555685888,307.6526555685888,0.0,0.0,0.0
1901,GYRO_Z__ratio_value_number_to_time_series_length,0.0,0.0,307.6526555685888,307.6526555685888,0.0,0.0,0.0
1902,MMA_Z__minimum,0.0,0.0,307.6526555685888,307.6526555685888,0.0,0.0,0.0
1903,MMA_Z__length,0.0,0.0,307.6526555685888,307.6526555685888,0.0,0.0,0.0
1904,GYRO_Y__energy_ratio_by_chunks__num_segments_10__segment_focus_9,0.0,0.0,307.6526555685888,307.6526555685888,0.0,0.0,0.0
1905,MMA_Y__fourier_entropy__bins_5,0.0,0.0,307.6526555685888,307.6526555685888,0.0,0.0,0.0
1906,MMA_Z__standard_deviation,0.0,0.0,307.6526555685888,307.6526555685888,0.0,0.0,0.0
1907,GYRO_Z__cid_ce__normalize_False,0.0,0.0,307.6526555685888,307.6526555685888,0.0,0.0,0.0
1908,GYRO_Z__large_standard_deviation__r_0.15000000000000002,0.0,0.0,307.6526555685888,307.6526555685888,0.0,0.0,0.0
1909,MMA_Y__energy_ratio_by_chunks__num_segments_10__segment_focus_2,0.0,0.0,307.6526555685888,307.6526555685888,0.0,0.0,0.0
1910,GYRO_Z__cid_ce__normalize_True,0.0,0.0,307.6526555685888,307.6526555685888,0.0,0.0,0.0
1911,GYRO_Z__large_standard_deviation__r_0.1,0.0,0.0,307.6526555685888,307.6526555685888,0.0,0.0,0.0
1912,GYRO_Y__ratio_beyond_r_sigma__r_6,0.0,0.0,307.6526555685888,307.6526555685888,0.0,0.0,0.0
1913,MMA_Y__energy_ratio_by_chunks__num_segments_10__segment_focus_1,0.0,0.0,307.6526555685888,307.6526555685888,0.0,0.0,0.0
1914,"MMA_X__fft_coefficient__attr_""abs""__coeff_59",1.5e-323,0.0,307.6526555685888,307.6526555685888,0.0,1.5e-323,0.0
1915,"MMA_Y__fft_coefficient__attr_""abs""__coeff_57",8e-323,0.0,307.6526555685888,307.6526555685888,0.0,8e-323,0.0
1916,"ADXL_Z__fft_coefficient__attr_""abs""__coeff_54",9.4e-323,0.0,307.6526555685888,307.6526555685888,0.0,9.4e-323,0.0
1917,"MMA_Z__fft_coefficient__attr_""abs""__coeff_54",1.43e-322,0.0,307.6526555685888,307.6526555685888,0.0,1.43e-322,0.0
1918,"GYRO_Z__fft_coefficient__attr_""abs""__coeff_29",8.94e-322,0.0,307.6526555685888,307.6526555685888,0.0,8.94e-322,0.0
1919,"ADXL_X__agg_linear_trend__attr_""stderr""__chunk_len_50__f_agg_""var""",8.94e-322,0.0,307.6526555685888,307.6526555685888,0.0,8.94e-322,0.0
1920,"ADXL_Y__fft_coefficient__attr_""abs""__coeff_57",1.022e-320,0.0,307.6526555685888,307.6526555685888,0.0,1.022e-320,0.0
1921,"GYRO_Y__fft_coefficient__attr_""abs""__coeff_26",3.7855e-320,0.0,307.6526555685888,307.6526555685888,0.0,3.7855e-320,0.0
1922,ADXL_X__energy_ratio_by_chunks__num_segments_10__segment_focus_8,5.674e-320,0.0,307.6526555685888,307.6526555685888,0.0,5.674e-320,0.0
1923,"MMA_Z__fft_coefficient__attr_""abs""__coeff_56",1.0466e-319,0.0,307.6526555685888,307.6526555685888,0.0,1.0466e-319,0.0
1924,"MMA_Z__fft_coefficient__attr_""abs""__coeff_81",1.41e-319,0.0,307.6526555685888,307.6526555685888,0.0,1.41e-319,0.0
1925,"GYRO_Y__fft_coefficient__attr_""abs""__coeff_31",2.4308e-319,0.0,307.6526555685888,307.6526555685888,0.0,2.4308e-319,0.0
1926,"MMA_X__change_quantiles__f_agg_""var""__isabs_False__qh_0.4__ql_0.0",2.5434e-319,0.0,307.6526555685888,307.6526555685888,0.0,2.5434e-319,0.0
1927,MMA_X__autocorrelation__lag_2,6.724396e-318,0.0,307.6526555685888,307.6526555685888,0.0,6.724396e-318,0.0
1928,"MMA_X__fft_coefficient__attr_""abs""__coeff_87",6.76397e-318,0.0,307.6526555685888,307.6526555685888,0.0,6.76397e-318,0.0
1929,"ADXL_Z__fft_coefficient__attr_""abs""__coeff_81",7.00219e-318,0.0,307.6526555685888,307.6526555685888,0.0,7.00219e-318,0.0
1930,"MMA_X__fft_coefficient__attr_""abs""__coeff_56",1.056669e-317,0.0,307.6526555685888,307.6526555685888,0.0,1.056669e-317,0.0
1931,"ADXL_Y__fft_coefficient__attr_""abs""__coeff_37",1.1410995e-317,0.0,307.6526555685888,307.6526555685888,0.0,1.1410995e-317,0.0
1932,GYRO_Y__autocorrelation__lag_3,1.146762e-317,0.0,307.6526555685888,307.6526555685888,0.0,1.146762e-317,0.0
1933,GYRO_Z__minimum,2.0728534e-317,0.0,307.6526555685888,307.6526555685888,0.0,2.0728534e-317,0.0
1934,"MMA_Y__fft_coefficient__attr_""abs""__coeff_37",3.778281e-317,0.0,307.6526555685888,307.6526555685888,0.0,3.778281e-317,0.0
1935,"ADXL_X__linear_trend__attr_""pvalue""",6.463272e-317,0.0,307.6526555685888,307.6526555685888,0.0,6.463272e-317,0.0
1936,"GYRO_Y__fft_coefficient__attr_""abs""__coeff_21",5.16042076e-316,0.0,307.6526555685888,307.6526555685888,0.0,5.16042076e-316,0.0
1937,"GYRO_Z__fft_coefficient__attr_""abs""__coeff_58",6.2941099e-316,0.0,307.6526555685888,307.6526555685888,0.0,6.2941099e-316,0.0
1938,"MMA_Z__fft_coefficient__attr_""abs""__coeff_69",1.23941918e-315,0.0,307.6526555685888,307.6526555685888,0.0,1.23941918e-315,0.0
1939,"ADXL_Y__fft_coefficient__attr_""abs""__coeff_44",2.113872534e-315,0.0,307.6526555685888,307.6526555685888,0.0,2.113872534e-315,0.0
1940,"ADXL_Z__fft_coefficient__attr_""abs""__coeff_32",2.40904273e-315,0.0,307.6526555685888,307.6526555685888,0.0,2.40904273e-315,0.0
1941,"MMA_Y__fft_coefficient__attr_""abs""__coeff_47",1.4046045904e-314,0.0,307.6526555685888,307.6526555685888,0.0,1.4046045904e-314,0.0
1942,"ADXL_X__fft_coefficient__attr_""abs""__coeff_59",2.9584325867e-314,0.0,307.6526555685888,307.6526555685888,0.0,2.9584325867e-314,0.0
1943,"ADXL_X__agg_linear_trend__attr_""intercept""__chunk_len_5__f_agg_""var""",3.5637437934e-314,0.0,307.6526555685888,307.6526555685888,0.0,3.5637437934e-314,0.0
1944,"ADXL_Z__fft_coefficient__attr_""abs""__coeff_56",4.939275656e-314,0.0,307.6526555685888,307.6526555685888,0.0,4.939275656e-314,0.0
1945,"ADXL_Z__fft_coefficient__attr_""abs""__coeff_97",5.432589344e-314,0.0,307.6526555685888,307.6526555685888,0.0,5.432589344e-314,0.0
1946,"ADXL_Y__change_quantiles__f_agg_""var""__isabs_False__qh_1.0__ql_0.2",6.4742979314e-314,0.0,307.6526555685888,307.6526555685888,0.0,6.4742979314e-314,0.0
1947,"ADXL_Z__fft_coefficient__attr_""abs""__coeff_69",1.0482677475e-313,0.0,307.6526555685888,307.6526555685888,0.0,1.0482677475e-313,0.0
1948,"ADXL_X__fft_coefficient__attr_""abs""__coeff_54",1.0757663238e-313,0.0,307.6526555685888,307.6526555685888,0.0,1.0757663238e-313,0.0
1949,"MMA_Z__fft_coefficient__attr_""abs""__coeff_97",2.6079189505e-313,0.0,307.6526555685888,307.6526555685888,0.0,2.6079189505e-313,0.0
1950,"ADXL_X__fft_coefficient__attr_""abs""__coeff_56",2.7886011787e-313,0.0,307.6526555685888,307.6526555685888,0.0,2.7886011787e-313,0.0
1951,"GYRO_Y__fft_coefficient__attr_""abs""__coeff_69",5.1231323888e-313,0.0,307.6526555685888,307.6526555685888,0.0,5.1231323888e-313,0.0
1952,"ADXL_X__fft_coefficient__attr_""abs""__coeff_87",6.8546760464e-313,0.0,307.6526555685888,307.6526555685888,0.0,6.8546760464e-313,0.0
1953,"MMA_Z__fft_coefficient__attr_""abs""__coeff_66",1.88323506277e-312,0.0,307.6526555685888,307.6526555685888,0.0,1.88323506277e-312,0.0
1954,"MMA_Z__fft_coefficient__attr_""abs""__coeff_32",5.154030865744e-312,0.0,307.6526555685888,307.6526555685888,0.0,5.154030865744e-312,0.0
1955,"ADXL_Z__fft_coefficient__attr_""abs""__coeff_72",8.290126902117e-312,0.0,307.6526555685888,307.6526555685888,0.0,8.290126902117e-312,0.0
1956,"GYRO_Z__fft_coefficient__attr_""abs""__coeff_48",1.4145540146176e-311,0.0,307.6526555685888,307.6526555685888,0.0,1.4145540146176e-311,0.0
1957,"MMA_Y__fft_coefficient__attr_""abs""__coeff_44",2.6166480113627e-311,0.0,307.6526555685888,307.6526555685888,0.0,2.6166480113627e-311,0.0
1958,"MMA_Z__fft_coefficient__attr_""abs""__coeff_72",2.6401807711036e-311,0.0,307.6526555685888,307.6526555685888,0.0,2.6401807711036e-311,0.0
1959,MMA_Z__large_standard_deviation__r_0.25,0.0,3.5110196621345e-311,307.6526555685888,307.6526555685888,0.0,3.5110196621345e-311,0.0
1960,"GYRO_Y__fft_coefficient__attr_""abs""__coeff_81",3.6941897243557e-311,0.0,307.6526555685888,307.6526555685888,0.0,3.6941897243557e-311,0.0
1961,"MMA_Z__agg_linear_trend__attr_""rvalue""__chunk_len_10__f_agg_""max""",0.0,5.218323557995e-311,307.6526555685888,307.6526555685888,0.0,5.218323557995e-311,0.0
1962,"MMA_X__linear_trend__attr_""pvalue""",5.3600029007464e-311,0.0,307.6526555685888,307.6526555685888,0.0,5.3600029007464e-311,0.0
1963,"MMA_X__change_quantiles__f_agg_""mean""__isabs_True__qh_0.8__ql_0.6",0.0,9.0287075468205e-311,307.6526555685888,307.6526555685888,0.0,9.0287075468205e-311,0.0
1964,"ADXL_Y__fft_coefficient__attr_""abs""__coeff_47",9.258631282221e-311,0.0,307.6526555685888,307.6526555685888,0.0,9.258631282221e-311,0.0
1965,"GYRO_X__change_quantiles__f_agg_""var""__isabs_True__qh_0.6__ql_0.2",1.06377157913505e-310,0.0,307.6526555685888,307.6526555685888,0.0,1.06377157913505e-310,0.0
1966,"ADXL_Z__fft_coefficient__attr_""abs""__coeff_66",1.59542876700833e-310,0.0,307.6526555685888,307.6526555685888,0.0,1.59542876700833e-310,0.0
1967,"ADXL_Z__change_quantiles__f_agg_""var""__isabs_False__qh_0.6__ql_0.4",0.0,2.676192563993e-310,307.6526555685888,307.6526555685888,0.0,2.676192563993e-310,0.0
1968,"MMA_Z__agg_linear_trend__attr_""rvalue""__chunk_len_5__f_agg_""max""",0.0,5.5319982619161e-310,307.6526555685888,307.6526555685888,0.0,5.5319982619161e-310,0.0
1969,"ADXL_Z__agg_linear_trend__attr_""rvalue""__chunk_len_10__f_agg_""max""",0.0,1.278469659386833e-309,307.6526555685888,307.6526555685888,0.0,1.278469659386833e-309,0.0
1970,"MMA_Z__fft_coefficient__attr_""abs""__coeff_80",2.92548251964018e-309,0.0,307.6526555685888,307.6526555685888,0.0,2.92548251964018e-309,0.0
1971,ADXL_Z__index_mass_quantile__q_0.3,0.0,3.492001528496987e-309,307.6526555685888,307.6526555685888,0.0,3.492001528496987e-309,0.0
1972,ADXL_Y__ar_coefficient__coeff_0__k_10,4.40797471148097e-309,0.0,307.6526555685888,307.6526555685888,0.0,4.40797471148097e-309,0.0
1973,"ADXL_Z__agg_linear_trend__attr_""rvalue""__chunk_len_5__f_agg_""max""",0.0,4.86289285665928e-309,307.6526555685888,307.6526555685888,0.0,4.86289285665928e-309,0.0
1974,"GYRO_X__agg_linear_trend__attr_""rvalue""__chunk_len_5__f_agg_""max""",0.0,9.69817321453761e-309,307.6526555685888,307.6526555685888,0.0,9.69817321453761e-309,0.0
1975,"GYRO_Z__fft_coefficient__attr_""abs""__coeff_30",9.799470837697635e-309,0.0,307.6526555685888,307.6526555685888,0.0,9.799470837697635e-309,0.0
1976,"GYRO_Z__fft_coefficient__attr_""abs""__coeff_71",1.02064257489347e-308,0.0,307.6526555685888,307.6526555685888,0.0,1.02064257489347e-308,0.0
1977,"MMA_Y__change_quantiles__f_agg_""var""__isabs_False__qh_1.0__ql_0.6",1.578564465733632e-308,0.0,307.6526555685888,307.6526555685888,0.0,1.578564465733632e-308,0.0
1978,"GYRO_X__agg_linear_trend__attr_""slope""__chunk_len_5__f_agg_""max""",0.0,1.829306428708389e-308,307.6526555685888,307.6526555685888,0.0,1.829306428708389e-308,0.0
1979,"MMA_Y__augmented_dickey_fuller__attr_""usedlag""__autolag_""AIC""",2.03992376593892e-308,0.0,307.6526555685888,307.6526555685888,0.0,2.03992376593892e-308,0.0
1980,MMA_X__count_below_mean,0.0,5.615453640034904e-308,307.6526555685888,307.25061515384493,0.0,5.615453640034904e-308,0.0
1981,"MMA_X__change_quantiles__f_agg_""var""__isabs_True__qh_0.8__ql_0.0",7.597398074545034e-308,0.0,307.11933511763294,307.6526555685888,0.0,7.597398074545034e-308,0.0
1982,MMA_X__count_above_mean,0.0,7.882349857219041e-308,307.6526555685888,307.1033442929305,0.0,7.882349857219041e-308,0.0
1983,"MMA_Y__fft_coefficient__attr_""imag""__coeff_5",0.0,9.132558706779918e-308,307.6526555685888,307.0394075273341,0.0,9.132558706779918e-308,0.0
1984,"ADXL_Y__augmented_dickey_fuller__attr_""usedlag""__autolag_""AIC""",9.738987832706524e-308,0.0,307.01148617674687,307.6526555685888,0.0,9.738987832706524e-308,0.0
1985,MMA_Y__large_standard_deviation__r_0.15000000000000002,0.0,1.063997353743977e-307,307.6526555685888,306.9730594521686,0.0,1.063997353743977e-307,0.0
1986,"GYRO_X__change_quantiles__f_agg_""var""__isabs_False__qh_0.6__ql_0.2",1.5028907266233555e-307,0.0,306.8230725952945,307.6526555685888,0.0,1.5028907266233555e-307,0.0
1987,ADXL_Y__fourier_entropy__bins_100,0.0,2.374680888594743e-307,307.6526555685888,306.62439474293757,0.0,2.374680888594743e-307,0.0
1988,"MMA_X__fft_coefficient__attr_""abs""__coeff_58",2.469461982851379e-307,0.0,306.6073976553761,307.6526555685888,0.0,2.469461982851379e-307,0.0
1989,ADXL_Z__ratio_beyond_r_sigma__r_2.5,0.0,3.695362205455455e-307,307.6526555685888,306.43234298727697,0.0,3.695362205455455e-307,0.0
1990,"GYRO_X__fft_coefficient__attr_""abs""__coeff_14",0.0,3.695362205455455e-307,307.6526555685888,306.43234298727697,0.0,3.695362205455455e-307,0.0
1991,MMA_X__energy_ratio_by_chunks__num_segments_10__segment_focus_1,4.9137053476037286e-307,0.0,306.3085908897254,307.6526555685888,0.0,4.9137053476037286e-307,0.0
1992,MMA_Z__large_standard_deviation__r_0.35000000000000003,0.0,5.2597844701150005e-307,307.6526555685888,306.2790320515416,0.0,5.2597844701150005e-307,0.0
1993,"GYRO_X__fft_coefficient__attr_""imag""__coeff_1",0.0,5.785818962119967e-307,307.6526555685888,306.2376351595201,0.0,5.785818962119967e-307,0.0
1994,"MMA_Z__change_quantiles__f_agg_""var""__isabs_True__qh_0.6__ql_0.4",0.0,1.0289746348697491e-306,307.6526555685888,305.9875953308468,0.0,1.0289746348697491e-306,0.0
1995,ADXL_Y__large_standard_deviation__r_0.15000000000000002,0.0,1.391956313183274e-306,307.6526555685888,305.85637439492746,0.0,1.391956313183274e-306,0.0
1996,"ADXL_Y__fft_coefficient__attr_""imag""__coeff_5",0.0,1.55496687403238e-306,307.6526555685888,305.80827885845594,0.0,1.55496687403238e-306,0.0
1997,"ADXL_Z__fft_coefficient__attr_""abs""__coeff_96",1.7864845849019808e-306,0.0,305.7480007268564,307.6526555685888,0.0,1.7864845849019808e-306,0.0
1998,"MMA_Y__fft_coefficient__attr_""abs""__coeff_53",1.8319971133406744e-306,0.0,305.7370752149811,307.6526555685888,0.0,1.8319971133406744e-306,0.0
1999,"ADXL_Z__fft_coefficient__attr_""abs""__coeff_80",2.274188079330313e-306,0.0,305.64317362125,307.6526555685888,0.0,2.274188079330313e-306,0.0
2000,"MMA_X__fft_coefficient__attr_""abs""__coeff_84",3.709914732977813e-306,0.0,305.43063607190055,307.6526555685888,0.0,3.709914732977813e-306,0.0
2001,"ADXL_X__fft_coefficient__attr_""abs""__coeff_84",6.576972131674132e-306,0.0,305.18197399835447,307.6526555685888,0.0,6.576972131674132e-306,0.0
2002,"MMA_Z__fft_coefficient__attr_""abs""__coeff_96",7.543279285706979e-306,0.0,305.1224398124755,307.6526555685888,0.0,7.543279285706979e-306,0.0
2003,"MMA_X__fft_coefficient__attr_""abs""__coeff_90",1.0147091236191336e-305,0.0,304.9936584347081,307.6526555685888,0.0,1.0147091236191336e-305,0.0
2004,"GYRO_Z__agg_linear_trend__attr_""slope""__chunk_len_50__f_agg_""max""",0.0,1.9939710534578333e-305,307.6526555685888,304.7002811506456,0.0,1.9939710534578333e-305,0.0
2005,"MMA_Y__fft_coefficient__attr_""imag""__coeff_6",0.0,2.326332634567308e-305,307.6526555685888,304.6333281868438,0.0,2.326332634567308e-305,0.0
2006,"ADXL_Y__fft_coefficient__attr_""abs""__coeff_53",2.484652512430072e-305,0.0,304.6047343403256,307.6526555685888,0.0,2.484652512430072e-305,0.0
2007,MMA_Z__ratio_beyond_r_sigma__r_2.5,0.0,4.1078403650743647e-305,307.6526555685888,304.3863864418796,0.0,4.1078403650743647e-305,0.0
2008,GYRO_X__ar_coefficient__coeff_3__k_10,0.0,5.659680621075775e-305,307.6526555685888,304.24720807559936,0.0,5.659680621075775e-305,0.0
2009,GYRO_Z__fourier_entropy__bins_10,0.0,2.2500538676331088e-304,307.6526555685888,303.64780708449496,0.0,2.2500538676331088e-304,0.0
2010,"ADXL_X__fft_coefficient__attr_""abs""__coeff_58",7.580487582656044e-304,0.0,303.1203028593222,307.6526555685888,0.0,7.580487582656044e-304,0.0
2011,ADXL_Y__cid_ce__normalize_True,9.226596955030088e-304,0.0,303.03495845023843,307.6526555685888,0.0,9.226596955030088e-304,0.0
2012,"ADXL_Y__change_quantiles__f_agg_""var""__isabs_False__qh_0.2__ql_0.0",9.665049366754613e-304,0.0,303.01479592335767,307.6526555685888,0.0,9.665049366754613e-304,0.0
2013,"ADXL_Y__fft_coefficient__attr_""imag""__coeff_6",0.0,1.0080331424525963e-303,307.6526555685888,302.99652518877576,0.0,1.0080331424525963e-303,0.0
2014,"GYRO_Z__fft_coefficient__attr_""abs""__coeff_95",2.029419358747993e-303,0.0,302.69262820118166,307.6526555685888,0.0,2.029419358747993e-303,0.0
2015,"GYRO_Y__fft_coefficient__attr_""abs""__coeff_83",2.1482156208329508e-303,0.0,302.66792212975173,307.6526555685888,0.0,2.1482156208329508e-303,0.0
2016,"MMA_X__fft_coefficient__attr_""abs""__coeff_75",2.191191625300344e-303,0.0,302.6593196406175,307.6526555685888,0.0,2.191191625300344e-303,0.0
2017,"ADXL_X__fft_coefficient__attr_""abs""__coeff_90",4.586932094977372e-303,0.0,302.3384776891235,307.6526555685888,0.0,4.586932094977372e-303,0.0
2018,"ADXL_Y__change_quantiles__f_agg_""var""__isabs_True__qh_0.4__ql_0.0",1.1212555588291122e-301,0.0,300.95029539084834,307.6526555685888,0.0,1.1212555588291122e-301,0.0
2019,MMA_Z__ratio_beyond_r_sigma__r_7,0.0,1.18385283185529e-301,307.6526555685888,300.92670228265166,0.0,1.18385283185529e-301,0.0
2020,"ADXL_X__fft_coefficient__attr_""abs""__coeff_75",1.1978334431619375e-301,0.0,300.9216035657067,307.6526555685888,0.0,1.1978334431619375e-301,0.0
2021,"GYRO_X__agg_linear_trend__attr_""rvalue""__chunk_len_50__f_agg_""min""",0.0,1.992969334289106e-301,307.6526555685888,300.7004993837137,0.0,1.992969334289106e-301,0.0
2022,"GYRO_Y__fft_coefficient__attr_""abs""__coeff_64",2.1546038420239213e-301,0.0,300.6666325700689,307.6526555685888,0.0,2.1546038420239213e-301,0.0
2023,"MMA_Z__fft_coefficient__attr_""abs""__coeff_99",4.2833001013791975e-301,0.0,300.36822149651,307.6526555685888,0.0,4.2833001013791975e-301,0.0
2024,"ADXL_X__change_quantiles__f_agg_""mean""__isabs_True__qh_0.4__ql_0.2",0.0,4.706724465917046e-301,307.6526555685888,300.3272812247727,0.0,4.706724465917046e-301,0.0
2025,"ADXL_X__change_quantiles__f_agg_""var""__isabs_False__qh_0.8__ql_0.6",0.0,6.604470791224919e-301,307.6526555685888,300.18016197618095,0.0,6.604470791224919e-301,0.0
2026,MMA_Y__ar_coefficient__coeff_0__k_10,1.079835672593058e-300,0.0,299.96664232962047,307.6526555685888,0.0,1.079835672593058e-300,0.0
2027,"MMA_Z__agg_linear_trend__attr_""stderr""__chunk_len_10__f_agg_""var""",1.0853599163225056e-300,0.0,299.9644262214901,307.6526555685888,0.0,1.0853599163225056e-300,0.0
2028,ADXL_Y__ratio_beyond_r_sigma__r_6,0.0,1.1390883261138631e-300,307.6526555685888,299.9434425989616,0.0,1.1390883261138631e-300,0.0
2029,ADXL_Z__index_mass_quantile__q_0.2,0.0,1.1975143916653191e-300,307.6526555685888,299.92171925855365,0.0,1.1975143916653191e-300,0.0
2030,"MMA_Z__change_quantiles__f_agg_""mean""__isabs_False__qh_1.0__ql_0.0",0.0,1.4982786300348547e-300,307.6526555685888,299.82440741478456,0.0,1.4982786300348547e-300,0.0
2031,MMA_Z__mean_change,0.0,1.4982786300348547e-300,307.6526555685888,299.82440741478456,0.0,1.4982786300348547e-300,0.0
2032,ADXL_Z__ratio_beyond_r_sigma__r_7,0.0,1.6549597655885488e-300,307.6526555685888,299.78121256007273,0.0,1.6549597655885488e-300,0.0
2033,GYRO_Y__fourier_entropy__bins_100,1.217e-320,1.935169154904058e-300,307.6526555685888,299.71328106690834,1.217e-320,1.935169154904058e-300,0.0
2034,"ADXL_Z__change_quantiles__f_agg_""mean""__isabs_False__qh_1.0__ql_0.0",0.0,4.168237597745586e-300,307.6526555685888,299.38004753336287,0.0,4.168237597745586e-300,0.0
2035,ADXL_Z__mean_change,0.0,4.168237597745586e-300,307.6526555685888,299.38004753336287,0.0,4.168237597745586e-300,0.0
2036,"ADXL_Y__fft_coefficient__attr_""abs""__coeff_64",6.175358729382801e-300,0.0,299.2093378089725,307.6526555685888,0.0,6.175358729382801e-300,0.0
2037,GYRO_X__spkt_welch_density__coeff_2,1.8044758293839948e-299,0.0,298.7436489308588,307.6526555685888,0.0,1.8044758293839948e-299,0.0
2038,ADXL_Z__autocorrelation__lag_1,2.9751508516575154e-299,0.0,298.52649100896684,307.6526555685888,0.0,2.9751508516575154e-299,0.0
2039,ADXL_Z__partial_autocorrelation__lag_1,2.9751508516575154e-299,0.0,298.52649100896684,307.6526555685888,0.0,2.9751508516575154e-299,0.0
2040,"MMA_Z__fft_coefficient__attr_""abs""__coeff_53",3.2926675925170406e-299,0.0,298.4824521107768,307.6526555685888,0.0,3.2926675925170406e-299,0.0
2041,"ADXL_Z__fft_coefficient__attr_""abs""__coeff_99",3.349233669294033e-299,0.0,298.47505455155095,307.6526555685888,0.0,3.349233669294033e-299,0.0
2042,"MMA_Y__fft_coefficient__attr_""abs""__coeff_64",3.386746889524862e-299,0.0,298.47021725939027,307.6526555685888,0.0,3.386746889524862e-299,0.0
2043,"GYRO_Z__agg_linear_trend__attr_""slope""__chunk_len_50__f_agg_""min""",0.0,3.4642079750880107e-299,307.6526555685888,298.46039604283203,0.0,3.4642079750880107e-299,0.0
2044,"ADXL_X__fft_coefficient__attr_""abs""__coeff_28",4.616620281536608e-299,0.0,298.335675844837,307.6526555685888,0.0,4.616620281536608e-299,0.0
2045,"MMA_Z__agg_linear_trend__attr_""rvalue""__chunk_len_50__f_agg_""max""",0.0,6.101540244276605e-299,307.6526555685888,298.21456051988207,0.0,6.101540244276605e-299,0.0
2046,GYRO_Y__ratio_beyond_r_sigma__r_3,0.0,6.428385172672573e-299,307.6526555685888,298.19189810929595,0.0,6.428385172672573e-299,0.0
2047,MMA_X__large_standard_deviation__r_0.35000000000000003,0.0,1.033178842893532e-298,307.6526555685888,297.9858244957514,0.0,1.033178842893532e-298,0.0
2048,"GYRO_Y__augmented_dickey_fuller__attr_""teststat""__autolag_""AIC""",0.0,1.088981864326128e-298,307.6526555685888,297.9629793528325,0.0,1.088981864326128e-298,0.0
2049,MMA_Z__quantile__q_0.4,0.0,1.3576053440094235e-298,307.6526555685888,297.86722646115203,0.0,1.3576053440094235e-298,0.0
2050,"ADXL_Z__fft_coefficient__attr_""abs""__coeff_53",1.7046073871973525e-298,0.0,297.7683756338026,307.6526555685888,0.0,1.7046073871973525e-298,0.0
2051,"GYRO_Z__agg_linear_trend__attr_""intercept""__chunk_len_10__f_agg_""min""",0.0,2.0078465847161858e-298,307.6526555685888,297.6972694737763,0.0,2.0078465847161858e-298,0.0
2052,"ADXL_Z__fft_coefficient__attr_""abs""__coeff_50",3.548844769132705e-298,0.0,297.44991299681567,307.6526555685888,0.0,3.548844769132705e-298,0.0
2053,"GYRO_X__change_quantiles__f_agg_""var""__isabs_True__qh_1.0__ql_0.4",3.8306380356148255e-298,0.0,297.4167288834024,307.6526555685888,0.0,3.8306380356148255e-298,0.0
2054,MMA_Y__ratio_beyond_r_sigma__r_6,0.0,4.269229988621911e-298,307.6526555685888,297.3696504485929,0.0,4.269229988621911e-298,0.0
2055,"GYRO_Z__fft_coefficient__attr_""abs""__coeff_57",5.528054390436911e-298,0.0,297.25742769259654,307.6526555685888,0.0,5.528054390436911e-298,0.0
2056,"MMA_X__fft_coefficient__attr_""abs""__coeff_28",7.604134238652686e-298,0.0,297.11895022497447,307.6526555685888,0.0,7.604134238652686e-298,0.0
2057,"GYRO_Y__fft_coefficient__attr_""abs""__coeff_71",1.0813062535143164e-297,0.0,296.9660512853488,307.6526555685888,0.0,1.0813062535143164e-297,0.0
2058,"MMA_Y__change_quantiles__f_agg_""var""__isabs_True__qh_1.0__ql_0.6",1.2340442549421609e-297,0.0,296.908669265479,307.6526555685888,0.0,1.2340442549421609e-297,0.0
2059,ADXL_Y__partial_autocorrelation__lag_3,0.0,1.658922824155401e-297,307.6526555685888,296.78017381760617,0.0,1.658922824155401e-297,0.0
2060,MMA_Z__benford_correlation,0.0,1.7114214221028343e-297,307.6526555685888,296.76664303618753,0.0,1.7114214221028343e-297,0.0
2061,"MMA_X__fft_coefficient__attr_""abs""__coeff_77",2.067171545734125e-297,0.0,296.68462348163376,307.6526555685888,0.0,2.067171545734125e-297,0.0
2062,ADXL_X__autocorrelation__lag_2,2.4308964998900838e-297,0.0,296.61423353168874,307.6526555685888,0.0,2.4308964998900838e-297,0.0
2063,"MMA_Z__fft_coefficient__attr_""abs""__coeff_50",3.140288201872476e-297,0.0,296.5030304924557,307.6526555685888,0.0,3.140288201872476e-297,0.0
2064,GYRO_Y__index_mass_quantile__q_0.2,0.0,3.193766863904565e-297,307.6526555685888,296.4956967893294,0.0,3.193766863904565e-297,0.0
2065,"GYRO_Y__fft_coefficient__attr_""abs""__coeff_80",4.3102970532160466e-297,0.0,296.3654927984873,307.6526555685888,0.0,4.3102970532160466e-297,0.0
2066,"ADXL_Z__agg_linear_trend__attr_""rvalue""__chunk_len_50__f_agg_""max""",0.0,4.527719112684296e-297,307.6526555685888,296.34412052342645,0.0,4.527719112684296e-297,0.0
2067,GYRO_X__ratio_beyond_r_sigma__r_3,0.0,5.807716871627319e-297,307.6526555685888,296.23599456381055,0.0,5.807716871627319e-297,0.0
2068,MMA_X__fourier_entropy__bins_10,0.0,1.301489615763981e-296,307.6526555685888,295.88555929265993,0.0,1.301489615763981e-296,0.0
2069,MMA_Z__range_count__max_0__min_-1000000000000.0,0.0,1.912358852849997e-296,307.6526555685888,295.71843060934583,0.0,1.912358852849997e-296,0.0
2070,"ADXL_Z__change_quantiles__f_agg_""var""__isabs_True__qh_0.6__ql_0.0",2.2811878821470996e-296,0.0,295.6418389440879,307.6526555685888,0.0,2.2811878821470996e-296,0.0
2071,ADXL_Z__quantile__q_0.4,0.0,2.6544388812633913e-296,307.6526555685888,295.5760272698842,0.0,2.6544388812633913e-296,0.0
2072,"GYRO_X__change_quantiles__f_agg_""var""__isabs_False__qh_0.6__ql_0.4",2.917090299455301e-296,0.0,295.53505012694677,307.6526555685888,0.0,2.917090299455301e-296,0.0
2073,"MMA_X__change_quantiles__f_agg_""var""__isabs_False__qh_1.0__ql_0.0",3.4645432993428386e-296,0.0,295.4603540065493,307.6526555685888,0.0,3.4645432993428386e-296,0.0
2074,MMA_Y__skewness,4.6718550600954285e-296,8.57644927078815e-306,295.33051063926405,305.06669247686847,8.57644927078815e-306,4.6718550600954285e-296,0.0
2075,"GYRO_Z__fft_coefficient__attr_""abs""__coeff_60",7.767409867906521e-296,0.0,295.1097237775449,307.6526555685888,0.0,7.767409867906521e-296,0.0
2076,"ADXL_X__fft_coefficient__attr_""abs""__coeff_77",1.267445718311281e-295,0.0,294.8970706313971,307.6526555685888,0.0,1.267445718311281e-295,0.0
2077,GYRO_X__fourier_entropy__bins_3,0.0,4.743417402114476e-295,307.6526555685888,294.3239086574567,0.0,4.743417402114476e-295,0.0
2078,"GYRO_X__fft_coefficient__attr_""abs""__coeff_17",0.0,5.5801167991546155e-295,307.6526555685888,294.25335671061487,0.0,5.5801167991546155e-295,0.0
2079,"MMA_Z__fft_coefficient__attr_""abs""__coeff_73",1.148872311921576e-294,0.0,293.9397282370292,307.6526555685888,0.0,1.148872311921576e-294,0.0
2080,ADXL_X__fourier_entropy__bins_10,0.0,1.2692431167299405e-294,307.6526555685888,293.8964551831523,0.0,1.2692431167299405e-294,0.0
2081,GYRO_X__ar_coefficient__coeff_1__k_10,0.0,2.315147943947556e-294,307.6526555685888,293.63542125121745,0.0,2.315147943947556e-294,0.0
2082,"GYRO_X__fft_aggregated__aggtype_""kurtosis""",0.0,5.468915978785422e-294,307.6526555685888,293.2620987488196,0.0,5.468915978785422e-294,0.0
2083,"GYRO_X__fft_coefficient__attr_""real""__coeff_1",0.0,8.444937740489478e-294,307.6526555685888,293.07340354787647,0.0,8.444937740489478e-294,0.0
2084,"ADXL_Z__fft_coefficient__attr_""real""__coeff_1",0.0,1.3062889087467265e-293,307.6526555685888,292.8839607605814,0.0,1.3062889087467265e-293,0.0
2085,"GYRO_Z__fft_coefficient__attr_""abs""__coeff_56",1.6303992918092726e-293,0.0,292.78770602198057,307.6526555685888,0.0,1.6303992918092726e-293,0.0
2086,"MMA_Z__fft_coefficient__attr_""real""__coeff_1",0.0,2.0415964554714225e-293,307.6526555685888,292.690030096961,0.0,2.0415964554714225e-293,0.0
2087,"GYRO_Y__fft_coefficient__attr_""abs""__coeff_54",2.5335614274662706e-293,0.0,292.59626856155836,307.6526555685888,0.0,2.5335614274662706e-293,0.0
2088,"MMA_X__change_quantiles__f_agg_""mean""__isabs_True__qh_0.4__ql_0.2",0.0,2.789044769979477e-293,307.6526555685888,292.55454451434673,0.0,2.789044769979477e-293,0.0
2089,ADXL_Z__large_standard_deviation__r_0.25,0.0,3.639256593722948e-293,307.6526555685888,292.43898732245464,0.0,3.639256593722948e-293,0.0
2090,"ADXL_Z__fft_coefficient__attr_""abs""__coeff_73",5.399245035188578e-293,0.0,292.2676669623944,307.6526555685888,0.0,5.399245035188578e-293,0.0
2091,"GYRO_Z__fft_coefficient__attr_""abs""__coeff_65",8.701506202785139e-293,0.0,292.060405565894,307.6526555685888,0.0,8.701506202785139e-293,0.0
2092,ADXL_X__benford_correlation,1.0748443301680436e-292,2.052916828276677e-307,291.96865443011535,306.6876286452481,2.052916828276677e-307,1.0748443301680436e-292,0.0
2093,"MMA_Z__fft_coefficient__attr_""abs""__coeff_51",2.7967116191468936e-292,0.0,291.55335231327456,307.6526555685888,0.0,2.7967116191468936e-292,0.0
2094,MMA_Z__index_mass_quantile__q_0.1,0.0,3.9276093249541024e-292,307.6526555685888,291.4058717175385,0.0,3.9276093249541024e-292,0.0
2095,"MMA_Z__fft_coefficient__attr_""abs""__coeff_55",5.047610859243632e-292,0.0,291.2969141339932,307.6526555685888,0.0,5.047610859243632e-292,0.0
2096,"GYRO_X__agg_linear_trend__attr_""intercept""__chunk_len_10__f_agg_""var""",1.82588054631757e-291,0.0,290.738527638506,307.6526555685888,0.0,1.82588054631757e-291,0.0
2097,"MMA_Z__fft_coefficient__attr_""abs""__coeff_98",2.3156507539555187e-291,0.0,290.63532694022405,307.6526555685888,0.0,2.3156507539555187e-291,0.0
2098,"MMA_Y__fft_coefficient__attr_""abs""__coeff_52",2.7192102974686303e-291,0.0,290.56555720377753,307.6526555685888,0.0,2.7192102974686303e-291,0.0
2099,"GYRO_Z__fft_coefficient__attr_""abs""__coeff_59",3.457224882625713e-291,0.0,290.46127236992044,307.6526555685888,0.0,3.457224882625713e-291,0.0
2100,"ADXL_Z__change_quantiles__f_agg_""var""__isabs_True__qh_0.6__ql_0.4",0.0,1.0004358239056808e-290,307.6526555685888,289.99981076531617,0.0,1.0004358239056808e-290,0.0
2101,"ADXL_Z__fft_coefficient__attr_""abs""__coeff_51",2.647154840718343e-290,0.0,289.57722065465526,307.6526555685888,0.0,2.647154840718343e-290,0.0
2102,"MMA_Z__change_quantiles__f_agg_""var""__isabs_True__qh_1.0__ql_0.0",2.9479711105985015e-290,0.0,289.5304767767727,307.6526555685888,0.0,2.9479711105985015e-290,0.0
2103,"MMA_Z__fft_coefficient__attr_""abs""__coeff_92",5.250553372552668e-290,0.0,289.2797949225024,307.6526555685888,0.0,5.250553372552668e-290,0.0
2104,"ADXL_Z__fft_coefficient__attr_""abs""__coeff_92",6.789784252910719e-290,0.0,289.1681440253158,307.6526555685888,0.0,6.789784252910719e-290,0.0
2105,"GYRO_Z__fft_coefficient__attr_""abs""__coeff_99",8.835541738331221e-290,0.0,289.0537668172093,307.6526555685888,0.0,8.835541738331221e-290,0.0
2106,"ADXL_Z__fft_coefficient__attr_""abs""__coeff_55",1.1382130745835161e-289,0.0,288.94377642998506,307.6526555685888,0.0,1.1382130745835161e-289,0.0
2107,"GYRO_Z__fft_coefficient__attr_""abs""__coeff_97",1.300516863707261e-289,0.0,288.88588401196677,307.6526555685888,0.0,1.300516863707261e-289,0.0
2108,ADXL_Z__ar_coefficient__coeff_0__k_10,8.683465282701853e-289,0.0,288.0613069277236,307.6526555685888,0.0,8.683465282701853e-289,0.0
2109,GYRO_Z__quantile__q_0.4,0.0,8.702878324568267e-289,307.6526555685888,288.0603370883308,0.0,8.702878324568267e-289,0.0
2110,"MMA_X__agg_linear_trend__attr_""stderr""__chunk_len_10__f_agg_""var""",1.162249972677275e-288,0.0,287.93470045535446,307.6526555685888,0.0,1.162249972677275e-288,0.0
2111,"GYRO_Z__fft_coefficient__attr_""abs""__coeff_70",1.2006075692946741e-288,0.0,287.9205989229387,307.6526555685888,0.0,1.2006075692946741e-288,0.0
2112,"GYRO_Y__fft_aggregated__aggtype_""kurtosis""",0.0,6.652307666568339e-288,307.6526555685888,287.17702767304195,0.0,6.652307666568339e-288,0.0
2113,"GYRO_Z__fft_coefficient__attr_""abs""__coeff_77",8.041904638892538e-288,0.0,287.09464108107744,307.6526555685888,0.0,8.041904638892538e-288,0.0
2114,"ADXL_Y__fft_coefficient__attr_""abs""__coeff_52",1.413571953376199e-287,0.0,286.849682080235,307.6526555685888,0.0,1.413571953376199e-287,0.0
2115,"GYRO_X__fft_coefficient__attr_""abs""__coeff_16",0.0,1.94125706469198e-287,307.6526555685888,286.71191695076055,0.0,1.94125706469198e-287,0.0
2116,MMA_Z__index_mass_quantile__q_0.4,0.0,1.992233298857756e-287,307.6526555685888,286.7006598052327,0.0,1.992233298857756e-287,0.0
2117,"ADXL_Z__fft_coefficient__attr_""abs""__coeff_98",2.4552201414956295e-287,0.0,286.6099095618097,307.6526555685888,0.0,2.4552201414956295e-287,0.0
2118,"GYRO_X__change_quantiles__f_agg_""var""__isabs_False__qh_0.4__ql_0.0",3.0841361236035176e-287,0.0,286.510866461871,307.6526555685888,0.0,3.0841361236035176e-287,0.0
2119,"GYRO_Y__fft_coefficient__attr_""abs""__coeff_59",4.9924421635875564e-287,0.0,286.3016869576401,307.6526555685888,0.0,4.9924421635875564e-287,0.0
2120,"GYRO_Y__fft_coefficient__attr_""abs""__coeff_63",7.486770952427266e-287,0.0,286.1257054533176,307.6526555685888,0.0,7.486770952427266e-287,0.0
2121,"GYRO_Z__fft_coefficient__attr_""abs""__coeff_90",8.992018084963101e-287,0.0,286.0461428283106,307.6526555685888,0.0,8.992018084963101e-287,0.0
2122,ADXL_Y__kurtosis,2.5309389079408867e-286,0.0,285.59671833775934,307.6526555685888,0.0,2.5309389079408867e-286,0.0
2123,"MMA_Z__fft_aggregated__aggtype_""kurtosis""",0.0,3.1686741446312317e-286,307.6526555685888,285.4991224198393,0.0,3.1686741446312317e-286,0.0
2124,MMA_X__fourier_entropy__bins_5,0.0,6.1174142608971275e-286,307.6526555685888,285.21343210882213,0.0,6.1174142608971275e-286,0.0
2125,"ADXL_Y__change_quantiles__f_agg_""mean""__isabs_False__qh_0.4__ql_0.2",0.0,1.3304137814298018e-285,307.6526555685888,284.8760132650153,0.0,1.3304137814298018e-285,0.0
2126,"MMA_Z__fft_coefficient__attr_""abs""__coeff_58",3.1494617746516933e-285,0.0,284.50176365835983,307.6526555685888,0.0,3.1494617746516933e-285,0.0
2127,ADXL_Y__skewness,6.950938539752577e-285,3.6326758900656105e-302,284.1579565515082,301.43977334847233,3.6326758900656105e-302,6.950938539752577e-285,0.0
2128,MMA_Y__large_standard_deviation__r_0.2,0.0,7.60668115246459e-285,307.6526555685888,284.1188047875871,0.0,7.60668115246459e-285,0.0
2129,"GYRO_Y__fft_coefficient__attr_""abs""__coeff_52",7.760537813034666e-285,0.0,284.11010818065677,307.6526555685888,0.0,7.760537813034666e-285,0.0
2130,GYRO_X__mean,0.0,9.752004481560243e-285,307.6526555685888,284.0109061078084,0.0,9.752004481560243e-285,0.0
2131,ADXL_X__number_crossing_m__m_0,9.793782937878878e-285,1.5142284914127686e-287,284.009049525591,286.819808586479,1.5142284914127686e-287,9.793782937878878e-285,0.0
2132,"GYRO_Y__fft_coefficient__attr_""abs""__coeff_25",2.095729107284297e-284,0.0,283.67866485471063,307.6526555685888,0.0,2.095729107284297e-284,0.0
2133,GYRO_Z__quantile__q_0.6,0.0,2.1251132774357003e-284,307.6526555685888,283.67261791528233,0.0,2.1251132774357003e-284,0.0
2134,"MMA_X__change_quantiles__f_agg_""var""__isabs_False__qh_1.0__ql_0.6",5.1422768787913424e-284,0.0,283.28884454307746,307.6526555685888,0.0,5.1422768787913424e-284,0.0
2135,ADXL_X__fourier_entropy__bins_5,0.0,5.1893796948446355e-284,307.6526555685888,283.2848845518252,0.0,5.1893796948446355e-284,0.0
2136,ADXL_Y__large_standard_deviation__r_0.1,0.0,6.439572854920671e-284,307.6526555685888,283.1911429389916,0.0,6.439572854920671e-284,0.0
2137,"GYRO_X__change_quantiles__f_agg_""var""__isabs_False__qh_0.8__ql_0.6",7.376243014890452e-284,0.0,283.1321647836183,307.6526555685888,0.0,7.376243014890452e-284,0.0
2138,"GYRO_X__fft_coefficient__attr_""abs""__coeff_15",0.0,1.2916056632453634e-283,307.6526555685888,282.88887005941916,0.0,1.2916056632453634e-283,0.0
2139,"MMA_Z__agg_linear_trend__attr_""intercept""__chunk_len_10__f_agg_""min""",0.0,1.7417347374231981e-283,307.6526555685888,282.75901798643827,0.0,1.7417347374231981e-283,0.0
2140,MMA_Z__energy_ratio_by_chunks__num_segments_10__segment_focus_8,0.0,2.327383155936473e-283,307.6526555685888,282.6331321131418,0.0,2.327383155936473e-283,0.0
2141,MMA_Y__symmetry_looking__r_0.15000000000000002,0.0,2.985564254890028e-283,307.6526555685888,282.52497357755743,0.0,2.985564254890028e-283,0.0
2142,"ADXL_Y__fft_coefficient__attr_""abs""__coeff_36",3.373981429003712e-283,0.0,282.4718573121747,307.6526555685888,0.0,3.373981429003712e-283,0.0
2143,GYRO_Z__autocorrelation__lag_2,3.4454337743832486e-283,0.0,282.46275609336107,307.6526555685888,0.0,3.4454337743832486e-283,0.0
2144,"MMA_X__change_quantiles__f_agg_""var""__isabs_False__qh_0.8__ql_0.6",0.0,6.425581073155601e-283,307.6526555685888,282.1920875924396,0.0,6.425581073155601e-283,0.0
2145,MMA_Y__large_standard_deviation__r_0.1,0.0,8.954782787759793e-283,307.6526555685888,282.047944944178,0.0,8.954782787759793e-283,0.0
2146,MMA_Z__ar_coefficient__coeff_0__k_10,4.0707220257624e-311,1.0481037537907e-282,307.6526555685888,281.9795957235847,4.0707220257624e-311,1.0481037537907e-282,0.0
2147,"MMA_X__fft_coefficient__attr_""abs""__coeff_92",1.6736052440100534e-282,0.0,281.77634697200915,307.6526555685888,0.0,1.6736052440100534e-282,0.0
2148,"MMA_Z__fft_coefficient__attr_""abs""__coeff_61",1.990749848980745e-282,0.0,281.7009833085475,307.6526555685888,0.0,1.990749848980745e-282,0.0
2149,"ADXL_Z__fft_coefficient__attr_""abs""__coeff_58",2.3263565869220115e-282,0.0,281.6333237152898,307.6526555685888,0.0,2.3263565869220115e-282,0.0
2150,"GYRO_Y__fft_coefficient__attr_""abs""__coeff_73",2.769907558656626e-282,0.0,281.55753472459446,307.6526555685888,0.0,2.769907558656626e-282,0.0
2151,"GYRO_Z__change_quantiles__f_agg_""var""__isabs_True__qh_1.0__ql_0.6",2.916298193639603e-282,0.0,281.5351680711527,307.6526555685888,0.0,2.916298193639603e-282,0.0
2152,"MMA_Y__agg_linear_trend__attr_""stderr""__chunk_len_10__f_agg_""var""",3.659764908823993e-282,0.0,281.43654681134865,307.6526555685888,0.0,3.659764908823993e-282,0.0
2153,"ADXL_Z__agg_linear_trend__attr_""intercept""__chunk_len_10__f_agg_""min""",0.0,6.717835294502151e-282,307.6526555685888,281.17277064824157,0.0,6.717835294502151e-282,0.0
2154,"ADXL_X__change_quantiles__f_agg_""var""__isabs_True__qh_0.8__ql_0.6",0.0,7.745012958588044e-282,307.6526555685888,281.11097785126327,0.0,7.745012958588044e-282,0.0
2155,"ADXL_Z__fft_coefficient__attr_""abs""__coeff_61",8.96712321645432e-282,0.0,281.04734686259764,307.6526555685888,0.0,8.96712321645432e-282,0.0
2156,"GYRO_Z__fft_coefficient__attr_""abs""__coeff_87",1.0660387695239068e-281,0.0,280.9722270006714,307.6526555685888,0.0,1.0660387695239068e-281,0.0
2157,"GYRO_Y__fft_coefficient__attr_""abs""__coeff_17",1.0898094001509462e-281,0.0,280.9626494504087,307.6526555685888,0.0,1.0898094001509462e-281,0.0
2158,"GYRO_Y__agg_linear_trend__attr_""slope""__chunk_len_50__f_agg_""max""",0.0,1.7276763571067463e-281,307.6526555685888,280.76253760993984,0.0,1.7276763571067463e-281,0.0
2159,MMA_Z__quantile__q_0.2,0.0,3.5899227435116046e-281,307.6526555685888,280.4449148975018,0.0,3.5899227435116046e-281,0.0
2160,"ADXL_Z__fft_coefficient__attr_""abs""__coeff_57",5.606889450582561e-281,0.0,280.25127800667576,307.6526555685888,0.0,5.606889450582561e-281,0.0
2161,MMA_Y__fourier_entropy__bins_3,1.4528859648259143e-291,5.993570055205736e-281,290.8377684715866,280.2223144141012,1.4528859648259143e-291,5.993570055205736e-281,0.0
2162,"GYRO_X__fft_coefficient__attr_""abs""__coeff_52",1.2450053198775343e-280,1.019327323796744e-289,279.9048287928345,288.9916863340583,1.019327323796744e-289,1.2450053198775343e-280,0.0
2163,MMA_X__maximum,1.3878875079672084e-280,0.0,279.85764573319597,307.6526555685888,0.0,1.3878875079672084e-280,0.0
2164,"GYRO_X__linear_trend__attr_""slope""",0.0,2.3999742380105205e-280,307.6526555685888,279.61979342010085,0.0,2.3999742380105205e-280,0.0
2165,"GYRO_X__agg_linear_trend__attr_""slope""__chunk_len_5__f_agg_""mean""",0.0,2.3999742380105205e-280,307.6526555685888,279.61979342010085,0.0,2.3999742380105205e-280,0.0
2166,"GYRO_X__agg_linear_trend__attr_""slope""__chunk_len_10__f_agg_""mean""",0.0,2.536108266356325e-280,307.6526555685888,279.5958322103812,0.0,2.536108266356325e-280,0.0
2167,"ADXL_X__fft_coefficient__attr_""abs""__coeff_92",2.979105848815553e-280,0.0,279.52591406585515,307.6526555685888,0.0,2.979105848815553e-280,0.0
2168,"GYRO_X__agg_linear_trend__attr_""slope""__chunk_len_50__f_agg_""mean""",0.0,3.515348152118538e-280,307.6526555685888,279.45403165697235,0.0,3.515348152118538e-280,0.0
2169,"MMA_Y__fft_coefficient__attr_""abs""__coeff_36",4.550942977001759e-280,0.0,279.3418986061391,307.6526555685888,0.0,4.550942977001759e-280,0.0
2170,MMA_X__symmetry_looking__r_0.15000000000000002,0.0,9.791104828814149e-280,307.6526555685888,279.00916829961824,0.0,9.791104828814149e-280,0.0
2171,"GYRO_Y__fft_coefficient__attr_""abs""__coeff_86",1.0531219172287066e-279,0.0,278.97752134874355,307.6526555685888,0.0,1.0531219172287066e-279,0.0
2172,"GYRO_Z__fft_coefficient__attr_""abs""__coeff_27",2.0961394205088028e-279,0.0,278.6785798345013,307.6526555685888,0.0,2.0961394205088028e-279,0.0
2173,"GYRO_X__fft_coefficient__attr_""real""__coeff_0",0.0,2.4260660907194585e-279,307.6526555685888,278.615097372289,0.0,2.4260660907194585e-279,0.0
2174,GYRO_X__sum_values,0.0,2.4260660907194585e-279,307.6526555685888,278.615097372289,0.0,2.4260660907194585e-279,0.0
2175,"MMA_X__fft_coefficient__attr_""abs""__coeff_93",2.472651815907141e-279,0.0,278.60683703409416,307.6526555685888,0.0,2.472651815907141e-279,0.0
2176,"GYRO_X__fft_coefficient__attr_""abs""__coeff_18",0.0,2.6416012505088675e-279,307.6526555685888,278.57813273849035,0.0,2.6416012505088675e-279,0.0
2177,GYRO_Z__energy_ratio_by_chunks__num_segments_10__segment_focus_8,2.7167689754201347e-279,0.0,278.56594729090347,307.6526555685888,0.0,2.7167689754201347e-279,0.0
2178,"ADXL_X__change_quantiles__f_agg_""var""__isabs_False__qh_0.4__ql_0.2",0.0,4.503578517816175e-279,307.6526555685888,278.34644226113005,0.0,4.503578517816175e-279,0.0
2179,MMA_Z__large_standard_deviation__r_0.1,0.0,4.731872480321145e-279,307.6526555685888,278.32496696772944,0.0,4.731872480321145e-279,0.0
2180,ADXL_Y__fourier_entropy__bins_3,2.3243516697296423e-290,5.5423987987404724e-279,289.6336981634294,278.25630222812777,2.3243516697296423e-290,5.5423987987404724e-279,0.0
2181,"MMA_Z__fft_coefficient__attr_""abs""__coeff_57",7.165987025144971e-279,0.0,278.14472398251,307.6526555685888,0.0,7.165987025144971e-279,0.0
2182,MMA_X__fourier_entropy__bins_3,1.07248755609318e-309,8.280723694307948e-279,307.6526555685888,278.08193170636605,1.07248755609318e-309,8.280723694307948e-279,0.0
2183,"ADXL_Z__fft_coefficient__attr_""abs""__coeff_37",2.202924424052576e-278,0.0,277.65700040197765,307.6526555685888,0.0,2.202924424052576e-278,0.0
2184,"GYRO_X__fft_coefficient__attr_""abs""__coeff_92",3.8669621812698687e-278,0.0,277.41263007528823,307.6526555685888,0.0,3.8669621812698687e-278,0.0
2185,ADXL_X__symmetry_looking__r_0.15000000000000002,0.0,2.559164619218393e-277,307.6526555685888,276.5919017770598,0.0,2.559164619218393e-277,0.0
2186,"MMA_X__change_quantiles__f_agg_""var""__isabs_True__qh_1.0__ql_0.2",3.493315614292924e-277,0.0,276.4567621749253,307.6526555685888,0.0,3.493315614292924e-277,0.0
2187,"GYRO_Z__fft_aggregated__aggtype_""skew""",0.0,7.773427894136281e-277,307.6526555685888,276.10938742557283,0.0,7.773427894136281e-277,0.0
2188,"MMA_Y__change_quantiles__f_agg_""var""__isabs_False__qh_1.0__ql_0.8",8.094729891505411e-277,0.0,276.09179763839745,307.6526555685888,0.0,8.094729891505411e-277,0.0
2189,"GYRO_Z__fft_coefficient__attr_""abs""__coeff_80",4.23650467495048e-276,0.0,275.3729923100162,307.6526555685888,0.0,4.23650467495048e-276,0.0
2190,"ADXL_Z__change_quantiles__f_agg_""var""__isabs_True__qh_0.4__ql_0.0",6.587830668063129e-276,0.0,275.1812575723546,307.6526555685888,0.0,6.587830668063129e-276,0.0
2191,"MMA_Z__fft_coefficient__attr_""abs""__coeff_37",9.648832215707273e-276,0.0,275.01552524551255,307.6526555685888,0.0,9.648832215707273e-276,0.0
2192,ADXL_X__fourier_entropy__bins_3,1.1467142649299277e-305,1.1257198311450319e-275,304.94054478490915,274.9485696831328,1.1467142649299277e-305,1.1257198311450319e-275,0.0
2193,"GYRO_Z__change_quantiles__f_agg_""var""__isabs_False__qh_1.0__ql_0.8",1.1262543079902492e-275,0.0,274.9483635348073,307.6526555685888,0.0,1.1262543079902492e-275,0.0
2194,ADXL_Z__large_standard_deviation__r_0.1,0.0,2.0898166098723937e-275,307.6526555685888,274.6798918233698,0.0,2.0898166098723937e-275,0.0
2195,"GYRO_Y__fft_coefficient__attr_""abs""__coeff_57",2.0972087083730778e-275,0.0,274.678358347606,307.6526555685888,0.0,2.0972087083730778e-275,0.0
2196,"MMA_Y__fft_coefficient__attr_""abs""__coeff_60",2.2631792620147792e-275,0.0,274.64528104506405,307.6526555685888,0.0,2.2631792620147792e-275,0.0
2197,"MMA_Y__fft_coefficient__attr_""abs""__coeff_33",2.5697966495829324e-275,0.0,274.5901012414384,307.6526555685888,0.0,2.5697966495829324e-275,0.0
2198,"ADXL_X__fft_coefficient__attr_""abs""__coeff_93",2.6229836772305814e-275,0.0,274.5812044120062,307.6526555685888,0.0,2.6229836772305814e-275,0.0
2199,"MMA_Y__fft_coefficient__attr_""abs""__coeff_61",4.0462429893778855e-275,0.0,274.39294804005823,307.6526555685888,0.0,4.0462429893778855e-275,0.0
2200,"MMA_X__change_quantiles__f_agg_""var""__isabs_True__qh_0.6__ql_0.0",5.2967810492443536e-275,0.0,274.2759879789372,307.6526555685888,0.0,5.2967810492443536e-275,0.0
2201,"GYRO_Y__fft_coefficient__attr_""abs""__coeff_77",6.65076908324127e-275,0.0,274.17712813074274,307.6526555685888,0.0,6.65076908324127e-275,0.0
2202,"ADXL_Y__fft_coefficient__attr_""abs""__coeff_33",8.027138158664166e-275,0.0,274.0954392621224,307.6526555685888,0.0,8.027138158664166e-275,0.0
2203,ADXL_Z__quantile__q_0.2,0.0,9.630478904083536e-275,307.6526555685888,274.0163521157592,0.0,9.630478904083536e-275,0.0
2204,"ADXL_Z__fft_coefficient__attr_""abs""__coeff_46",1.356238227414836e-274,0.0,273.8676640186072,307.6526555685888,0.0,1.356238227414836e-274,0.0
2205,ADXL_Z__ratio_beyond_r_sigma__r_0.5,0.0,2.2421927707637663e-274,307.6526555685888,273.64932705200863,0.0,2.2421927707637663e-274,0.0
2206,"ADXL_Z__fft_coefficient__attr_""abs""__coeff_44",2.6055801639100427e-274,0.0,273.5840955606825,307.6526555685888,0.0,2.6055801639100427e-274,0.0
2207,"GYRO_Y__agg_linear_trend__attr_""slope""__chunk_len_50__f_agg_""min""",0.0,3.1649569440454206e-274,307.6526555685888,273.49963219373217,0.0,3.1649569440454206e-274,0.0
2208,"GYRO_X__change_quantiles__f_agg_""var""__isabs_True__qh_0.8__ql_0.0",3.19951873390063e-274,0.0,273.49491534259573,307.6526555685888,0.0,3.19951873390063e-274,0.0
2209,"MMA_Z__fft_coefficient__attr_""abs""__coeff_90",4.73355120152242e-274,0.0,273.32481292087715,307.6526555685888,0.0,4.73355120152242e-274,0.0
2210,MMA_Y__kurtosis,5.064727686805913e-274,0.0,273.29544390021425,307.6526555685888,0.0,5.064727686805913e-274,0.0
2211,"ADXL_Z__fft_coefficient__attr_""abs""__coeff_34",5.612870551839303e-274,0.0,273.2508149736845,307.6526555685888,0.0,5.612870551839303e-274,0.0
2212,"MMA_Y__fft_coefficient__attr_""abs""__coeff_63",1.7519552773845983e-273,0.0,272.756476984374,307.6526555685888,0.0,1.7519552773845983e-273,0.0
2213,ADXL_Y__symmetry_looking__r_0.15000000000000002,0.0,1.813700360471459e-273,307.6526555685888,272.7414344606842,0.0,1.813700360471459e-273,0.0
2214,"MMA_Z__fft_coefficient__attr_""abs""__coeff_91",2.289045686929056e-273,0.0,272.64034553918077,307.6526555685888,0.0,2.289045686929056e-273,0.0
2215,"MMA_Z__fft_coefficient__attr_""abs""__coeff_44",3.156260073355932e-273,0.0,272.5008272184633,307.6526555685888,0.0,3.156260073355932e-273,0.0
2216,"GYRO_X__fft_coefficient__attr_""abs""__coeff_93",3.6905269947019853e-273,9.994326385920218e-303,272.4329116136379,302.00024647185467,9.994326385920218e-303,3.6905269947019853e-273,0.0
2217,"ADXL_Y__fft_coefficient__attr_""abs""__coeff_61",6.0977982289740355e-273,0.0,272.21482695017284,307.6526555685888,0.0,6.0977982289740355e-273,0.0
2218,ADXL_Z__index_mass_quantile__q_0.4,0.0,6.616218192233087e-273,307.6526555685888,272.17939018088595,0.0,6.616218192233087e-273,0.0
2219,"MMA_Y__change_quantiles__f_agg_""var""__isabs_True__qh_1.0__ql_0.8",1.0558586631493513e-272,0.0,271.9763942124106,307.6526555685888,0.0,1.0558586631493513e-272,0.0
2220,"ADXL_Z__fft_coefficient__attr_""abs""__coeff_91",1.4254474202303308e-272,0.0,271.8460487976635,307.6526555685888,0.0,1.4254474202303308e-272,0.0
2221,"GYRO_Z__fft_coefficient__attr_""abs""__coeff_84",1.5218868749605648e-272,0.0,271.8176176283843,307.6526555685888,0.0,1.5218868749605648e-272,0.0
2222,"MMA_Z__fft_coefficient__attr_""abs""__coeff_34",1.8433018541415287e-272,0.0,271.7344035400638,307.6526555685888,0.0,1.8433018541415287e-272,0.0
2223,"MMA_Z__fft_coefficient__attr_""abs""__coeff_46",3.453597049878545e-272,0.0,271.46172833533336,307.6526555685888,0.0,3.453597049878545e-272,0.0
2224,"GYRO_X__agg_linear_trend__attr_""intercept""__chunk_len_50__f_agg_""var""",3.5807523700049115e-272,0.0,271.4460257119563,307.6526555685888,0.0,3.5807523700049115e-272,0.0
2225,ADXL_Y__benford_correlation,0.0,3.5914408441581946e-272,307.6526555685888,271.4447312825837,0.0,3.5914408441581946e-272,0.0
2226,"ADXL_Y__fft_coefficient__attr_""abs""__coeff_60",9.288610315990452e-272,0.0,271.032049256646,307.6526555685888,0.0,9.288610315990452e-272,0.0
2227,"GYRO_X__agg_linear_trend__attr_""rvalue""__chunk_len_5__f_agg_""mean""",0.0,1.9827045047943118e-271,307.6526555685888,270.70274200667205,0.0,1.9827045047943118e-271,0.0
2228,"GYRO_X__linear_trend__attr_""rvalue""",0.0,2.098859530646501e-271,307.6526555685888,270.67801662626107,0.0,2.098859530646501e-271,0.0
2229,"ADXL_Z__fft_coefficient__attr_""abs""__coeff_90",2.819597506100093e-271,0.0,270.54981288223223,307.6526555685888,0.0,2.819597506100093e-271,0.0
2230,ADXL_Y__energy_ratio_by_chunks__num_segments_10__segment_focus_5,5.156121053065039e-299,3.6869041340143404e-271,298.28767689503064,270.43333815466667,5.156121053065039e-299,3.6869041340143404e-271,0.0
2231,"GYRO_X__agg_linear_trend__attr_""rvalue""__chunk_len_10__f_agg_""mean""",0.0,3.719258771605204e-271,307.6526555685888,270.42954360406355,0.0,3.719258771605204e-271,0.0
2232,ADXL_Z__index_mass_quantile__q_0.1,1.374770464930255e-300,4.377549370679752e-271,299.86176980665965,270.3587689471765,1.374770464930255e-300,4.377549370679752e-271,0.0
2233,ADXL_Y__large_standard_deviation__r_0.2,0.0,6.538564403164509e-271,307.6526555685888,270.1845175942175,0.0,6.538564403164509e-271,0.0
2234,"GYRO_Y__fft_coefficient__attr_""abs""__coeff_91",1.0288837818010243e-270,0.0,269.9876336784669,307.6526555685888,0.0,1.0288837818010243e-270,0.0
2235,GYRO_Z__count_above__t_0,0.0,4.014640074501657e-270,307.6526555685888,269.3963533845483,0.0,4.014640074501657e-270,0.0
2236,"MMA_X__fft_coefficient__attr_""abs""__coeff_55",4.3960307125283615e-270,0.0,269.35693928207314,307.6526555685888,0.0,4.3960307125283615e-270,0.0
2237,MMA_Y__energy_ratio_by_chunks__num_segments_10__segment_focus_5,2.941e-320,5.98021037255285e-270,307.6526555685888,269.22328353807984,2.941e-320,5.98021037255285e-270,0.0
2238,"MMA_Y__change_quantiles__f_agg_""var""__isabs_True__qh_0.2__ql_0.0",6.331153793882868e-270,0.0,269.1985171366407,307.6526555685888,0.0,6.331153793882868e-270,0.0
2239,"ADXL_X__change_quantiles__f_agg_""var""__isabs_False__qh_1.0__ql_0.2",7.538693606807664e-270,0.0,269.1227039072484,307.6526555685888,0.0,7.538693606807664e-270,0.0
2240,MMA_Y__symmetry_looking__r_0.05,0.0,9.276012004017108e-270,307.6526555685888,269.03263869801646,0.0,9.276012004017108e-270,0.0
2241,MMA_Z__ratio_beyond_r_sigma__r_0.5,0.0,1.4516339407289649e-269,307.6526555685888,268.8381428860908,0.0,1.4516339407289649e-269,0.0
2242,MMA_Z__energy_ratio_by_chunks__num_segments_10__segment_focus_0,0.0,1.7610722581282418e-269,307.6526555685888,268.7542228242357,0.0,1.7610722581282418e-269,0.0
2243,"MMA_X__fft_coefficient__attr_""abs""__coeff_91",1.7942419254097998e-269,0.0,268.7461189995378,307.6526555685888,0.0,1.7942419254097998e-269,0.0
2244,"GYRO_X__fft_coefficient__attr_""abs""__coeff_19",4.91235071593e-313,1.992505468779146e-269,307.6526555685888,268.70060047793316,4.91235071593e-313,1.992505468779146e-269,0.0
2245,"GYRO_Z__fft_coefficient__attr_""abs""__coeff_73",2.3008618587228284e-269,0.0,268.63810945512336,307.6526555685888,0.0,2.3008618587228284e-269,0.0
2246,ADXL_Z__benford_correlation,6.2126865468423e-311,5.881399211966356e-269,307.6526555685888,268.2305193409738,6.2126865468423e-311,5.881399211966356e-269,0.0
2247,ADXL_Y__symmetry_looking__r_0.05,0.0,2.5075170740917157e-268,307.6526555685888,267.6007561011157,0.0,2.5075170740917157e-268,0.0
2248,"MMA_X__fft_coefficient__attr_""abs""__coeff_85",4.992435485180714e-268,0.0,267.30168753859766,307.6526555685888,0.0,4.992435485180714e-268,0.0
2249,"ADXL_Z__fft_coefficient__attr_""abs""__coeff_36",5.435847785673242e-268,0.0,267.26473271286073,307.6526555685888,0.0,5.435847785673242e-268,0.0
2250,"ADXL_Z__change_quantiles__f_agg_""var""__isabs_False__qh_0.2__ql_0.0",5.548393018901764e-268,0.0,267.2558327833783,307.6526555685888,0.0,5.548393018901764e-268,0.0
2251,"ADXL_Y__fft_coefficient__attr_""abs""__coeff_63",1.6581274284821638e-267,0.0,266.7803820966084,307.6526555685888,0.0,1.6581274284821638e-267,0.0
2252,"MMA_Y__fft_coefficient__attr_""abs""__coeff_46",1.8394007114823649e-267,0.0,266.7353236498655,307.6526555685888,0.0,1.8394007114823649e-267,0.0
2253,"GYRO_Y__fft_coefficient__attr_""abs""__coeff_22",2.40488490087714e-267,0.0,266.61890570436714,307.6526555685888,0.0,2.40488490087714e-267,0.0
2254,GYRO_Y__kurtosis,3.916557476924631e-267,0.0,266.407095495643,307.6526555685888,0.0,3.916557476924631e-267,0.0
2255,"GYRO_X__fft_coefficient__attr_""abs""__coeff_91",1.1890460693786656e-266,3.852161827036032e-305,265.9248013183928,304.4142954767104,3.852161827036032e-305,1.1890460693786656e-266,0.0
2256,"MMA_X__change_quantiles__f_agg_""var""__isabs_False__qh_0.4__ql_0.2",0.0,1.5368449057100654e-266,307.6526555685888,265.81336995813,0.0,1.5368449057100654e-266,0.0
2257,"ADXL_Y__fft_coefficient__attr_""abs""__coeff_46",1.770300432888543e-266,0.0,265.75195302444405,307.6526555685888,0.0,1.770300432888543e-266,0.0
2258,MMA_Z__energy_ratio_by_chunks__num_segments_10__segment_focus_1,4.5640534424702236e-268,3.53058729749123e-266,267.34064927888267,265.4521530456477,4.5640534424702236e-268,3.53058729749123e-266,0.0
2259,GYRO_Y__spkt_welch_density__coeff_5,3.932339624912669e-266,0.0,265.4053489804493,307.6526555685888,0.0,3.932339624912669e-266,0.0
2260,"GYRO_Z__agg_linear_trend__attr_""slope""__chunk_len_50__f_agg_""var""",0.0,4.765888922487852e-266,307.6526555685888,265.3218560838764,0.0,4.765888922487852e-266,0.0
2261,"ADXL_X__fft_coefficient__attr_""abs""__coeff_85",4.893045488110448e-266,0.0,265.31042074681034,307.6526555685888,0.0,4.893045488110448e-266,0.0
2262,"ADXL_Z__fft_coefficient__attr_""abs""__coeff_62",1.002610693666964e-265,0.0,264.99886766759073,307.6526555685888,0.0,1.002610693666964e-265,0.0
2263,MMA_Z__quantile__q_0.3,0.0,1.1793389830577724e-265,307.6526555685888,264.92836134561605,0.0,1.1793389830577724e-265,0.0
2264,MMA_Z__sum_of_reoccurring_values,0.0,1.569560453106808e-265,307.6526555685888,264.80422195237867,0.0,1.569560453106808e-265,0.0
2265,GYRO_Z__fourier_entropy__bins_5,0.0,1.6174281036176847e-265,307.6526555685888,264.7911750150772,0.0,1.6174281036176847e-265,0.0
2266,"MMA_X__change_quantiles__f_agg_""var""__isabs_True__qh_0.8__ql_0.6",0.0,2.7104477547486587e-265,307.6526555685888,264.5669589595485,0.0,2.7104477547486587e-265,0.0
2267,MMA_Y__large_standard_deviation__r_0.35000000000000003,0.0,4.123583640071425e-265,307.6526555685888,264.3847251920665,0.0,4.123583640071425e-265,0.0
2268,"GYRO_X__fft_coefficient__attr_""abs""__coeff_94",4.6883798565107977e-265,1.3018773725906402e-305,264.3289772086573,304.88542992123274,1.3018773725906402e-305,4.6883798565107977e-265,0.0
2269,ADXL_X__large_standard_deviation__r_0.35000000000000003,0.0,6.174241376257646e-265,307.6526555685888,264.2094163961808,0.0,6.174241376257646e-265,0.0
2270,"GYRO_Z__agg_linear_trend__attr_""rvalue""__chunk_len_50__f_agg_""min""",0.0,7.744471025606755e-265,307.6526555685888,264.1110082407202,0.0,7.744471025606755e-265,0.0
2271,"GYRO_Z__fft_coefficient__attr_""abs""__coeff_23",8.068023783229868e-265,0.0,264.09323283022746,307.6526555685888,0.0,8.068023783229868e-265,0.0
2272,"GYRO_Z__fft_coefficient__attr_""abs""__coeff_25",8.290674794308296e-265,0.0,264.08141011993007,307.6526555685888,0.0,8.290674794308296e-265,0.0
2273,"MMA_Z__fft_coefficient__attr_""abs""__coeff_62",9.594396104758111e-265,0.0,264.0179823556471,307.6526555685888,0.0,9.594396104758111e-265,0.0
2274,"ADXL_X__fft_coefficient__attr_""abs""__coeff_55",1.5015552225169908e-264,0.0,263.823458691175,307.6526555685888,0.0,1.5015552225169908e-264,0.0
2275,GYRO_Z__longest_strike_below_mean,1.5285562162693688e-264,7.252693467888154e-299,263.81571858443766,298.1395006774284,7.252693467888154e-299,1.5285562162693688e-264,0.0
2276,"MMA_Z__fft_coefficient__attr_""abs""__coeff_36",1.9772061945873292e-264,0.0,263.70394803756443,307.6526555685888,0.0,1.9772061945873292e-264,0.0
2277,"GYRO_Y__fft_coefficient__attr_""abs""__coeff_89",2.435495303461721e-264,0.0,263.61341270357224,307.6526555685888,0.0,2.435495303461721e-264,0.0
2278,"ADXL_Z__fft_coefficient__attr_""angle""__coeff_0",0.0,2.4447511127674277e-264,307.6526555685888,263.61176534752343,0.0,2.4447511127674277e-264,0.0
2279,"GYRO_Z__fft_coefficient__attr_""abs""__coeff_31",3.6641638593912695e-264,0.0,263.4360251131597,307.6526555685888,0.0,3.6641638593912695e-264,0.0
2280,"GYRO_X__agg_linear_trend__attr_""rvalue""__chunk_len_50__f_agg_""mean""",0.0,5.2595846187492265e-264,307.6526555685888,263.27904855335737,0.0,5.2595846187492265e-264,0.0
2281,"GYRO_X__fft_coefficient__attr_""abs""__coeff_22",2.1004338485694925e-278,7.816211156023841e-264,277.6776909916569,263.1070037166054,2.1004338485694925e-278,7.816211156023841e-264,0.0
2282,"GYRO_Z__fft_coefficient__attr_""abs""__coeff_63",7.96367091293123e-264,0.0,263.09888669485895,307.6526555685888,0.0,7.96367091293123e-264,0.0
2283,"GYRO_Y__fft_coefficient__attr_""abs""__coeff_72",1.3487917722612212e-263,0.0,262.8700550919427,307.6526555685888,0.0,1.3487917722612212e-263,0.0
2284,"GYRO_X__fft_coefficient__attr_""abs""__coeff_21",1.2417982086975002e-291,1.5773865909666127e-263,290.90594897096236,262.8020618553408,1.2417982086975002e-291,1.5773865909666127e-263,0.0
2285,"ADXL_Z__fft_coefficient__attr_""abs""__coeff_60",2.04978692171485e-263,0.0,262.6882912821311,307.6526555685888,0.0,2.04978692171485e-263,0.0
2286,"GYRO_X__fft_coefficient__attr_""abs""__coeff_23",6.395026726410283e-265,2.8191967164042354e-263,264.19415763615666,262.54987461910247,6.395026726410283e-265,2.8191967164042354e-263,0.0
2287,"ADXL_X__fft_coefficient__attr_""abs""__coeff_91",2.8332943317129592e-263,0.0,262.5477083072307,307.6526555685888,0.0,2.8332943317129592e-263,0.0
2288,"MMA_Z__fft_coefficient__attr_""abs""__coeff_60",5.087872364559789e-263,0.0,262.29346379202605,307.6526555685888,0.0,5.087872364559789e-263,0.0
2289,"GYRO_X__fft_coefficient__attr_""abs""__coeff_20",4.531705106594794e-283,1.333540051323691e-262,282.34373835890256,261.8749939362488,4.531705106594794e-283,1.333540051323691e-262,0.0
2290,"GYRO_Y__fft_coefficient__attr_""abs""__coeff_58",4.096270134681893e-262,0.0,261.3876114108864,307.6526555685888,0.0,4.096270134681893e-262,0.0
2291,"ADXL_X__change_quantiles__f_agg_""var""__isabs_True__qh_0.4__ql_0.2",0.0,6.2196112937033e-262,307.6526555685888,261.2062367565109,0.0,6.2196112937033e-262,0.0
2292,"MMA_Z__fft_coefficient__attr_""abs""__coeff_74",1.0903279234233568e-261,0.0,260.9624428654402,307.6526555685888,0.0,1.0903279234233568e-261,0.0
2293,"GYRO_X__fft_coefficient__attr_""abs""__coeff_85",2.365184694330705e-261,3.776441651226464e-302,260.6261349400861,301.422917221081,3.776441651226464e-302,2.365184694330705e-261,0.0
2294,ADXL_Z__quantile__q_0.3,0.0,6.456330009681552e-261,307.6526555685888,260.1900142791347,0.0,6.456330009681552e-261,0.0
2295,MMA_X__ratio_beyond_r_sigma__r_10,2.881646401935973e-274,8.832391744763946e-261,273.54035931120745,260.0539216768413,2.881646401935973e-274,8.832391744763946e-261,0.0
2296,GYRO_X__fourier_entropy__bins_2,1.1471164508758171e-260,3.504387415353932e-267,259.9403924919456,266.45538788793493,3.504387415353932e-267,1.1471164508758171e-260,0.0
2297,"MMA_Y__fft_coefficient__attr_""imag""__coeff_7",0.0,1.4858132077294047e-260,307.6526555685888,259.82803578542837,0.0,1.4858132077294047e-260,0.0
2298,"ADXL_Z__fft_coefficient__attr_""abs""__coeff_74",2.2399270470908823e-260,0.0,259.6497661261131,307.6526555685888,0.0,2.2399270470908823e-260,0.0
2299,"MMA_X__fft_coefficient__attr_""abs""__coeff_86",2.3472000489383157e-260,0.0,259.6294498944459,307.6526555685888,0.0,2.3472000489383157e-260,0.0
2300,"MMA_X__fft_coefficient__attr_""abs""__coeff_76",4.2889087389381826e-260,0.0,259.36765319474887,307.6526555685888,0.0,4.2889087389381826e-260,0.0
2301,ADXL_X__symmetry_looking__r_0.05,0.0,5.1879226294289144e-260,307.6526555685888,259.2850065094312,0.0,5.1879226294289144e-260,0.0
2302,"ADXL_Z__fft_coefficient__attr_""abs""__coeff_48",2.1337085144144424e-259,0.0,258.67086490976055,307.6526555685888,0.0,2.1337085144144424e-259,0.0
2303,"ADXL_Y__fft_coefficient__attr_""imag""__coeff_7",0.0,2.635833614672697e-259,307.6526555685888,258.5790820077769,0.0,2.635833614672697e-259,0.0
2304,"ADXL_Y__fft_coefficient__attr_""abs""__coeff_34",3.418331718576056e-259,0.0,258.466185795168,307.6526555685888,0.0,3.418331718576056e-259,0.0
2305,"MMA_Y__fft_coefficient__attr_""abs""__coeff_34",7.849855600683374e-259,0.0,258.1051383320959,307.6526555685888,0.0,7.849855600683374e-259,0.0
2306,"MMA_Y__change_quantiles__f_agg_""mean""__isabs_False__qh_0.8__ql_0.4",0.0,8.843433328399145e-259,307.6526555685888,258.05337909402573,0.0,8.843433328399145e-259,0.0
2307,"GYRO_Y__fft_coefficient__attr_""abs""__coeff_75",1.25297147287708e-258,0.0,257.9020588167258,307.6526555685888,0.0,1.25297147287708e-258,0.0
2308,"ADXL_Y__fft_coefficient__attr_""abs""__coeff_50",1.5746823081880814e-258,0.0,257.80280705185396,307.6526555685888,0.0,1.5746823081880814e-258,0.0
2309,ADXL_Z__number_crossing_m__m_0,0.0,2.3215102401842643e-258,307.6526555685888,257.6342293963201,0.0,2.3215102401842643e-258,0.0
2310,MMA_X__symmetry_looking__r_0.05,0.0,4.0401546241239164e-258,307.6526555685888,257.39360201332534,0.0,4.0401546241239164e-258,0.0
2311,"GYRO_Z__fft_coefficient__attr_""abs""__coeff_98",4.506829794069133e-258,0.0,257.3461288432808,307.6526555685888,0.0,4.506829794069133e-258,0.0
2312,ADXL_X__ratio_beyond_r_sigma__r_10,9.07643964146444e-273,6.862363890948292e-258,272.0420844760707,257.1635262563118,9.07643964146444e-273,6.862363890948292e-258,0.0
2313,"MMA_Y__fft_coefficient__attr_""abs""__coeff_50",7.556549743418118e-258,0.0,257.12167645442304,307.6526555685888,0.0,7.556549743418118e-258,0.0
2314,"MMA_Y__agg_linear_trend__attr_""slope""__chunk_len_50__f_agg_""var""",0.0,7.56700745171024e-258,307.6526555685888,257.121075838355,0.0,7.56700745171024e-258,0.0
2315,GYRO_X__abs_energy,1.2544675449229486e-257,0.0,256.9015405700952,307.6526555685888,0.0,1.2544675449229486e-257,0.0
2316,"MMA_Z__change_quantiles__f_agg_""var""__isabs_False__qh_1.0__ql_0.2",1.4870191123207681e-257,0.0,256.8276834495533,307.6526555685888,0.0,1.4870191123207681e-257,0.0
2317,GYRO_X__energy_ratio_by_chunks__num_segments_10__segment_focus_8,1.6095405209270638e-257,0.0,256.79329808527626,307.6526555685888,0.0,1.6095405209270638e-257,0.0
2318,"ADXL_X__fft_coefficient__attr_""abs""__coeff_76",2.505904255708493e-257,0.0,256.6010355263234,307.6526555685888,0.0,2.505904255708493e-257,0.0
2319,"MMA_Y__change_quantiles__f_agg_""mean""__isabs_False__qh_0.4__ql_0.0",0.0,4.919599734998639e-257,307.6526555685888,256.3080702305564,0.0,4.919599734998639e-257,0.0
2320,"ADXL_X__fft_coefficient__attr_""abs""__coeff_86",7.325934207616535e-257,0.0,256.13513698594414,307.6526555685888,0.0,7.325934207616535e-257,0.0
2321,MMA_Y__energy_ratio_by_chunks__num_segments_10__segment_focus_3,2.155738016e-315,8.07188793211704e-257,307.6526555685888,256.093024876355,2.155738016e-315,8.07188793211704e-257,0.0
2322,ADXL_Z__ratio_beyond_r_sigma__r_2,1.6429589169873094e-306,1.0906909559323044e-256,305.7843732961808,255.96229828804258,1.6429589169873094e-306,1.0906909559323044e-256,0.0
2323,"GYRO_Y__agg_linear_trend__attr_""slope""__chunk_len_50__f_agg_""var""",0.0,1.1443628616553334e-256,307.6526555685888,255.9414362449247,0.0,1.1443628616553334e-256,0.0
2324,"GYRO_Z__fft_coefficient__attr_""abs""__coeff_22",1.6481825382677682e-256,0.0,255.78299469132074,307.6526555685888,0.0,1.6481825382677682e-256,0.0
2325,"GYRO_X__fft_coefficient__attr_""abs""__coeff_90",1.7404293743806772e-256,3.3405617261789023e-308,255.7593435954415,307.4761804990364,3.3405617261789023e-308,1.7404293743806772e-256,0.0
2326,"GYRO_Z__fft_coefficient__attr_""abs""__coeff_28",4.5869383913095883e-256,0.0,255.33847709298203,307.6526555685888,0.0,4.5869383913095883e-256,0.0
2327,"GYRO_Y__fft_coefficient__attr_""abs""__coeff_88",4.7280886402054314e-256,0.0,255.32531439008127,307.6526555685888,0.0,4.7280886402054314e-256,0.0
2328,"ADXL_Y__agg_linear_trend__attr_""slope""__chunk_len_50__f_agg_""var""",0.0,4.772719413776391e-256,307.6526555685888,255.32123409687836,0.0,4.772719413776391e-256,0.0
2329,"GYRO_Y__agg_autocorrelation__f_agg_""var""__maxlag_40",7.596605455305283e-256,7.296281022722149e-281,255.1193804289509,280.1368984471211,7.296281022722149e-281,7.596605455305283e-256,0.0
2330,"MMA_X__change_quantiles__f_agg_""var""__isabs_True__qh_1.0__ql_0.0",1.1260742109158508e-255,0.0,254.94843298752266,307.6526555685888,0.0,1.1260742109158508e-255,0.0
2331,GYRO_X__energy_ratio_by_chunks__num_segments_10__segment_focus_0,1.1631453536379884e-255,0.0,254.9343660098301,307.6526555685888,0.0,1.1631453536379884e-255,0.0
2332,MMA_Z__ratio_beyond_r_sigma__r_2,5.514322158364408e-302,1.1949826208073085e-255,301.2585078650868,254.92263841081825,5.514322158364408e-302,1.1949826208073085e-255,0.0
2333,"MMA_Z__fft_coefficient__attr_""abs""__coeff_35",1.522206139378333e-255,0.0,254.81752653078988,307.6526555685888,0.0,1.522206139378333e-255,0.0
2334,ADXL_Y__energy_ratio_by_chunks__num_segments_10__segment_focus_3,3.962306003382752e-300,2.765744301995359e-255,299.40205198754336,254.55818797367198,3.962306003382752e-300,2.765744301995359e-255,0.0
2335,"ADXL_Y__change_quantiles__f_agg_""var""__isabs_False__qh_1.0__ql_0.0",3.705171686667353e-255,0.0,254.43119166330013,307.6526555685888,0.0,3.705171686667353e-255,0.0
2336,"GYRO_Z__fft_aggregated__aggtype_""kurtosis""",0.0,5.347330743454827e-255,307.6526555685888,254.27186295305788,0.0,5.347330743454827e-255,0.0
2337,"MMA_Z__fft_coefficient__attr_""abs""__coeff_48",5.446214619991028e-255,0.0,254.26390524833553,307.6526555685888,0.0,5.446214619991028e-255,0.0
2338,"ADXL_Z__fft_coefficient__attr_""abs""__coeff_35",9.195592421980035e-255,0.0,254.03642028629443,307.6526555685888,0.0,9.195592421980035e-255,0.0
2339,"GYRO_X__fft_coefficient__attr_""abs""__coeff_95",1.3956810485064951e-254,0.0,253.85521381860406,307.6526555685888,0.0,1.3956810485064951e-254,0.0
2340,"MMA_Y__fft_coefficient__attr_""abs""__coeff_59",3.0522424300890277e-254,0.0,253.51538097469208,307.6526555685888,0.0,3.0522424300890277e-254,0.0
2341,"GYRO_X__change_quantiles__f_agg_""var""__isabs_True__qh_1.0__ql_0.0",3.4467554794508184e-254,0.0,253.46258952532196,307.6526555685888,0.0,3.4467554794508184e-254,0.0
2342,"GYRO_Y__fft_coefficient__attr_""abs""__coeff_67",8.772389305830502e-254,0.0,253.05688210321176,307.6526555685888,0.0,8.772389305830502e-254,0.0
2343,"GYRO_Z__fft_coefficient__attr_""abs""__coeff_62",1.1778129595695066e-253,0.0,252.9289236714134,307.6526555685888,0.0,1.1778129595695066e-253,0.0
2344,MMA_Z__index_mass_quantile__q_0.7,1.2583050768232962e-253,3.7890888396878466e-284,252.9002140511657,283.42146521205575,3.7890888396878466e-284,1.2583050768232962e-253,0.0
2345,ADXL_Z__energy_ratio_by_chunks__num_segments_10__segment_focus_0,1.64749223e-316,1.7889325988489726e-253,307.6526555685888,252.74740602192531,1.64749223e-316,1.7889325988489726e-253,0.0
2346,ADXL_Z__energy_ratio_by_chunks__num_segments_10__segment_focus_8,7.253202077067272e-276,2.173388386253325e-253,275.13947022275437,252.66286265797092,7.253202077067272e-276,2.173388386253325e-253,0.0
2347,"MMA_Y__fft_coefficient__attr_""imag""__coeff_8",0.0,2.594181782043301e-253,307.6526555685888,252.5859995948779,0.0,2.594181782043301e-253,0.0
2348,"MMA_Y__fft_coefficient__attr_""abs""__coeff_51",6.102777454037964e-253,0.0,252.2144724668852,307.6526555685888,0.0,6.102777454037964e-253,0.0
2349,"GYRO_Y__agg_linear_trend__attr_""stderr""__chunk_len_10__f_agg_""var""",7.299985002342085e-253,0.0,252.13667803212704,307.6526555685888,0.0,7.299985002342085e-253,0.0
2350,"MMA_Z__change_quantiles__f_agg_""var""__isabs_False__qh_1.0__ql_0.4",8.275468879412035e-253,0.0,252.08220739018398,307.6526555685888,0.0,8.275468879412035e-253,0.0
2351,"ADXL_Y__fft_coefficient__attr_""imag""__coeff_8",0.0,1.3673419237691668e-252,307.6526555685888,251.86412287018865,0.0,1.3673419237691668e-252,0.0
2352,"ADXL_Z__fft_coefficient__attr_""abs""__coeff_52",1.6846253275035546e-252,0.0,251.77349667419395,307.6526555685888,0.0,1.6846253275035546e-252,0.0
2353,GYRO_X__quantile__q_0.3,0.0,1.7122642020919671e-252,307.6526555685888,251.76642922291944,0.0,1.7122642020919671e-252,0.0
2354,"GYRO_Z__fft_coefficient__attr_""abs""__coeff_78",1.8751749546172728e-252,0.0,251.72695820618682,307.6526555685888,0.0,1.8751749546172728e-252,0.0
2355,"GYRO_Z__fft_coefficient__attr_""abs""__coeff_75",2.040371104540879e-252,0.0,251.69029083551692,307.6526555685888,0.0,2.040371104540879e-252,0.0
2356,"ADXL_Y__fft_coefficient__attr_""abs""__coeff_59",3.168383829907659e-252,0.0,251.4991622118321,307.6526555685888,0.0,3.168383829907659e-252,0.0
2357,"MMA_Z__fft_coefficient__attr_""abs""__coeff_52",3.8366894333495466e-252,0.0,251.41604335400507,307.6526555685888,0.0,3.8366894333495466e-252,0.0
2358,"GYRO_Z__fft_coefficient__attr_""abs""__coeff_83",8.126712213587738e-252,0.0,251.09008511938632,307.6526555685888,0.0,8.126712213587738e-252,0.0
2359,"ADXL_Y__fft_coefficient__attr_""abs""__coeff_51",9.316519907903873e-252,0.0,251.03074628368034,307.6526555685888,0.0,9.316519907903873e-252,0.0
2360,"GYRO_X__fft_coefficient__attr_""abs""__coeff_86",1.92063893469941e-251,9.88780326097116e-309,250.71655427147675,307.6526555685888,9.88780326097116e-309,1.92063893469941e-251,0.0
2361,"ADXL_Z__fft_coefficient__attr_""abs""__coeff_33",2.499227357748312e-251,0.0,250.60219423377987,307.6526555685888,0.0,2.499227357748312e-251,0.0
2362,"GYRO_Z__fft_coefficient__attr_""abs""__coeff_49",2.5892634825234867e-251,0.0,250.58682375366567,307.6526555685888,0.0,2.5892634825234867e-251,0.0
2363,"MMA_Y__change_quantiles__f_agg_""mean""__isabs_False__qh_0.6__ql_0.4",0.0,6.1629269431870696e-251,307.6526555685888,250.2102129804697,0.0,6.1629269431870696e-251,0.0
2364,ADXL_Z__partial_autocorrelation__lag_3,0.0,3.117090181006613e-250,307.6526555685888,249.50625063290218,0.0,3.117090181006613e-250,0.0
2365,"MMA_Z__fft_coefficient__attr_""abs""__coeff_33",3.340881255846915e-250,0.0,249.4761389601137,307.6526555685888,0.0,3.340881255846915e-250,0.0
2366,"GYRO_Y__fft_coefficient__attr_""abs""__coeff_92",3.6344611195727036e-250,0.0,249.4395599727403,307.6526555685888,0.0,3.6344611195727036e-250,0.0
2367,"GYRO_Z__fft_coefficient__attr_""abs""__coeff_51",5.861629201645343e-250,0.0,249.231981657882,307.6526555685888,0.0,5.861629201645343e-250,0.0
2368,"MMA_X__change_quantiles__f_agg_""var""__isabs_True__qh_0.4__ql_0.2",0.0,6.414624179066316e-250,307.6526555685888,249.19282878305194,0.0,6.414624179066316e-250,0.0
2369,"GYRO_Z__agg_linear_trend__attr_""stderr""__chunk_len_10__f_agg_""var""",8.733073366341167e-250,0.0,249.05883289132862,307.6526555685888,0.0,8.733073366341167e-250,0.0
2370,"ADXL_Y__change_quantiles__f_agg_""mean""__isabs_False__qh_0.6__ql_0.0",2.2572829849910043e-249,0.0,248.64641399204493,307.6526555685888,0.0,2.2572829849910043e-249,0.0
2371,GYRO_Z__index_mass_quantile__q_0.3,1.833e-321,3.31177083543713e-249,307.6526555685888,248.479939722717,1.833e-321,3.31177083543713e-249,0.0
2372,"GYRO_X__fft_coefficient__attr_""abs""__coeff_58",3.4348388982214524e-249,2.617963492612897e-279,248.4640936275285,278.58203641396074,2.617963492612897e-279,3.4348388982214524e-249,0.0
2373,"ADXL_X__change_quantiles__f_agg_""var""__isabs_False__qh_0.8__ql_0.0",5.187078446450217e-249,0.0,248.28507718393183,307.6526555685888,0.0,5.187078446450217e-249,0.0
2374,GYRO_Y__longest_strike_above_mean,8.18123531967369e-249,5.796592072664412e-286,248.08718111539812,285.23682726144125,5.796592072664412e-286,8.18123531967369e-249,0.0
2375,"GYRO_X__fft_coefficient__attr_""abs""__coeff_57",1.7209693584092915e-248,5.540879589732893e-281,247.76422686214903,280.25642128750167,5.540879589732893e-281,1.7209693584092915e-248,0.0
2376,MMA_Z__index_mass_quantile__q_0.6,3.6925962000050366e-255,2.013875125349463e-248,254.4326681815713,247.69596746230923,3.6925962000050366e-255,2.013875125349463e-248,0.0
2377,"MMA_Z__agg_linear_trend__attr_""intercept""__chunk_len_50__f_agg_""max""",0.0,3.677131599506258e-248,307.6526555685888,247.434490827048,0.0,3.677131599506258e-248,0.0
2378,"ADXL_Z__agg_linear_trend__attr_""intercept""__chunk_len_50__f_agg_""max""",0.0,3.756994104867711e-248,307.6526555685888,247.42515948639135,0.0,3.756994104867711e-248,0.0
2379,"GYRO_X__fft_coefficient__attr_""abs""__coeff_84",3.858440118985018e-248,4.2952381251612105e-307,247.4135882353897,306.3670127541664,4.2952381251612105e-307,3.858440118985018e-248,0.0
2380,ADXL_Y__symmetry_looking__r_0.1,3.06153e-319,1.1441575640164448e-247,307.6526555685888,246.94151416394254,3.06153e-319,1.1441575640164448e-247,0.0
2381,"ADXL_Y__change_quantiles__f_agg_""var""__isabs_False__qh_1.0__ql_0.4",1.4538308970005908e-247,0.0,246.83748610569876,307.6526555685888,0.0,1.4538308970005908e-247,0.0
2382,"GYRO_Z__fft_coefficient__attr_""abs""__coeff_92",1.818988884558236e-247,0.0,246.74016995480665,307.6526555685888,0.0,1.818988884558236e-247,0.0
2383,ADXL_Y__ratio_beyond_r_sigma__r_7,0.0,5.72563082419347e-247,307.6526555685888,246.24217665774376,0.0,5.72563082419347e-247,0.0
2384,MMA_Y__symmetry_looking__r_0.1,7.80747e-318,8.194236532865444e-247,307.6526555685888,246.08649150396164,7.80747e-318,8.194236532865444e-247,0.0
2385,"GYRO_X__fft_coefficient__attr_""abs""__coeff_24",1.5255145743170672e-246,1.5126352209162562e-261,245.81658363888016,260.8202657915034,1.5126352209162562e-261,1.5255145743170672e-246,0.0
2386,"GYRO_Z__fft_coefficient__attr_""abs""__coeff_79",1.5649217823846161e-246,0.0,245.8055073643972,307.6526555685888,0.0,1.5649217823846161e-246,0.0
2387,"MMA_Z__agg_linear_trend__attr_""intercept""__chunk_len_5__f_agg_""min""",0.0,2.7206704035043453e-246,307.6526555685888,245.56532406777902,0.0,2.7206704035043453e-246,0.0
2388,"ADXL_X__fft_coefficient__attr_""abs""__coeff_81",3.9779049933050263e-246,0.0,245.40034559360376,307.6526555685888,0.0,3.9779049933050263e-246,0.0
2389,GYRO_X__variance,5.072661954613383e-246,0.0,245.294764078376,307.6526555685888,0.0,5.072661954613383e-246,0.0
2390,"MMA_X__fft_coefficient__attr_""abs""__coeff_81",6.479271077196465e-246,0.0,245.18847384983275,307.6526555685888,0.0,6.479271077196465e-246,0.0
2391,ADXL_Z__count_below__t_0,0.0,6.792715181120692e-246,307.6526555685888,245.16795659501634,0.0,6.792715181120692e-246,0.0
2392,"ADXL_Y__change_quantiles__f_agg_""mean""__isabs_False__qh_0.8__ql_0.4",0.0,9.348335995450176e-246,307.6526555685888,245.02926568670048,0.0,9.348335995450176e-246,0.0
2393,"GYRO_Z__agg_linear_trend__attr_""rvalue""__chunk_len_50__f_agg_""max""",4.408685483814977e-301,1.8286352286383465e-245,300.35569088269233,244.73787291780891,4.408685483814977e-301,1.8286352286383465e-245,0.0
2394,MMA_X__fourier_entropy__bins_2,4.706964074213141e-245,8.852468179438211e-258,244.32725911642265,257.05293562565646,8.852468179438211e-258,4.706964074213141e-245,0.0
2395,GYRO_X__quantile__q_0.7,0.0,5.320658892908217e-245,307.6526555685888,244.2740345827735,0.0,5.320658892908217e-245,0.0
2396,"ADXL_Z__agg_linear_trend__attr_""intercept""__chunk_len_5__f_agg_""min""",0.0,6.484312497406016e-245,307.6526555685888,244.18813606343662,0.0,6.484312497406016e-245,0.0
2397,"GYRO_X__fft_coefficient__attr_""abs""__coeff_38",1.3388252458777394e-244,1.7420416557825386e-249,243.87327610685952,248.758941464334,1.7420416557825386e-249,1.3388252458777394e-244,0.0
2398,GYRO_Y__autocorrelation__lag_2,4.15126498094118e-244,0.0,243.38181954412386,307.6526555685888,0.0,4.15126498094118e-244,0.0
2399,"GYRO_Z__fft_coefficient__attr_""abs""__coeff_55",4.2177019334454117e-244,0.0,243.37492411526364,307.6526555685888,0.0,4.2177019334454117e-244,0.0
2400,MMA_Z__index_mass_quantile__q_0.8,6.798159097659112e-244,0.0,243.16760867581843,307.6526555685888,0.0,6.798159097659112e-244,0.0
2401,GYRO_Z__energy_ratio_by_chunks__num_segments_10__segment_focus_0,1.0865821804024915e-243,0.0,242.96393742153342,307.6526555685888,0.0,1.0865821804024915e-243,0.0
2402,"GYRO_Z__fft_coefficient__attr_""abs""__coeff_74",1.6002973740397653e-243,0.0,242.79579930740383,307.6526555685888,0.0,1.6002973740397653e-243,0.0
2403,"GYRO_Z__fft_coefficient__attr_""abs""__coeff_64",1.7057435670494239e-243,0.0,242.7680862579201,307.6526555685888,0.0,1.7057435670494239e-243,0.0
2404,"GYRO_Z__fft_coefficient__attr_""abs""__coeff_76",1.722513993668536e-243,0.0,242.7638372412065,307.6526555685888,0.0,1.722513993668536e-243,0.0
2405,ADXL_Z__count_above__t_0,6.731e-320,3.204392945946679e-243,307.6526555685888,242.49425423297717,6.731e-320,3.204392945946679e-243,0.0
2406,"GYRO_Y__fft_coefficient__attr_""abs""__coeff_53",3.513568862549688e-243,0.0,242.45425153029177,307.6526555685888,0.0,3.513568862549688e-243,0.0
2407,"GYRO_X__fft_coefficient__attr_""abs""__coeff_39",8.666768903172322e-243,1.1199194803998658e-252,242.06214278361557,251.9508132009683,1.1199194803998658e-252,8.666768903172322e-243,0.0
2408,GYRO_Y__energy_ratio_by_chunks__num_segments_10__segment_focus_8,9.099234698716607e-243,0.0,242.04099513296472,307.6526555685888,0.0,9.099234698716607e-243,0.0
2409,"GYRO_Z__change_quantiles__f_agg_""var""__isabs_True__qh_0.4__ql_0.0",1.0381077301091778e-242,0.0,241.98375757503842,307.6526555685888,0.0,1.0381077301091778e-242,0.0
2410,"GYRO_X__fft_coefficient__attr_""abs""__coeff_87",1.462045582047435e-242,4.56761755465094e-303,241.8350390872119,302.3403102665963,4.56761755465094e-303,1.462045582047435e-242,0.0
2411,ADXL_X__partial_autocorrelation__lag_3,1.4310718441570531e-304,2.0425883678205087e-242,303.8443385627897,241.68981914565154,1.4310718441570531e-304,2.0425883678205087e-242,0.0
2412,"MMA_Y__change_quantiles__f_agg_""var""__isabs_True__qh_1.0__ql_0.0",4.004161897308753e-242,0.0,241.39748837133098,307.6526555685888,0.0,4.004161897308753e-242,0.0
2413,"GYRO_X__fft_coefficient__attr_""abs""__coeff_26",4.64118984580047e-242,6.778175726344805e-268,241.33337066659556,267.1688871761312,6.778175726344805e-268,4.64118984580047e-242,0.0
2414,"GYRO_Y__fft_coefficient__attr_""abs""__coeff_74",6.025100236394575e-242,0.0,241.2200357235662,307.6526555685888,0.0,6.025100236394575e-242,0.0
2415,MMA_Z__symmetry_looking__r_0.15000000000000002,8.1888685295095e-310,6.6960451410074545e-242,307.6526555685888,241.17418162723337,8.1888685295095e-310,6.6960451410074545e-242,0.0
2416,"GYRO_Y__fft_coefficient__attr_""abs""__coeff_66",1.2996984141280422e-241,0.0,240.8861574109816,307.6526555685888,0.0,1.2996984141280422e-241,0.0
2417,"MMA_Z__fft_coefficient__attr_""angle""__coeff_0",6.65494404484285e-309,2.4358321444108887e-241,307.6526555685888,240.613352642668,6.65494404484285e-309,2.4358321444108887e-241,0.0
2418,MMA_Y__ratio_beyond_r_sigma__r_7,0.0,3.538021061041144e-241,307.6526555685888,240.45123958616153,0.0,3.538021061041144e-241,0.0
2419,"MMA_Y__change_quantiles__f_agg_""mean""__isabs_False__qh_0.6__ql_0.0",2.431014364285459e-240,0.0,239.61421247500633,307.6526555685888,0.0,2.431014364285459e-240,0.0
2420,MMA_X__quantile__q_0.1,3.5016628408073546e-291,4.780538522760843e-240,290.45572567248047,239.32052317780423,3.5016628408073546e-291,4.780538522760843e-240,0.0
2421,"ADXL_Z__augmented_dickey_fuller__attr_""usedlag""__autolag_""AIC""",5.759817698855647e-240,1.299331241195351e-240,239.23959126199935,239.88628011922336,1.299331241195351e-240,5.759817698855647e-240,0.0
2422,"ADXL_X__agg_linear_trend__attr_""slope""__chunk_len_50__f_agg_""var""",5.1905798817869775e-254,1.4406740367939137e-239,253.28478412088137,238.84143427042505,5.1905798817869775e-254,1.4406740367939137e-239,0.0
2423,"ADXL_Y__change_quantiles__f_agg_""mean""__isabs_False__qh_0.6__ql_0.4",0.0,3.3761867538232693e-239,307.6526555685888,238.47157353837585,0.0,3.3761867538232693e-239,0.0
2424,"MMA_X__agg_linear_trend__attr_""slope""__chunk_len_50__f_agg_""var""",1.1540835052079297e-296,4.4725576622859724e-239,295.9377627661032,238.3494440515988,1.1540835052079297e-296,4.4725576622859724e-239,0.0
2425,"GYRO_X__fft_coefficient__attr_""abs""__coeff_30",4.962251216641844e-239,3.898391565800512e-266,238.3043212531151,265.4091145412251,3.898391565800512e-266,4.962251216641844e-239,0.0
2426,GYRO_X__index_mass_quantile__q_0.2,1.9094176629605533e-272,6.49658850151607e-239,271.71909906433586,238.18731464088134,1.9094176629605533e-272,6.49658850151607e-239,0.0
2427,GYRO_Y__quantile__q_0.4,0.0,7.268365782485865e-239,307.6526555685888,238.13856322482604,0.0,7.268365782485865e-239,0.0
2428,MMA_Z__ar_coefficient__coeff_3__k_10,2.297442373307093e-286,2.4486330218159383e-238,285.6387553732035,237.61107629798784,2.297442373307093e-286,2.4486330218159383e-238,0.0
2429,"MMA_Z__fft_coefficient__attr_""abs""__coeff_0",0.0,4.112209540178116e-238,307.6526555685888,237.38592476370525,0.0,4.112209540178116e-238,0.0
2430,GYRO_Y__energy_ratio_by_chunks__num_segments_10__segment_focus_7,1.0362286252855649e-237,0.0,236.98454441472035,307.6526555685888,0.0,1.0362286252855649e-237,0.0
2431,ADXL_Z__ratio_beyond_r_sigma__r_1,6.059048825044128e-261,1.8418928267000568e-237,260.2175955478564,236.73473564348058,6.059048825044128e-261,1.8418928267000568e-237,0.0
2432,"MMA_Y__agg_linear_trend__attr_""slope""__chunk_len_10__f_agg_""var""",0.0,2.4082176604853202e-237,307.6526555685888,236.61830426306383,0.0,2.4082176604853202e-237,0.0
2433,"GYRO_Y__augmented_dickey_fuller__attr_""usedlag""__autolag_""AIC""",4.048537519361418e-237,2.9858744901538154e-246,236.3927018315944,245.52492845159398,2.9858744901538154e-246,4.048537519361418e-237,0.0
2434,"ADXL_Y__change_quantiles__f_agg_""var""__isabs_True__qh_1.0__ql_0.2",4.6565573421659764e-237,0.0,236.3319350446509,307.6526555685888,0.0,4.6565573421659764e-237,0.0
2435,"GYRO_X__fft_coefficient__attr_""abs""__coeff_41",7.556451732864805e-237,2.749093588296725e-239,236.12168208737987,238.56081047507504,2.749093588296725e-239,7.556451732864805e-237,0.0
2436,"MMA_Z__agg_linear_trend__attr_""slope""__chunk_len_50__f_agg_""var""",0.0,1.1188680029789832e-236,307.6526555685888,235.9512211457855,0.0,1.1188680029789832e-236,0.0
2437,"GYRO_Y__fft_coefficient__attr_""abs""__coeff_62",1.3023519232894367e-236,0.0,235.88527164426958,307.6526555685888,0.0,1.3023519232894367e-236,0.0
2438,ADXL_Z__symmetry_looking__r_0.15000000000000002,3.0067253433988705e-301,1.3567666863183703e-236,300.52190624176785,235.8674948285055,3.0067253433988705e-301,1.3567666863183703e-236,0.0
2439,ADXL_X__quantile__q_0.1,9.96285455914489e-291,1.4905653058744154e-236,290.0016162096018,235.8266489915471,9.96285455914489e-291,1.4905653058744154e-236,0.0
2440,"ADXL_Y__fft_coefficient__attr_""abs""__coeff_45",1.588320035436584e-236,0.0,235.79906198577513,307.6526555685888,0.0,1.588320035436584e-236,0.0
2441,"MMA_X__change_quantiles__f_agg_""var""__isabs_True__qh_0.4__ql_0.0",2.626633121846205e-236,0.0,235.58060058358421,307.6526555685888,0.0,2.626633121846205e-236,0.0
2442,ADXL_X__fourier_entropy__bins_2,3.539551149136137e-236,3.0062714622969298e-255,235.4510518074128,254.5219718057669,3.0062714622969298e-255,3.539551149136137e-236,0.0
2443,ADXL_Z__energy_ratio_by_chunks__num_segments_10__segment_focus_1,8.983786991387021e-236,1.9745998577542656e-250,235.04654055389284,249.70452089860757,1.9745998577542656e-250,8.983786991387021e-236,0.0
2444,MMA_Y__energy_ratio_by_chunks__num_segments_10__segment_focus_4,2.251075696594568e-287,2.560198553986366e-235,286.6476099007966,234.5917263520488,2.251075696594568e-287,2.560198553986366e-235,0.0
2445,"ADXL_Z__agg_linear_trend__attr_""slope""__chunk_len_50__f_agg_""var""",0.0,2.5707847288324764e-235,307.6526555685888,234.5899342885825,0.0,2.5707847288324764e-235,0.0
2446,"MMA_Y__fft_coefficient__attr_""abs""__coeff_45",8.826779049331007e-235,0.0,234.05419774447387,307.6526555685888,0.0,8.826779049331007e-235,0.0
2447,"GYRO_X__fft_coefficient__attr_""abs""__coeff_82",1.2717114804898282e-234,6.179383174820595e-296,233.8956114080619,295.20905487396317,6.179383174820595e-296,1.2717114804898282e-234,0.0
2448,ADXL_Z__range_count__max_1000000000000.0__min_0,3.2484902049568594e-278,3.708735528258676e-234,277.4883184384075,233.43077413531876,3.2484902049568594e-278,3.708735528258676e-234,0.0
2449,"GYRO_Z__fft_coefficient__attr_""abs""__coeff_54",5.430986353540959e-234,0.0,233.2651212884593,307.6526555685888,0.0,5.430986353540959e-234,0.0
2450,"GYRO_X__fft_coefficient__attr_""abs""__coeff_25",1.3820759088153465e-233,5.332939840119802e-261,232.85946810321775,260.27303331548296,5.332939840119802e-261,1.3820759088153465e-233,0.0
2451,"ADXL_Y__agg_linear_trend__attr_""slope""__chunk_len_10__f_agg_""var""",0.0,1.5170916527897329e-233,307.6526555685888,232.8189881811787,0.0,1.5170916527897329e-233,0.0
2452,"ADXL_Z__change_quantiles__f_agg_""var""__isabs_False__qh_1.0__ql_0.0",1.6202568500435869e-233,0.0,232.79041613378172,307.6526555685888,0.0,1.6202568500435869e-233,0.0
2453,"GYRO_Z__agg_linear_trend__attr_""slope""__chunk_len_10__f_agg_""var""",0.0,1.7507921858316234e-233,307.6526555685888,232.75676540040584,0.0,1.7507921858316234e-233,0.0
2454,ADXL_Y__energy_ratio_by_chunks__num_segments_10__segment_focus_4,7.476975752092839e-279,2.218852351368774e-233,278.1262740277724,232.65387159597404,7.476975752092839e-279,2.218852351368774e-233,0.0
2455,"MMA_X__change_quantiles__f_agg_""var""__isabs_False__qh_0.2__ql_0.0",2.2581024911107247e-233,0.0,232.6462563501375,307.6526555685888,0.0,2.2581024911107247e-233,0.0
2456,"MMA_X__change_quantiles__f_agg_""var""__isabs_True__qh_1.0__ql_0.4",2.375357526445409e-233,0.0,232.62427101337536,307.6526555685888,0.0,2.375357526445409e-233,0.0
2457,MMA_Z__symmetry_looking__r_0.05,4.5760047929608506e-296,2.3847361682463952e-233,295.3395135293297,232.62255966149294,4.5760047929608506e-296,2.3847361682463952e-233,0.0
2458,ADXL_Z__symmetry_looking__r_0.05,6.330327708630908e-296,2.9244830161667042e-233,295.19857380682845,232.53395089644343,6.330327708630908e-296,2.9244830161667042e-233,0.0
2459,GYRO_Z__fourier_entropy__bins_3,8.191728224858448e-292,8.60227256765834e-233,291.08662446462046,232.06538680070838,8.191728224858448e-292,8.60227256765834e-233,0.0
2460,"GYRO_Z__fft_coefficient__attr_""abs""__coeff_86",1.0879846091037295e-232,0.0,231.9633772482303,307.6526555685888,0.0,1.0879846091037295e-232,0.0
2461,MMA_Z__ratio_beyond_r_sigma__r_1,8.616755866236902e-250,1.3795565385120545e-232,249.0646562115047,231.8602604960832,8.616755866236902e-250,1.3795565385120545e-232,0.0
2462,"GYRO_X__fft_coefficient__attr_""abs""__coeff_88",2.228645698269944e-232,0.0,231.6519589685393,307.6526555685888,0.0,2.228645698269944e-232,0.0
2463,"MMA_Y__agg_linear_trend__attr_""slope""__chunk_len_5__f_agg_""var""",0.0,4.8081478859799155e-232,307.6526555685888,231.31802218304415,0.0,4.8081478859799155e-232,0.0
2464,"ADXL_Y__change_quantiles__f_agg_""mean""__isabs_False__qh_0.4__ql_0.0",0.0,5.833971551961152e-231,307.6526555685888,230.23403569294766,0.0,5.833971551961152e-231,0.0
2465,"ADXL_Z__fft_coefficient__attr_""abs""__coeff_89",3.426983109654589e-230,0.0,229.4650880360434,307.6526555685888,0.0,3.426983109654589e-230,0.0
2466,"MMA_Z__fft_coefficient__attr_""abs""__coeff_89",3.736550171521411e-230,0.0,229.42752918199645,307.6526555685888,0.0,3.736550171521411e-230,0.0
2467,GYRO_Z__ratio_beyond_r_sigma__r_10,2.8949643232052597e-248,7.495588434829208e-230,247.53835678403692,229.12519426755645,2.8949643232052597e-248,7.495588434829208e-230,0.0
2468,ADXL_Z__index_mass_quantile__q_0.6,9.425016816977439e-230,1.3759643522836212e-235,229.0257178662135,234.8613928174138,1.3759643522836212e-235,9.425016816977439e-230,0.0
2469,"GYRO_Y__change_quantiles__f_agg_""var""__isabs_True__qh_0.2__ql_0.0",1.6487808299141108e-229,0.0,228.78283707066535,307.6526555685888,0.0,1.6487808299141108e-229,0.0
2470,MMA_Y__autocorrelation__lag_2,3.0336190164954965e-229,0.0,228.51803896192206,307.6526555685888,0.0,3.0336190164954965e-229,0.0
2471,"GYRO_X__fft_coefficient__attr_""abs""__coeff_27",5.479808477008276e-229,2.722696693740487e-267,228.26123462013462,266.56500073602746,2.722696693740487e-267,5.479808477008276e-229,0.0
2472,"MMA_Z__agg_linear_trend__attr_""stderr""__chunk_len_5__f_agg_""var""",9.953421147010168e-229,0.0,228.00202761976732,307.6526555685888,0.0,9.953421147010168e-229,0.0
2473,"GYRO_Z__change_quantiles__f_agg_""var""__isabs_False__qh_0.2__ql_0.0",1.5906321016435951e-228,0.0,227.79843025699833,307.6526555685888,0.0,1.5906321016435951e-228,0.0
2474,MMA_X__kurtosis,1.7728606840965154e-228,0.0,227.75132539102364,307.6526555685888,0.0,1.7728606840965154e-228,0.0
2475,"ADXL_Y__agg_linear_trend__attr_""slope""__chunk_len_5__f_agg_""var""",4.4469385427155586e-302,2.4588249448211e-228,301.35193887251734,227.6092723896039,4.4469385427155586e-302,2.4588249448211e-228,0.0
2476,"GYRO_Y__fft_coefficient__attr_""abs""__coeff_23",3.990291641837902e-228,0.0,227.39899536150318,307.6526555685888,0.0,3.990291641837902e-228,0.0
2477,"GYRO_Y__agg_linear_trend__attr_""rvalue""__chunk_len_50__f_agg_""max""",1.2968466077593956e-293,4.850988738321223e-226,292.88711138963936,225.3141697335971,1.2968466077593956e-293,4.850988738321223e-226,0.0
2478,"GYRO_Z__agg_linear_trend__attr_""slope""__chunk_len_5__f_agg_""var""",0.0,4.9850938415106836e-226,307.6526555685888,225.30232666193274,0.0,4.9850938415106836e-226,0.0
2479,"GYRO_X__fft_coefficient__attr_""abs""__coeff_78",7.785577471233258e-226,1.2735644069574478e-290,225.10870916944538,289.89497908691635,1.2735644069574478e-290,7.785577471233258e-226,0.0
2480,GYRO_Y__quantile__q_0.6,0.0,2.1551528111013566e-225,307.6526555685888,224.666521930763,0.0,2.1551528111013566e-225,0.0
2481,"GYRO_Z__fft_coefficient__attr_""abs""__coeff_72",2.445258774175087e-225,0.0,224.61167517406614,307.6526555685888,0.0,2.445258774175087e-225,0.0
2482,"GYRO_X__change_quantiles__f_agg_""var""__isabs_True__qh_0.6__ql_0.0",5.968334495693778e-225,0.0,224.2241468447909,307.6526555685888,0.0,5.968334495693778e-225,0.0
2483,"MMA_Y__fft_coefficient__attr_""imag""__coeff_9",3.176312776422846e-309,1.4454321841833336e-224,307.6526555685888,223.84000227945225,3.176312776422846e-309,1.4454321841833336e-224,0.0
2484,"GYRO_Y__fft_coefficient__attr_""abs""__coeff_24",2.279622917838115e-224,0.0,223.64213698556352,307.6526555685888,0.0,2.279622917838115e-224,0.0
2485,"GYRO_Y__agg_linear_trend__attr_""slope""__chunk_len_10__f_agg_""var""",7.384946841396469e-296,2.3847372022096705e-224,295.13165262649574,223.62255947319352,7.384946841396469e-296,2.3847372022096705e-224,0.0
2486,"ADXL_X__fft_coefficient__attr_""abs""__coeff_80",2.8162163938914027e-224,0.0,223.55033397770384,307.6526555685888,0.0,2.8162163938914027e-224,0.0
2487,"GYRO_Z__fft_coefficient__attr_""abs""__coeff_94",3.741007664296619e-224,0.0,223.42701140205085,307.6526555685888,0.0,3.741007664296619e-224,0.0
2488,GYRO_Z__index_mass_quantile__q_0.4,7.611601354484855e-273,3.926528730067266e-224,272.1185239652722,223.40599122050529,7.611601354484855e-273,3.926528730067266e-224,0.0
2489,"GYRO_Y__fft_coefficient__attr_""abs""__coeff_56",4.557951140666622e-224,0.0,223.34123033458621,307.6526555685888,0.0,4.557951140666622e-224,0.0
2490,"GYRO_X__fft_coefficient__attr_""abs""__coeff_81",1.3241545573114629e-223,7.690340810928989e-299,222.87806132043258,298.1140544132511,7.690340810928989e-299,1.3241545573114629e-223,0.0
2491,"MMA_X__agg_linear_trend__attr_""stderr""__chunk_len_5__f_agg_""var""",2.6284745711804696e-223,0.0,222.58029622014809,307.6526555685888,0.0,2.6284745711804696e-223,0.0
2492,"GYRO_X__fft_coefficient__attr_""abs""__coeff_61",5.847342418015948e-223,5.424223894040831e-270,222.23304147330816,269.2656623925297,5.424223894040831e-270,5.847342418015948e-223,0.0
2493,"MMA_Z__change_quantiles__f_agg_""mean""__isabs_False__qh_0.8__ql_0.6",5.201283283204214e-244,8.573665740148699e-223,243.28388949212365,222.06683345225048,5.201283283204214e-244,8.573665740148699e-223,0.0
2494,"ADXL_Y__fft_coefficient__attr_""abs""__coeff_35",8.929935437101626e-223,0.0,222.0491516810232,307.6526555685888,0.0,8.929935437101626e-223,0.0
2495,GYRO_Y__index_mass_quantile__q_0.3,1.522492872570415e-265,9.797296921863436e-223,264.8174447318055,222.00889372980222,1.522492872570415e-265,9.797296921863436e-223,0.0
2496,"MMA_X__fft_coefficient__attr_""abs""__coeff_80",1.3673190675172591e-222,0.0,221.86413012984104,307.6526555685888,0.0,1.3673190675172591e-222,0.0
2497,ADXL_X__maximum,4.033807240651509e-222,0.0,221.39428485880583,307.6526555685888,0.0,4.033807240651509e-222,0.0
2498,GYRO_Y__ar_coefficient__coeff_4__k_10,7.057746168632088e-294,4.5321741920570025e-222,293.1513339650671,221.34369340657665,7.057746168632088e-294,4.5321741920570025e-222,0.0
2499,GYRO_Z__partial_autocorrelation__lag_1,7.244762194684396e-222,0.0,221.13997586543522,307.6526555685888,0.0,7.244762194684396e-222,0.0
2500,GYRO_Z__autocorrelation__lag_1,7.244762194684396e-222,0.0,221.13997586543522,307.6526555685888,0.0,7.244762194684396e-222,0.0
2501,MMA_Z__count_below__t_0,2.324756095444541e-279,2.6794504560358666e-221,278.633622604907,220.57195426880105,2.324756095444541e-279,2.6794504560358666e-221,0.0
2502,MMA_Z__count_above__t_0,9.781682194227814e-279,5.070900790544993e-221,278.00958645146517,220.29491488610768,9.781682194227814e-279,5.070900790544993e-221,0.0
2503,"ADXL_Y__fft_coefficient__attr_""imag""__coeff_9",2.7792411907774765e-306,8.094956753544823e-221,305.55607376222645,220.09178546707702,2.7792411907774765e-306,8.094956753544823e-221,0.0
2504,"ADXL_Z__linear_trend__attr_""pvalue""",8.742556257922136e-221,0.0,220.05836156434597,307.6526555685888,0.0,8.742556257922136e-221,0.0
2505,"ADXL_Y__agg_linear_trend__attr_""stderr""__chunk_len_10__f_agg_""var""",8.802543611449547e-221,0.0,220.05539181457758,307.6526555685888,0.0,8.802543611449547e-221,0.0
2506,"MMA_Y__fft_coefficient__attr_""abs""__coeff_35",5.567534180191453e-220,0.0,219.25433710806618,307.6526555685888,0.0,5.567534180191453e-220,0.0
2507,"MMA_Y__agg_linear_trend__attr_""stderr""__chunk_len_5__f_agg_""var""",8.079115063010865e-220,0.0,219.0926362065891,307.6526555685888,0.0,8.079115063010865e-220,0.0
2508,"MMA_Z__change_quantiles__f_agg_""var""__isabs_False__qh_1.0__ql_0.6",1.8152248531510756e-219,0.0,218.74106957093952,307.6526555685888,0.0,1.8152248531510756e-219,0.0
2509,"GYRO_X__fft_coefficient__attr_""abs""__coeff_79",1.8211829405432383e-219,4.016204098967803e-293,218.73964642648522,292.3961842249459,4.016204098967803e-293,1.8211829405432383e-219,0.0
2510,GYRO_Z__value_count__value_0,4.423634589332661e-219,6.584370198313424e-289,218.35422075475734,288.1814857594232,6.584370198313424e-289,4.423634589332661e-219,0.0
2511,"GYRO_X__fft_coefficient__attr_""abs""__coeff_59",9.615052045260718e-219,8.375977572015496e-277,218.017048360629,276.07696449421877,8.375977572015496e-277,9.615052045260718e-219,0.0
2512,GYRO_Z__energy_ratio_by_chunks__num_segments_10__segment_focus_7,1.5185896705088108e-218,0.0,217.81855955853177,307.6526555685888,0.0,1.5185896705088108e-218,0.0
2513,"GYRO_X__linear_trend__attr_""pvalue""",1.585506713818828e-218,7.057079365695126e-291,217.79983191461557,290.1513749983531,7.057079365695126e-291,1.585506713818828e-218,0.0
2514,"MMA_X__agg_linear_trend__attr_""slope""__chunk_len_10__f_agg_""var""",1.841993874827557e-260,1.718394977417121e-218,259.7347118182939,217.76487700534926,1.841993874827557e-260,1.718394977417121e-218,0.0
2515,MMA_Y__spkt_welch_density__coeff_8,1.7405153581210676e-218,0.0,217.7593221401948,307.6526555685888,0.0,1.7405153581210676e-218,0.0
2516,MMA_X__autocorrelation__lag_1,7.70218236810404e-218,0.0,217.11338620260193,307.6526555685888,0.0,7.70218236810404e-218,0.0
2517,MMA_X__partial_autocorrelation__lag_1,7.70218236810404e-218,0.0,217.11338620260193,307.6526555685888,0.0,7.70218236810404e-218,0.0
2518,ADXL_Z__number_crossing_m__m_-1,8.059196800106591e-218,0.0,217.09370823892237,307.6526555685888,0.0,8.059196800106591e-218,0.0
2519,"MMA_Y__change_quantiles__f_agg_""mean""__isabs_False__qh_1.0__ql_0.4",0.0,2.0656969598086016e-217,307.6526555685888,216.68493338965862,0.0,2.0656969598086016e-217,0.0
2520,"MMA_Z__augmented_dickey_fuller__attr_""usedlag""__autolag_""AIC""",2.812142394955718e-217,3.7801850317596204e-247,216.55096269226607,246.42248694188092,3.7801850317596204e-247,2.812142394955718e-217,0.0
2521,MMA_Y__number_crossing_m__m_1,3.090989495297799e-217,0.0,216.50990247088038,307.6526555685888,0.0,3.090989495297799e-217,0.0
2522,ADXL_Z__index_mass_quantile__q_0.7,9.608288091488395e-217,3.5584182782471225e-263,216.01735398367884,262.44874300362204,3.5584182782471225e-263,9.608288091488395e-217,0.0
2523,"ADXL_Y__change_quantiles__f_agg_""var""__isabs_True__qh_1.0__ql_0.4",1.5507948088326063e-216,0.0,215.80944566143006,307.6526555685888,0.0,1.5507948088326063e-216,0.0
2524,MMA_Y__fourier_entropy__bins_2,2.006119518445931e-216,1.824693171501548e-241,215.69764319661206,240.73881015319475,1.824693171501548e-241,2.006119518445931e-216,0.0
2525,"GYRO_Z__agg_linear_trend__attr_""intercept""__chunk_len_5__f_agg_""max""",3.0538464780749046e-227,2.3664348475717286e-216,226.51515279943442,215.6259054479801,3.0538464780749046e-227,2.3664348475717286e-216,0.0
2526,"GYRO_X__fft_coefficient__attr_""abs""__coeff_60",3.8941369441707396e-216,1.526406534654589e-267,215.4095887798186,266.81632978339053,1.526406534654589e-267,3.8941369441707396e-216,0.0
2527,"GYRO_X__fft_coefficient__attr_""abs""__coeff_28",4.492137618994655e-216,1.899932040645228e-251,215.34754694736728,250.7212619332054,1.899932040645228e-251,4.492137618994655e-216,0.0
2528,"GYRO_X__augmented_dickey_fuller__attr_""usedlag""__autolag_""AIC""",5.5492534338627455e-216,1.5635035985104855e-231,215.2557654405463,230.80590111486143,1.5635035985104855e-231,5.5492534338627455e-216,0.0
2529,"GYRO_Z__fft_coefficient__attr_""abs""__coeff_53",9.931129971465508e-216,0.0,215.0030013343392,307.6526555685888,0.0,9.931129971465508e-216,0.0
2530,"GYRO_X__fft_coefficient__attr_""abs""__coeff_77",1.8726873480558263e-215,1.2053719889494462e-283,214.72753472361154,282.91887890510804,1.2053719889494462e-283,1.8726873480558263e-215,0.0
2531,"GYRO_Z__fft_coefficient__attr_""abs""__coeff_68",4.799699116574658e-215,0.0,214.31878598681337,307.6526555685888,0.0,4.799699116574658e-215,0.0
2532,"GYRO_X__fft_coefficient__attr_""abs""__coeff_42",7.123074393504938e-215,4.4290736639193184e-244,214.1473325198531,243.3536870965119,4.4290736639193184e-244,7.123074393504938e-215,0.0
2533,"MMA_Z__linear_trend__attr_""pvalue""",1.7517189269407023e-214,0.0,213.7565355775466,307.6526555685888,0.0,1.7517189269407023e-214,0.0
2534,"ADXL_Z__change_quantiles__f_agg_""var""__isabs_False__qh_1.0__ql_0.2",2.9177093703514967e-214,0.0,213.53495796985814,307.6526555685888,0.0,2.9177093703514967e-214,0.0
2535,MMA_Z__symmetry_looking__r_0.1,3.6352679021366e-266,3.81836385085669e-214,265.43946357816606,213.418122690167,3.6352679021366e-266,3.81836385085669e-214,0.0
2536,"ADXL_Y__change_quantiles__f_agg_""mean""__isabs_False__qh_1.0__ql_0.4",0.0,7.2961138338979224e-214,307.6526555685888,213.13690839876844,0.0,7.2961138338979224e-214,0.0
2537,"GYRO_X__fft_coefficient__attr_""abs""__coeff_83",9.464646921733845e-214,2.6071529521197685e-295,213.02389558273586,294.58383348961684,2.6071529521197685e-295,9.464646921733845e-214,0.0
2538,ADXL_Y__fourier_entropy__bins_2,1.3905290421559804e-213,8.713927891800527e-240,212.85681993616598,239.05978603819446,8.713927891800527e-240,1.3905290421559804e-213,0.0
2539,"GYRO_Z__fft_coefficient__attr_""abs""__coeff_50",1.5939651181619657e-213,0.0,212.7975211868016,307.6526555685888,0.0,1.5939651181619657e-213,0.0
2540,"MMA_Z__agg_linear_trend__attr_""slope""__chunk_len_10__f_agg_""var""",4.5432594884889885e-260,2.7021101636084146e-213,259.3426324577263,212.56829694899574,4.5432594884889885e-260,2.7021101636084146e-213,0.0
2541,"GYRO_X__fft_coefficient__attr_""abs""__coeff_40",3.04021545062705e-213,5.6276909484819196e-248,212.5170956381995,247.24966976039406,5.6276909484819196e-248,3.04021545062705e-213,0.0
2542,"MMA_X__fft_coefficient__attr_""abs""__coeff_88",8.399210479864662e-213,0.0,212.07576153540873,307.6526555685888,0.0,8.399210479864662e-213,0.0
2543,"ADXL_Z__fft_coefficient__attr_""abs""__coeff_45",8.563590621573408e-213,0.0,212.06734410212505,307.6526555685888,0.0,8.563590621573408e-213,0.0
2544,"ADXL_Z__fft_coefficient__attr_""abs""__coeff_0",7.034406387726481e-296,1.6234505568766649e-212,295.1527725454804,211.78956093352556,7.034406387726481e-296,1.6234505568766649e-212,0.0
2545,"GYRO_X__fft_coefficient__attr_""abs""__coeff_89",1.995302823907211e-212,5.7377206290665e-311,211.69999118279853,307.6526555685888,5.7377206290665e-311,1.995302823907211e-212,0.0
2546,"GYRO_X__fft_coefficient__attr_""abs""__coeff_80",2.4937402983713227e-212,7.824703971863302e-300,211.6031487765419,299.106532083918,7.824703971863302e-300,2.4937402983713227e-212,0.0
2547,"GYRO_X__fft_coefficient__attr_""abs""__coeff_32",2.771821304596316e-212,4.0819449360047495e-250,211.55723477150948,249.38913285805958,4.0819449360047495e-250,2.771821304596316e-212,0.0
2548,"GYRO_Z__fft_coefficient__attr_""abs""__coeff_89",4.5492726790105336e-212,0.0,211.3420580311981,307.6526555685888,0.0,4.5492726790105336e-212,0.0
2549,"GYRO_X__agg_linear_trend__attr_""slope""__chunk_len_50__f_agg_""var""",9.496888313696471e-212,1.6849418792713998e-234,211.0224186694017,233.77341507517664,1.6849418792713998e-234,9.496888313696471e-212,0.0
2550,"ADXL_Z__agg_linear_trend__attr_""slope""__chunk_len_10__f_agg_""var""",2.5176046050220903e-223,1.0495421880702831e-211,222.59901247571375,210.97900009955146,2.5176046050220903e-223,1.0495421880702831e-211,0.0
2551,"GYRO_X__fft_coefficient__attr_""abs""__coeff_54",1.1338363766885876e-211,1.3013076960188024e-283,210.9454496137221,282.8856200017603,1.3013076960188024e-283,1.1338363766885876e-211,0.0
2552,"GYRO_X__fft_coefficient__attr_""abs""__coeff_53",1.499782865522713e-211,4.021236442998621e-284,210.82397161236517,283.39564039024685,4.021236442998621e-284,1.499782865522713e-211,0.0
2553,"GYRO_X__change_quantiles__f_agg_""var""__isabs_True__qh_0.4__ql_0.2",3.5076178491935605e-211,0.0,210.45498772859764,307.6526555685888,0.0,3.5076178491935605e-211,0.0
2554,ADXL_Y__spkt_welch_density__coeff_8,3.8014333222928235e-211,0.0,210.42005262270038,307.6526555685888,0.0,3.8014333222928235e-211,0.0
2555,"GYRO_X__fft_coefficient__attr_""abs""__coeff_97",5.199696930259048e-211,0.0,210.28402196893288,307.6526555685888,0.0,5.199696930259048e-211,0.0
2556,ADXL_Z__large_standard_deviation__r_0.35000000000000003,2.178273052370515e-261,5.356449496636547e-211,260.6618876811895,210.2711229854842,2.178273052370515e-261,5.356449496636547e-211,0.0
2557,"MMA_X__agg_linear_trend__attr_""slope""__chunk_len_5__f_agg_""var""",5.473312122720011e-220,1.6827048496274148e-210,219.2617497849454,209.77399205361374,5.473312122720011e-220,1.6827048496274148e-210,0.0
2558,ADXL_Z__symmetry_looking__r_0.1,2.4522533388895192e-260,2.6582915915537925e-210,259.6104346654757,209.57539738243878,2.4522533388895192e-260,2.6582915915537925e-210,0.0
2559,MMA_Z__range_count__max_1000000000000.0__min_0,3.65816361405424e-245,4.796178708027633e-210,244.43673687428554,209.3191046432412,3.65816361405424e-245,4.796178708027633e-210,0.0
2560,"GYRO_Z__fft_coefficient__attr_""abs""__coeff_52",4.950807241584751e-210,0.0,209.30532398248405,307.6526555685888,0.0,4.950807241584751e-210,0.0
2561,GYRO_Y__fourier_entropy__bins_10,1.2675035618787354e-247,5.624968124200762e-210,246.89705081155904,209.24987993428735,1.2675035618787354e-247,5.624968124200762e-210,0.0
2562,"ADXL_X__fft_coefficient__attr_""abs""__coeff_88",8.639656457220089e-210,0.0,209.06350352623636,307.6526555685888,0.0,8.639656457220089e-210,0.0
2563,"GYRO_X__fft_coefficient__attr_""abs""__coeff_43",8.825626289448936e-210,4.507287286090601e-241,209.054254466178,240.34608475992601,4.507287286090601e-241,8.825626289448936e-210,0.0
2564,"ADXL_Y__change_quantiles__f_agg_""var""__isabs_False__qh_1.0__ql_0.6",9.687622195856525e-210,0.0,209.0137828064313,307.6526555685888,0.0,9.687622195856525e-210,0.0
2565,"ADXL_X__change_quantiles__f_agg_""var""__isabs_False__qh_1.0__ql_0.4",9.938350485950934e-210,0.0,209.0026856914876,307.6526555685888,0.0,9.938350485950934e-210,0.0
2566,"MMA_Z__fft_coefficient__attr_""abs""__coeff_45",1.021467776521839e-209,0.0,208.99077532917786,307.6526555685888,0.0,1.021467776521839e-209,0.0
2567,"GYRO_Y__agg_linear_trend__attr_""slope""__chunk_len_5__f_agg_""var""",5.405337640261345e-215,1.481340007866885e-209,214.26717717299235,208.82934524762823,5.405337640261345e-215,1.481340007866885e-209,0.0
2568,"GYRO_X__fft_coefficient__attr_""abs""__coeff_29",2.5413198910169026e-209,6.0048621188982494e-248,208.59494066428482,247.22149696023263,6.0048621188982494e-248,2.5413198910169026e-209,0.0
2569,"GYRO_X__fft_coefficient__attr_""abs""__coeff_31",2.9883907336802466e-209,1.2587212241393254e-257,208.5245626189092,256.900070444812,1.2587212241393254e-257,2.9883907336802466e-209,0.0
2570,"GYRO_X__fft_coefficient__attr_""abs""__coeff_75",3.15275389643952e-209,3.269022310631711e-282,208.50130992889999,281.4855821154089,3.269022310631711e-282,3.15275389643952e-209,0.0
2571,"MMA_Z__fft_coefficient__attr_""abs""__coeff_59",5.377430018868961e-209,0.0,208.2694252327521,307.6526555685888,0.0,5.377430018868961e-209,0.0
2572,ADXL_Y__autocorrelation__lag_2,5.43629621245723e-209,0.0,208.2646968874931,307.6526555685888,0.0,5.43629621245723e-209,0.0
2573,"ADXL_Z__fft_coefficient__attr_""abs""__coeff_49",7.261645066481948e-209,0.0,208.1389649822801,307.6526555685888,0.0,7.261645066481948e-209,0.0
2574,"GYRO_Y__change_quantiles__f_agg_""var""__isabs_True__qh_1.0__ql_0.6",8.713590552418327e-209,0.0,208.05980285121726,307.6526555685888,0.0,8.713590552418327e-209,0.0
2575,"GYRO_X__change_quantiles__f_agg_""var""__isabs_False__qh_1.0__ql_0.8",2.4002744052319488e-208,0.0,207.61973910584433,307.6526555685888,0.0,2.4002744052319488e-208,0.0
2576,"GYRO_Y__fft_coefficient__attr_""abs""__coeff_93",2.8758361202828377e-208,0.0,207.54123586588466,307.6526555685888,0.0,2.8758361202828377e-208,0.0
2577,"MMA_Y__fft_coefficient__attr_""abs""__coeff_48",3.701256920793696e-207,0.0,206.43165076753652,307.6526555685888,0.0,3.701256920793696e-207,0.0
2578,GYRO_Z__energy_ratio_by_chunks__num_segments_10__segment_focus_1,9.135369756573516e-207,0.0,206.03927386976852,307.6526555685888,0.0,9.135369756573516e-207,0.0
2579,"ADXL_X__augmented_dickey_fuller__attr_""usedlag""__autolag_""AIC""",2.442975037449887e-206,5.9846813933182165e-217,205.612080970666,216.22295896519188,5.9846813933182165e-217,2.442975037449887e-206,0.0
2580,"GYRO_X__fft_coefficient__attr_""abs""__coeff_55",6.136632199830651e-206,4.288499567195885e-285,205.212069905455,284.36769462941623,4.288499567195885e-285,6.136632199830651e-206,0.0
2581,"GYRO_X__fft_coefficient__attr_""abs""__coeff_76",1.0421842948726532e-205,1.888370045623937e-292,204.98205547569194,291.7239128972068,1.888370045623937e-292,1.0421842948726532e-205,0.0
2582,"ADXL_Z__fft_coefficient__attr_""abs""__coeff_59",1.1730360584344482e-205,0.0,204.93068863772385,307.6526555685888,0.0,1.1730360584344482e-205,0.0
2583,MMA_Z__skewness,6.842237302816519e-235,1.7134192735494184e-205,234.1648018676668,204.7661363522075,6.842237302816519e-235,1.7134192735494184e-205,0.0
2584,"MMA_Z__fft_coefficient__attr_""abs""__coeff_49",2.0009700645336357e-205,0.0,204.69875940856772,307.6526555685888,0.0,2.0009700645336357e-205,0.0
2585,GYRO_X__kurtosis,2.7370112419687388e-204,0.0,203.56272341877002,307.6526555685888,0.0,2.7370112419687388e-204,0.0
2586,GYRO_Y__longest_strike_below_mean,2.8639576574333462e-204,3.123942350763477e-238,203.54303340720182,237.50529698919178,3.123942350763477e-238,2.8639576574333462e-204,0.0
2587,"ADXL_X__agg_linear_trend__attr_""slope""__chunk_len_10__f_agg_""var""",4.275531149368749e-204,1.1599475344424197e-218,203.36900992516718,217.93556165389157,1.1599475344424197e-218,4.275531149368749e-204,0.0
2588,ADXL_Z__skewness,2.618136029644704e-230,5.4515698722816514e-204,229.5820077927015,203.2634784172291,2.618136029644704e-230,5.4515698722816514e-204,0.0
2589,GYRO_X__ar_coefficient__coeff_0__k_10,6.215061286429124e-204,4.275676720252495e-264,203.2065545844436,263.3689951388042,4.275676720252495e-264,6.215061286429124e-204,0.0
2590,"ADXL_Z__change_quantiles__f_agg_""var""__isabs_True__qh_0.2__ql_0.0",1.1715533931943612e-203,0.0,202.93123791377528,307.6526555685888,0.0,1.1715533931943612e-203,0.0
2591,"ADXL_Z__agg_linear_trend__attr_""intercept""__chunk_len_10__f_agg_""max""",1.778850261934605e-301,1.6154891265351254e-203,300.7498606079321,202.79169596076716,1.778850261934605e-301,1.6154891265351254e-203,0.0
2592,ADXL_Y__number_crossing_m__m_0,1.9918563540682827e-203,0.0,202.70074198462964,307.6526555685888,0.0,1.9918563540682827e-203,0.0
2593,"GYRO_X__change_quantiles__f_agg_""var""__isabs_True__qh_1.0__ql_0.6",2.5813320278114726e-203,0.0,202.58815613006593,307.6526555685888,0.0,2.5813320278114726e-203,0.0
2594,"ADXL_Y__fft_coefficient__attr_""abs""__coeff_48",5.503392517158115e-203,0.0,202.25936951100195,307.6526555685888,0.0,5.503392517158115e-203,0.0
2595,"MMA_Z__fft_coefficient__attr_""imag""__coeff_2",2.0044242021367643e-271,6.303146876858544e-203,270.69801036207053,202.20044257276237,2.0044242021367643e-271,6.303146876858544e-203,0.0
2596,"MMA_Z__linear_trend__attr_""intercept""",5.9340356e-316,6.739341611284301e-203,307.6526555685888,202.17138252906597,5.9340356e-316,6.739341611284301e-203,0.0
2597,"MMA_Z__agg_linear_trend__attr_""intercept""__chunk_len_5__f_agg_""mean""",5.97704097e-316,9.634120874539663e-203,307.6526555685888,202.0161879091098,5.97704097e-316,9.634120874539663e-203,0.0
2598,"MMA_Z__agg_linear_trend__attr_""intercept""__chunk_len_10__f_agg_""max""",2.3288573915434025e-295,1.1082405103622576e-202,294.6328571048367,201.95536597878788,2.3288573915434025e-295,1.1082405103622576e-202,0.0
2599,"MMA_Z__agg_linear_trend__attr_""intercept""__chunk_len_10__f_agg_""mean""",5.96117425e-316,1.3726717346438984e-202,307.6526555685888,201.86243330899632,5.96117425e-316,1.3726717346438984e-202,0.0
2600,"ADXL_Y__change_quantiles__f_agg_""var""__isabs_True__qh_1.0__ql_0.6",1.3907263852570055e-202,0.0,201.8567583057101,307.6526555685888,0.0,1.3907263852570055e-202,0.0
2601,"GYRO_Y__agg_linear_trend__attr_""rvalue""__chunk_len_50__f_agg_""min""",1.5919046829438862e-243,1.4672820775472366e-202,242.798082939683,201.833486387216,1.5919046829438862e-243,1.4672820775472366e-202,0.0
2602,"ADXL_Z__linear_trend__attr_""intercept""",7.86e-322,2.223538569973156e-202,307.6526555685888,201.6529553327852,7.86e-322,2.223538569973156e-202,0.0
2603,GYRO_X__large_standard_deviation__r_0.15000000000000002,2.096680608500604e-248,2.471385750559796e-202,247.6784677214327,201.60705946169452,2.096680608500604e-248,2.471385750559796e-202,0.0
2604,"ADXL_Z__agg_linear_trend__attr_""intercept""__chunk_len_5__f_agg_""mean""",8.15e-322,3.115803456844341e-202,307.6526555685888,201.50642994519077,8.15e-322,3.115803456844341e-202,0.0
2605,"ADXL_Z__fft_coefficient__attr_""imag""__coeff_2",6.907042325047321e-270,3.675281895938243e-202,269.16070788271134,201.4347093447008,6.907042325047321e-270,3.675281895938243e-202,0.0
2606,"ADXL_Z__agg_linear_trend__attr_""intercept""__chunk_len_10__f_agg_""mean""",8.3e-322,4.568617773170524e-202,307.6526555685888,201.3402151750471,8.3e-322,4.568617773170524e-202,0.0
2607,"MMA_X__augmented_dickey_fuller__attr_""usedlag""__autolag_""AIC""",5.565930971171006e-202,2.6844104672600582e-227,201.25446218410067,226.57115107641795,2.6844104672600582e-227,5.565930971171006e-202,0.0
2608,"ADXL_Z__agg_linear_trend__attr_""stderr""__chunk_len_10__f_agg_""var""",8.671967961853755e-202,0.0,201.0618823352817,307.6526555685888,0.0,8.671967961853755e-202,0.0
2609,"ADXL_X__change_quantiles__f_agg_""var""__isabs_False__qh_0.6__ql_0.0",9.919973594912152e-202,0.0,201.0034894838538,307.6526555685888,0.0,9.919973594912152e-202,0.0
2610,"GYRO_X__fft_coefficient__attr_""abs""__coeff_56",2.1601997990221936e-201,3.028698261390887e-289,200.66550607866392,288.5187439917515,3.028698261390887e-289,2.1601997990221936e-201,0.0
2611,"MMA_X__change_quantiles__f_agg_""var""__isabs_True__qh_0.2__ql_0.0",2.443129624944143e-201,0.0,200.6120534900857,307.6526555685888,0.0,2.443129624944143e-201,0.0
2612,"MMA_Z__agg_linear_trend__attr_""intercept""__chunk_len_50__f_agg_""mean""",4.96450367e-316,3.2790646639082644e-201,307.6526555685888,200.48425001885926,4.96450367e-316,3.2790646639082644e-201,0.0
2613,"GYRO_X__fft_coefficient__attr_""abs""__coeff_37",3.297387227717086e-201,1.2199204676862937e-237,200.48183004861485,236.91366848208827,1.2199204676862937e-237,3.297387227717086e-201,0.0
2614,"GYRO_X__fft_coefficient__attr_""imag""__coeff_2",3.8548669647216667e-265,3.365793178934218e-201,264.41399060528727,200.47291257404268,3.8548669647216667e-265,3.365793178934218e-201,0.0
2615,ADXL_X__partial_autocorrelation__lag_1,3.4744616482349154e-201,0.0,200.45911247778272,307.6526555685888,0.0,3.4744616482349154e-201,0.0
2616,ADXL_X__autocorrelation__lag_1,3.4744616482349154e-201,0.0,200.45911247778272,307.6526555685888,0.0,3.4744616482349154e-201,0.0
2617,ADXL_Y__ratio_beyond_r_sigma__r_1.5,7.961384150581648e-201,2.500944168954639e-257,200.09901142011395,256.6018960033457,2.500944168954639e-257,7.961384150581648e-201,0.0
2618,"ADXL_Z__agg_linear_trend__attr_""intercept""__chunk_len_50__f_agg_""mean""",8.94e-322,1.1851278544323151e-200,307.6526555685888,199.9262347943972,8.94e-322,1.1851278544323151e-200,0.0
2619,"MMA_Z__change_quantiles__f_agg_""mean""__isabs_False__qh_0.6__ql_0.0",1.7634736385483102e-200,2.2978596436167456e-229,199.7536310280399,228.63867650213353,2.2978596436167456e-229,1.7634736385483102e-200,0.0
2620,MMA_X__energy_ratio_by_chunks__num_segments_10__segment_focus_2,1.9190322777164303e-200,5.376209482728919e-297,199.7169177204619,296.2695238174429,5.376209482728919e-297,1.9190322777164303e-200,0.0
2621,"MMA_X__fft_coefficient__attr_""abs""__coeff_89",5.828046283593157e-200,0.0,199.23447700792653,307.6526555685888,0.0,5.828046283593157e-200,0.0
2622,"GYRO_Z__fft_coefficient__attr_""abs""__coeff_88",1.4686735191982293e-199,0.0,198.83307473557056,307.6526555685888,0.0,1.4686735191982293e-199,0.0
2623,ADXL_Z__index_mass_quantile__q_0.8,4.0089681514940876e-199,2.3272204016682878e-291,198.39696739390794,290.63316248448484,2.3272204016682878e-291,4.0089681514940876e-199,0.0
2624,"ADXL_X__fft_coefficient__attr_""abs""__coeff_89",4.1474096381205053e-199,0.0,198.38222306741164,307.6526555685888,0.0,4.1474096381205053e-199,0.0
2625,"GYRO_Y__agg_linear_trend__attr_""intercept""__chunk_len_10__f_agg_""max""",0.0,5.44571171627113e-199,307.6526555685888,198.26394535296052,0.0,5.44571171627113e-199,0.0
2626,"GYRO_X__fft_coefficient__attr_""abs""__coeff_71",7.881556980279186e-199,3.9548852685263796e-275,198.10338798033408,274.40286611089414,3.9548852685263796e-275,7.881556980279186e-199,0.0
2627,MMA_X__ar_coefficient__coeff_3__k_10,2.4512937014148714e-246,1.9764640994744565e-198,245.61060465069727,197.70411106978128,2.4512937014148714e-246,1.9764640994744565e-198,0.0
2628,GYRO_X__index_mass_quantile__q_0.4,6.951457514065205e-228,2.2461499643503466e-198,227.1579241272154,197.64856125140687,6.951457514065205e-228,2.2461499643503466e-198,0.0
2629,"GYRO_Y__fft_coefficient__attr_""abs""__coeff_78",2.4145390505034493e-198,0.0,197.6171657663328,307.6526555685888,0.0,2.4145390505034493e-198,0.0
2630,"GYRO_X__fft_coefficient__attr_""abs""__coeff_98",4.820531571248775e-198,0.0,197.31690506845598,307.6526555685888,0.0,4.820531571248775e-198,0.0
2631,MMA_Z__index_mass_quantile__q_0.9,4.913777855985549e-198,0.0,197.308584481169,307.6526555685888,0.0,4.913777855985549e-198,0.0
2632,"ADXL_X__agg_linear_trend__attr_""stderr""__chunk_len_10__f_agg_""var""",5.25579502920937e-198,0.0,197.27936158017184,307.6526555685888,0.0,5.25579502920937e-198,0.0
2633,"ADXL_Z__change_quantiles__f_agg_""var""__isabs_False__qh_1.0__ql_0.4",7.374999953315932e-198,0.0,197.1322379780989,307.6526555685888,0.0,7.374999953315932e-198,0.0
2634,ADXL_Y__large_standard_deviation__r_0.35000000000000003,2.3933320612790916e-241,1.4817045811559853e-197,240.6209970413045,196.82923837635866,2.3933320612790916e-241,1.4817045811559853e-197,0.0
2635,"ADXL_Y__change_quantiles__f_agg_""var""__isabs_False__qh_1.0__ql_0.8",4.4328724262377954e-197,0.0,196.35331476709413,307.6526555685888,0.0,4.4328724262377954e-197,0.0
2636,"GYRO_X__fft_coefficient__attr_""abs""__coeff_64",6.720571982721321e-197,1.0374593336158178e-255,196.17259376290326,254.98402891777963,1.0374593336158178e-255,6.720571982721321e-197,0.0
2637,"ADXL_Z__fft_coefficient__attr_""angle""__coeff_1",2.890419476804358e-222,6.980465313346435e-197,221.53903912497998,196.15611562661994,2.890419476804358e-222,6.980465313346435e-197,0.0
2638,"ADXL_Y__change_quantiles__f_agg_""var""__isabs_True__qh_1.0__ql_0.0",7.434453079752688e-197,0.0,196.1287509751154,307.6526555685888,0.0,7.434453079752688e-197,0.0
2639,"ADXL_Z__change_quantiles__f_agg_""mean""__isabs_False__qh_0.8__ql_0.4",9.836563876180195e-197,1.891504259850817e-206,196.00715658350242,205.7231926762969,1.891504259850817e-206,9.836563876180195e-197,0.0
2640,"GYRO_Z__fft_coefficient__attr_""abs""__coeff_66",1.21346515500298e-196,0.0,195.91597269004257,307.6526555685888,0.0,1.21346515500298e-196,0.0
2641,"GYRO_X__fft_coefficient__attr_""abs""__coeff_70",1.7870857279444776e-196,6.426341797882168e-285,195.7478546135379,284.1920361793468,6.426341797882168e-285,1.7870857279444776e-196,0.0
2642,"MMA_Z__change_quantiles__f_agg_""mean""__isabs_False__qh_0.8__ql_0.4",1.8928018146528792e-196,4.276477194382432e-232,195.72289485635238,231.36891383963632,4.276477194382432e-232,1.8928018146528792e-196,0.0
2643,MMA_X__large_standard_deviation__r_0.05,9.535672195878191e-239,8.756753043851305e-196,238.02064868692096,195.0576568980033,9.535672195878191e-239,8.756753043851305e-196,0.0
2644,"MMA_Z__fft_coefficient__attr_""angle""__coeff_1",2.5088176716434908e-219,5.8615554191307724e-195,218.6005308998956,194.23198712454314,2.5088176716434908e-219,5.8615554191307724e-195,0.0
2645,"GYRO_X__fft_coefficient__attr_""abs""__coeff_73",6.568898925257338e-195,8.120956933477423e-281,194.18250742051018,280.09039279262555,8.120956933477423e-281,6.568898925257338e-195,0.0
2646,GYRO_Z__fourier_entropy__bins_2,3.9024483629764974e-226,1.1453812165937984e-194,225.40866283479284,193.9410499432731,3.9024483629764974e-226,1.1453812165937984e-194,0.0
2647,"GYRO_Z__fft_coefficient__attr_""abs""__coeff_69",1.6232885587104867e-194,0.0,193.78960427233858,307.6526555685888,0.0,1.6232885587104867e-194,0.0
2648,"GYRO_Z__agg_linear_trend__attr_""stderr""__chunk_len_5__f_agg_""var""",2.7321839768322008e-194,0.0,193.5634900599565,307.6526555685888,0.0,2.7321839768322008e-194,0.0
2649,"GYRO_X__change_quantiles__f_agg_""var""__isabs_False__qh_0.4__ql_0.2",6.135250653557089e-194,0.0,193.2121676896227,307.6526555685888,0.0,6.135250653557089e-194,0.0
2650,"GYRO_X__fft_coefficient__attr_""abs""__coeff_51",6.492920495881318e-194,4.991250681409069e-277,193.1875599149174,276.30179061750744,4.991250681409069e-277,6.492920495881318e-194,0.0
2651,ADXL_Y__number_crossing_m__m_1,2.6304380308580193e-193,0.0,192.57997192506753,307.6526555685888,0.0,2.6304380308580193e-193,0.0
2652,GYRO_Z__spkt_welch_density__coeff_8,6.587646334582743e-193,0.0,192.1812697244783,307.6526555685888,0.0,6.587646334582743e-193,0.0
2653,"ADXL_Z__agg_linear_trend__attr_""intercept""__chunk_len_5__f_agg_""max""",9.425053558116927e-299,2.2747257672513898e-192,298.02571617322525,191.64307095283024,9.425053558116927e-299,2.2747257672513898e-192,0.0
2654,"MMA_Z__change_quantiles__f_agg_""var""__isabs_False__qh_1.0__ql_0.8",3.2417119411021884e-192,0.0,191.48922557923086,307.6526555685888,0.0,3.2417119411021884e-192,0.0
2655,"ADXL_Z__change_quantiles__f_agg_""mean""__isabs_False__qh_0.6__ql_0.0",3.4992138418536964e-192,5.083151166906619e-218,191.4560295163627,217.29386697470076,5.083151166906619e-218,3.4992138418536964e-192,0.0
2656,"ADXL_Y__change_quantiles__f_agg_""var""__isabs_True__qh_1.0__ql_0.8",4.312248775921851e-192,0.0,191.3652961924193,307.6526555685888,0.0,4.312248775921851e-192,0.0
2657,MMA_Y__ratio_beyond_r_sigma__r_1.5,5.8167345444743025e-192,3.836442188482637e-252,191.23532075543847,251.41607134181675,3.836442188482637e-252,5.8167345444743025e-192,0.0
2658,ADXL_X__energy_ratio_by_chunks__num_segments_10__segment_focus_2,1.5900997300132648e-191,6.58800381146024e-294,190.79857563615997,293.1812461582431,6.58800381146024e-294,1.5900997300132648e-191,0.0
2659,"MMA_Z__agg_linear_trend__attr_""intercept""__chunk_len_5__f_agg_""max""",2.983145744927348e-292,3.528881205641567e-191,291.52532552817615,190.45236296124975,2.983145744927348e-292,3.528881205641567e-191,0.0
2660,"MMA_Z__change_quantiles__f_agg_""var""__isabs_True__qh_1.0__ql_0.2",2.030933763080508e-190,0.0,189.69230424045423,307.6526555685888,0.0,2.030933763080508e-190,0.0
2661,"ADXL_Y__change_quantiles__f_agg_""var""__isabs_True__qh_0.2__ql_0.0",2.1344619926187023e-190,0.0,189.67071157407293,307.6526555685888,0.0,2.1344619926187023e-190,0.0
2662,"GYRO_X__fft_coefficient__attr_""abs""__coeff_69",3.553205700536377e-190,8.281718020326583e-272,189.44937964980818,271.0818795606365,8.281718020326583e-272,3.553205700536377e-190,0.0
2663,"ADXL_Z__change_quantiles__f_agg_""var""__isabs_True__qh_1.0__ql_0.0",6.042942183866284e-190,0.0,189.21875156086455,307.6526555685888,0.0,6.042942183866284e-190,0.0
2664,"ADXL_X__fft_coefficient__attr_""abs""__coeff_83",6.440202371157676e-190,0.0,189.1911004855445,307.6526555685888,0.0,6.440202371157676e-190,0.0
2665,"MMA_X__fft_coefficient__attr_""abs""__coeff_83",7.333684322836395e-190,0.0,189.13467778810337,307.6526555685888,0.0,7.333684322836395e-190,0.0
2666,GYRO_X__energy_ratio_by_chunks__num_segments_10__segment_focus_7,1.6295899098127614e-189,0.0,188.78792167308876,307.6526555685888,0.0,1.6295899098127614e-189,0.0
2667,"GYRO_X__fft_coefficient__attr_""abs""__coeff_0",2.813404789206288e-300,5.134088521511061e-189,299.5507677775855,188.28953664753206,2.813404789206288e-300,5.134088521511061e-189,0.0
2668,"MMA_Z__change_quantiles__f_agg_""var""__isabs_True__qh_1.0__ql_0.4",1.3952893837481442e-188,0.0,187.85533571014577,307.6526555685888,0.0,1.3952893837481442e-188,0.0
2669,"MMA_X__change_quantiles__f_agg_""var""__isabs_True__qh_1.0__ql_0.6",2.4491088802448305e-188,0.0,187.61099190697882,307.6526555685888,0.0,2.4491088802448305e-188,0.0
2670,MMA_Y__symmetry_looking__r_0.2,1.4689095633233526e-227,4.420512850939698e-188,226.83300494169012,187.35452734254852,1.4689095633233526e-227,4.420512850939698e-188,0.0
2671,"GYRO_X__fft_coefficient__attr_""abs""__coeff_74",4.972880232847532e-188,2.5356515749182616e-277,187.30339200021675,276.59591042330067,2.5356515749182616e-277,4.972880232847532e-188,0.0
2672,"MMA_Z__change_quantiles__f_agg_""mean""__isabs_False__qh_0.8__ql_0.0",6.195681866489899e-188,2.166098125210888e-261,187.20791089032778,260.6643218735314,2.166098125210888e-261,6.195681866489899e-188,0.0
2673,ADXL_X__large_standard_deviation__r_0.05,3.527116107883209e-227,8.121137421050961e-188,226.4525802437113,187.09038314057509,3.527116107883209e-227,8.121137421050961e-188,0.0
2674,GYRO_Y__partial_autocorrelation__lag_1,9.211436355690648e-188,0.0,187.03567264421002,307.6526555685888,0.0,9.211436355690648e-188,0.0
2675,GYRO_Y__autocorrelation__lag_1,9.211436355690648e-188,0.0,187.03567264421002,307.6526555685888,0.0,9.211436355690648e-188,0.0
2676,"GYRO_X__fft_coefficient__attr_""abs""__coeff_46",2.1746985368412796e-187,1.5512120131677356e-245,186.66260093772564,244.80932884057694,1.5512120131677356e-245,2.1746985368412796e-187,0.0
2677,"GYRO_X__fft_coefficient__attr_""abs""__coeff_47",3.0560794324733593e-187,2.0733168204003308e-250,186.51483536192993,249.68333432895372,2.0733168204003308e-250,3.0560794324733593e-187,0.0
2678,"GYRO_Y__agg_linear_trend__attr_""intercept""__chunk_len_10__f_agg_""min""",0.0,4.106590361864095e-187,307.6526555685888,186.38651861646818,0.0,4.106590361864095e-187,0.0
2679,"GYRO_X__fft_coefficient__attr_""abs""__coeff_63",9.694066656396422e-187,5.764973870295674e-262,186.0134939983944,261.2392026568016,5.764973870295674e-262,9.694066656396422e-187,0.0
2680,GYRO_X__ratio_beyond_r_sigma__r_10,6.058719461278542e-186,5.13797309141663e-197,185.2176191563068,196.28920817455,5.13797309141663e-197,6.058719461278542e-186,0.0
2681,"ADXL_Z__change_quantiles__f_agg_""mean""__isabs_False__qh_0.8__ql_0.6",3.0429862235985806e-222,7.480790119358813e-186,221.51670001380307,185.1260525296281,3.0429862235985806e-222,7.480790119358813e-186,0.0
2682,"MMA_Y__fft_coefficient__attr_""abs""__coeff_49",8.87012749940028e-186,0.0,185.05207013756535,307.6526555685888,0.0,8.87012749940028e-186,0.0
2683,GYRO_X__benford_correlation,1.8213959488246029e-212,3.187502333682046e-185,211.7395956337232,184.4965494885957,1.8213959488246029e-212,3.187502333682046e-185,0.0
2684,"MMA_Z__agg_linear_trend__attr_""rvalue""__chunk_len_10__f_agg_""var""",2.6937460691990525e-259,6.668159836085558e-185,258.5696433462312,184.17599399866137,2.6937460691990525e-259,6.668159836085558e-185,0.0
2685,GYRO_Y__number_crossing_m__m_1,1.422635e-316,6.831756068683147e-185,307.6526555685888,184.16546764874707,1.422635e-316,6.831756068683147e-185,0.0
2686,"GYRO_Y__change_quantiles__f_agg_""var""__isabs_False__qh_1.0__ql_0.8",1.2290012974925984e-184,0.0,183.91044765861594,307.6526555685888,0.0,1.2290012974925984e-184,0.0
2687,"GYRO_X__fft_coefficient__attr_""abs""__coeff_96",1.4436881965859504e-184,0.0,183.8405265942486,307.6526555685888,0.0,1.4436881965859504e-184,0.0
2688,"MMA_Y__agg_linear_trend__attr_""rvalue""__chunk_len_10__f_agg_""var""",4.3514246368526856e-263,2.9148348190183164e-184,262.3613685337049,183.53538605127252,4.3514246368526856e-263,2.9148348190183164e-184,0.0
2689,GYRO_Z__number_peaks__n_1,3.2682326595320787e-184,1.4720126098970511e-260,183.48568703440574,259.8320884696281,1.4720126098970511e-260,3.2682326595320787e-184,0.0
2690,"MMA_Y__agg_linear_trend__attr_""rvalue""__chunk_len_5__f_agg_""var""",3.8587166060591495e-269,7.138726519573002e-184,268.4135571159464,183.14637925528967,3.8587166060591495e-269,7.138726519573002e-184,0.0
2691,"ADXL_X__change_quantiles__f_agg_""var""__isabs_False__qh_1.0__ql_0.0",8.663612649481762e-184,0.0,183.06230097327486,307.6526555685888,0.0,8.663612649481762e-184,0.0
2692,ADXL_Z__ar_coefficient__coeff_3__k_10,1.2978669705795294e-183,2.0329951394186466e-188,182.88676981978836,187.6918636596926,2.0329951394186466e-188,1.2978669705795294e-183,0.0
2693,"ADXL_Y__agg_linear_trend__attr_""rvalue""__chunk_len_5__f_agg_""var""",1.3704212107540106e-267,2.169125880205557e-183,266.86314592817877,182.6637152439783,1.3704212107540106e-267,2.169125880205557e-183,0.0
2694,"MMA_X__change_quantiles__f_agg_""var""__isabs_False__qh_1.0__ql_0.8",2.325088106517504e-183,0.0,182.63356058537644,307.6526555685888,0.0,2.325088106517504e-183,0.0
2695,"GYRO_Z__agg_linear_trend__attr_""intercept""__chunk_len_5__f_agg_""min""",2.339641861738766e-235,3.087282748950486e-183,234.63085061668147,182.51042359381378,2.339641861738766e-235,3.087282748950486e-183,0.0
2696,"MMA_X__fft_coefficient__attr_""abs""__coeff_78",3.696788624711074e-183,0.0,182.43217538084318,307.6526555685888,0.0,3.696788624711074e-183,0.0
2697,"ADXL_Y__agg_linear_trend__attr_""rvalue""__chunk_len_10__f_agg_""var""",3.857795389506544e-260,6.6967314379081846e-183,259.41366081027553,182.17413711742535,3.857795389506544e-260,6.6967314379081846e-183,0.0
2698,"MMA_Y__fft_coefficient__attr_""imag""__coeff_10",2.413742775541121e-262,6.730922755501538e-183,261.6173090130768,182.17192539340581,2.413742775541121e-262,6.730922755501538e-183,0.0
2699,"ADXL_Y__fft_coefficient__attr_""abs""__coeff_49",7.4625793100869865e-183,0.0,182.12711104028466,307.6526555685888,0.0,7.4625793100869865e-183,0.0
2700,ADXL_Y__ratio_beyond_r_sigma__r_10,6.59e-321,1.4775982235004524e-182,307.6526555685888,181.83044363971482,6.59e-321,1.4775982235004524e-182,0.0
2701,"GYRO_Y__agg_linear_trend__attr_""stderr""__chunk_len_5__f_agg_""var""",2.2397182221157832e-182,0.0,181.6498066166113,307.6526555685888,0.0,2.2397182221157832e-182,0.0
2702,"GYRO_X__fft_coefficient__attr_""abs""__coeff_36",9.81941526435126e-182,2.6340638434871494e-240,181.00791437321374,239.57937370297404,2.6340638434871494e-240,9.81941526435126e-182,0.0
2703,"ADXL_Y__fft_coefficient__attr_""imag""__coeff_10",5.112205243882945e-261,1.408992259822791e-181,260.29139171852404,180.8510913926433,5.112205243882945e-261,1.408992259822791e-181,0.0
2704,"ADXL_Z__change_quantiles__f_agg_""mean""__isabs_False__qh_0.8__ql_0.0",6.143939674310927e-181,1.9855819995572785e-248,180.21155305717616,247.70211217295673,1.9855819995572785e-248,6.143939674310927e-181,0.0
2705,MMA_Y__ratio_beyond_r_sigma__r_10,1.7686765016e-314,1.4835031802852477e-180,307.6526555685888,179.82871151831995,1.7686765016e-314,1.4835031802852477e-180,0.0
2706,"ADXL_X__fft_coefficient__attr_""abs""__coeff_78",2.50823370664782e-180,0.0,179.60063200022617,307.6526555685888,0.0,2.50823370664782e-180,0.0
2707,"GYRO_X__fft_coefficient__attr_""abs""__coeff_72",2.635049132587012e-180,3.021486821443334e-265,179.5792112826099,264.51977929563594,3.021486821443334e-265,2.635049132587012e-180,0.0
2708,"GYRO_Y__fft_coefficient__attr_""abs""__coeff_76",3.6381046960333764e-180,0.0,179.4391248071265,307.6526555685888,0.0,3.6381046960333764e-180,0.0
2709,"GYRO_X__change_quantiles__f_agg_""var""__isabs_False__qh_0.2__ql_0.0",8.276078908574469e-180,0.0,179.08217537719008,307.6526555685888,0.0,8.276078908574469e-180,0.0
2710,"GYRO_X__agg_linear_trend__attr_""slope""__chunk_len_5__f_agg_""var""",2.0991662587037297e-179,5.861018810948199e-208,178.67795316295255,207.2320268847474,5.861018810948199e-208,2.0991662587037297e-179,0.0
2711,"ADXL_Z__agg_linear_trend__attr_""rvalue""__chunk_len_10__f_agg_""var""",6.309020394213575e-248,2.208024036520473e-179,247.20003806871384,178.65599620319313,6.309020394213575e-248,2.208024036520473e-179,0.0
2712,"MMA_Z__agg_linear_trend__attr_""slope""__chunk_len_5__f_agg_""var""",2.3516017942116208e-179,2.1256248922262025e-203,178.6286362171273,202.67251337274288,2.1256248922262025e-203,2.3516017942116208e-179,0.0
2713,"ADXL_Z__fft_coefficient__attr_""real""__coeff_2",7.4020519860639275e-249,5.306163712952208e-179,248.13064786909482,178.2752193547052,7.4020519860639275e-249,5.306163712952208e-179,0.0
2714,"GYRO_Z__change_quantiles__f_agg_""var""__isabs_True__qh_1.0__ql_0.8",6.69488019571099e-179,0.0,178.1742571902438,307.6526555685888,0.0,6.69488019571099e-179,0.0
2715,"MMA_Z__fft_coefficient__attr_""real""__coeff_2",8.402081248986551e-248,1.1146124444889059e-178,247.0756131231056,177.95287611241682,8.402081248986551e-248,1.1146124444889059e-178,0.0
2716,"ADXL_X__fft_coefficient__attr_""abs""__coeff_82",3.995645639259096e-178,0.0,177.39841303489513,307.6526555685888,0.0,3.995645639259096e-178,0.0
2717,MMA_Y__large_standard_deviation__r_0.05,3.6989918763889283e-213,5.595806779061189e-178,212.4319166224676,177.25213728993364,3.6989918763889283e-213,5.595806779061189e-178,0.0
2718,"GYRO_X__agg_linear_trend__attr_""rvalue""__chunk_len_10__f_agg_""var""",1.2217122725877667e-256,1.0499985123411852e-177,255.9130310634395,176.9788113162467,1.2217122725877667e-256,1.0499985123411852e-177,0.0
2719,"GYRO_Z__fft_coefficient__attr_""abs""__coeff_93",1.3869935367894855e-177,0.0,176.85792556267813,307.6526555685888,0.0,1.3869935367894855e-177,0.0
2720,"GYRO_X__agg_linear_trend__attr_""rvalue""__chunk_len_5__f_agg_""var""",2.730199137479856e-245,1.921839919555923e-177,244.56380567488065,176.7162827898979,2.730199137479856e-245,1.921839919555923e-177,0.0
2721,"MMA_Z__change_quantiles__f_agg_""mean""__isabs_False__qh_0.8__ql_0.2",6.461355669020674e-177,7.345368137451283e-284,176.18967635231354,283.133986433222,7.345368137451283e-284,6.461355669020674e-177,0.0
2722,"MMA_Y__agg_linear_trend__attr_""rvalue""__chunk_len_50__f_agg_""var""",0.0,3.452388033255233e-176,307.6526555685888,175.4618803974207,0.0,3.452388033255233e-176,0.0
2723,"MMA_X__fft_coefficient__attr_""abs""__coeff_82",4.739263834621416e-176,0.0,175.3242891134718,307.6526555685888,0.0,4.739263834621416e-176,0.0
2724,"ADXL_Z__change_quantiles__f_agg_""mean""__isabs_False__qh_0.8__ql_0.2",6.1909998964799756e-176,4.034791251062989e-265,175.20823920324895,264.3941789295557,4.034791251062989e-265,6.1909998964799756e-176,0.0
2725,GYRO_X__quantile__q_0.4,0.0,8.782683069258976e-176,307.6526555685888,175.05637278885843,0.0,8.782683069258976e-176,0.0
2726,MMA_Z__symmetry_looking__r_0.2,5.4774732886436415e-210,1.0016513936847872e-175,209.26141973163544,174.99928340036658,5.4774732886436415e-210,1.0016513936847872e-175,0.0
2727,MMA_X__quantile__q_0.2,1.4785631484343582e-258,2.164678146922901e-175,257.83016012231747,174.6646066671657,1.4785631484343582e-258,2.164678146922901e-175,0.0
2728,GYRO_Y__index_mass_quantile__q_0.4,1.0425501827652382e-192,3.0159273250197593e-175,191.98190303124773,174.52057912789616,1.0425501827652382e-192,3.0159273250197593e-175,0.0
2729,"GYRO_Z__agg_linear_trend__attr_""rvalue""__chunk_len_10__f_agg_""var""",2.1298625512399387e-257,3.636231056125678e-175,256.6716484224599,174.439348528307,2.1298625512399387e-257,3.636231056125678e-175,0.0
2730,"ADXL_Z__change_quantiles__f_agg_""var""__isabs_False__qh_1.0__ql_0.6",5.814737276938985e-175,0.0,174.23546990290515,307.6526555685888,0.0,5.814737276938985e-175,0.0
2731,ADXL_X__kurtosis,9.234789580967715e-175,0.0,174.03457299571542,307.6526555685888,0.0,9.234789580967715e-175,0.0
2732,"GYRO_X__fft_coefficient__attr_""abs""__coeff_44",9.71794848458624e-175,8.836889964076625e-244,174.01242540748737,243.0537005527571,8.836889964076625e-244,9.71794848458624e-175,0.0
2733,"ADXL_Y__agg_linear_trend__attr_""rvalue""__chunk_len_50__f_agg_""var""",5.371779445e-315,1.0754489437557303e-174,307.6526555685888,173.96841020263727,5.371779445e-315,1.0754489437557303e-174,0.0
2734,"GYRO_X__fft_coefficient__attr_""angle""__coeff_0",5.56377279578376e-208,2.7103003656857846e-174,207.25463061332272,173.5669825763096,5.56377279578376e-208,2.7103003656857846e-174,0.0
2735,"GYRO_Z__agg_linear_trend__attr_""rvalue""__chunk_len_5__f_agg_""var""",1.0242984613857763e-246,2.979780667465917e-174,245.9895734796428,173.52581570183477,1.0242984613857763e-246,2.979780667465917e-174,0.0
2736,"GYRO_X__fft_coefficient__attr_""abs""__coeff_99",3.2619005657763038e-174,0.0,173.48652928192016,307.6526555685888,0.0,3.2619005657763038e-174,0.0
2737,GYRO_Y__ratio_beyond_r_sigma__r_10,1.0997569211464552e-173,2.7129598716518417e-178,172.95870329617878,177.56655662999404,2.7129598716518417e-178,1.0997569211464552e-173,0.0
2738,"GYRO_X__fft_coefficient__attr_""abs""__coeff_65",1.3587916717412882e-173,7.108218390473217e-267,172.8668471236565,266.1482392375465,7.108218390473217e-267,1.3587916717412882e-173,0.0
2739,"MMA_Z__change_quantiles__f_agg_""mean""__isabs_False__qh_0.4__ql_0.0",2.590865582172312e-221,1.6067723369413064e-173,220.5865551182512,172.79404565392392,2.590865582172312e-221,1.6067723369413064e-173,0.0
2740,"MMA_Z__agg_linear_trend__attr_""rvalue""__chunk_len_5__f_agg_""var""",3.903256291917961e-226,1.8986960878641328e-173,225.40857293154954,172.7215445444395,3.903256291917961e-226,1.8986960878641328e-173,0.0
2741,ADXL_Y__symmetry_looking__r_0.2,1.7301828048520754e-206,3.1608868446680907e-173,205.7619080084641,172.5001910510177,1.7301828048520754e-206,3.1608868446680907e-173,0.0
2742,"ADXL_Y__agg_linear_trend__attr_""stderr""__chunk_len_5__f_agg_""var""",7.470356974314301e-173,0.0,172.1266586447347,307.6526555685888,0.0,7.470356974314301e-173,0.0
2743,GYRO_X__index_mass_quantile__q_0.3,5.211417023018116e-208,8.352586857005678e-173,207.28304417274592,172.07817899951837,5.211417023018116e-208,8.352586857005678e-173,0.0
2744,"GYRO_X__agg_linear_trend__attr_""rvalue""__chunk_len_50__f_agg_""var""",3.931932642263759e-251,1.9371108947006482e-172,250.40539393065265,171.71284551630825,3.931932642263759e-251,1.9371108947006482e-172,0.0
2745,"GYRO_Y__fft_coefficient__attr_""abs""__coeff_55",5.534950572939062e-172,0.0,171.25688625301393,307.6526555685888,0.0,5.534950572939062e-172,0.0
2746,GYRO_X__range_count__max_0__min_-1000000000000.0,1.576126464766565e-189,8.210771522935795e-172,188.8024089386569,171.0856160325991,1.576126464766565e-189,8.210771522935795e-172,0.0
2747,"GYRO_Z__agg_linear_trend__attr_""rvalue""__chunk_len_50__f_agg_""var""",9.607021087379248e-266,1.0498168048568838e-171,265.01741125602234,170.97888647957873,9.607021087379248e-266,1.0498168048568838e-171,0.0
2748,"GYRO_X__fft_coefficient__attr_""abs""__coeff_67",1.6795220329757716e-171,7.533828514728858e-269,170.77481429444987,268.1229842694466,7.533828514728858e-269,1.6795220329757716e-171,0.0
2749,"GYRO_X__fft_coefficient__attr_""abs""__coeff_62",1.4037174466563562e-170,7.346394249922956e-267,169.85272030225423,266.13392576861645,7.346394249922956e-267,1.4037174466563562e-170,0.0
2750,GYRO_X__ar_coefficient__coeff_4__k_10,3.597686133800653e-170,2.1079804118377924e-184,169.4439767276787,183.67613342907157,2.1079804118377924e-184,3.597686133800653e-170,0.0
2751,"MMA_X__agg_linear_trend__attr_""rvalue""__chunk_len_10__f_agg_""var""",6.867021409254764e-216,4.019472220719629e-170,215.16323159860744,169.39583096847693,6.867021409254764e-216,4.019472220719629e-170,0.0
2752,"ADXL_X__agg_linear_trend__attr_""slope""__chunk_len_5__f_agg_""var""",4.592717223539657e-170,9.030788096350472e-210,169.3379302935407,209.0442743481404,9.030788096350472e-210,4.592717223539657e-170,0.0
2753,"MMA_Z__agg_linear_trend__attr_""rvalue""__chunk_len_50__f_agg_""var""",1.4468339397352157e-254,5.29332295801473e-170,253.8395813121396,169.27627160787821,1.4468339397352157e-254,5.29332295801473e-170,0.0
2754,"GYRO_Y__fft_coefficient__attr_""abs""__coeff_79",1.769354980661901e-169,0.0,168.75218502708086,307.6526555685888,0.0,1.769354980661901e-169,0.0
2755,GYRO_Y__fourier_entropy__bins_5,7.917338159356852e-209,2.1343926461567864e-169,208.10142080540683,168.67072568408057,7.917338159356852e-209,2.1343926461567864e-169,0.0
2756,ADXL_X__quantile__q_0.2,6.492027488915912e-256,3.5835347291318114e-169,255.18761964992726,168.4456883822933,6.492027488915912e-256,3.5835347291318114e-169,0.0
2757,ADXL_Y__ar_coefficient__coeff_3__k_10,5.100542036841494e-169,7.082156771049727e-209,168.2923836687843,208.14983446390264,7.082156771049727e-209,5.100542036841494e-169,0.0
2758,"ADXL_Z__fft_aggregated__aggtype_""skew""",9.21380715857044e-223,1.4781303357156604e-168,222.0355608816042,167.83028726987456,9.21380715857044e-223,1.4781303357156604e-168,0.0
2759,"MMA_Z__change_quantiles__f_agg_""var""__isabs_True__qh_1.0__ql_0.6",1.525287642693802e-168,0.0,167.8166482482156,307.6526555685888,0.0,1.525287642693802e-168,0.0
2760,MMA_Z__ratio_beyond_r_sigma__r_10,3.2448818032853e-168,1.1818989942989653e-187,167.48880111800563,186.9274196369006,1.1818989942989653e-187,3.2448818032853e-168,0.0
2761,MMA_X__symmetry_looking__r_0.2,8.192802982000004e-199,1.060692774229754e-167,198.08656748879483,166.97441038968782,8.192802982000004e-199,1.060692774229754e-167,0.0
2762,"ADXL_Z__agg_linear_trend__attr_""rvalue""__chunk_len_5__f_agg_""var""",3.1690883442340687e-217,2.1922708662180884e-167,216.4990656538742,166.65910578757988,3.1690883442340687e-217,2.1922708662180884e-167,0.0
2763,"ADXL_X__agg_linear_trend__attr_""rvalue""__chunk_len_10__f_agg_""var""",7.822187657987168e-213,4.029503659317746e-167,212.10667176932856,166.3947484454953,7.822187657987168e-213,4.029503659317746e-167,0.0
2764,"ADXL_Z__agg_linear_trend__attr_""rvalue""__chunk_len_50__f_agg_""var""",4.4438503806779005e-250,7.14727100127203e-167,249.35224057167983,166.1458597505523,4.4438503806779005e-250,7.14727100127203e-167,0.0
2765,ADXL_Z__ratio_beyond_r_sigma__r_1.5,7.844155441076822e-167,4.662991460328355e-190,166.10545380886796,189.3313353798995,4.662991460328355e-190,7.844155441076822e-167,0.0
2766,"MMA_Y__fft_coefficient__attr_""imag""__coeff_11",2.1167939856095045e-235,1.0270758497168144e-166,234.6743214071042,165.98839748250097,2.1167939856095045e-235,1.0270758497168144e-166,0.0
2767,"MMA_X__agg_linear_trend__attr_""rvalue""__chunk_len_50__f_agg_""var""",7.097911161259472e-210,1.7721013165981894e-166,209.14886944066274,165.75151145175954,7.097911161259472e-210,1.7721013165981894e-166,0.0
2768,"GYRO_X__change_quantiles__f_agg_""var""__isabs_True__qh_0.4__ql_0.0",2.014638060044985e-166,0.0,165.6958029657235,307.6526555685888,0.0,2.014638060044985e-166,0.0
2769,"GYRO_Y__agg_linear_trend__attr_""rvalue""__chunk_len_10__f_agg_""var""",9.042804215966188e-230,2.0720939819387972e-166,229.04369687188424,165.68359055061032,9.042804215966188e-230,2.0720939819387972e-166,0.0
2770,"MMA_Z__change_quantiles__f_agg_""mean""__isabs_False__qh_0.6__ql_0.4",2.765810889605945e-166,6.977652805331894e-219,165.55817751779443,218.1562906440137,6.977652805331894e-219,2.765810889605945e-166,0.0
2771,"GYRO_X__fft_coefficient__attr_""abs""__coeff_68",2.385167753485893e-165,7.24958870452264e-260,164.6224810707743,259.1396866318322,7.24958870452264e-260,2.385167753485893e-165,0.0
2772,"GYRO_Y__agg_linear_trend__attr_""rvalue""__chunk_len_5__f_agg_""var""",6.242810777823362e-215,4.932489750176405e-165,214.20461982851458,164.30693380854845,6.242810777823362e-215,4.932489750176405e-165,0.0
2773,"GYRO_X__fft_coefficient__attr_""abs""__coeff_48",6.851117757943028e-165,1.7645209495673332e-266,164.1642385677039,265.7533731810402,1.7645209495673332e-266,6.851117757943028e-165,0.0
2774,"GYRO_Y__agg_linear_trend__attr_""rvalue""__chunk_len_50__f_agg_""var""",1.5006946420787767e-228,2.0114088609256734e-164,227.8237076680175,163.6964996409917,1.5006946420787767e-228,2.0114088609256734e-164,0.0
2775,"MMA_X__agg_linear_trend__attr_""rvalue""__chunk_len_5__f_agg_""var""",1.2215201074475885e-198,2.9716517502539827e-164,197.91309937970843,163.52700208717417,1.2215201074475885e-198,2.9716517502539827e-164,0.0
2776,"MMA_Y__fft_coefficient__attr_""angle""__coeff_1",2.440317259416564e-288,1.26277982819165e-163,287.61255370847397,162.89867236420065,2.440317259416564e-288,1.26277982819165e-163,0.0
2777,"ADXL_X__change_quantiles__f_agg_""var""__isabs_True__qh_1.0__ql_0.0",1.5027222016018967e-163,0.0,162.82312129716576,307.6526555685888,0.0,1.5027222016018967e-163,0.0
2778,"ADXL_X__agg_linear_trend__attr_""rvalue""__chunk_len_50__f_agg_""var""",1.3007590952306954e-206,1.6657369449082282e-163,205.88580312872642,162.77839358179781,1.3007590952306954e-206,1.6657369449082282e-163,0.0
2779,"GYRO_X__fft_coefficient__attr_""abs""__coeff_50",2.4405404944241242e-163,8.046551903268404e-277,162.61251398195992,276.09439018300964,8.046551903268404e-277,2.4405404944241242e-163,0.0
2780,"ADXL_Y__fft_coefficient__attr_""imag""__coeff_11",3.144655899725535e-232,3.2689520179024406e-163,231.50242686978194,162.48559145400304,3.144655899725535e-232,3.2689520179024406e-163,0.0
2781,ADXL_Z__index_mass_quantile__q_0.9,5.792016943097007e-163,0.0,162.23717017638916,307.6526555685888,0.0,5.792016943097007e-163,0.0
2782,GYRO_X__last_location_of_maximum,2.032553821040149e-166,1.0820304132171095e-162,165.69195794567423,161.96576053210677,2.032553821040149e-166,1.0820304132171095e-162,0.0
2783,GYRO_X__first_location_of_maximum,4.244290586264682e-166,1.901627602878218e-162,165.372194889688,161.72087452727763,4.244290586264682e-166,1.901627602878218e-162,0.0
2784,GYRO_Y__fourier_entropy__bins_2,1.6798884422109842e-174,3.0355871610277483e-162,173.77471955788178,161.517757292684,1.6798884422109842e-174,3.0355871610277483e-162,0.0
2785,"GYRO_Z__fft_coefficient__attr_""abs""__coeff_91",4.739925048866217e-162,0.0,161.32422852565105,307.6526555685888,0.0,4.739925048866217e-162,0.0
2786,GYRO_Y__count_below_mean,1.8463549299593942e-268,5.502017965869501e-162,267.73368480964484,161.25947799583196,1.8463549299593942e-268,5.502017965869501e-162,0.0
2787,"GYRO_X__fft_coefficient__attr_""abs""__coeff_66",6.764011567440148e-162,1.3313521797194636e-260,161.16979565836715,259.87570704634555,1.3313521797194636e-260,6.764011567440148e-162,0.0
2788,GYRO_Z__ar_coefficient__coeff_4__k_10,6.406644617684303e-214,8.62799455955971e-162,213.19336936604392,161.06409013741674,6.406644617684303e-214,8.62799455955971e-162,0.0
2789,"ADXL_X__change_quantiles__f_agg_""var""__isabs_True__qh_0.8__ql_0.0",1.388084578755321e-161,0.0,160.85758407064802,307.6526555685888,0.0,1.388084578755321e-161,0.0
2790,MMA_Z__ratio_beyond_r_sigma__r_1.5,1.7434745671241152e-161,6.683085349815688e-189,160.75858438349778,188.17502299245743,6.683085349815688e-189,1.7434745671241152e-161,0.0
2791,"GYRO_X__fft_coefficient__attr_""abs""__coeff_35",2.1823525204589758e-161,4.3305110700035494e-238,160.66107509548723,237.3634608468834,4.3305110700035494e-238,2.1823525204589758e-161,0.0
2792,"MMA_Y__change_quantiles__f_agg_""mean""__isabs_False__qh_0.2__ql_0.0",0.0,3.1073277274750085e-161,307.6526555685888,160.50761293962304,0.0,3.1073277274750085e-161,0.0
2793,"MMA_Y__fft_coefficient__attr_""abs""__coeff_62",5.611635326621783e-161,0.0,160.25091055945083,307.6526555685888,0.0,5.611635326621783e-161,0.0
2794,"GYRO_X__fft_coefficient__attr_""abs""__coeff_33",5.891761122684889e-161,2.0195062696626115e-228,160.22975486963708,227.69475479420203,2.0195062696626115e-228,5.891761122684889e-161,0.0
2795,ADXL_X__quantile__q_0.9,1.6051059299232522e-160,3.3458380756451436e-190,159.79449630078992,189.47549508087374,3.3458380756451436e-190,1.6051059299232522e-160,0.0
2796,"GYRO_X__fft_coefficient__attr_""abs""__coeff_45",1.7952308030578793e-160,1.3196552619389472e-244,159.74587970861728,243.879539506212,1.3196552619389472e-244,1.7952308030578793e-160,0.0
2797,MMA_Z__kurtosis,2.532230736567209e-160,0.0,159.59649672398947,307.6526555685888,0.0,2.532230736567209e-160,0.0
2798,ADXL_Z__ratio_beyond_r_sigma__r_10,3.517894356403727e-160,2.4579877621492866e-181,159.45371720669772,180.6094202837133,2.4579877621492866e-181,3.517894356403727e-160,0.0
2799,"GYRO_Z__augmented_dickey_fuller__attr_""usedlag""__autolag_""AIC""",4.1882710323618126e-160,6.639476236891128e-201,159.37796522191906,200.1778661791259,6.639476236891128e-201,4.1882710323618126e-160,0.0
2800,"MMA_Z__fft_coefficient__attr_""imag""__coeff_5",4.324157301996451e-208,9.390716472100519e-160,207.36409851588743,159.02730127163068,4.324157301996451e-208,9.390716472100519e-160,0.0
2801,"ADXL_Y__fft_coefficient__attr_""angle""__coeff_1",3.650002788320491e-285,2.1006089590507166e-159,284.43770680377594,158.67765478659103,3.650002788320491e-285,2.1006089590507166e-159,0.0
2802,"ADXL_Z__fft_coefficient__attr_""imag""__coeff_5",4.9689508268693225e-208,2.4775850898200107e-159,207.30373530104578,158.60597142124038,4.9689508268693225e-208,2.4775850898200107e-159,0.0
2803,"GYRO_X__agg_linear_trend__attr_""slope""__chunk_len_10__f_agg_""var""",4.0638685271221015e-159,5.99078959380433e-213,158.39106035064268,212.22251593326465,5.99078959380433e-213,4.0638685271221015e-159,0.0
2804,"ADXL_X__agg_linear_trend__attr_""rvalue""__chunk_len_5__f_agg_""var""",1.5912037855991266e-197,9.65930432178947e-159,196.79827419666162,158.0150541510263,1.5912037855991266e-197,9.65930432178947e-159,0.0
2805,MMA_X__quantile__q_0.9,1.095300504328434e-158,4.1128479854010587e-200,157.96046671236073,199.3858573421129,4.1128479854010587e-200,1.095300504328434e-158,0.0
2806,"ADXL_X__change_quantiles__f_agg_""var""__isabs_False__qh_0.4__ql_0.0",2.682560720356773e-158,0.0,157.57145043889884,307.6526555685888,0.0,2.682560720356773e-158,0.0
2807,MMA_Z__number_crossing_m__m_1,3.6337745388281244e-158,0.0,157.4396420224271,307.6526555685888,0.0,3.6337745388281244e-158,0.0
2808,"MMA_Z__fft_coefficient__attr_""imag""__coeff_3",1.3713326318459275e-226,2.5199680184221327e-157,225.8628571895186,156.59860497092913,1.3713326318459275e-226,2.5199680184221327e-157,0.0
2809,"ADXL_X__agg_linear_trend__attr_""stderr""__chunk_len_5__f_agg_""var""",3.82549886797453e-157,0.0,156.4173119222146,307.6526555685888,0.0,3.82549886797453e-157,0.0
2810,"ADXL_Z__change_quantiles__f_agg_""var""__isabs_True__qh_1.0__ql_0.2",8.631597853137486e-157,0.0,156.06390880166987,307.6526555685888,0.0,8.631597853137486e-157,0.0
2811,"GYRO_Z__fft_coefficient__attr_""abs""__coeff_67",1.1022024716389851e-156,0.0,155.9577386194238,307.6526555685888,0.0,1.1022024716389851e-156,0.0
2812,"ADXL_Z__fft_coefficient__attr_""imag""__coeff_3",1.8673799690900583e-226,1.2949462387527946e-156,225.72876730407063,155.8877482614651,1.8673799690900583e-226,1.2949462387527946e-156,0.0
2813,ADXL_Y__number_crossing_m__m_-1,2.140932100140558e-156,4.000365329557302e-253,155.66939710617677,252.39790034533058,4.000365329557302e-253,2.140932100140558e-156,0.0
2814,"MMA_Y__change_quantiles__f_agg_""mean""__isabs_False__qh_0.8__ql_0.0",2.193821095988478e-156,0.0,155.65879879161682,307.6526555685888,0.0,2.193821095988478e-156,0.0
2815,"MMA_Z__change_quantiles__f_agg_""var""__isabs_True__qh_1.0__ql_0.8",4.0293826973398435e-156,0.0,155.3947614828102,307.6526555685888,0.0,4.0293826973398435e-156,0.0
2816,GYRO_Z__longest_strike_above_mean,6.40013587531126e-156,9.499626491685645e-278,155.19381080581744,277.0222934700573,9.499626491685645e-278,6.40013587531126e-156,0.0
2817,GYRO_Z__large_standard_deviation__r_0.2,9.101895784093512e-182,3.325424115421808e-155,181.0408681414348,154.47815295810787,9.101895784093512e-182,3.325424115421808e-155,0.0
2818,"ADXL_Y__fft_coefficient__attr_""abs""__coeff_62",3.634229438255226e-155,0.0,154.43958765803438,307.6526555685888,0.0,3.634229438255226e-155,0.0
2819,ADXL_X__symmetry_looking__r_0.2,1.2499145009128558e-181,4.208817261939098e-155,180.9031196934333,154.3758399300026,1.2499145009128558e-181,4.208817261939098e-155,0.0
2820,"GYRO_X__fft_coefficient__attr_""abs""__coeff_34",5.185617786286671e-155,3.3711743897123807e-230,154.28519949671127,229.47221878099108,3.3711743897123807e-230,5.185617786286671e-155,0.0
2821,"GYRO_Y__fft_coefficient__attr_""abs""__coeff_0",5.178765588131908e-261,5.346662619903618e-155,260.2857737464613,154.27191721947867,5.178765588131908e-261,5.346662619903618e-155,0.0
2822,ADXL_Z__kurtosis,5.753888254930904e-155,0.0,154.24003857670675,307.6526555685888,0.0,5.753888254930904e-155,0.0
2823,MMA_Z__energy_ratio_by_chunks__num_segments_10__segment_focus_7,2.1123940056267323e-154,6.035766799040096e-184,153.67522507358598,183.2192675481951,6.035766799040096e-184,2.1123940056267323e-154,0.0
2824,MMA_Y__ar_coefficient__coeff_3__k_10,2.1738176661441115e-154,1.697203843462786e-165,153.66277688615054,164.77026599340743,1.697203843462786e-165,2.1738176661441115e-154,6.074072118702172e-160
2825,MMA_X__number_crossing_m__m_1,3.7677626979371674e-154,1.5732837091076536e-277,153.42391645784886,276.80319295430627,1.5732837091076536e-277,3.7677626979371674e-154,0.0
2826,"ADXL_Z__change_quantiles__f_agg_""mean""__isabs_False__qh_0.6__ql_0.4",1.617476413210148e-153,1.9237802238566445e-186,152.79116204369626,185.715844544054,1.9237802238566445e-186,1.617476413210148e-153,0.0
2827,"ADXL_Y__change_quantiles__f_agg_""mean""__isabs_False__qh_0.2__ql_0.0",0.0,2.2224047523014346e-153,307.6526555685888,152.6531768429275,0.0,2.2224047523014346e-153,0.0
2828,GYRO_Y__fourier_entropy__bins_3,6.244489241720476e-192,4.489384725041033e-153,191.20450307827844,152.34781317543977,6.244489241720476e-192,4.489384725041033e-153,0.0
2829,"ADXL_Z__agg_linear_trend__attr_""stderr""__chunk_len_5__f_agg_""var""",6.486451740866772e-153,0.0,152.18799280871056,307.6526555685888,0.0,6.486451740866772e-153,0.0
2830,MMA_Z__friedrich_coefficients__coeff_0__m_3__r_30,4.157916918293082e-152,5.320909869555681e-189,151.38112419280333,188.27401409749064,5.320909869555681e-189,4.157916918293082e-152,0.0
2831,"MMA_Z__fft_coefficient__attr_""imag""__coeff_8",1.0790917476758189e-210,5.184753958239177e-152,209.96694162870412,151.28527184816875,1.0790917476758189e-210,5.184753958239177e-152,0.0
2832,"ADXL_Z__change_quantiles__f_agg_""mean""__isabs_False__qh_0.4__ql_0.0",1.6837086239630506e-194,6.939598838871841e-152,193.77373306364035,151.1586656343146,1.6837086239630506e-194,6.939598838871841e-152,0.0
2833,"ADXL_Z__fft_coefficient__attr_""imag""__coeff_8",3.279436703105632e-209,9.507380762306521e-151,208.48420074706328,150.02193911262657,3.279436703105632e-209,9.507380762306521e-151,0.0
2834,"MMA_X__agg_linear_trend__attr_""intercept""__chunk_len_10__f_agg_""max""",2.7094168435268944e-150,2.0002123575718658e-180,149.56712417366123,179.69892389392314,2.0002123575718658e-180,2.7094168435268944e-150,0.0
2835,GYRO_Y__energy_ratio_by_chunks__num_segments_10__segment_focus_0,1.317126066513509e-149,0.0,148.8803726552805,307.6526555685888,0.0,1.317126066513509e-149,0.0
2836,"ADXL_Z__agg_linear_trend__attr_""slope""__chunk_len_5__f_agg_""var""",1.988419495792678e-149,1.2151791459004775e-200,148.70149198739904,199.91535969215553,1.2151791459004775e-200,1.988419495792678e-149,0.0
2837,GYRO_X__quantile__q_0.6,0.0,2.833271011725784e-149,307.6526555685888,148.5477118817917,0.0,2.833271011725784e-149,0.0
2838,"GYRO_X__fft_coefficient__attr_""abs""__coeff_49",3.333882712409734e-148,6.596441887412705e-275,147.4770496829271,274.1806902592075,6.596441887412705e-275,3.333882712409734e-148,0.0
2839,"ADXL_X__agg_linear_trend__attr_""intercept""__chunk_len_10__f_agg_""max""",6.370521465913812e-148,4.6230351153635463e-172,147.1958250165658,171.3350728077623,4.6230351153635463e-172,6.370521465913812e-148,5.4269008788254745e-160
2840,GYRO_X__friedrich_coefficients__coeff_1__m_3__r_30,2.410742261027643e-148,8.135297229347356e-147,147.6178492187378,146.089626575154,2.410742261027643e-148,8.135297229347356e-147,1.4004322488720675e-147
2841,GYRO_X__range_count__max_1000000000000.0__min_0,3.1203922658278256e-193,1.0239157332800387e-145,192.50579080720718,144.9897357836701,3.1203922658278256e-193,1.0239157332800387e-145,0.0
2842,"ADXL_Z__change_quantiles__f_agg_""var""__isabs_False__qh_1.0__ql_0.8",1.8558963585344465e-145,0.0,144.73144628036573,307.6526555685888,0.0,1.8558963585344465e-145,0.0
2843,ADXL_Y__large_standard_deviation__r_0.05,1.5657661542655249e-167,1.5808650710420612e-144,166.80527309891633,143.80110519610358,1.5657661542655249e-167,1.5808650710420612e-144,4.975203536236747e-156
2844,ADXL_X__ar_coefficient__coeff_3__k_10,2.4172605997513822e-144,4.220252102328977e-171,143.61667652669905,170.3746616051094,4.220252102328977e-171,2.4172605997513822e-144,1.0100222339352364e-157
2845,ADXL_Z__symmetry_looking__r_0.2,1.2369793721825005e-165,4.360327613448702e-143,164.90763754258754,142.36048087876634,1.2369793721825005e-165,4.360327613448702e-143,2.3224201415320606e-154
2846,"MMA_Z__fft_coefficient__attr_""imag""__coeff_4",2.6762576858561728e-176,4.87107753022299e-143,175.5724720724597,142.31237495795028,2.6762576858561728e-176,4.87107753022299e-143,1.1417647704966806e-159
2847,"MMA_X__change_quantiles__f_agg_""var""__isabs_True__qh_1.0__ql_0.8",7.821085637863333e-143,0.0,142.10673295872934,307.6526555685888,0.0,7.821085637863333e-143,0.0
2848,"ADXL_Z__fft_coefficient__attr_""imag""__coeff_4",2.4003038335378267e-175,6.710805174887228e-142,174.61973378125626,141.17322536924505,2.4003038335378267e-175,6.710805174887228e-142,1.269171830864546e-158
2849,"ADXL_Z__change_quantiles__f_agg_""var""__isabs_True__qh_1.0__ql_0.4",1.115109123390566e-141,0.0,140.95268263094098,307.6526555685888,0.0,1.115109123390566e-141,0.0
2850,"ADXL_X__change_quantiles__f_agg_""var""__isabs_True__qh_1.0__ql_0.2",1.4760115522078972e-141,0.0,140.83091024343403,307.6526555685888,0.0,1.4760115522078972e-141,0.0
2851,"MMA_X__agg_linear_trend__attr_""intercept""__chunk_len_10__f_agg_""min""",5.437193267966496e-141,2.0821470007227303e-188,140.2646252294924,187.68148861231393,2.0821470007227303e-188,5.437193267966496e-141,0.0
2852,"GYRO_Z__agg_linear_trend__attr_""rvalue""__chunk_len_10__f_agg_""min""",5.702624489729443e-141,1.459385174619796e-149,140.24392522518986,148.83583006990568,1.459385174619796e-149,5.702624489729443e-141,2.8848441269390845e-145
2853,"MMA_Y__fft_coefficient__attr_""imag""__coeff_12",1.4454466575446586e-195,1.1282414111517882e-140,194.83999793080858,139.94759796390449,1.4454466575446586e-195,1.1282414111517882e-140,0.0
2854,MMA_X__spkt_welch_density__coeff_5,1.1687629034928997e-140,0.0,139.93227358135167,307.6526555685888,0.0,1.1687629034928997e-140,0.0
2855,ADXL_X__spkt_welch_density__coeff_5,1.8175110895114287e-140,0.0,139.7405229306208,307.6526555685888,0.0,1.8175110895114287e-140,0.0
2856,"ADXL_X__change_quantiles__f_agg_""var""__isabs_True__qh_0.6__ql_0.0",2.0729201216221068e-140,0.0,139.68341743278657,307.6526555685888,0.0,2.0729201216221068e-140,0.0
2857,"MMA_Z__fft_coefficient__attr_""imag""__coeff_10",3.8829467823414776e-185,3.055999824723962e-140,184.4108385616285,139.5148466750052,3.8829467823414776e-185,3.055999824723962e-140,0.0
2858,"ADXL_Y__change_quantiles__f_agg_""mean""__isabs_False__qh_0.8__ql_0.0",3.970395613578374e-140,0.0,139.4011662176112,307.6526555685888,0.0,3.970395613578374e-140,0.0
2859,MMA_Z__energy_ratio_by_chunks__num_segments_10__segment_focus_2,4.765758871094657e-140,5.183624821123441e-191,139.3218679350492,190.28536643923857,5.183624821123441e-191,4.765758871094657e-140,0.0
2860,"MMA_Z__change_quantiles__f_agg_""mean""__isabs_False__qh_1.0__ql_0.2",4.995124130481963e-140,8.537452988914441e-266,139.3014537149428,265.0686716747261,8.537452988914441e-266,4.995124130481963e-140,0.0
2861,"GYRO_Z__change_quantiles__f_agg_""var""__isabs_True__qh_0.2__ql_0.0",6.580391740543956e-140,0.0,139.1817482514176,307.6526555685888,0.0,6.580391740543956e-140,0.0
2862,"ADXL_Z__fft_coefficient__attr_""imag""__coeff_10",3.6718341384605256e-185,7.796931595424948e-140,184.4351169446762,139.10807627594474,3.6718341384605256e-185,7.796931595424948e-140,2.2227587494850775e-162
2863,ADXL_Z__energy_ratio_by_chunks__num_segments_10__segment_focus_7,1.3148811198742529e-139,1.4027146441381606e-164,138.88111351053277,163.85303066901497,1.4027146441381606e-164,1.3148811198742529e-139,4.294651327114226e-152
2864,GYRO_Z__number_crossing_m__m_0,4.9540017824686585e-139,7.361996460459576e-153,138.30504384148935,152.13300439569176,7.361996460459576e-153,4.9540017824686585e-139,6.039150899559034e-146
2865,"ADXL_Y__fft_coefficient__attr_""imag""__coeff_12",1.2096696299972597e-192,5.06772634645118e-139,191.91733322262556,138.2951868447426,1.2096696299972597e-192,5.06772634645118e-139,0.0
2866,"ADXL_X__agg_linear_trend__attr_""intercept""__chunk_len_10__f_agg_""min""",1.8080622996498724e-138,1.6932604314842148e-176,137.7427866092987,175.77127624020287,1.6932604314842148e-176,1.8080622996498724e-138,1.749720077490735e-157
2867,"ADXL_Z__change_quantiles__f_agg_""mean""__isabs_False__qh_0.2__ql_0.0",1.1416381302638168e-202,1.022684905198151e-137,201.94247153438656,136.9902581541791,1.1416381302638168e-202,1.022684905198151e-137,0.0
2868,GYRO_Z__count_below_mean,2.244178429015825e-207,1.2765456666582592e-137,206.6489426163747,136.89396364429652,2.244178429015825e-207,1.2765456666582592e-137,0.0
2869,"MMA_Z__fft_coefficient__attr_""imag""__coeff_7",4.738406818040804e-183,2.506861129427877e-137,182.32436765546518,136.60086972363797,4.738406818040804e-183,2.506861129427877e-137,3.446494778367617e-160
2870,"MMA_Z__change_quantiles__f_agg_""mean""__isabs_False__qh_0.2__ql_0.0",3.248085970178085e-251,5.780151196113753e-137,250.48837248439398,136.23806080123708,3.248085970178085e-251,5.780151196113753e-137,0.0
2871,"GYRO_Z__agg_linear_trend__attr_""slope""__chunk_len_10__f_agg_""max""",6.1182431996791366e-136,1.196539969267396e-187,135.2133732638372,186.92207278961857,1.196539969267396e-187,6.1182431996791366e-136,8.608707619392529e-162
2872,"GYRO_Y__fft_coefficient__attr_""angle""__coeff_0",1.2105213785366765e-155,1.9462379833532692e-135,154.9170275362524,134.71080405587765,1.2105213785366765e-155,1.9462379833532692e-135,1.5349145535075367e-145
2873,"GYRO_Z__linear_trend__attr_""pvalue""",3.4468581665624796e-135,2.3476798283677734e-248,134.46257658684056,247.62936113155317,2.3476798283677734e-248,3.4468581665624796e-135,0.0
2874,"ADXL_Z__fft_coefficient__attr_""imag""__coeff_7",5.8557609320199375e-182,4.3546326925429976e-135,181.232416662145,134.36104847127152,5.8557609320199375e-182,4.3546326925429976e-135,1.5968621716170938e-158
2875,MMA_X__energy_ratio_by_chunks__num_segments_10__segment_focus_7,1.7554566712585328e-134,3.838153685081121e-214,133.75560988546127,213.41587763948945,3.838153685081121e-214,1.7554566712585328e-134,0.0
2876,ADXL_X__energy_ratio_by_chunks__num_segments_10__segment_focus_7,3.073583680531825e-134,1.6722943438906234e-202,133.51235495840174,201.77668727912376,1.6722943438906234e-202,3.073583680531825e-134,0.0
2877,"MMA_Z__fft_coefficient__attr_""imag""__coeff_6",2.2698871299194788e-167,5.837081239218433e-134,166.6439957375522,133.2338042622323,2.2698871299194788e-167,5.837081239218433e-134,1.1510654013215913e-150
2878,"ADXL_Z__fft_coefficient__attr_""imag""__coeff_6",9.93212660676644e-167,2.7100483288197767e-133,166.00295775304522,132.56702296419843,9.93212660676644e-167,2.7100483288197767e-133,5.188115564662552e-150
2879,"ADXL_X__change_quantiles__f_agg_""var""__isabs_False__qh_1.0__ql_0.6",3.202076398774476e-133,0.0,132.49456831040223,307.6526555685888,0.0,3.202076398774476e-133,0.0
2880,"MMA_X__fft_coefficient__attr_""abs""__coeff_79",7.11034352888348e-133,0.0,132.14810941627525,307.6526555685888,0.0,7.11034352888348e-133,0.0
2881,"ADXL_Y__fft_coefficient__attr_""real""__coeff_2",1.4981916551198414e-132,1.1190980741148706e-140,131.8244326262648,139.95113185164814,1.1190980741148706e-140,1.4981916551198414e-132,1.294844931217474e-136
2882,GYRO_Y__count_above_mean,9.030877814700002e-177,3.206311976551758e-132,176.0442700335678,131.49399422274823,9.030877814700002e-177,3.206311976551758e-132,1.7016407287100348e-154
2883,"MMA_Y__fft_coefficient__attr_""real""__coeff_2",3.861471458908017e-132,7.43124750803558e-141,131.41324717079183,140.12893827367176,7.43124750803558e-141,3.861471458908017e-132,1.6939760965362148e-136
2884,"ADXL_X__fft_coefficient__attr_""abs""__coeff_79",1.0789991227629716e-131,0.0,130.9669789084027,307.6526555685888,0.0,1.0789991227629716e-131,0.0
2885,"ADXL_Z__change_quantiles__f_agg_""mean""__isabs_False__qh_0.6__ql_0.2",2.2714841209543283e-131,9.236112077820006e-258,130.64369029481944,257.0345108056722,9.236112077820006e-258,2.2714841209543283e-131,0.0
2886,ADXL_Y__value_count__value_-1,1.135708226417101e-129,1.1409585041440799e-193,128.944733228425,192.9427301502785,1.1409585041440799e-193,1.135708226417101e-129,1.1333890237633506e-161
2887,"MMA_Z__change_quantiles__f_agg_""mean""__isabs_False__qh_0.6__ql_0.2",1.556831370593471e-129,3.0140761745169376e-277,128.80775842583063,276.5208457759914,3.0140761745169376e-277,1.556831370593471e-129,0.0
2888,ADXL_Z__energy_ratio_by_chunks__num_segments_10__segment_focus_2,2.9731633106662865e-129,3.053986287986213e-181,128.52678123510273,180.51513291720275,3.053986287986213e-181,2.9731633106662865e-129,3.0133038317963426e-155
2889,GYRO_Y__benford_correlation,7.038053093488541e-130,3.1507190150204626e-128,129.15254746126865,127.50159032601272,7.038053093488541e-130,3.1507190150204626e-128,4.7090261955501946e-129
2890,"ADXL_Z__change_quantiles__f_agg_""var""__isabs_True__qh_1.0__ql_0.6",1.187021311148806e-127,0.0,126.92554148388345,307.6526555685888,0.0,1.187021311148806e-127,0.0
2891,GYRO_Z__count_above_mean,2.194369003381793e-175,1.434063805841906e-126,174.65869033999854,125.84343152516153,2.194369003381793e-175,1.434063805841906e-126,5.609692651483862e-151
2892,MMA_Y__last_location_of_minimum,4.8074297394820306e-148,6.01418590391959e-126,147.31808705425084,125.22082315159324,4.8074297394820306e-148,6.01418590391959e-126,5.377060179436032e-137
2893,GYRO_X__spkt_welch_density__coeff_8,7.098016388259499e-126,0.0,125.14886300226618,307.6526555685888,0.0,7.098016388259499e-126,0.0
2894,MMA_X__quantile__q_0.3,6.082200522793464e-190,2.9878057167657027e-125,189.21593926579217,124.52464764610691,6.082200522793464e-190,2.9878057167657027e-125,1.3480516864238322e-157
2895,GYRO_X__spkt_welch_density__coeff_5,1.132128751621133e-124,0.0,123.94610418009215,307.6526555685888,0.0,1.132128751621133e-124,0.0
2896,"MMA_Z__fft_coefficient__attr_""imag""__coeff_12",2.6063364969877216e-165,1.1682851969694832e-124,164.583969514429,123.93245112610133,2.6063364969877216e-165,1.1682851969694832e-124,5.5181014377701076e-145
2897,ADXL_Y__last_location_of_minimum,1.4482416811163141e-142,2.329205916449226e-124,141.83915895746426,123.632792115405,1.4482416811163141e-142,2.329205916449226e-124,1.8366417974402336e-133
2898,"MMA_Z__fft_coefficient__attr_""imag""__coeff_9",1.1078317594815952e-169,6.077989908015803e-124,168.95552618859367,123.21624002536444,1.1078317594815952e-169,6.077989908015803e-124,8.205723766925454e-147
2899,"ADXL_X__change_quantiles__f_agg_""var""__isabs_True__qh_0.4__ql_0.0",6.7811476409928016e-124,0.0,123.16869679994234,307.6526555685888,0.0,6.7811476409928016e-124,0.0
2900,"ADXL_Z__fft_coefficient__attr_""imag""__coeff_12",1.94415105433299e-164,2.603303845240529e-123,163.71126999480342,122.58447514014652,1.94415105433299e-164,2.603303845240529e-123,7.114222315526485e-144
2901,"ADXL_Z__fft_coefficient__attr_""imag""__coeff_9",1.9330403165881006e-167,3.741401064970448e-122,166.7137590879843,121.42696573447289,1.9330403165881006e-167,3.741401064970448e-122,8.504280745079817e-145
2902,MMA_Y__first_location_of_minimum,9.132707917739196e-143,4.003279835412573e-122,142.0394004317359,121.39758405098212,9.132707917739196e-143,4.003279835412573e-122,1.9120874836104667e-132
2903,"ADXL_X__change_quantiles__f_agg_""var""__isabs_True__qh_1.0__ql_0.4",4.091492269887239e-122,0.0,121.38811826500566,307.6526555685888,0.0,4.091492269887239e-122,0.0
2904,GYRO_X__energy_ratio_by_chunks__num_segments_10__segment_focus_1,4.44383998196012e-122,4.8083123676059545e-267,121.35224158794065,266.31800732654585,4.8083123676059545e-267,4.44383998196012e-122,0.0
2905,MMA_Z__friedrich_coefficients__coeff_2__m_3__r_30,4.483639431693864e-122,2.787481671968374e-183,121.34836932005611,182.55478797947353,2.787481671968374e-183,4.483639431693864e-122,1.1179473484722499e-152
2906,"GYRO_Z__agg_linear_trend__attr_""slope""__chunk_len_10__f_agg_""min""",7.819286889962227e-122,1.2364712420345971e-182,121.10683285229516,181.90781598004747,1.2364712420345971e-182,7.819286889962227e-122,3.1093927659040496e-152
2907,"GYRO_Y__change_quantiles__f_agg_""var""__isabs_True__qh_1.0__ql_0.8",1.949113940393168e-120,0.0,119.71016277235614,307.6526555685888,0.0,1.949113940393168e-120,0.0
2908,GYRO_Z__energy_ratio_by_chunks__num_segments_10__segment_focus_4,4.764912165176924e-149,2.023730674220541e-120,148.32194510059347,119.69384728554898,4.764912165176924e-149,2.023730674220541e-120,9.819826326689874e-135
2909,GYRO_X__first_location_of_minimum,6.800605191518653e-130,2.226770422724125e-120,129.1674524373464,119.6523245558818,6.800605191518653e-130,2.226770422724125e-120,3.8914504361610297e-125
2910,GYRO_X__last_location_of_minimum,8.431399078041979e-130,2.9097595571478564e-120,129.07410035402793,119.53614289669045,8.431399078041979e-130,2.9097595571478564e-120,4.953114580489763e-125
2911,ADXL_Y__first_location_of_minimum,9.845858735997043e-136,3.1567280287077384e-120,135.00674639958268,119.50076283360335,9.845858735997043e-136,3.1567280287077384e-120,5.575006568482122e-128
2912,ADXL_X__quantile__q_0.3,9.552803048843214e-187,1.7837607803928034e-119,186.01986917605748,118.74866338915356,9.552803048843214e-187,1.7837607803928034e-119,4.127943243474082e-153
2913,"ADXL_Z__change_quantiles__f_agg_""mean""__isabs_False__qh_1.0__ql_0.6",1.169793711299192e-118,3.648185098141396e-136,117.93189071769265,135.43792313496476,3.648185098141396e-136,1.169793711299192e-118,2.065822834964613e-127
2914,"MMA_Y__fft_coefficient__attr_""imag""__coeff_14",2.3672921433980562e-153,1.196391421763917e-118,152.62574814323838,117.92212670956077,2.3672921433980562e-153,1.196391421763917e-118,5.32184931501311e-136
2915,"ADXL_Z__fft_coefficient__attr_""angle""__coeff_2",6.932686050678549e-121,1.328188192017001e-118,120.15909846654652,117.87674038508547,6.932686050678549e-121,1.328188192017001e-118,9.59578644586895e-120
2916,MMA_Z__friedrich_coefficients__coeff_1__m_3__r_30,3.4529895128942747e-118,1.5868327473164929e-196,117.46180474064825,195.7994688456115,1.5868327473164929e-196,3.4529895128942747e-118,2.3407940607955925e-157
2917,GYRO_Y__energy_ratio_by_chunks__num_segments_10__segment_focus_1,3.5982679547490947e-118,0.0,117.44390649887377,307.6526555685888,0.0,3.5982679547490947e-118,0.0
2918,MMA_Z__friedrich_coefficients__coeff_3__m_3__r_30,4.1412874272977134e-145,6.518768432324518e-118,144.3828646261126,117.18583444622625,4.1412874272977134e-145,6.518768432324518e-118,1.6430488048214134e-131
2919,GYRO_X__c3__lag_3,1.031827018114392e-117,0.0,116.98639310442901,307.6526555685888,0.0,1.031827018114392e-117,0.0
2920,"MMA_Z__fft_coefficient__attr_""angle""__coeff_2",1.02003322742205e-119,1.4105193403436746e-117,118.99138568093318,116.85062095463663,1.02003322742205e-119,1.4105193403436746e-117,1.199490139630993e-118
2921,"MMA_Y__fft_coefficient__attr_""imag""__coeff_13",1.2266013862704252e-153,2.940300657070424e-117,152.91129654882081,116.53160825903322,1.2266013862704252e-153,2.940300657070424e-117,1.8990989605637785e-135
2922,"MMA_Z__change_quantiles__f_agg_""mean""__isabs_False__qh_1.0__ql_0.6",6.143387997414494e-117,4.720266919340554e-153,116.21159205511591,152.3260334424,4.720266919340554e-153,6.143387997414494e-117,5.385019139879583e-135
2923,GYRO_X__friedrich_coefficients__coeff_0__m_3__r_30,2.2711700084462262e-116,1.0224854523878935e-158,115.64375035544711,157.9903428622865,1.0224854523878935e-158,2.2711700084462262e-116,1.5238891998882188e-137
2924,"ADXL_Y__fft_coefficient__attr_""angle""__coeff_3",1.8897373843992784e-142,3.325624950888732e-116,141.72359854526104,115.47812673014467,1.8897373843992784e-142,3.325624950888732e-116,2.5069020316289688e-129
2925,GYRO_X__range_count__max_1__min_-1,4.3205201540700766e-116,5.331000263784311e-130,115.36446396465648,129.2731912959856,5.331000263784311e-130,4.3205201540700766e-116,4.7992389064343325e-123
2926,"MMA_Y__fft_coefficient__attr_""angle""__coeff_3",3.241466185403246e-142,6.941148011785575e-116,141.48925850454677,115.15856869468188,3.241466185403246e-142,6.941148011785575e-116,4.74336342357213e-129
2927,GYRO_Y__energy_ratio_by_chunks__num_segments_10__segment_focus_4,2.6756293484185724e-158,7.620031884200384e-116,157.57257404900795,115.11804321145524,2.6756293484185724e-158,7.620031884200384e-116,4.515349482072436e-137
2928,"ADXL_Y__fft_coefficient__attr_""imag""__coeff_14",1.4088558937471198e-150,7.982185397605107e-116,149.85113342687012,115.09787818932801,1.4088558937471198e-150,7.982185397605107e-116,3.353468196121465e-133
2929,MMA_X__quantile__q_0.8,4.361584750476134e-118,8.364275266014741e-116,117.36035568427802,115.07757168310638,4.361584750476134e-118,8.364275266014741e-116,6.039991345112558e-117
2930,"MMA_Y__fft_coefficient__attr_""angle""__coeff_0",1.7033868191815793e-130,1.1250298531923057e-115,129.76868671765106,114.94883595319291,1.7033868191815793e-130,1.1250298531923057e-115,4.3776260954009776e-123
2931,MMA_Y__time_reversal_asymmetry_statistic__lag_3,6.372108758680629e-115,5.65224449161188e-182,114.19571682030157,181.2477790607192,5.65224449161188e-182,6.372108758680629e-115,1.8978070668854723e-148
2932,"ADXL_Y__fft_coefficient__attr_""imag""__coeff_13",1.5470939993422645e-152,7.339046825419836e-115,151.81048329835272,114.13436034135657,1.5470939993422645e-152,7.339046825419836e-115,1.0655606648379493e-133
2933,"ADXL_Z__change_quantiles__f_agg_""mean""__isabs_False__qh_1.0__ql_0.2",4.6828138297677245e-113,5.7325144981916486e-266,112.32949310771264,265.2416548382157,5.7325144981916486e-266,4.6828138297677245e-113,0.0
2934,"MMA_Z__fft_coefficient__attr_""imag""__coeff_11",5.654202717942745e-160,1.503030576934813e-112,159.2476286249753,111.8230321842441,5.654202717942745e-160,1.503030576934813e-112,2.915208324160706e-136
2935,"MMA_Z__fft_coefficient__attr_""imag""__coeff_15",3.9956085436592514e-152,3.2649024878456068e-111,151.3984170669066,110.48612978517696,3.9956085436592514e-152,3.2649024878456068e-111,1.1421590202178614e-131
2936,"MMA_Z__fft_coefficient__attr_""imag""__coeff_13",1.2252097878112032e-142,1.0385544864269529e-110,141.91178954241116,109.9835707138291,1.2252097878112032e-142,1.0385544864269529e-110,1.1280279792387864e-126
2937,"ADXL_Z__fft_coefficient__attr_""imag""__coeff_15",1.1580376556113152e-150,1.17896360672714e-110,149.9362773185375,109.92849960087737,1.1580376556113152e-150,1.17896360672714e-110,1.168453786499645e-130
2938,"GYRO_Z__agg_linear_trend__attr_""rvalue""__chunk_len_10__f_agg_""max""",2.5566783490141315e-110,3.2183103328010507e-144,109.59232390632448,143.49237208039708,3.2183103328010507e-144,2.5566783490141315e-110,2.8684811918994537e-127
2939,"ADXL_Z__fft_coefficient__attr_""imag""__coeff_13",2.100661793801389e-141,3.295305451147262e-110,140.67764386330518,109.48210432322492,2.100661793801389e-141,3.295305451147262e-110,8.320049435027717e-126
2940,"ADXL_Z__fft_coefficient__attr_""imag""__coeff_11",7.487855331862307e-157,1.0700294120766734e-109,156.1256425549191,108.97060428462596,7.487855331862307e-157,1.0700294120766734e-109,2.8305874723222753e-133
2941,"MMA_Z__change_quantiles__f_agg_""mean""__isabs_False__qh_1.0__ql_0.8",8.991768457446905e-114,1.4152236608194706e-109,113.04615488493202,108.84917491916177,8.991768457446905e-114,1.4152236608194706e-109,1.1280675278363903e-111
2942,"ADXL_Z__change_quantiles__f_agg_""mean""__isabs_False__qh_1.0__ql_0.4",2.7232878145479053e-109,9.910510227565264e-203,108.56490645720409,202.00390398594743,9.910510227565264e-203,2.7232878145479053e-109,5.195110368286789e-156
2943,"GYRO_Z__fft_coefficient__attr_""angle""__coeff_0",2.2155007351953723e-122,3.846272404665637e-109,121.65452810151535,108.4149599609572,2.2155007351953723e-122,3.846272404665637e-109,9.231153416717973e-116
2944,"MMA_Z__change_quantiles__f_agg_""mean""__isabs_False__qh_1.0__ql_0.4",1.4066563246381423e-108,2.021229333868104e-210,107.8518119967692,209.69438440752236,2.021229333868104e-210,1.4066563246381423e-108,1.686171660549521e-159
2945,GYRO_Y__large_standard_deviation__r_0.05,1.4589861459700226e-121,1.7745378087351236e-108,120.8359488319978,107.75091474303372,1.4589861459700226e-121,1.7745378087351236e-108,5.088247319504573e-115
2946,ADXL_Y__autocorrelation__lag_1,6.833487933360557e-108,0.0,107.16535756812549,307.6526555685888,0.0,6.833487933360557e-108,0.0
2947,ADXL_Y__partial_autocorrelation__lag_1,6.833487933360557e-108,0.0,107.16535756812549,307.6526555685888,0.0,6.833487933360557e-108,0.0
2948,"GYRO_X__fft_coefficient__attr_""angle""__coeff_1",2.5725633733390808e-139,1.0534467168950566e-107,138.58963391788623,106.97738742602044,2.5725633733390808e-139,1.0534467168950566e-107,1.6462255129989107e-123
2949,"ADXL_Z__change_quantiles__f_agg_""var""__isabs_True__qh_1.0__ql_0.8",1.560593500551826e-107,0.0,106.8067102061353,307.6526555685888,0.0,1.560593500551826e-107,0.0
2950,"MMA_Z__fft_coefficient__attr_""imag""__coeff_14",1.3409812898489259e-146,3.0931453610287004e-107,145.8725772816354,106.50959967003585,1.3409812898489259e-146,3.0931453610287004e-107,6.440380466961939e-127
2951,ADXL_X__quantile__q_0.8,8.098475574641167e-119,3.4526854012847006e-107,118.09159672332238,106.46184299150588,8.098475574641167e-119,3.4526854012847006e-107,5.287862364814755e-113
2952,"ADXL_X__change_quantiles__f_agg_""var""__isabs_False__qh_0.2__ql_0.0",1.2032793625512632e-106,0.0,105.91963353182106,307.6526555685888,0.0,1.2032793625512632e-106,0.0
2953,ADXL_X__range_count__max_0__min_-1000000000000.0,5.155758145087906e-136,1.5449375346829735e-106,135.28770746345154,105.81108907539185,5.155758145087906e-136,1.5449375346829735e-106,2.822290608370047e-121
2954,GYRO_Y__friedrich_coefficients__coeff_2__m_3__r_30,1.9351406103116748e-106,2.8429605629644267e-127,105.71328747298935,126.5462291647224,2.8429605629644267e-127,1.9351406103116748e-106,7.417228888814882e-117
2955,GYRO_X__value_count__value_0,2.290577403732264e-106,4.961730313350997e-107,105.6400550278583,106.30436684478096,4.961730313350997e-107,2.290577403732264e-106,1.0660782025337166e-106
2956,MMA_Y__partial_autocorrelation__lag_1,5.689633459828233e-106,0.0,105.2449157110217,307.6526555685888,0.0,5.689633459828233e-106,0.0
2957,MMA_Y__autocorrelation__lag_1,5.689633459828233e-106,0.0,105.2449157110217,307.6526555685888,0.0,5.689633459828233e-106,0.0
2958,"ADXL_Z__fft_coefficient__attr_""imag""__coeff_14",2.4626140473500712e-144,2.8458147625124358e-105,143.60860364753577,104.54579337207916,2.4626140473500712e-144,2.8458147625124358e-105,8.371465469270797e-125
2959,GYRO_X__c3__lag_2,2.954818293522292e-105,0.0,104.52946922089,307.6526555685888,0.0,2.954818293522292e-105,0.0
2960,GYRO_Z__large_standard_deviation__r_0.05,2.775931311897189e-116,3.5408542414114985e-104,115.55659128433861,103.45089195052333,2.775931311897189e-116,3.5408542414114985e-104,3.135150420569665e-110
2961,ADXL_Y__ar_coefficient__coeff_10__k_10,3.11081263601423e-102,6.195854105426914e-118,101.50712614562404,117.20789881718042,6.195854105426914e-118,3.11081263601423e-102,4.390232481550685e-110
2962,MMA_X__range_count__max_0__min_-1000000000000.0,2.190897592168568e-136,5.76679122812544e-102,135.6593779219352,101.23906577082151,2.190897592168568e-136,5.76679122812544e-102,3.554497013114351e-119
2963,"ADXL_Z__cwt_coefficients__coeff_9__w_10__widths_(2, 5, 10, 20)",6.880075186828171e-263,2.186975395272024e-101,262.1624068156822,100.66015610299698,6.880075186828171e-263,2.186975395272024e-101,0.0
2964,"ADXL_Z__cwt_coefficients__coeff_10__w_10__widths_(2, 5, 10, 20)",2.409670652359503e-263,2.2133251699738864e-101,262.6180423116314,100.65495477714765,2.409670652359503e-263,2.2133251699738864e-101,0.0
2965,GYRO_X__sum_of_reoccurring_values,3.6198063895624815e-101,1.9892979570677165e-140,100.44131465769702,139.7013001633718,1.9892979570677165e-140,3.6198063895624815e-101,8.485796047358969e-121
2966,"GYRO_X__change_quantiles__f_agg_""var""__isabs_True__qh_0.2__ql_0.0",3.684772736295983e-101,0.0,100.43358929272114,307.6526555685888,0.0,3.684772736295983e-101,0.0
2967,"ADXL_Z__cwt_coefficients__coeff_11__w_10__widths_(2, 5, 10, 20)",2.453000515514272e-260,4.3404819781762685e-101,259.61030236052375,100.36246204264413,2.453000515514272e-260,4.3404819781762685e-101,0.0
2968,"ADXL_Z__cwt_coefficients__coeff_8__w_10__widths_(2, 5, 10, 20)",5.1138064188755984e-259,4.859091127601274e-101,258.2912557160448,100.31344495608347,5.1138064188755984e-259,4.859091127601274e-101,0.0
2969,"ADXL_Z__cwt_coefficients__coeff_4__w_5__widths_(2, 5, 10, 20)",3.236405863285993e-218,7.963251666948407e-101,217.48993702070229,100.0989095588135,3.236405863285993e-218,7.963251666948407e-101,1.6053751004039221e-159
2970,"ADXL_Z__cwt_coefficients__coeff_12__w_10__widths_(2, 5, 10, 20)",2.681866630403301e-254,1.1246777161599748e-100,253.5715628234718,99.94897190968197,2.681866630403301e-254,1.1246777161599748e-100,0.0
2971,"ADXL_Z__cwt_coefficients__coeff_7__w_10__widths_(2, 5, 10, 20)",7.53696720540804e-251,1.3098862633511398e-100,250.1228033744113,99.88276641223996,7.53696720540804e-251,1.3098862633511398e-100,0.0
2972,"ADXL_Z__cwt_coefficients__coeff_5__w_5__widths_(2, 5, 10, 20)",4.376185220308076e-227,1.8440826108445267e-100,226.3589043049435,99.73421962740913,4.376185220308076e-227,1.8440826108445267e-100,0.0
2973,"GYRO_X__agg_linear_trend__attr_""stderr""__chunk_len_5__f_agg_""var""",2.586497462816841e-100,0.0,99.58728794326889,307.6526555685888,0.0,2.586497462816841e-100,0.0
2974,"ADXL_Z__cwt_coefficients__coeff_14__w_20__widths_(2, 5, 10, 20)",8.222956467498371e-259,2.663284130839282e-100,258.0849720088987,99.57458249864811,8.222956467498371e-259,2.663284130839282e-100,0.0
2975,"ADXL_Z__cwt_coefficients__coeff_13__w_20__widths_(2, 5, 10, 20)",5.865751832040295e-253,3.143270705718113e-100,252.23167631507783,99.50261821492995,5.865751832040295e-253,3.143270705718113e-100,0.0
2976,"ADXL_Z__cwt_coefficients__coeff_12__w_20__widths_(2, 5, 10, 20)",2.4544562441043677e-246,3.1854682473989574e-100,245.61004470571666,99.49682671958779,2.4544562441043677e-246,3.1854682473989574e-100,0.0
2977,"ADXL_Z__cwt_coefficients__coeff_13__w_10__widths_(2, 5, 10, 20)",6.4024993921502864e-245,3.855812551347654e-100,244.1936504540912,99.41388408729362,6.4024993921502864e-245,3.855812551347654e-100,0.0
2978,"ADXL_Z__cwt_coefficients__coeff_11__w_20__widths_(2, 5, 10, 20)",1.5234486558415314e-237,3.973685713173777e-100,236.81717217804155,99.40080648509534,1.5234486558415314e-237,3.973685713173777e-100,0.0
2979,"ADXL_Z__cwt_coefficients__coeff_6__w_10__widths_(2, 5, 10, 20)",3.347166615679086e-238,4.70449052411261e-100,237.475322668739,99.32748740189602,3.347166615679086e-238,4.70449052411261e-100,0.0
2980,"GYRO_Y__augmented_dickey_fuller__attr_""pvalue""__autolag_""AIC""",4.723094834246762e-100,1.088981864326128e-298,99.32577333420807,297.9629793528325,1.088981864326128e-298,4.723094834246762e-100,0.0
2981,"ADXL_Z__cwt_coefficients__coeff_10__w_20__widths_(2, 5, 10, 20)",7.093752114910398e-227,5.228891552050262e-100,226.14912399164749,99.28159036540586,7.093752114910398e-227,5.228891552050262e-100,0.0
2982,GYRO_Y__range_count__max_1__min_-1,2.309043457486034e-135,5.297937838639795e-100,134.63656789334146,99.27589314163978,2.309043457486034e-135,5.297937838639795e-100,1.1060365592727448e-117
2983,"MMA_Z__cwt_coefficients__coeff_10__w_10__widths_(2, 5, 10, 20)",7.348890079941581e-261,5.846353570851237e-100,260.13377824847447,99.23311492328814,7.348890079941581e-261,5.846353570851237e-100,0.0
2984,"MMA_Z__cwt_coefficients__coeff_9__w_10__widths_(2, 5, 10, 20)",3.885721780358271e-260,6.583453680722867e-100,259.4105282983273,99.18154621565904,3.885721780358271e-260,6.583453680722867e-100,0.0
2985,MMA_Z__energy_ratio_by_chunks__num_segments_10__segment_focus_3,7.608750361637586e-100,1.6136902866953976e-135,99.11868666459728,134.7921798151444,1.6136902866953976e-135,7.608750361637586e-100,1.1080688856052527e-117
2986,"ADXL_Z__cwt_coefficients__coeff_9__w_20__widths_(2, 5, 10, 20)",4.974185487918438e-214,9.635241042379778e-100,213.3032780238756,99.0161374162378,4.974185487918438e-214,9.635241042379778e-100,6.922967294870582e-157
2987,MMA_Z__last_location_of_minimum,1.1128824165203421e-110,1.0224105745746508e-99,109.95355071936162,98.99037466734718,1.1128824165203421e-110,1.0224105745746508e-99,3.373162834653241e-105
2988,"MMA_Z__cwt_coefficients__coeff_11__w_10__widths_(2, 5, 10, 20)",3.158524490394241e-258,1.2042925984079468e-99,257.5005157513478,98.91926798281605,3.158524490394241e-258,1.2042925984079468e-99,0.0
2989,"MMA_Z__cwt_coefficients__coeff_8__w_10__widths_(2, 5, 10, 20)",5.10684038272785e-256,1.411283817876582e-99,255.29184771605944,98.85038563816443,5.10684038272785e-256,1.411283817876582e-99,0.0
2990,"ADXL_Z__cwt_coefficients__coeff_6__w_5__widths_(2, 5, 10, 20)",1.514341059305217e-224,1.5808723505314296e-99,223.8197763021852,98.8011031962904,1.514341059305217e-224,1.5808723505314296e-99,4.970239661431059e-162
2991,"ADXL_Z__cwt_coefficients__coeff_14__w_10__widths_(2, 5, 10, 20)",8.874044134849125e-233,1.5955297376850815e-99,232.05187841566072,98.79709509695955,8.874044134849125e-233,1.5955297376850815e-99,0.0
2992,MMA_Z__first_location_of_minimum,1.0081749215573424e-110,1.6328580272593354e-99,109.99646410987815,98.7870515743927,1.0081749215573424e-110,1.6328580272593354e-99,4.0573470563244374e-105
2993,"ADXL_Z__cwt_coefficients__coeff_5__w_10__widths_(2, 5, 10, 20)",1.2518466821999493e-218,1.8255907275495053e-99,217.9024488573491,98.7385965787674,1.2518466821999493e-218,1.8255907275495053e-99,4.780543831737334e-159
2994,"ADXL_Z__cwt_coefficients__coeff_3__w_5__widths_(2, 5, 10, 20)",4.467238564441737e-195,2.063575180357283e-99,194.34996085423197,98.68537970424256,4.467238564441737e-195,2.063575180357283e-99,3.0361954196521785e-147
2995,"ADXL_Z__cwt_coefficients__coeff_8__w_20__widths_(2, 5, 10, 20)",2.0426610599746333e-198,2.516524555430606e-99,197.68980369014412,98.59919882754144,2.0426610599746333e-198,2.516524555430606e-99,7.169662973841988e-149
2996,"MMA_Z__cwt_coefficients__coeff_4__w_5__widths_(2, 5, 10, 20)",7.764310911380229e-218,2.774887465777001e-99,217.10989708219748,98.55675462478746,7.764310911380229e-218,2.774887465777001e-99,1.4678245532477999e-158
2997,"MMA_Z__cwt_coefficients__coeff_12__w_10__widths_(2, 5, 10, 20)",1.6955856215251429e-252,3.337109562183552e-99,251.77068027488204,98.47662953458865,1.6955856215251429e-252,3.337109562183552e-99,0.0
2998,"MMA_Z__fft_coefficient__attr_""imag""__coeff_17",2.6782941823991733e-127,3.7653347151010696e-99,126.57214172203061,98.42419641163853,2.6782941823991733e-127,3.7653347151010696e-99,3.175637583579216e-113
2999,"MMA_Z__cwt_coefficients__coeff_7__w_10__widths_(2, 5, 10, 20)",1.0394338683544389e-247,4.353011962766527e-99,246.98320313646465,98.36121013933092,1.0394338683544389e-247,4.353011962766527e-99,0.0
3000,"MMA_Z__cwt_coefficients__coeff_5__w_5__widths_(2, 5, 10, 20)",1.2352565866376087e-225,5.684907276401743e-99,224.90824282168649,98.24527661447237,1.2352565866376087e-225,5.684907276401743e-99,2.2227587494850775e-162
3001,"ADXL_Z__cwt_coefficients__coeff_7__w_20__widths_(2, 5, 10, 20)",3.317861837514667e-181,7.239745707347216e-99,180.47914170283676,98.14027668792376,3.317861837514667e-181,7.239745707347216e-99,4.901068862576607e-140
3002,GYRO_X__energy_ratio_by_chunks__num_segments_10__segment_focus_4,8.51338770980796e-119,7.584454589867759e-99,118.0698975878697,98.12007564455786,8.51338770980796e-119,7.584454589867759e-99,8.035508850780811e-109
3003,"ADXL_Z__cwt_coefficients__coeff_4__w_10__widths_(2, 5, 10, 20)",4.697552206009547e-190,8.682199832874822e-99,189.32812838469079,98.06137022249224,4.697552206009547e-190,8.682199832874822e-99,2.0195318016296956e-144
3004,"MMA_Z__cwt_coefficients__coeff_6__w_10__widths_(2, 5, 10, 20)",5.045084915623384e-235,8.881221877554696e-99,234.29713151960024,98.05152727992251,5.045084915623384e-235,8.881221877554696e-99,0.0
3005,"ADXL_Z__fft_coefficient__attr_""imag""__coeff_17",1.7602887733479212e-126,9.6603801912274e-99,125.75441608083128,98.0150057812757,1.7602887733479212e-126,9.6603801912274e-99,1.3040344626155489e-112
3006,"ADXL_Y__fft_coefficient__attr_""angle""__coeff_0",1.1806391095382541e-109,9.76299755797113e-99,108.92788283455263,98.01041681931952,1.1806391095382541e-109,9.76299755797113e-99,3.3950812572407135e-104
3007,"ADXL_Z__cwt_coefficients__coeff_7__w_5__widths_(2, 5, 10, 20)",2.3668775897421704e-210,1.0022597633433836e-98,209.6258242023473,97.99901970445084,2.3668775897421704e-210,1.0022597633433836e-98,1.540203289490626e-154
3008,"MMA_Z__cwt_coefficients__coeff_14__w_20__widths_(2, 5, 10, 20)",5.237571323537245e-258,1.0744795379442444e-98,257.2808700499048,97.96880185066348,5.237571323537245e-258,1.0744795379442444e-98,0.0
3009,"MMA_Z__cwt_coefficients__coeff_13__w_10__widths_(2, 5, 10, 20)",1.9479715618360698e-243,1.2160677216198172e-98,242.71041738761542,97.91504223895569,1.9479715618360698e-243,1.2160677216198172e-98,0.0
3010,"MMA_Z__cwt_coefficients__coeff_13__w_20__widths_(2, 5, 10, 20)",5.346015271235791e-252,1.2332334664668631e-98,251.27196980498763,97.9089546982622,5.346015271235791e-252,1.2332334664668631e-98,0.0
3011,"MMA_Z__cwt_coefficients__coeff_12__w_20__widths_(2, 5, 10, 20)",3.305126695095969e-245,1.3090429125542157e-98,244.48081188809167,97.88304611633693,3.305126695095969e-245,1.3090429125542157e-98,0.0
3012,MMA_Z__value_count__value_1,1.3157079516459468e-98,6.611777165722534e-293,97.88084050058862,292.17968179172004,6.611777165722534e-293,1.3157079516459468e-98,0.0
3013,"MMA_Z__cwt_coefficients__coeff_11__w_20__widths_(2, 5, 10, 20)",2.9529594285688017e-236,1.6354750962664178e-98,235.52974251987195,97.78635606458481,2.9529594285688017e-236,1.6354750962664178e-98,0.0
3014,"MMA_Z__cwt_coefficients__coeff_10__w_20__widths_(2, 5, 10, 20)",1.7463497033608488e-225,2.0930924978757595e-98,224.75786878523948,97.67921157890957,1.7463497033608488e-225,2.0930924978757595e-98,5.880866875630434e-162
3015,"ADXL_Z__cwt_coefficients__coeff_6__w_20__widths_(2, 5, 10, 20)",5.378383079658181e-159,2.3920666792885272e-98,158.26934826803748,97.62122671847817,5.378383079658181e-159,2.3920666792885272e-98,1.134259712468866e-128
3016,"MMA_Z__cwt_coefficients__coeff_5__w_10__widths_(2, 5, 10, 20)",1.5128111539126482e-215,3.0135604028557227e-98,214.82021528211064,97.520920099247,1.5128111539126482e-215,3.0135604028557227e-98,6.751998067544983e-157
3017,"MMA_Z__cwt_coefficients__coeff_9__w_20__widths_(2, 5, 10, 20)",1.578452852015068e-212,3.4915368345870997e-98,211.80176838584367,97.45698337193214,1.578452852015068e-212,3.4915368345870997e-98,2.3476001095735384e-155
3018,"MMA_Z__cwt_coefficients__coeff_3__w_5__widths_(2, 5, 10, 20)",2.4179070354002152e-195,3.721925211748879e-98,194.61656040107195,97.42923235781758,2.4179070354002152e-195,3.721925211748879e-98,9.486447783401883e-147
3019,ADXL_Z__last_location_of_minimum,3.4687964997700093e-109,4.250060230855851e-98,108.45982117770747,97.37160491518664,3.4687964997700093e-109,4.250060230855851e-98,1.214190843838171e-103
3020,"MMA_Z__cwt_coefficients__coeff_14__w_10__widths_(2, 5, 10, 20)",1.5260133502719754e-231,4.3664322686388855e-98,230.81644166695514,97.35987327215604,1.5260133502719754e-231,4.3664322686388855e-98,0.0
3021,"MMA_Z__cwt_coefficients__coeff_6__w_5__widths_(2, 5, 10, 20)",9.322152430194824e-222,5.644431799636689e-98,221.03048380002483,97.24837977007248,9.322152430194824e-222,5.644431799636689e-98,7.253860030889665e-160
3022,"ADXL_Z__cwt_coefficients__coeff_8__w_5__widths_(2, 5, 10, 20)",1.3430962853939883e-183,6.639528112923581e-98,182.87189285202498,97.17786278587836,1.3430962853939883e-183,6.639528112923581e-98,9.443265084300355e-141
3023,"ADXL_Z__cwt_coefficients__coeff_2__w_2__widths_(2, 5, 10, 20)",2.8920293973681744e-192,6.984694801968026e-98,191.53879729676828,97.15585256574407,2.8920293973681744e-192,6.984694801968026e-98,4.494434636184646e-145
3024,"MMA_Z__cwt_coefficients__coeff_8__w_20__widths_(2, 5, 10, 20)",7.138407970101992e-197,7.251625956597192e-98,196.14639863512778,97.13956460517984,7.138407970101992e-197,7.251625956597192e-98,2.2751937175715803e-147
3025,"MMA_Z__cwt_coefficients__coeff_4__w_10__widths_(2, 5, 10, 20)",2.9358975154336907e-187,1.1132085281867386e-97,186.53225910858515,96.95342347523572,2.9358975154336907e-187,1.1132085281867386e-97,1.8078346583863918e-142
3026,"ADXL_Z__cwt_coefficients__coeff_5__w_20__widths_(2, 5, 10, 20)",1.0796136887617732e-132,1.3599328254241673e-97,131.96673161752418,96.86648254329752,1.0796136887617732e-132,1.3599328254241673e-97,3.831712533743112e-115
3027,"ADXL_Z__cwt_coefficients__coeff_3__w_10__widths_(2, 5, 10, 20)",1.1339594140969042e-150,1.6516793338464964e-97,149.94540248913728,96.78207426516262,1.1339594140969042e-150,1.6516793338464964e-97,4.327744596998e-124
3028,"ADXL_Z__cwt_coefficients__coeff_3__w_2__widths_(2, 5, 10, 20)",5.629678756321787e-149,1.8420426666894842e-97,148.24951638638083,96.73470031458803,5.629678756321787e-149,1.8420426666894842e-97,3.220265279274383e-123
3029,"MMA_Z__cwt_coefficients__coeff_7__w_20__widths_(2, 5, 10, 20)",1.2539665846703934e-179,1.915470619612946e-97,178.90171403630166,96.71772450504234,1.2539665846703934e-179,1.915470619612946e-97,1.5498181025244633e-138
3030,ADXL_Z__first_location_of_minimum,5.440508731869226e-108,2.1226065223596716e-97,107.26436048833244,96.67313050560125,5.440508731869226e-108,2.1226065223596716e-97,1.0746189705760998e-102
3031,"ADXL_Z__cwt_coefficients__coeff_4__w_20__widths_(2, 5, 10, 20)",2.9858755712914744e-102,2.998900287787456e-97,101.52492829434289,96.52303797411497,2.9858755712914744e-102,2.998900287787456e-97,9.462739090793711e-100
3032,"MMA_Z__cwt_coefficients__coeff_7__w_5__widths_(2, 5, 10, 20)",1.9805003613850252e-206,3.5134318006605715e-97,205.7032250740133,96.45426847214932,1.9805003613850252e-206,3.5134318006605715e-97,8.3416742629462e-152
3033,"MMA_Z__cwt_coefficients__coeff_6__w_20__widths_(2, 5, 10, 20)",1.7828555144380577e-157,4.966576076499114e-97,156.74888385134224,96.30394290775075,1.7828555144380577e-157,4.966576076499114e-97,2.975682702484016e-127
3034,"ADXL_Z__cwt_coefficients__coeff_9__w_5__widths_(2, 5, 10, 20)",9.023376077789224e-144,7.516158095516768e-97,143.0446309416565,96.1240040934879,9.023376077789224e-144,7.516158095516768e-97,2.6042488582308685e-120
3035,"MMA_Y__fft_coefficient__attr_""imag""__coeff_15",3.080394324568235e-119,9.038952152511313e-97,118.51139368544031,96.0438819125289,3.080394324568235e-119,9.038952152511313e-97,5.2766975382941625e-108
3036,"ADXL_Z__cwt_coefficients__coeff_1__w_2__widths_(2, 5, 10, 20)",1.1247047251543085e-159,1.7126256517450491e-96,158.94896148027968,95.76633755539312,1.1247047251543085e-159,1.7126256517450491e-96,4.3888474146843315e-128
3037,ADXL_Y__ar_coefficient__coeff_4__k_10,2.1785749490609986e-96,2.589030957085701e-135,95.66182749452845,134.5868627566678,2.589030957085701e-135,2.1785749490609986e-96,7.510258308107871e-116
3038,"MMA_Z__cwt_coefficients__coeff_8__w_5__widths_(2, 5, 10, 20)",2.7145769396536835e-179,2.6566888949412777e-96,178.56629784456143,95.57565929960587,2.7145769396536835e-179,2.6566888949412777e-96,8.492223742955446e-138
3039,"MMA_Z__cwt_coefficients__coeff_3__w_10__widths_(2, 5, 10, 20)",2.1177841606297876e-148,2.682900125513675e-96,147.67411830420212,95.57139549421052,2.1177841606297876e-148,2.682900125513675e-96,2.383653370430468e-122
3040,"MMA_Z__cwt_coefficients__coeff_5__w_20__widths_(2, 5, 10, 20)",2.417268540421832e-131,3.132202849193515e-96,130.61667510004952,95.50415011971988,2.417268540421832e-131,3.132202849193515e-96,8.701365070823722e-114
3041,"MMA_Z__cwt_coefficients__coeff_4__w_20__widths_(2, 5, 10, 20)",3.813682548919213e-101,9.092061869064706e-96,100.41865546047474,95.04133761767848,3.813682548919213e-101,9.092061869064706e-96,1.862101975825864e-98
3042,"ADXL_Y__fft_coefficient__attr_""imag""__coeff_15",1.5327938599935818e-117,9.295823641836844e-96,116.8145162479421,95.03171212420757,1.5327938599935818e-117,9.295823641836844e-96,1.193674218612042e-106
3043,"MMA_Z__cwt_coefficients__coeff_2__w_2__widths_(2, 5, 10, 20)",3.1721817621805743e-191,1.0641980010917292e-95,190.4986419360926,94.97297756115613,3.1721817621805743e-191,1.0641980010917292e-95,1.8373430519127903e-143
3044,"MMA_Z__cwt_coefficients__coeff_3__w_2__widths_(2, 5, 10, 20)",5.41299748519879e-150,2.9212935306815602e-95,149.2665621746759,94.53442480305708,5.41299748519879e-150,2.9212935306815602e-95,1.2574957071539758e-122
3045,ADXL_Y__last_location_of_maximum,2.965696683725436e-95,8.531690904335849e-101,94.52787326845274,100.06896488704504,8.531690904335849e-101,2.965696683725436e-95,5.0301498408655077e-98
3046,"ADXL_Z__cwt_coefficients__coeff_2__w_5__widths_(2, 5, 10, 20)",2.4199698835055493e-148,3.281469808347797e-95,147.61619003877524,94.48393158717981,2.4199698835055493e-148,3.281469808347797e-95,8.911261476263838e-122
3047,"MMA_Z__cwt_coefficients__coeff_9__w_5__widths_(2, 5, 10, 20)",1.944401168988786e-140,3.607728813804062e-95,139.71121412649626,94.44276611500338,1.944401168988786e-140,3.607728813804062e-95,8.375483343040654e-118
3048,"MMA_Y__fft_coefficient__attr_""imag""__coeff_16",8.813080029233086e-109,4.851700297447452e-95,108.05487228614743,94.31410603451297,8.813080029233086e-109,4.851700297447452e-95,6.538992506438462e-102
3049,"ADXL_Z__cwt_coefficients__coeff_2__w_10__widths_(2, 5, 10, 20)",5.809631002556647e-95,1.3880273599636984e-95,94.2358514508528,94.85760197324417,1.3880273599636984e-95,5.809631002556647e-95,2.8397054042350868e-95
3050,"MMA_Z__cwt_coefficients__coeff_1__w_2__widths_(2, 5, 10, 20)",1.613745544185311e-155,1.0042091572573048e-94,154.79216494388177,93.99817582266672,1.613745544185311e-155,1.0042091572573048e-94,4.02559070566552e-125
3051,"GYRO_Y__agg_linear_trend__attr_""intercept""__chunk_len_5__f_agg_""min""",1.2930504073870506e-133,1.1221966098235962e-94,132.88838454455245,93.94993104764212,1.2930504073870506e-133,1.1221966098235962e-94,3.809273924911108e-114
3052,"ADXL_X__change_quantiles__f_agg_""var""__isabs_True__qh_0.2__ql_0.0",1.260642781037917e-94,0.0,93.89940795878947,307.6526555685888,0.0,1.260642781037917e-94,0.0
3053,"ADXL_Z__cwt_coefficients__coeff_10__w_5__widths_(2, 5, 10, 20)",2.414231134377447e-97,1.692611803914719e-94,96.6172211536341,93.77144263477308,2.414231134377447e-97,1.692611803914719e-94,6.392461275147226e-96
3054,"GYRO_Y__agg_linear_trend__attr_""intercept""__chunk_len_5__f_agg_""max""",6.447951579760042e-120,1.752162621035799e-94,119.19057823248119,93.75642558872676,6.447951579760042e-120,1.752162621035799e-94,3.361228903288837e-107
3055,"GYRO_X__change_quantiles__f_agg_""var""__isabs_True__qh_1.0__ql_0.8",1.7691332056994599e-94,0.0,93.7522394659471,307.6526555685888,0.0,1.7691332056994599e-94,0.0
3056,"MMA_Z__cwt_coefficients__coeff_2__w_5__widths_(2, 5, 10, 20)",9.013735617472424e-149,4.655309006115258e-94,148.0450951844009,93.33205148649859,9.013735617472424e-149,4.655309006115258e-94,2.04845611617045e-121
3057,GYRO_Z__benford_correlation,6.088068158899454e-94,4.440930346145824e-186,93.21552049407121,185.35252603847275,4.440930346145824e-186,6.088068158899454e-94,5.199681397572425e-140
3058,"MMA_Z__cwt_coefficients__coeff_2__w_10__widths_(2, 5, 10, 20)",1.613348831965586e-93,7.417749785705382e-95,92.79227172100616,94.12972782030913,7.417749785705382e-95,1.613348831965586e-93,3.4593956050993585e-94
3059,"ADXL_Y__fft_coefficient__attr_""imag""__coeff_16",5.847172395730988e-107,6.330751571945257e-93,106.23305410140627,92.19854472850194,5.847172395730988e-107,6.330751571945257e-93,6.084159418991983e-100
3060,"MMA_Z__cwt_coefficients__coeff_10__w_5__widths_(2, 5, 10, 20)",7.0982788791946535e-96,6.642028065617032e-93,95.1488469419684,92.17769929364025,7.0982788791946535e-96,6.642028065617032e-93,2.1713352466440437e-94
3061,ADXL_X__energy_ratio_by_chunks__num_segments_10__segment_focus_3,1.776963111225335e-92,9.083703375386197e-158,91.75032158781517,157.04173705592922,9.083703375386197e-158,1.776963111225335e-92,4.0176368441378983e-125
3062,"GYRO_X__fft_coefficient__attr_""real""__coeff_2",2.55420508161932e-96,4.6069005006384884e-92,95.59274423540468,91.33659116749342,2.55420508161932e-96,4.6069005006384884e-92,3.430301542028837e-94
3063,GYRO_Z__energy_ratio_by_chunks__num_segments_10__segment_focus_2,7.540548455584001e-92,4.239764360031051e-182,91.1225970649298,181.37265828019548,4.239764360031051e-182,7.540548455584001e-92,5.654215117686294e-137
3064,GYRO_Y__energy_ratio_by_chunks__num_segments_10__segment_focus_2,4.1574369651727455e-91,3.355277904138577e-185,90.38117432680723,184.47427150314462,3.355277904138577e-185,4.1574369651727455e-91,3.734883718014934e-138
3065,GYRO_Z__last_location_of_minimum,1.416696678107921e-95,6.300808462189136e-91,94.84872312443504,90.20060372227007,1.416696678107921e-95,6.300808462189136e-91,2.987697176384787e-93
3066,GYRO_Z__first_location_of_minimum,4.35961065668929e-95,1.5012585010300491e-90,94.36055229449326,89.82354452034508,4.35961065668929e-95,1.5012585010300491e-90,8.090057205938653e-93
3067,ADXL_Y__first_location_of_maximum,1.7683547291995295e-90,3.870216182351864e-99,89.75243061178838,98.41226477550298,3.870216182351864e-99,1.7683547291995295e-90,8.272795832780154e-95
3068,"MMA_Y__fft_coefficient__attr_""imag""__coeff_17",2.322762534261407e-90,8.965858167681353e-91,89.63399518767348,90.04740813558851,8.965858167681353e-91,2.322762534261407e-90,1.4431063522620872e-90
3069,ADXL_Z__last_location_of_maximum,3.311221693857228e-90,7.74845675555771e-96,89.48001174126675,95.11078478643363,7.74845675555771e-96,3.311221693857228e-90,5.065259924516932e-93
3070,"GYRO_Y__agg_linear_trend__attr_""slope""__chunk_len_10__f_agg_""max""",1.5947201102169722e-97,3.404371633675617e-90,96.79731552906745,89.46796303682339,1.5947201102169722e-97,3.404371633675617e-90,7.368188316590934e-94
3071,"ADXL_X__change_quantiles__f_agg_""var""__isabs_True__qh_1.0__ql_0.6",3.5623617274763993e-90,0.0,89.44826198372994,307.6526555685888,0.0,3.5623617274763993e-90,0.0
3072,"GYRO_X__agg_linear_trend__attr_""stderr""__chunk_len_50__f_agg_""var""",1.1049425720427925e-89,0.0,88.95666029328478,307.6526555685888,0.0,1.1049425720427925e-89,0.0
3073,"ADXL_Z__change_quantiles__f_agg_""mean""__isabs_False__qh_1.0__ql_0.8",4.776262568149716e-108,2.2149391742074946e-89,107.32091180650932,88.6546381957022,4.776262568149716e-108,2.2149391742074946e-89,1.0285490298714835e-98
3074,"ADXL_Y__fft_coefficient__attr_""imag""__coeff_17",9.452653898268369e-89,7.690827350418479e-90,88.02444624317731,89.11402693791068,7.690827350418479e-90,9.452653898268369e-89,2.6962701855497018e-89
3075,GYRO_X__energy_ratio_by_chunks__num_segments_10__segment_focus_2,1.444001844304683e-88,4.400890223492791e-137,87.84043225207743,136.35645946441272,4.400890223492791e-137,1.444001844304683e-88,7.971758651204914e-113
3076,MMA_Y__last_location_of_maximum,7.925134317792033e-88,2.030414017789559e-97,87.10099336848162,96.6924153969103,2.030414017789559e-97,7.925134317792033e-88,1.2685150299350039e-92
3077,MMA_X__energy_ratio_by_chunks__num_segments_10__segment_focus_3,1.132053108103057e-87,1.6486462458911942e-159,86.94613319857612,158.78287252200192,1.6486462458911942e-159,1.132053108103057e-87,1.3661460781422913e-123
3078,MMA_Z__energy_ratio_by_chunks__num_segments_10__segment_focus_4,1.4214008063421497e-87,4.213127991700689e-99,86.84728344252392,98.37539534712879,4.213127991700689e-99,1.4214008063421497e-87,2.447150082162114e-93
3079,MMA_Y__first_location_of_maximum,2.2037466017090494e-87,1.549638165063503e-97,86.6568383443966,96.80976969619165,1.549638165063503e-97,2.2037466017090494e-87,1.8479745236710766e-92
3080,ADXL_X__partial_autocorrelation__lag_4,4.568529478613374e-87,6.510845547673774e-94,86.3402235684412,93.18636260700123,6.510845547673774e-94,4.568529478613374e-87,1.724673586950478e-90
3081,"ADXL_Y__change_quantiles__f_agg_""mean""__isabs_False__qh_0.8__ql_0.6",1.370632697077881e-260,3.349884618397584e-86,259.863078912099,85.47497015130828,1.370632697077881e-260,3.349884618397584e-86,0.0
3082,MMA_Z__energy_ratio_by_chunks__num_segments_10__segment_focus_5,5.0331125212675694e-86,7.340138505575477e-106,85.29816336032026,105.13429574503766,7.340138505575477e-106,5.0331125212675694e-86,6.078136475948049e-96
3083,GYRO_Y__value_count__value_0,2.4510945702843735e-98,5.201955498288275e-86,97.61063993209336,85.2838333674286,2.4510945702843735e-98,5.201955498288275e-86,3.570782109946689e-92
3084,ADXL_Z__large_standard_deviation__r_0.05,3.124709837637621e-94,7.327014829201642e-86,93.50519030528426,85.13507292948816,3.124709837637621e-94,7.327014829201642e-86,4.7848506055386e-90
3085,"ADXL_X__change_quantiles__f_agg_""var""__isabs_False__qh_1.0__ql_0.8",1.6942143604008538e-85,0.0,84.7710316414377,307.6526555685888,0.0,1.6942143604008538e-85,0.0
3086,MMA_Z__last_location_of_maximum,1.8864557964949413e-85,1.5175619771742275e-92,84.72435336674883,91.81885356332016,1.5175619771742275e-92,1.8864557964949413e-85,5.3505266921870834e-89
3087,ADXL_Z__energy_ratio_by_chunks__num_segments_10__segment_focus_3,2.0330484336637992e-85,1.2761495238762044e-121,84.69185227496631,120.89409843722152,1.2761495238762044e-121,2.0330484336637992e-85,1.6107370333599835e-103
3088,MMA_X__first_location_of_maximum,1.0722646799782778e-87,5.25491295573182e-85,86.96969799928341,84.27943447338616,1.0722646799782778e-87,5.25491295573182e-85,2.3737433641384836e-86
3089,ADXL_Z__energy_ratio_by_chunks__num_segments_10__segment_focus_5,1.140329992785141e-84,1.125599966624528e-117,83.94296945277995,116.94861592845069,1.125599966624528e-117,1.140329992785141e-84,3.582674143457514e-101
3090,GYRO_X__c3__lag_1,1.520132355958564e-84,0.0,83.81811859694999,307.6526555685888,0.0,1.520132355958564e-84,0.0
3091,ADXL_Z__energy_ratio_by_chunks__num_segments_10__segment_focus_4,3.155460275537704e-84,1.2056354993663032e-100,83.50093728283935,99.91878397290982,1.2056354993663032e-100,3.155460275537704e-84,1.9504704368506672e-92
3092,MMA_X__last_location_of_maximum,2.2957994816388984e-87,3.9838631890414977e-84,86.63906604650954,83.39969558422037,2.2957994816388984e-87,3.9838631890414977e-84,9.563551141872855e-86
3093,"ADXL_Z__change_quantiles__f_agg_""mean""__isabs_False__qh_0.4__ql_0.2",4.571109013944581e-84,6.084251148445327e-211,83.33997842132935,210.2157928672468,6.084251148445327e-211,4.571109013944581e-84,1.667686279483078e-147
3094,ADXL_Z__first_location_of_maximum,1.6780649526704425e-83,1.8090862626835065e-91,82.77519123299456,90.74254072417709,1.8090862626835065e-91,1.6780649526704425e-83,1.742344470466947e-87
3095,"MMA_Z__fft_coefficient__attr_""imag""__coeff_18",1.4802011463651007e-107,2.31807042570104e-83,106.82967926378029,82.63487337379576,1.4802011463651007e-107,2.31807042570104e-83,1.852352693597447e-95
3096,ADXL_X__range_count__max_1000000000000.0__min_0,2.3200564414570073e-131,2.7833456959268115e-83,130.63450144962843,82.55543285025611,2.3200564414570073e-131,2.7833456959268115e-83,2.541164912129206e-107
3097,"GYRO_X__fft_coefficient__attr_""angle""__coeff_2",3.263026739523161e-90,6.319141609510268e-83,89.48637936728483,82.19934191215623,3.263026739523161e-90,6.319141609510268e-83,1.4359501398957218e-86
3098,MMA_X__value_count__value_0,1.502299487037006e-82,8.521829618349636e-133,81.82324348104538,132.06946715313842,8.521829618349636e-133,1.502299487037006e-82,1.131474271217133e-107
3099,MMA_Z__first_location_of_maximum,2.180906941325116e-82,2.178409785385115e-90,81.66136286524717,89.66186042081921,2.178409785385115e-90,2.180906941325116e-82,2.179658005742404e-86
3100,ADXL_Z__number_crossing_m__m_1,2.7808657760157467e-82,0.0,81.5558199727117,307.6526555685888,0.0,2.7808657760157467e-82,0.0
3101,ADXL_X__last_location_of_maximum,1.7826637890848058e-85,7.262681375745323e-82,84.74893055716876,81.13890300854285,1.7826637890848058e-85,7.262681375745323e-82,1.137845292656335e-83
3102,"ADXL_Z__fft_coefficient__attr_""imag""__coeff_18",6.956296782975061e-105,8.823729630917321e-82,104.15762189756369,81.05434780763945,6.956296782975061e-105,8.823729630917321e-82,2.4775084670973756e-93
3103,"MMA_Z__fft_coefficient__attr_""imag""__coeff_16",4.3579608862524675e-111,1.2020432270280867e-81,110.36071667196974,80.92007991426156,4.3579608862524675e-111,1.2020432270280867e-81,2.2887676524656446e-96
3104,"GYRO_Y__linear_trend__attr_""pvalue""",4.261637060198816e-81,4.747769928331251e-169,80.37042353947979,168.3235103346368,4.747769928331251e-169,4.261637060198816e-81,4.4981409804355773e-125
3105,"ADXL_Y__fft_coefficient__attr_""angle""__coeff_6",1.3597681319949719e-95,7.33217132707437e-81,94.86653514132114,80.13476739565559,1.3597681319949719e-95,7.33217132707437e-81,3.15753905896396e-88
3106,"ADXL_Z__fft_coefficient__attr_""imag""__coeff_16",1.0910398670067402e-108,2.539926314637625e-80,107.96215937983814,79.5951788824393,1.0910398670067402e-108,2.539926314637625e-80,1.6646804103278065e-94
3107,"GYRO_Y__agg_linear_trend__attr_""slope""__chunk_len_10__f_agg_""min""",2.15519822750372e-89,4.614914229400351e-80,88.66651277879707,79.33583636615363,2.15519822750372e-89,4.614914229400351e-80,9.972991009363906e-85
3108,ADXL_X__first_location_of_maximum,1.8723907303876766e-79,1.1968483340628434e-80,78.72760351759344,79.92196088038125,1.1968483340628434e-80,1.8723907303876766e-79,4.733886063668201e-80
3109,MMA_X__range_count__max_1000000000000.0__min_0,4.03464160748074e-120,2.9507920677154387e-79,119.39419503710208,78.53006139267741,4.03464160748074e-120,2.9507920677154387e-79,1.0911181627774708e-99
3110,MMA_X__last_location_of_minimum,1.1978708782152507e-78,2.6235088294107084e-78,77.92158999321619,77.58111746984648,1.1978708782152507e-78,2.6235088294107084e-78,1.772744997311139e-78
3111,ADXL_X__value_count__value_0,2.7505623225695704e-78,8.672920134825705e-123,77.5605785103065,122.0618346528215,8.672920134825705e-123,2.7505623225695704e-78,1.5445195806303842e-100
3112,"MMA_Y__fft_coefficient__attr_""angle""__coeff_6",1.6467488100911648e-92,4.483258576805856e-78,91.78337264169913,77.34840621200608,1.6467488100911648e-92,4.483258576805856e-78,2.717130973414063e-85
3113,MMA_X__first_location_of_minimum,8.4826289012561e-78,3.78259195803803e-78,77.07146953213332,77.42221050510702,3.78259195803803e-78,8.4826289012561e-78,5.664479134475852e-78
3114,"MMA_Z__change_quantiles__f_agg_""mean""__isabs_False__qh_0.4__ql_0.2",3.124370182209145e-77,3.106978036139205e-244,76.50523751558659,243.50766181685034,3.106978036139205e-244,3.124370182209145e-77,9.85311622827037e-161
3115,"MMA_Y__fft_coefficient__attr_""imag""__coeff_20",4.156978978737181e-77,1.1833339407935208e-92,76.38122217165484,91.92689267872102,1.1833339407935208e-92,4.156978978737181e-77,7.013625536557319e-85
3116,ADXL_Z__ar_coefficient__coeff_4__k_10,8.844778146641262e-77,6.275172673838992e-115,76.05331305601574,114.2023743192073,6.275172673838992e-115,8.844778146641262e-77,7.450000679998059e-96
3117,MMA_Z__time_reversal_asymmetry_statistic__lag_3,9.691981718779714e-77,5.091682275464205e-163,76.01358741370917,162.29313870445236,5.091682275464205e-163,9.691981718779714e-77,7.024848150076538e-120
3118,GYRO_Z__last_location_of_maximum,3.093313946866726e-76,3.7357227231449656e-76,75.5095760003096,75.42762536592079,3.093313946866726e-76,3.7357227231449656e-76,3.3993768842438264e-76
3119,"MMA_Y__change_quantiles__f_agg_""mean""__isabs_False__qh_0.8__ql_0.6",2.5606501916067925e-162,4.407800852455048e-76,161.59164974610448,75.3557780354434,2.5606501916067925e-162,4.407800852455048e-76,3.359588679794537e-119
3120,"MMA_X__agg_linear_trend__attr_""rvalue""__chunk_len_50__f_agg_""max""",1.0476542938434077e-89,5.288572072624737e-76,88.97978200270043,75.27666157270808,1.0476542938434077e-89,5.288572072624737e-76,7.443517475082352e-83
3121,"ADXL_Y__fft_coefficient__attr_""imag""__coeff_20",8.52707352910733e-76,2.347636710652406e-90,75.06919999207147,89.62936910792098,2.347636710652406e-90,8.52707352910733e-76,4.4742005823794644e-83
3122,ADXL_X__ar_coefficient__coeff_10__k_10,1.6119556030091531e-75,1.853006161627753e-89,74.79264692384213,88.73212313655996,1.853006161627753e-89,1.6119556030091531e-75,1.7282834445328525e-82
3123,"MMA_Y__fft_coefficient__attr_""imag""__coeff_19",2.7778813056476143e-75,4.360734200656719e-86,74.55628631489918,85.36044038402275,4.360734200656719e-86,2.7778813056476143e-75,1.1006180997467965e-80
3124,"ADXL_X__agg_linear_trend__attr_""rvalue""__chunk_len_50__f_agg_""max""",8.850262452651678e-89,3.671515334557871e-75,88.05304385020067,74.43515465356539,8.850262452651678e-89,3.671515334557871e-75,5.700339841603515e-82
3125,MMA_Z__energy_ratio_by_chunks__num_segments_10__segment_focus_6,4.2497910200215414e-75,3.456362875022155e-114,74.37163242549862,113.4613806682919,3.456362875022155e-114,4.2497910200215414e-75,1.2119744183853466e-94
3126,ADXL_X__last_location_of_minimum,2.28127924480115e-75,2.24303552797156e-74,74.64182155073672,73.64916384746928,2.28127924480115e-75,2.24303552797156e-74,7.153314193653952e-75
3127,GYRO_Z__first_location_of_maximum,4.310485604341891e-74,5.83903330359309e-75,73.36547380097471,74.2336590476935,5.83903330359309e-75,4.310485604341891e-74,1.5864762525298287e-74
3128,"MMA_Y__fft_coefficient__attr_""imag""__coeff_18",6.629050466090627e-74,1.173454305790182e-90,73.17854867474303,89.93053381712593,1.173454305790182e-90,6.629050466090627e-74,2.7890657598440485e-82
3129,"ADXL_Y__fft_coefficient__attr_""angle""__coeff_4",1.4347397763545488e-93,1.4227516685720787e-73,92.84322686125856,72.84687089638825,1.4347397763545488e-93,1.4227516685720787e-73,1.4287331489033092e-83
3130,GYRO_Y__large_standard_deviation__r_0.2,8.167049164075282e-80,1.5226898048962074e-73,79.08793483003384,72.81738856005386,8.167049164075282e-80,1.5226898048962074e-73,1.1151628804001469e-76
3131,ADXL_X__first_location_of_minimum,2.9551442369133225e-73,7.516491153704675e-74,72.5294213168921,73.12398484933063,7.516491153704675e-74,2.9551442369133225e-73,1.4903796668862716e-73
3132,"ADXL_Y__fft_coefficient__attr_""imag""__coeff_19",4.5676864960997305e-73,2.4006973603485923e-84,72.34030371161121,83.61966258505535,2.4006973603485923e-84,4.5676864960997305e-73,1.0471691799363909e-78
3133,"ADXL_Y__fft_coefficient__attr_""imag""__coeff_18",8.894086573517458e-73,1.9990287040173974e-89,72.05089864751831,88.69918096981041,1.9990287040173974e-89,8.894086573517458e-73,4.2165785130218004e-81
3134,MMA_X__number_crossing_m__m_-1,1.5854977160599602e-72,0.0,71.79983437924602,307.6526555685888,0.0,1.5854977160599602e-72,0.0
3135,"MMA_Z__fft_coefficient__attr_""imag""__coeff_19",1.8679137304724352e-100,4.0667946450070073e-72,99.72864318551757,71.39074775697627,1.8679137304724352e-100,4.0667946450070073e-72,2.7561606550454135e-86
3136,"MMA_Y__cwt_coefficients__coeff_1__w_2__widths_(2, 5, 10, 20)",1.8469808878882682e-124,6.353000773963365e-72,123.73353759851082,71.19702109175618,1.8469808878882682e-124,6.353000773963365e-72,3.4254738373325394e-98
3137,"MMA_Y__fft_coefficient__attr_""angle""__coeff_7",1.1315170463763593e-83,8.329473175933193e-72,82.94633889898594,71.07938246606265,1.1315170463763593e-83,8.329473175933193e-72,9.708213474117182e-78
3138,"MMA_Y__fft_coefficient__attr_""angle""__coeff_4",5.374335160978124e-91,2.111978604439242e-71,90.26967525304529,70.6753104857694,5.374335160978124e-91,2.111978604439242e-71,3.369047472665134e-81
3139,"MMA_Y__cwt_coefficients__coeff_2__w_2__widths_(2, 5, 10, 20)",1.987150742708468e-145,2.465029345592212e-71,144.70176918661775,70.60817790618273,1.987150742708468e-145,2.465029345592212e-71,2.2132295169936023e-108
3140,"ADXL_Z__fft_coefficient__attr_""imag""__coeff_19",2.737362909340317e-99,5.012774892229532e-71,98.56266762163415,70.29992179773238,2.737362909340317e-99,5.012774892229532e-71,3.7042926535118047e-85
3141,MMA_X__ar_coefficient__coeff_10__k_10,5.025651022146023e-71,2.1287148683679936e-92,70.29880767181552,91.67188250642796,2.1287148683679936e-92,5.025651022146023e-71,1.0343199724490987e-81
3142,ADXL_Z__energy_ratio_by_chunks__num_segments_10__segment_focus_6,1.483051703780881e-70,2.672768781487248e-108,69.82884370785543,107.57303860999302,2.672768781487248e-108,1.483051703780881e-70,1.990943066789458e-89
3143,MMA_Z__large_standard_deviation__r_0.4,4.5261095504197366e-76,2.6568335326035905e-70,75.3442749385459,69.57563565602877,4.5261095504197366e-76,2.6568335326035905e-70,3.467725425375042e-73
3144,"ADXL_X__change_quantiles__f_agg_""var""__isabs_True__qh_1.0__ql_0.8",2.8017133143394055e-70,0.0,69.55257630601322,307.6526555685888,0.0,2.8017133143394055e-70,0.0
3145,"GYRO_Y__agg_linear_trend__attr_""rvalue""__chunk_len_10__f_agg_""max""",4.1675826927417705e-77,3.29394346376151e-70,76.38011577418858,69.4822838592,4.1675826927417705e-77,3.29394346376151e-70,1.171656168440313e-73
3146,"MMA_Y__cwt_coefficients__coeff_8__w_10__widths_(2, 5, 10, 20)",3.4779133036583363e-73,3.4146257347441325e-70,72.45868124815621,69.46665689088226,3.4779133036583363e-73,3.4146257347441325e-70,1.0897601694813746e-71
3147,"MMA_Y__cwt_coefficients__coeff_3__w_2__widths_(2, 5, 10, 20)",5.127919239123881e-126,3.428384859076683e-70,125.29005882324725,69.46491043155878,5.127919239123881e-126,3.428384859076683e-70,4.19290837939256e-98
3148,"MMA_Y__cwt_coefficients__coeff_5__w_5__widths_(2, 5, 10, 20)",5.30994540543498e-78,3.6147761974176857e-70,77.27490994412385,69.44191858612473,5.30994540543498e-78,3.6147761974176857e-70,4.381125912497125e-74
3149,"MMA_Z__cwt_coefficients__coeff_4__w_2__widths_(2, 5, 10, 20)",5.949062830501222e-70,5.80985214590789e-93,69.22555144428803,92.23583491976687,5.80985214590789e-93,5.949062830501222e-70,1.859117410276403e-81
3150,"MMA_Y__cwt_coefficients__coeff_9__w_10__widths_(2, 5, 10, 20)",1.11201912636403e-74,6.268740231796067e-70,73.95388774296715,69.20281972637017,1.11201912636403e-74,6.268740231796067e-70,2.6402573806288106e-72
3151,"MMA_Y__cwt_coefficients__coeff_4__w_5__widths_(2, 5, 10, 20)",6.374920660715893e-70,3.226900328277426e-70,69.19552521588659,69.49121444877261,3.226900328277426e-70,6.374920660715893e-70,4.535552179482302e-70
3152,"MMA_Y__cwt_coefficients__coeff_6__w_5__widths_(2, 5, 10, 20)",1.8509826966793027e-80,9.320633920218882e-70,79.7325976410914,69.0305545491599,1.8509826966793027e-80,9.320633920218882e-70,4.1535926748307095e-75
3153,MMA_X__friedrich_coefficients__coeff_0__m_3__r_30,1.052618427300922e-69,1.4364819721201774e-176,68.97772903142585,175.84269982004298,1.4364819721201774e-176,1.052618427300922e-69,3.88853107784838e-123
3154,MMA_X__energy_ratio_by_chunks__num_segments_10__segment_focus_5,1.1846909883489728e-69,5.70210866396655e-115,68.92639491510182,114.24396451068293,5.70210866396655e-115,1.1846909883489728e-69,2.5990838287342277e-92
3155,"ADXL_Z__cwt_coefficients__coeff_4__w_2__widths_(2, 5, 10, 20)",1.9961529679655095e-69,4.970763128783887e-94,68.699806181186,93.30357693175401,4.970763128783887e-94,1.9961529679655095e-69,9.961126227779406e-82
3156,"MMA_Y__cwt_coefficients__coeff_10__w_10__widths_(2, 5, 10, 20)",1.340340959719272e-73,2.0481935503939424e-69,72.87278471052406,68.68862900575466,1.340340959719272e-73,2.0481935503939424e-69,1.6568879591046099e-71
3157,"MMA_Y__cwt_coefficients__coeff_7__w_5__widths_(2, 5, 10, 20)",1.630367651582383e-76,3.875966982094118e-69,75.78771445016704,68.41161993119697,1.630367651582383e-76,3.875966982094118e-69,7.949371790404348e-73
3158,"MMA_Y__cwt_coefficients__coeff_11__w_10__widths_(2, 5, 10, 20)",4.1927901083794265e-70,4.395023480763051e-69,69.37749687789078,68.35703880033114,4.1927901083794265e-70,4.395023480763051e-69,1.357476002595944e-69
3159,"ADXL_Y__fft_coefficient__attr_""angle""__coeff_7",3.9474361464944266e-80,5.964407282029327e-69,79.40368488638602,68.22443270822733,3.9474361464944266e-80,5.964407282029327e-69,1.5344092315121525e-74
3160,"MMA_Z__fft_coefficient__attr_""angle""__coeff_4",1.2666873148222187e-72,6.148137365044666e-69,71.89733057865001,68.21125643781926,1.2666873148222187e-72,6.148137365044666e-69,8.824832921980211e-71
3161,GYRO_Y__energy_ratio_by_chunks__num_segments_10__segment_focus_6,6.215021604842703e-69,3.840185000119016e-300,68.20655735731233,299.41564785308157,3.840185000119016e-300,6.215021604842703e-69,0.0
3162,"ADXL_Z__cwt_coefficients__coeff_3__w_20__widths_(2, 5, 10, 20)",7.518094138143258e-69,1.817795963130748e-97,68.12389224055089,96.7404548653711,1.817795963130748e-97,7.518094138143258e-69,3.6968041839883475e-83
3163,"MMA_Y__cwt_coefficients__coeff_7__w_10__widths_(2, 5, 10, 20)",1.0469088015923372e-68,2.6434653382790555e-70,67.9800911489709,69.57782637978993,2.6434653382790555e-70,1.0469088015923372e-68,1.663570596442666e-69
3164,"MMA_Y__fft_coefficient__attr_""angle""__coeff_5",1.2975459878870917e-91,1.7731357344851335e-68,90.88687724085395,67.75125801765257,1.2975459878870917e-91,1.7731357344851335e-68,4.796587493479522e-80
3165,"ADXL_Y__change_quantiles__f_agg_""mean""__isabs_False__qh_1.0__ql_0.6",2.347330359135132e-68,2.7788777624008513e-72,67.62942578426043,71.5561305565988,2.7788777624008513e-72,2.347330359135132e-68,2.5540055082182228e-70
3166,"ADXL_Y__cwt_coefficients__coeff_9__w_10__widths_(2, 5, 10, 20)",4.234732357043741e-74,2.677999796448267e-68,73.37317403268442,67.57218946033424,4.234732357043741e-74,2.677999796448267e-68,3.367582573623998e-71
3167,"ADXL_Y__cwt_coefficients__coeff_8__w_10__widths_(2, 5, 10, 20)",1.4948366003644993e-72,2.7822701255792207e-68,71.82540627719801,67.55560070743046,1.4948366003644993e-72,2.7822701255792207e-68,2.039372260235132e-70
3168,GYRO_X__energy_ratio_by_chunks__num_segments_10__segment_focus_5,3.3204855761178075e-68,6.663815193031585e-152,67.4787984019561,151.17627705568282,6.663815193031585e-152,3.3204855761178075e-68,4.703945389816519e-110
3169,"MMA_Z__cwt_coefficients__coeff_3__w_20__widths_(2, 5, 10, 20)",4.437806548048727e-68,3.8952219031186825e-96,67.35283163336722,95.40946779638554,3.8952219031186825e-96,4.437806548048727e-68,4.1576725782296654e-82
3170,"ADXL_Y__cwt_coefficients__coeff_7__w_10__widths_(2, 5, 10, 20)",5.655612216438837e-68,4.220175087473836e-68,67.24752037609134,67.37466953056763,4.220175087473836e-68,5.655612216438837e-68,4.885455329877437e-68
3171,"ADXL_Y__cwt_coefficients__coeff_2__w_2__widths_(2, 5, 10, 20)",1.3151744058632556e-137,6.628403246152021e-68,136.88101665137071,67.1785910786698,1.3151744058632556e-137,6.628403246152021e-68,9.336758699398875e-103
3172,"ADXL_Z__fft_coefficient__attr_""angle""__coeff_4",2.79337230556384e-71,1.0447887237074735e-67,70.55387117691042,66.98097152333743,2.79337230556384e-71,1.0447887237074735e-67,1.708357072151442e-69
3173,"ADXL_Y__cwt_coefficients__coeff_10__w_10__widths_(2, 5, 10, 20)",5.0869681217484935e-73,1.424417743141481e-67,72.29354098393186,66.8463626252109,5.0869681217484935e-73,1.424417743141481e-67,2.6918335110874982e-70
3174,"ADXL_Y__cwt_coefficients__coeff_11__w_10__widths_(2, 5, 10, 20)",1.8035959940630935e-69,1.8351267765480107e-67,68.7438607379686,66.73633392789506,1.8035959940630935e-69,1.8351267765480107e-67,1.8192930777584763e-68
3175,"ADXL_Y__cwt_coefficients__coeff_1__w_2__widths_(2, 5, 10, 20)",1.5628229318447991e-117,1.911548501957318e-67,116.80609022484641,66.71861467809738,1.5628229318447991e-117,1.911548501957318e-67,1.7284130970900647e-92
3176,MMA_X__quantile__q_0.4,2.006951101844178e-74,1.989362454237389e-67,73.6974632087073,66.70128608287132,2.006951101844178e-74,1.989362454237389e-67,6.318665341271973e-71
3177,"MMA_Y__fft_coefficient__attr_""imag""__coeff_21",2.1688887596200404e-67,1.8039119567998315e-79,66.66376272199322,78.74378466280798,1.8039119567998315e-79,2.1688887596200404e-67,1.978000092630773e-73
3178,"MMA_Z__fft_coefficient__attr_""imag""__coeff_20",7.119552408993776e-94,2.9072143628634904e-67,93.14754730866854,66.53652294443307,7.119552408993776e-94,2.9072143628634904e-67,1.4386822102391504e-80
3179,"MMA_Z__fft_coefficient__attr_""angle""__coeff_5",1.864023439294173e-73,3.122948486508244e-67,72.72954863088111,66.50543517946167,1.864023439294173e-73,3.122948486508244e-67,2.412726503058237e-70
3180,GYRO_Z__ar_coefficient__coeff_5__k_10,1.017133171335048e-74,5.3691916686192694e-67,73.99262218199402,66.2700910923791,1.017133171335048e-74,5.3691916686192694e-67,7.389981697817955e-71
3181,"ADXL_Y__cwt_coefficients__coeff_3__w_2__widths_(2, 5, 10, 20)",5.6858315933993e-118,6.757567811420031e-67,117.24520600766712,66.17020958751192,5.6858315933993e-118,6.757567811420031e-67,1.9601630686427642e-92
3182,"ADXL_Y__cwt_coefficients__coeff_5__w_5__widths_(2, 5, 10, 20)",2.513113814686717e-73,7.841847688946118e-67,72.59978784249732,66.10558159719172,2.513113814686717e-73,7.841847688946118e-67,4.439308027132111e-70
3183,"MMA_X__agg_linear_trend__attr_""slope""__chunk_len_50__f_agg_""max""",1.1475630500424925e-66,2.7486852667557757e-74,65.94022344388804,73.56087498541535,2.7486852667557757e-74,1.1475630500424925e-66,1.7760319952988233e-70
3184,"ADXL_Y__fft_coefficient__attr_""imag""__coeff_21",1.221468081867946e-66,1.0599673092672336e-78,65.91311787707346,77.97470752871993,1.0599673092672336e-78,1.221468081867946e-66,1.1378559821406994e-72
3185,"MMA_Y__cwt_coefficients__coeff_4__w_2__widths_(2, 5, 10, 20)",6.594434106850472e-70,1.2828451942852066e-66,69.18082246695869,65.8918257483983,6.594434106850472e-70,1.2828451942852066e-66,2.9085457024092964e-68
3186,GYRO_Y__ar_coefficient__coeff_0__k_10,1.6914977862152914e-66,1.7852557865156555e-125,65.77172856626802,124.74829955058046,1.7852557865156555e-125,1.6914977862152914e-66,5.49523085112834e-96
3187,GYRO_Y__last_location_of_maximum,1.8977316346530443e-66,7.32713527915525e-70,65.72176520277795,69.13506579011128,7.32713527915525e-70,1.8977316346530443e-66,3.728932341922455e-68
3188,"ADXL_Z__fft_coefficient__attr_""imag""__coeff_20",4.756215611872883e-93,1.9950452832345457e-66,92.32273846588595,65.70004724231524,4.756215611872883e-93,1.9950452832345457e-66,9.741080803747345e-80
3189,"ADXL_Y__cwt_coefficients__coeff_6__w_5__widths_(2, 5, 10, 20)",2.2121453819743717e-75,2.4141557623955134e-66,74.65518633463928,65.61723471246297,2.2121453819743717e-75,2.4141557623955134e-66,7.307847508774423e-71
3190,"ADXL_Z__cwt_coefficients__coeff_1__w_5__widths_(2, 5, 10, 20)",3.1682793106152247e-66,3.7477189122314932e-90,65.4991765386634,89.4262329896745,3.7477189122314932e-90,3.1682793106152247e-66,3.445841013689464e-78
3191,"MMA_Z__cwt_coefficients__coeff_1__w_5__widths_(2, 5, 10, 20)",3.37438071261738e-66,1.2379547246452365e-89,65.47180591995043,88.90729523835007,1.2379547246452365e-89,3.37438071261738e-66,6.463227170645053e-78
3192,GYRO_Y__first_location_of_maximum,4.4884691535390054e-66,9.20113395560902e-70,65.34790175510655,69.03615864653311,9.20113395560902e-70,4.4884691535390054e-66,6.426430263943694e-68
3193,"ADXL_Y__fft_coefficient__attr_""angle""__coeff_5",1.241358415000206e-88,5.408454956141408e-66,87.90610280739467,65.26692678292605,1.241358415000206e-88,5.408454956141408e-66,2.591106148338139e-77
3194,ADXL_X__energy_ratio_by_chunks__num_segments_10__segment_focus_5,6.273487916633808e-66,1.1833960630996134e-109,65.202490934165,108.92686987985955,1.1833960630996134e-109,6.273487916633808e-66,8.61627582105369e-88
3195,"ADXL_Z__fft_coefficient__attr_""angle""__coeff_5",5.472754003649812e-72,6.71428978170177e-66,71.2617940726429,65.17299991898938,5.472754003649812e-72,6.71428978170177e-66,6.061819552285715e-69
3196,"ADXL_Y__cwt_coefficients__coeff_7__w_5__widths_(2, 5, 10, 20)",4.1790862544644246e-71,6.82905861533536e-66,70.37891866512071,65.16563915961906,4.1790862544644246e-71,6.82905861533536e-66,1.6893556461053387e-68
3197,"ADXL_X__agg_linear_trend__attr_""slope""__chunk_len_50__f_agg_""max""",9.774406096856753e-66,1.415613599893086e-72,65.00990962131765,71.84905527371879,1.415613599893086e-72,9.774406096856753e-66,3.719782547621341e-69
3198,"ADXL_Y__cwt_coefficients__coeff_4__w_5__widths_(2, 5, 10, 20)",1.136793395666005e-65,1.0909640018271364e-66,64.94431845815777,65.96218957944444,1.0909640018271364e-66,1.136793395666005e-65,3.5216482961625285e-66
3199,ADXL_X__energy_ratio_by_chunks__num_segments_10__segment_focus_6,1.4875444810863469e-65,4.419701889001629e-147,64.82753003897655,146.35460702303277,4.419701889001629e-147,1.4875444810863469e-65,2.5640793967877194e-106
3200,MMA_X__energy_ratio_by_chunks__num_segments_10__segment_focus_4,1.541952721600141e-65,1.7936445751078397e-93,64.81192894214949,92.746263611661,1.7936445751078397e-93,1.541952721600141e-65,1.6630439363320686e-79
3201,"MMA_Y__cwt_coefficients__coeff_8__w_5__widths_(2, 5, 10, 20)",2.7366788650670414e-65,8.82406272501123e-68,64.5627761617831,67.05433141341584,8.82406272501123e-68,2.7366788650670414e-65,1.553982817265497e-66
3202,"MMA_Y__cwt_coefficients__coeff_14__w_20__widths_(2, 5, 10, 20)",6.088945263013917e-65,8.301566847032341e-71,64.2154579300476,70.08083993066013,8.301566847032341e-71,6.088945263013917e-65,7.109696627060184e-68
3203,"ADXL_Y__cwt_coefficients__coeff_14__w_20__widths_(2, 5, 10, 20)",7.478805557003667e-65,1.160155555992248e-68,64.1261677579409,67.93548377579053,1.160155555992248e-68,7.478805557003667e-65,9.31481498428364e-67
3204,"MMA_Y__cwt_coefficients__coeff_12__w_10__widths_(2, 5, 10, 20)",8.667464699120854e-65,4.3188054022333457e-69,64.06210791846398,68.36463636405628,4.3188054022333457e-69,8.667464699120854e-65,6.118259014313627e-67
3205,GYRO_X__large_standard_deviation__r_0.05,1.8130021923981983e-69,1.5288381057767845e-64,68.7416016707275,63.81563850117391,1.8130021923981983e-69,1.5288381057767845e-64,5.264776194289002e-67
3206,GYRO_Z__energy_ratio_by_chunks__num_segments_10__segment_focus_5,2.807252738151407e-64,2.1440886087355503e-176,63.551718485889474,175.66875727052326,2.1440886087355503e-176,2.807252738151407e-64,2.4533647543143914e-120
3207,"ADXL_Y__cwt_coefficients__coeff_12__w_10__widths_(2, 5, 10, 20)",4.4644752558981874e-64,3.5682825267089765e-67,63.350229579745275,66.44754076670257,3.5682825267089765e-67,4.4644752558981874e-64,1.2621612039096309e-65
3208,GYRO_Y__friedrich_coefficients__coeff_0__m_3__r_30,8.178272477749082e-64,2.9509616793672866e-150,63.08733842403217,149.5300364301298,2.9509616793672866e-150,8.178272477749082e-64,4.9126132236582284e-107
3209,"GYRO_Z__agg_linear_trend__attr_""rvalue""__chunk_len_5__f_agg_""min""",1.4204137096939386e-63,2.7910617703545436e-75,62.84758514458241,74.55423055182119,2.7910617703545436e-75,1.4204137096939386e-63,1.991095779517959e-69
3210,MMA_Y__ar_coefficient__coeff_10__k_10,1.4818804666301252e-63,6.785230951711085e-77,62.82918682657033,76.16843536549183,6.785230951711085e-77,1.4818804666301252e-63,3.1709464216405156e-70
3211,GYRO_Y__last_location_of_minimum,3.4069752332514506e-65,3.017432289118468e-63,64.4676310234915,62.520362466646404,3.4069752332514506e-65,3.017432289118468e-63,3.2062933548008126e-64
3212,"MMA_Y__fft_coefficient__attr_""angle""__coeff_9",3.0366158711003866e-74,3.182378247064628e-63,73.51761014242898,62.49724820280061,3.0366158711003866e-74,3.182378247064628e-63,9.830391799354223e-69
3213,GYRO_Y__first_location_of_minimum,6.270669010272922e-65,3.2276143261623305e-63,64.20268612233193,62.491118365531854,6.270669010272922e-65,3.2276143261623305e-63,4.498811079849769e-64
3214,ADXL_X__energy_ratio_by_chunks__num_segments_10__segment_focus_4,2.8910737257189607e-62,6.623860175099694e-91,61.538940833177264,90.178888843769,6.623860175099694e-91,2.8910737257189607e-62,1.383837711405023e-76
3215,"ADXL_Y__cwt_coefficients__coeff_4__w_2__widths_(2, 5, 10, 20)",2.8146271774244937e-63,1.1482714842346413e-61,62.550579123196414,60.93995542015583,2.8146271774244937e-63,1.1482714842346413e-61,1.797764202165674e-62
3216,MMA_X__energy_ratio_by_chunks__num_segments_10__segment_focus_6,1.1862763437814609e-61,1.18342190821633e-147,60.92581413002776,146.92686039506458,1.18342190821633e-147,1.1862763437814609e-61,1.1848482664163152e-104
3217,"MMA_Y__cwt_coefficients__coeff_6__w_10__widths_(2, 5, 10, 20)",1.2087879740046065e-61,2.236364398024347e-69,60.91764986935849,68.65045743014286,2.236364398024347e-69,1.2087879740046065e-61,1.6441686013982514e-65
3218,"MMA_Y__change_quantiles__f_agg_""mean""__isabs_False__qh_1.0__ql_0.6",3.9959158398109805e-65,1.863763740749212e-61,64.39838366726552,60.729609141655885,3.9959158398109805e-65,1.863763740749212e-61,2.729000376204654e-63
3219,ADXL_X__number_crossing_m__m_-1,4.4728889208635065e-61,0.0,60.3494118869056,307.6526555685888,0.0,4.4728889208635065e-61,0.0
3220,MMA_X__quantile__q_0.7,8.206989746569135e-61,3.9446224234199956e-70,60.08581610916372,69.40399456083807,3.9446224234199956e-70,8.206989746569135e-61,1.7992630653435478e-65
3221,"ADXL_Y__cwt_coefficients__coeff_6__w_10__widths_(2, 5, 10, 20)",8.810948160512817e-61,2.863852770925097e-67,60.054977353935094,66.54304931262757,2.863852770925097e-67,8.810948160512817e-61,5.023271673318298e-64
3222,"GYRO_Z__agg_linear_trend__attr_""slope""__chunk_len_5__f_agg_""max""",1.1993651823233198e-60,1.0941084366359003e-101,59.92104856292223,100.96093963312249,1.0941084366359003e-101,1.1993651823233198e-60,3.622479212621239e-81
3223,"MMA_Y__cwt_coefficients__coeff_13__w_20__widths_(2, 5, 10, 20)",1.3034885495009114e-60,4.286223670046391e-71,59.88489277954008,70.36792516970755,4.286223670046391e-71,1.3034885495009114e-60,7.474652817693437e-66
3224,"ADXL_Y__cwt_coefficients__coeff_13__w_20__widths_(2, 5, 10, 20)",1.6073463254406172e-60,5.648566880499192e-69,59.79389053828149,68.24806172471855,5.648566880499192e-69,1.6073463254406172e-60,9.52848530427368e-65
3225,ADXL_Y__ar_coefficient__coeff_5__k_10,5.098063713171336e-60,1.5377620890835923e-97,59.29259474122732,96.81311085009406,1.5377620890835923e-97,5.098063713171336e-60,8.854156710747563e-79
3226,MMA_Y__symmetry_looking__r_0.25,2.6806534063346817e-64,5.48574706024357e-60,63.571759334262865,59.26076422095186,2.6806534063346817e-64,5.48574706024357e-60,3.8347602980280775e-62
3227,"ADXL_Y__cwt_coefficients__coeff_8__w_5__widths_(2, 5, 10, 20)",5.944399155970357e-60,3.0077977958259524e-64,59.22589203615611,63.52175136326282,3.0077977958259524e-64,5.944399155970357e-60,4.2284217716350495e-62
3228,ADXL_X__quantile__q_0.7,4.451481412218806e-61,6.528488360862076e-60,60.35149543574121,59.18518736582058,4.451481412218806e-61,6.528488360862076e-60,1.7047417572249574e-60
3229,GYRO_X__energy_ratio_by_chunks__num_segments_10__segment_focus_6,7.146867266607135e-60,4.2025163428313554e-288,59.145884283648854,287.37649058899194,4.2025163428313554e-288,7.146867266607135e-60,0.0
3230,MMA_Z__large_standard_deviation__r_0.05,4.969749007568466e-64,9.473547751153307e-60,63.30366554434123,59.02348735149181,4.969749007568466e-64,9.473547751153307e-60,6.861570850355378e-62
3231,ADXL_X__quantile__q_0.4,1.4834353967015468e-71,1.6899640257261133e-59,70.82873136236834,58.77212254011705,1.4834353967015468e-71,1.6899640257261133e-59,1.5833358629533912e-65
3232,"ADXL_Y__fft_coefficient__attr_""angle""__coeff_9",7.219313272209478e-70,3.201255412051649e-59,69.14150411216367,58.494679674303384,7.219313272209478e-70,3.201255412051649e-59,1.5202258280912374e-64
3233,MMA_Z__time_reversal_asymmetry_statistic__lag_2,3.22371091985273e-59,1.1503499454507307e-174,58.49164390965282,173.9391700237688,1.1503499454507307e-174,3.22371091985273e-59,6.089659826953812e-117
3234,"MMA_Y__fft_coefficient__attr_""angle""__coeff_2",3.359197871535112e-73,1.479930957361271e-58,72.47376441354898,57.829758545102635,3.359197871535112e-73,1.479930957361271e-58,7.050802026710793e-66
3235,"MMA_Z__fft_coefficient__attr_""angle""__coeff_8",1.0291349381045109e-62,2.6968637789561528e-58,61.98752767768453,57.56914098960264,1.0291349381045109e-62,2.6968637789561528e-58,1.665964206768062e-60
3236,"MMA_Y__cwt_coefficients__coeff_13__w_10__widths_(2, 5, 10, 20)",5.781006919222077e-58,1.175244701870703e-68,57.2379965108224,67.92987169798145,1.175244701870703e-68,5.781006919222077e-58,2.606549012256171e-63
3237,"ADXL_Z__fft_coefficient__attr_""angle""__coeff_3",2.8579111351776207e-63,2.4045714597796265e-57,62.543951279429585,56.618962311904035,2.8579111351776207e-63,2.4045714597796265e-57,2.621459812820807e-60
3238,GYRO_X__energy_ratio_by_chunks__num_segments_10__segment_focus_3,1.983011472900889e-107,2.813632394502876e-57,106.70267477313553,56.55073264445197,1.983011472900889e-107,2.813632394502876e-57,2.3620891851970374e-82
3239,"MMA_Z__fft_coefficient__attr_""angle""__coeff_3",5.472061768747143e-63,2.969529020855097e-57,62.26184900893512,56.52731242605773,5.472061768747143e-63,2.969529020855097e-57,4.0310601863785557e-60
3240,"ADXL_Y__cwt_coefficients__coeff_13__w_10__widths_(2, 5, 10, 20)",3.65661761054736e-57,8.804865160529662e-67,56.43692045347444,66.05527729051855,8.804865160529662e-67,3.65661761054736e-57,5.67415412237698e-62
3241,"ADXL_Z__fft_coefficient__attr_""angle""__coeff_8",3.0968177776543345e-61,4.6459796172499264e-57,60.50908434856232,56.332922699859786,3.0968177776543345e-61,4.6459796172499264e-57,3.7931190692251217e-59
3242,MMA_Y__large_standard_deviation__r_0.4,6.422601706325452e-61,5.451007313185887e-57,60.19228900965466,56.263523235313315,6.422601706325452e-61,5.451007313185887e-57,5.916895205330258e-59
3243,"MMA_Z__fft_coefficient__attr_""angle""__coeff_7",5.534782625270255e-63,6.338196896116989e-57,62.25689943106339,56.19803427357599,5.534782625270255e-63,6.338196896116989e-57,5.922882917648311e-60
3244,"ADXL_Z__fft_coefficient__attr_""imag""__coeff_22",2.8978062252169044e-84,7.567733771372175e-57,83.53793065893824,56.12103415457372,2.8978062252169044e-84,7.567733771372175e-57,1.480872244100297e-70
3245,"MMA_Z__fft_coefficient__attr_""imag""__coeff_22",4.3321273058291285e-84,1.0070129291454572e-56,83.36329878948746,55.99696495345782,4.3321273058291285e-84,1.0070129291454572e-56,2.0886618222378675e-70
3246,"MMA_Z__fft_coefficient__attr_""angle""__coeff_10",1.747840712518292e-62,1.320367927294263e-56,61.757498148833456,55.87930503354522,1.747840712518292e-62,1.320367927294263e-56,1.5191421325301674e-59
3247,"MMA_Y__cwt_coefficients__coeff_12__w_20__widths_(2, 5, 10, 20)",2.6669411053195688e-56,3.570739941032469e-70,55.573986574830236,69.44724177856311,3.570739941032469e-70,2.6669411053195688e-56,3.0859282436806375e-63
3248,"ADXL_Y__cwt_coefficients__coeff_12__w_20__widths_(2, 5, 10, 20)",3.330049476571642e-56,6.0506772007586795e-68,55.47754931386833,67.21819601574526,6.0506772007586795e-68,3.330049476571642e-56,4.488769814246483e-62
3249,"ADXL_Z__fft_coefficient__attr_""angle""__coeff_10",7.854970212463739e-62,3.533953326874457e-56,61.1048554575479,55.45173919054366,7.854970212463739e-62,3.533953326874457e-56,5.268690360500984e-59
3250,"MMA_Y__fft_coefficient__attr_""imag""__coeff_22",3.8885159559564316e-56,2.000993358594809e-71,55.41021611464132,70.69875435280828,2.000993358594809e-71,3.8885159559564316e-56,8.820937933495941e-64
3251,"MMA_Y__cwt_coefficients__coeff_3__w_5__widths_(2, 5, 10, 20)",5.48820030899652e-56,1.1569502633978428e-70,55.26057004607968,69.93668531070784,1.1569502633978428e-70,5.48820030899652e-56,2.519836263147597e-63
3252,"MMA_X__agg_linear_trend__attr_""intercept""__chunk_len_5__f_agg_""max""",5.820772354719365e-56,6.474476376355118e-90,55.235019385257715,89.18879534941738,6.474476376355118e-90,5.820772354719365e-56,6.138929312410389e-73
3253,"MMA_Y__fft_coefficient__attr_""angle""__coeff_8",3.4055181586017194e-69,1.2112477607751971e-55,68.4678167996687,54.916767012817445,3.4055181586017194e-69,1.2112477607751971e-55,2.030991443577645e-62
3254,GYRO_Z__energy_ratio_by_chunks__num_segments_10__segment_focus_6,1.6631480330046036e-55,0.0,54.779069093500986,307.6526555685888,0.0,1.6631480330046036e-55,0.0
3255,"GYRO_Z__agg_linear_trend__attr_""slope""__chunk_len_5__f_agg_""min""",2.070195851017496e-55,3.9647635899434143e-94,54.68398856614084,93.40178270359077,3.9647635899434143e-94,2.070195851017496e-55,9.059711438101154e-75
3256,MMA_Z__partial_autocorrelation__lag_2,2.314591396740673e-55,7.058090061479323e-254,54.635525665468144,253.15131280432772,7.058090061479323e-254,2.314591396740673e-55,1.2781468825499238e-154
3257,"ADXL_Y__fft_coefficient__attr_""angle""__coeff_2",6.854904766616294e-71,4.6042986620254246e-55,70.16399857437123,54.3368365132215,6.854904766616294e-71,4.6042986620254246e-55,5.618009331181563e-63
3258,"GYRO_Y__agg_linear_trend__attr_""rvalue""__chunk_len_10__f_agg_""min""",5.742891757438053e-55,3.253785003201738e-56,54.24086936926478,55.487611146853325,3.253785003201738e-56,5.742891757438053e-55,1.3669723872618208e-55
3259,"ADXL_Y__fft_coefficient__attr_""angle""__coeff_8",3.298238558759619e-68,7.26696749582415e-55,67.48171793540891,54.138646782343656,3.298238558759619e-68,7.26696749582415e-55,1.5481664122432072e-61
3260,"GYRO_X__agg_linear_trend__attr_""stderr""__chunk_len_10__f_agg_""var""",1.3748544083394614e-54,0.0,53.86174328947194,307.6526555685888,0.0,1.3748544083394614e-54,0.0
3261,"ADXL_Y__fft_coefficient__attr_""imag""__coeff_22",1.9258413041764638e-54,3.137059204466011e-70,53.7153795030682,69.50347728495854,3.137059204466011e-70,1.9258413041764638e-54,2.4579418605019125e-62
3262,"ADXL_X__agg_linear_trend__attr_""intercept""__chunk_len_5__f_agg_""max""",2.3347954245649867e-54,7.962882373981256e-81,53.63175116643611,80.09892969953285,7.962882373981256e-81,2.3347954245649867e-54,1.3635138918661818e-67
3263,ADXL_Z__partial_autocorrelation__lag_4,2.8937918468966366e-54,3.8991283359774576e-96,53.53853271129417,95.40903247020069,3.8991283359774576e-96,2.8937918468966366e-54,3.3590572767750205e-75
3264,MMA_Z__symmetry_looking__r_0.25,4.7888812650652563e-57,1.545185142752439e-53,56.31976593066803,52.81101947633077,4.7888812650652563e-57,1.545185142752439e-53,2.720240463853212e-55
3265,"ADXL_Z__fft_coefficient__attr_""angle""__coeff_6",4.515541614517504e-57,2.2775733211802627e-53,56.3452901509786,52.64252763302832,4.515541614517504e-57,2.2775733211802627e-53,3.206942018793654e-55
3266,"MMA_Z__cwt_coefficients__coeff_11__w_5__widths_(2, 5, 10, 20)",2.3944025921131033e-53,1.5572524045038592e-90,52.620802826012586,89.80764098987302,1.5572524045038592e-90,2.3944025921131033e-53,6.106299365342648e-72
3267,"ADXL_Z__cwt_coefficients__coeff_11__w_5__widths_(2, 5, 10, 20)",2.5671308058669355e-53,1.2392676379555505e-91,52.590552001675704,90.90683489125496,1.2392676379555505e-91,2.5671308058669355e-53,1.7836373314409087e-72
3268,"MMA_Z__fft_coefficient__attr_""angle""__coeff_6",4.0607979057951167e-57,2.582498725210507e-53,56.391388623556495,52.5879598841875,4.0607979057951167e-57,2.582498725210507e-53,3.2383646204609797e-55
3269,GYRO_X__friedrich_coefficients__coeff_3__m_3__r_30,9.624847383823544e-231,3.0859058471725987e-53,230.01660614814557,52.51061732865433,9.624847383823544e-231,3.0859058471725987e-53,5.449896587999167e-142
3270,"ADXL_Z__fft_coefficient__attr_""angle""__coeff_7",1.662858794767955e-58,7.835464948374867e-53,57.779144628265016,52.105935227846004,1.662858794767955e-58,7.835464948374867e-53,1.1414583566867952e-55
3271,ADXL_Y__symmetry_looking__r_0.25,5.5598605927354095e-56,1.3866044055859249e-52,55.254936097728155,51.85804742427383,5.5598605927354095e-56,1.3866044055859249e-52,2.7765675198580157e-54
3272,"ADXL_Y__cwt_coefficients__coeff_3__w_5__widths_(2, 5, 10, 20)",2.6904738507625887e-52,1.570714821377161e-66,51.570171224589316,65.80390265820942,1.570714821377161e-66,2.6904738507625887e-52,2.055715727896365e-59
3273,"MMA_Y__cwt_coefficients__coeff_5__w_10__widths_(2, 5, 10, 20)",1.243565366256144e-51,2.750308749754336e-68,50.90533138171834,67.56061854951957,2.750308749754336e-68,1.243565366256144e-51,5.848237946343948e-60
3274,"MMA_Y__cwt_coefficients__coeff_11__w_20__widths_(2, 5, 10, 20)",2.6560344899536767e-51,2.33341653461169e-68,50.575766289733494,67.63200772904318,2.33341653461169e-68,2.6560344899536767e-51,7.872505824295613e-60
3275,"ADXL_Y__cwt_coefficients__coeff_11__w_20__widths_(2, 5, 10, 20)",3.3726977533987894e-51,5.81482437750615e-66,50.472022576662134,65.23546339753601,5.81482437750615e-66,3.3726977533987894e-51,1.4004158351869457e-58
3276,"ADXL_Y__cwt_coefficients__coeff_5__w_10__widths_(2, 5, 10, 20)",1.1721229816279237e-50,2.0337558970433187e-65,49.931026818829594,64.69170117478052,2.0337558970433187e-65,1.1721229816279237e-50,4.882429749567102e-58
3277,"MMA_Y__cwt_coefficients__coeff_14__w_10__widths_(2, 5, 10, 20)",1.6832981800827928e-50,1.6041120811772414e-68,49.773838946119106,67.79476529033101,1.6041120811772414e-68,1.6832981800827928e-50,1.6432282090125132e-59
3278,"MMA_X__agg_linear_trend__attr_""intercept""__chunk_len_5__f_agg_""min""",1.877998132923261e-50,1.0277081642600849e-110,49.72630484383856,109.98813019336133,1.0277081642600849e-110,1.877998132923261e-50,1.3892566406789033e-80
3279,ADXL_Y__has_duplicate_min,2.414923716966812e-53,3.237993240126427e-50,52.61709658326593,49.4897240622469,2.414923716966812e-53,3.237993240126427e-50,8.842797448183194e-52
3280,GYRO_Z__energy_ratio_by_chunks__num_segments_10__segment_focus_3,2.2629941256382167e-88,3.8785134363836042e-50,87.64531657340109,49.41133469968527,2.2629941256382167e-88,3.8785134363836042e-50,2.962609174822928e-69
3281,"ADXL_Y__cwt_coefficients__coeff_14__w_10__widths_(2, 5, 10, 20)",1.2434080995641506e-49,1.4791352311075276e-66,48.90538630796307,65.82999211847168,1.4791352311075276e-66,1.2434080995641506e-49,4.288553050516912e-58
3282,"MMA_Z__fft_coefficient__attr_""angle""__coeff_12",1.765979420743075e-53,4.5539979091978805e-49,52.753014361636026,48.341607173111306,1.765979420743075e-53,4.5539979091978805e-49,2.835889029872369e-51
3283,"ADXL_X__agg_linear_trend__attr_""intercept""__chunk_len_5__f_agg_""min""",5.6170968147494886e-49,2.1271901341324277e-99,48.25048809067805,98.6721936899214,2.1271901341324277e-99,5.6170968147494886e-49,3.4566794654410463e-74
3284,"GYRO_X__fft_coefficient__attr_""real""__coeff_3",4.0156590854799855e-52,8.998490899288388e-49,51.39624316428421,48.04583031823461,4.0156590854799855e-52,8.998490899288388e-49,1.9009174557391065e-50
3285,"MMA_Y__cwt_coefficients__coeff_9__w_5__widths_(2, 5, 10, 20)",5.4038224616452755e-48,2.4031803499158952e-64,47.26729892782069,63.61921363575698,2.4031803499158952e-64,5.4038224616452755e-48,3.6036592450258204e-56
3286,GYRO_Y__energy_ratio_by_chunks__num_segments_10__segment_focus_5,5.596831256527008e-48,9.132737723106322e-161,47.25205778679774,160.03939901438136,9.132737723106322e-161,5.596831256527008e-48,2.2608492197920843e-104
3287,"GYRO_Z__agg_linear_trend__attr_""rvalue""__chunk_len_5__f_agg_""max""",6.294677649780733e-48,8.78811155496676e-72,47.2010265051917,71.05610443884768,8.78811155496676e-72,6.294677649780733e-48,7.437629285520291e-60
3288,"ADXL_Z__fft_coefficient__attr_""angle""__coeff_12",3.994468729991416e-52,7.695761558269377e-48,51.398540974291414,47.11374839673065,3.994468729991416e-52,7.695761558269377e-48,5.544409697882817e-50
3289,"MMA_Z__fft_coefficient__attr_""imag""__coeff_21",2.486889333663711e-63,1.032509643683152e-47,62.60434354036277,46.986105883324036,2.486889333663711e-63,1.032509643683152e-47,1.6024160570153277e-55
3290,ADXL_Z__symmetry_looking__r_0.25,2.2350466559529974e-50,1.5311670848583291e-47,49.65071340666562,46.81497741539406,2.2350466559529974e-50,1.5311670848583291e-47,5.849982797169499e-49
3291,MMA_Y__value_count__value_-1,4.6032996999333565e-47,2.1992723080323856e-188,46.33693074924459,187.6577209941253,2.1992723080323856e-188,4.6032996999333565e-47,1.0061764037999113e-117
3292,"ADXL_Z__fft_coefficient__attr_""imag""__coeff_21",9.099957706537008e-62,8.453067261088461e-47,61.04096062612509,46.07298567532775,9.099957706537008e-62,8.453067261088461e-47,2.7734915641915627e-54
3293,ADXL_Z__time_reversal_asymmetry_statistic__lag_3,1.1805907173264112e-46,1.328532724963372e-163,45.92790063584442,162.87662774340203,1.328532724963372e-163,1.1805907173264112e-46,3.9603704406988485e-105
3294,GYRO_Z__has_duplicate_max,5.5587077323286255e-49,2.8031471313543508e-46,48.2550261598477,45.55235410642868,5.5587077323286255e-49,2.8031471313543508e-46,1.24827383349625e-47
3295,"ADXL_Z__fft_coefficient__attr_""real""__coeff_3",1.431153839412941e-47,3.134900922233848e-46,46.84431367999486,45.503776180385756,1.431153839412941e-47,3.134900922233848e-46,6.698153096961984e-47
3296,"MMA_Z__fft_coefficient__attr_""real""__coeff_3",2.370028426199286e-47,3.7182898405848335e-46,46.62524644501629,45.4296567600024,2.370028426199286e-47,3.7182898405848335e-46,9.387466441502769e-47
3297,"MMA_Y__cwt_coefficients__coeff_10__w_20__widths_(2, 5, 10, 20)",4.8055471840822905e-46,8.432144732442394e-67,45.3182571541978,66.07406194767688,8.432144732442394e-67,4.8055471840822905e-46,2.0129845845103451e-56
3298,"ADXL_Y__cwt_coefficients__coeff_10__w_20__widths_(2, 5, 10, 20)",6.3549440342724634e-46,1.1467321056752292e-64,45.19688826976987,63.940538028145745,1.1467321056752292e-64,6.3549440342724634e-46,2.6995218750492646e-55
3299,ADXL_Y__partial_autocorrelation__lag_4,4.163799076799981e-45,3.209348971521833e-175,44.38051023543969,174.49358305692564,3.209348971521833e-175,4.163799076799981e-45,3.655555263534061e-110
3300,GYRO_Y__has_duplicate_min,2.438997733701055e-47,8.647465175037305e-45,46.612788603229355,44.06311117829534,2.438997733701055e-47,8.647465175037305e-45,4.592509985201424e-46
3301,GYRO_Z__has_duplicate_min,4.389256130575336e-47,1.4741797943160861e-44,46.35760907560299,43.83144954570524,4.389256130575336e-47,1.4741797943160861e-44,8.043974577142925e-46
3302,GYRO_X__has_duplicate_max,1.782631390890117e-46,5.275883179075199e-44,45.74893845012374,43.277704829358555,1.782631390890117e-46,5.275883179075199e-44,3.0667499033485915e-45
3303,"ADXL_Y__cwt_coefficients__coeff_9__w_5__widths_(2, 5, 10, 20)",1.5124738191121357e-43,3.339805473387534e-61,42.820312134238165,60.476278827887434,3.339805473387534e-61,1.5124738191121357e-43,2.2475249363301974e-52
3304,GYRO_Y__sum_of_reoccurring_data_points,8.048871408334776e-69,2.165639349792255e-43,68.09426501099786,42.66441386601,8.048871408334776e-69,2.165639349792255e-43,4.175039238535082e-56
3305,GYRO_Y__energy_ratio_by_chunks__num_segments_10__segment_focus_3,3.791780544967179e-93,2.367485421154988e-43,92.42115680605649,42.625712686677986,3.791780544967179e-93,2.367485421154988e-43,2.9961617380289923e-68
3306,"ADXL_X__agg_linear_trend__attr_""rvalue""__chunk_len_10__f_agg_""max""",1.499349271632669e-42,1.4623594630628738e-42,41.824097186982435,41.834945860185265,1.4623594630628738e-42,1.499349271632669e-42,1.480738868203459e-42
3307,ADXL_Y__time_reversal_asymmetry_statistic__lag_3,2.270367982915532e-42,1.9933507776050685e-186,41.64390374633214,185.7004162701036,1.9933507776050685e-186,2.270367982915532e-42,2.127355114736213e-114
3308,"MMA_Y__fft_coefficient__attr_""angle""__coeff_10",4.188035420816436e-47,2.586231347626917e-42,46.37798965387952,41.58733262852608,4.188035420816436e-47,2.586231347626917e-42,1.0407318814318774e-44
3309,ADXL_Z__time_reversal_asymmetry_statistic__lag_2,3.043325959806172e-42,5.199447256671788e-177,41.51665152941517,176.28404282292996,5.199447256671788e-177,3.043325959806172e-42,1.2579194255941926e-109
3310,"ADXL_Y__fft_coefficient__attr_""angle""__coeff_10",4.405783915314876e-47,7.137356829532589e-42,46.355976806932794,41.14646259030723,4.405783915314876e-47,7.137356829532589e-42,1.7732921901767193e-44
3311,"MMA_X__agg_linear_trend__attr_""rvalue""__chunk_len_10__f_agg_""max""",9.95474003615412e-42,9.133701284328592e-44,41.001970076906076,43.039353196001315,9.133701284328592e-44,9.95474003615412e-42,9.535387871155434e-43
3312,"ADXL_Z__fft_coefficient__attr_""imag""__coeff_33",9.747093242228164e-44,1.2506708582817848e-41,43.01112487938611,40.90285696947511,9.747093242228164e-44,1.2506708582817848e-41,1.1041016923730388e-42
3313,"MMA_Z__fft_coefficient__attr_""imag""__coeff_33",2.643084435407107e-43,1.5589745258512104e-41,42.57788896276853,40.8071609812657,2.643084435407107e-43,1.5589745258512104e-41,2.0299017967560668e-42
3314,MMA_Y__ar_coefficient__coeff_4__k_10,1.6056458838679562e-41,1.3957025888708654e-70,40.79435022969226,69.85520711593426,1.3957025888708654e-70,1.6056458838679562e-41,4.733924499740522e-56
3315,"ADXL_Z__fft_coefficient__attr_""angle""__coeff_9",1.747923636187111e-45,3.742901406577438e-41,44.75747754487495,40.42679161267807,1.747923636187111e-45,3.742901406577438e-41,2.5577931574845314e-43
3316,MMA_X__symmetry_looking__r_0.25,3.767234471215413e-43,5.651483181724797e-41,42.423977348635056,40.247837560480164,3.767234471215413e-43,5.651483181724797e-41,4.614158889298007e-42
3317,ADXL_X__has_duplicate_max,4.153122815447076e-43,6.17844519166693e-41,42.38162522581709,40.20912080155117,4.153122815447076e-43,6.17844519166693e-41,5.065554430612824e-42
3318,"MMA_Y__fft_coefficient__attr_""imag""__coeff_23",8.40595981009925e-41,3.531041107958141e-66,40.075412690739554,65.45209722640307,3.531041107958141e-66,8.40595981009925e-41,1.7228403768574864e-53
3319,"ADXL_Y__fft_coefficient__attr_""imag""__coeff_23",8.452861663807835e-41,8.10234446998322e-66,40.07299623845798,65.0913892967939,8.10234446998322e-66,8.452861663807835e-41,2.617021149270418e-53
3320,"MMA_Y__cwt_coefficients__coeff_9__w_20__widths_(2, 5, 10, 20)",1.3692494480823848e-40,4.703475929316082e-66,39.86351742545474,65.32758107419501,4.703475929316082e-66,1.3692494480823848e-40,2.5377611826735837e-53
3321,"ADXL_Y__cwt_coefficients__coeff_9__w_20__widths_(2, 5, 10, 20)",1.87190033311629e-40,7.846282438785024e-64,39.727717278423725,63.105336062839406,7.846282438785024e-64,1.87190033311629e-40,3.832422042375576e-52
3322,"MMA_Z__fft_coefficient__attr_""angle""__coeff_9",1.2339763379432509e-44,2.568715603528792e-40,43.90869316801688,39.590283976175535,1.2339763379432509e-44,2.568715603528792e-40,1.7803747565218245e-42
3323,"MMA_Y__fft_coefficient__attr_""imag""__coeff_24",1.3730398838116288e-39,7.628094155023965e-56,38.86231684727327,55.11758395501316,7.628094155023965e-56,1.3730398838116288e-39,1.0234098647325161e-47
3324,GYRO_Y__ar_coefficient__coeff_5__k_10,2.8453620856124192e-74,1.4383141732223609e-39,73.54586245975133,38.84214623996569,2.8453620856124192e-74,1.4383141732223609e-39,6.397284279822087e-57
3325,"MMA_Y__cwt_coefficients__coeff_4__w_10__widths_(2, 5, 10, 20)",2.2411702437082578e-39,1.3680636016397846e-66,38.6495251523472,65.86389371168087,1.3680636016397846e-66,2.2411702437082578e-39,5.537204561414932e-53
3326,"ADXL_Y__fft_coefficient__attr_""imag""__coeff_24",3.0451470079135344e-39,3.2545912184682183e-55,38.516391736468044,54.48750355170783,3.2545912184682183e-55,3.0451470079135344e-39,3.148127810445465e-47
3327,"MMA_Z__fft_coefficient__attr_""angle""__coeff_13",1.2613565825277094e-42,3.4771033300958416e-39,41.899162122045055,38.45878240306893,1.2613565825277094e-42,3.4771033300958416e-39,6.622587993787179e-41
3328,"ADXL_Y__fft_coefficient__attr_""angle""__coeff_11",7.272217095114877e-45,4.5117610886689206e-39,44.13833316474165,38.34565390561599,7.272217095114877e-45,4.5117610886689206e-39,5.728045575769473e-42
3329,"MMA_X__agg_linear_trend__attr_""rvalue""__chunk_len_50__f_agg_""min""",7.380106097860225e-39,2.002631410071504e-51,38.131937394628984,50.69839897646898,2.002631410071504e-51,7.380106097860225e-39,3.844428732755379e-45
3330,"ADXL_Z__cwt_coefficients__coeff_2__w_20__widths_(2, 5, 10, 20)",2.037947668990784e-38,2.52907778369118e-99,37.690806972125635,98.59703781339645,2.52907778369118e-99,2.037947668990784e-38,7.179225706139777e-69
3331,"ADXL_Z__fft_coefficient__attr_""angle""__coeff_13",9.266938715268179e-42,2.1079144202148007e-38,41.03306370907437,37.6761470251402,9.266938715268179e-42,2.1079144202148007e-38,4.419718740956331e-40
3332,"ADXL_Y__cwt_coefficients__coeff_4__w_10__widths_(2, 5, 10, 20)",2.363935390405161e-38,5.9341980977978935e-64,37.626364397492125,63.226637959983364,5.9341980977978935e-64,2.363935390405161e-38,3.7454053047780327e-51
3333,ADXL_Y__has_duplicate_max,2.9744622382871727e-40,2.549895549168248e-38,39.52659154020602,37.59347760911464,2.9744622382871727e-40,2.549895549168248e-38,2.7540094448962017e-39
3334,"ADXL_X__agg_linear_trend__attr_""rvalue""__chunk_len_50__f_agg_""min""",2.628072613635471e-38,3.384606354683037e-51,37.58036263939174,50.470491834491455,3.384606354683037e-51,2.628072613635471e-38,9.431326136169332e-45
3335,"MMA_Z__fft_coefficient__attr_""angle""__coeff_17",7.52736258229584e-41,2.8473376083616064e-38,40.12335716411748,37.54556103557321,7.52736258229584e-41,2.8473376083616064e-38,1.4639994047930785e-39
3336,"MMA_Z__cwt_coefficients__coeff_2__w_20__widths_(2, 5, 10, 20)",5.575215772341896e-38,4.027953038860866e-98,37.25373831986293,97.39491560144575,4.027953038860866e-98,5.575215772341896e-38,4.738850843032472e-68
3337,"ADXL_Z__fft_coefficient__attr_""angle""__coeff_17",3.2217328488170526e-40,7.303586074136255e-38,39.49191047480905,37.13646384812607,3.2217328488170526e-40,7.303586074136255e-38,4.8507940761495485e-39
3338,GYRO_Y__sum_values,9.746872404986051e-47,1.1774643980238645e-37,46.011134719189606,36.929052215388474,9.746872404986051e-47,1.1774643980238645e-37,3.387712391711008e-42
3339,"GYRO_Y__fft_coefficient__attr_""real""__coeff_0",9.746872404986051e-47,1.1774643980238645e-37,46.011134719189606,36.929052215388474,9.746872404986051e-47,1.1774643980238645e-37,3.387712391711008e-42
3340,MMA_X__large_standard_deviation__r_0.4,1.817486230872092e-39,1.3441737436106157e-37,38.74052887063615,36.87154459213446,1.817486230872092e-39,1.3441737436106157e-37,1.5630154416742297e-38
3341,"MMA_Y__fft_coefficient__attr_""angle""__coeff_11",3.047588847502172e-43,2.3402867191539605e-37,42.516043624374895,36.630730931941,3.047588847502172e-43,2.3402867191539605e-37,2.6706238419610986e-40
3342,"MMA_Z__fft_coefficient__attr_""angle""__coeff_14",3.410708269786983e-39,1.1414703211072397e-36,38.46715542578169,35.94253537593627,3.410708269786983e-39,1.1414703211072397e-36,6.239569106850941e-38
3343,MMA_Z__time_reversal_asymmetry_statistic__lag_1,1.3248329528116958e-36,3.0324027353390522e-198,35.87783887813898,197.51821312028264,3.0324027353390522e-198,1.3248329528116958e-36,2.0043520324467706e-117
3344,ADXL_X__number_crossing_m__m_1,3.3113447567761284e-36,2.2062835770997878e-273,35.47999560083328,272.65633866775505,2.2062835770997878e-273,3.3113447567761284e-36,8.547377115227024e-155
3345,ADXL_X__partial_autocorrelation__lag_6,3.508364296218465e-36,6.669896018684075e-119,35.45489531735186,118.17588093652779,6.669896018684075e-119,3.508364296218465e-36,1.5297197472557154e-77
3346,"ADXL_Y__fft_coefficient__attr_""angle""__coeff_13",2.2124001066170253e-38,3.689078469469499e-36,37.65513632927393,35.43308210690517,2.2124001066170253e-38,3.689078469469499e-36,2.856871995587638e-37
3347,"MMA_Y__fft_coefficient__attr_""angle""__coeff_13",7.324358542787917e-38,1.0719524560235919e-35,37.13523040421974,34.9698244763452,7.324358542787917e-38,1.0719524560235919e-35,8.860792362277137e-37
3348,"ADXL_Y__fft_coefficient__attr_""real""__coeff_3",6.743538648984023e-40,1.208621594200789e-35,39.17111214909715,34.91770965056542,6.743538648984023e-40,1.208621594200789e-35,9.027949065258235e-38
3349,"ADXL_Z__fft_coefficient__attr_""angle""__coeff_14",9.426986830695209e-38,1.2710693228227477e-35,37.025627099618525,34.895830762822555,9.426986830695209e-38,1.2710693228227477e-35,1.0946393820409862e-36
3350,GYRO_Y__sum_of_reoccurring_values,1.9854964544027989e-35,1.54099884518406e-53,34.702130884140104,52.812197686739324,1.54099884518406e-53,1.9854964544027989e-35,1.7491848796944702e-44
3351,ADXL_X__partial_autocorrelation__lag_5,2.1110526991581088e-35,4.8670965323048136e-127,34.67550092506852,126.31273004002492,4.8670965323048136e-127,2.1110526991581088e-35,3.2054168639328564e-81
3352,"MMA_Z__fft_coefficient__attr_""angle""__coeff_15",1.8901317178711072e-38,2.773313121091088e-35,37.7235079300324,34.55700109360824,1.8901317178711072e-38,2.773313121091088e-35,7.240115395325118e-37
3353,"MMA_Z__fft_coefficient__attr_""angle""__coeff_11",9.048298794821501e-39,3.001823403172334e-35,38.043433066482294,34.5226148608215,9.048298794821501e-39,3.001823403172334e-35,5.211659532355429e-37
3354,ADXL_Z__value_count__value_-1,3.6814153175170446e-35,3.4064545201338367e-205,34.43398518501698,204.4676974049887,3.4064545201338367e-205,3.6814153175170446e-35,3.541267265943913e-120
3355,"MMA_Y__fft_coefficient__attr_""real""__coeff_3",3.2228980351666214e-39,4.300502779270824e-35,38.491753434315456,34.36648076732777,3.2228980351666214e-39,4.300502779270824e-35,3.7229131009923576e-37
3356,"MMA_Y__cwt_coefficients__coeff_8__w_20__widths_(2, 5, 10, 20)",5.167792425592678e-35,2.002644776668795e-65,34.28669493894296,64.69839607777277,2.002644776668795e-65,5.167792425592678e-35,3.217025413020814e-50
3357,"MMA_Y__cwt_coefficients__coeff_2__w_5__widths_(2, 5, 10, 20)",5.471027202320763e-35,3.497506447712131e-70,34.26193112587535,69.45624147620619,3.497506447712131e-70,5.471027202320763e-35,1.3832914702160687e-52
3358,"ADXL_Y__cwt_coefficients__coeff_8__w_20__widths_(2, 5, 10, 20)",7.328887914736531e-35,2.191576951903204e-63,34.13496192019306,62.659243275546096,2.191576951903204e-63,7.328887914736531e-35,4.007720279288278e-49
3359,"ADXL_Z__fft_coefficient__attr_""angle""__coeff_15",1.0647566183233385e-37,1.9286303152933763e-34,36.97274965175445,33.7147510110366,1.0647566183233385e-37,1.9286303152933763e-34,4.531580179702936e-36
3360,GYRO_X__sum_of_reoccurring_data_points,5.1615550276981405e-34,6.2045737150818395e-43,33.287219438254944,42.20728805132034,6.2045737150818395e-43,5.1615550276981405e-34,1.789559964175674e-38
3361,"ADXL_Z__fft_coefficient__attr_""angle""__coeff_11",3.930811110956691e-37,7.755146275207815e-34,36.40551782502757,33.11041000624284,3.930811110956691e-37,7.755146275207815e-34,1.745967214631514e-35
3362,ADXL_X__ar_coefficient__coeff_4__k_10,9.650070311355054e-34,9.181095337583523e-80,33.01546952233266,79.03710550281936,9.181095337583523e-80,9.650070311355054e-34,9.412662510837997e-57
3363,"GYRO_X__fft_coefficient__attr_""imag""__coeff_3",1.0879117016537901e-33,3.8320099387794004e-36,32.963406351917875,35.416573373196975,3.8320099387794004e-36,1.0879117016537901e-33,6.456693002808584e-35
3364,"ADXL_Z__cwt_coefficients__coeff_1__w_10__widths_(2, 5, 10, 20)",2.7078263317455657e-33,8.485395372283607e-92,32.56737919286104,91.07132791716472,8.485395372283607e-92,2.7078263317455657e-33,1.515815853734929e-62
3365,MMA_Z__has_duplicate_max,3.2343412325708467e-34,9.487572157821756e-33,33.490214162659434,32.022844908053024,3.2343412325708467e-34,9.487572157821756e-33,1.7517432981756794e-33
3366,"MMA_Z__cwt_coefficients__coeff_1__w_10__widths_(2, 5, 10, 20)",9.699895344198236e-33,2.4088476838147937e-91,32.01323295147421,90.61819066042926,2.4088476838147937e-91,9.699895344198236e-33,4.833794620494113e-62
3367,"MMA_Z__fft_coefficient__attr_""imag""__coeff_23",6.2932179655159546e-43,1.331066057064177e-32,42.20112722620873,31.87580039117702,6.2932179655159546e-43,1.331066057064177e-32,9.152425265253338e-38
3368,"ADXL_Z__fft_coefficient__attr_""imag""__coeff_23",5.613671508035164e-42,2.2076364553168838e-32,41.25075300431676,31.65607244292158,5.613671508035164e-42,2.2076364553168838e-32,3.5203616105894767e-37
3369,"GYRO_X__change_quantiles__f_agg_""mean""__isabs_False__qh_0.8__ql_0.6",3.053132470919431e-32,2.547897709390405e-59,31.515254351894853,58.59381801163458,2.547897709390405e-59,3.053132470919431e-32,8.81990319058043e-46
3370,"ADXL_Y__cwt_coefficients__coeff_2__w_5__widths_(2, 5, 10, 20)",3.0836708956972853e-32,1.3328985234218026e-65,31.510931978159785,64.87520291314841,1.3328985234218026e-65,3.0836708956972853e-32,6.4111000488166604e-49
3371,MMA_Y__ar_coefficient__coeff_5__k_10,4.220526847557127e-32,7.145649120782907e-66,31.374633332757448,65.14595831316144,7.145649120782907e-66,4.220526847557127e-32,5.491666774075721e-49
3372,MMA_Y__friedrich_coefficients__coeff_0__m_3__r_30,5.637609488553186e-32,1.955926485223385e-186,31.2489050105574,185.7086474724839,1.955926485223385e-186,5.637609488553186e-32,3.32065501249495e-109
3373,GYRO_Y__mean,5.860182347919355e-32,6.0631891893472426e-33,31.232088870080364,32.21729888028761,6.0631891893472426e-33,5.860182347919355e-32,1.8849773011765468e-32
3374,"MMA_Z__fft_coefficient__attr_""imag""__coeff_29",1.3775079524028618e-32,6.152853513471912e-32,31.860905885271304,31.210923424428977,1.3775079524028618e-32,6.152853513471912e-32,2.9112891723045045e-32
3375,"ADXL_Z__fft_coefficient__attr_""imag""__coeff_31",6.513545695703649e-33,1.0288659600149291e-31,32.18618253572041,30.98764120115367,6.513545695703649e-33,1.0288659600149291e-31,2.588738195590903e-32
3376,ADXL_X__value_count__value_-1,1.4459783535414151e-31,1.7976119796924635e-185,30.839838208430066,184.7453040463427,1.7976119796924635e-185,1.4459783535414151e-31,1.6122369586081422e-108
3377,"MMA_Z__fft_coefficient__attr_""imag""__coeff_31",7.563576274249639e-33,1.4730326137728976e-31,32.121272809138176,30.831787637526137,7.563576274249639e-33,1.4730326137728976e-31,3.3378727550235677e-32
3378,"ADXL_Z__fft_coefficient__attr_""imag""__coeff_29",7.218834217726858e-32,1.5058533555705932e-31,31.141532931749914,30.822217318950326,7.218834217726858e-32,1.5058533555705932e-31,1.0426171747133177e-31
3379,GYRO_Z__variance_larger_than_standard_deviation,1.1448228514281756e-32,2.60429973263856e-31,31.941261710354052,30.58430903364462,1.1448228514281756e-32,2.60429973263856e-31,5.460276408656353e-32
3380,ADXL_Z__ar_coefficient__coeff_7__k_10,2.0704833614545168e-32,3.571695652189247e-31,31.68392825516765,30.44712555488038,2.0704833614545168e-32,3.571695652189247e-31,8.599497903969321e-32
3381,"MMA_X__change_quantiles__f_agg_""mean""__isabs_False__qh_0.8__ql_0.4",8.352848086404134e-31,8.421012696661978e-35,30.078165417054137,34.074635677844086,8.421012696661978e-35,8.352848086404134e-31,8.386861140432571e-33
3382,ADXL_X__symmetry_looking__r_0.25,5.380573921191782e-32,1.0991972898412085e-30,31.269171397658344,29.95892435107097,5.380573921191782e-32,1.0991972898412085e-30,2.4319359103324023e-31
3383,"GYRO_X__change_quantiles__f_agg_""mean""__isabs_False__qh_0.8__ql_0.2",1.2628339174546321e-30,3.3882420377810767e-43,29.898653762252128,42.47002557357209,3.3882420377810767e-43,1.2628339174546321e-30,6.5412437394241335e-37
3384,"MMA_Y__cwt_coefficients__coeff_10__w_5__widths_(2, 5, 10, 20)",1.3260729216589246e-30,4.1279628274924485e-61,29.877432593123324,60.384264222206326,4.1279628274924485e-61,1.3260729216589246e-30,7.398634824852722e-46
3385,ADXL_Z__has_duplicate_max,7.180339555234446e-32,1.4387174910822766e-30,31.143855017668876,29.842024476465948,7.180339555234446e-32,1.4387174910822766e-30,3.2141064248132375e-31
3386,"MMA_Y__fft_coefficient__attr_""imag""__coeff_28",1.446788090646958e-30,1.1533673188387925e-51,29.839595074825816,50.93803235867253,1.1533673188387925e-51,1.446788090646958e-30,4.0849456557430205e-41
3387,ADXL_X__has_duplicate_min,1.3586430245353714e-31,2.6033227790816393e-30,30.866894636600556,29.584471981532207,1.3586430245353714e-31,2.6033227790816393e-30,5.947256791507583e-31
3388,"GYRO_X__change_quantiles__f_agg_""mean""__isabs_False__qh_0.8__ql_0.0",8.08063554466978e-38,4.1472717594455445e-30,37.092554480476835,29.38223750556662,8.08063554466978e-38,4.1472717594455445e-30,5.789006097144902e-34
3389,"ADXL_Y__fft_coefficient__attr_""imag""__coeff_28",5.607199826922495e-30,1.0241602720075346e-50,29.251253966429886,49.98963207480366,1.0241602720075346e-50,5.607199826922495e-30,2.39638713482224e-40
3390,"MMA_Y__cwt_coefficients__coeff_7__w_20__widths_(2, 5, 10, 20)",6.92442085944771e-30,7.233282878433562e-65,29.1596165440056,64.1406645502298,7.233282878433562e-65,6.92442085944771e-30,2.237996757051076e-47
3391,MMA_X__value_count__value_-1,8.40606724944211e-30,4.802015920584275e-130,29.07540713991412,129.31857640441842,4.802015920584275e-130,8.40606724944211e-30,6.353429684927903e-80
3392,"ADXL_Y__cwt_coefficients__coeff_7__w_20__widths_(2, 5, 10, 20)",1.0351986555585462e-29,1.4000885464687187e-62,28.9849763007054,61.85384449715983,1.4000885464687187e-62,1.0351986555585462e-29,3.807058944864575e-46
3393,"MMA_Z__fft_coefficient__attr_""imag""__coeff_25",1.8646986070626e-29,1.0540758351817583e-34,28.729391353596434,33.97712814280829,1.0540758351817583e-34,1.8646986070626e-29,4.4334340432691353e-32
3394,"ADXL_Z__fft_coefficient__attr_""imag""__coeff_25",2.4735991849647195e-29,1.174395721213423e-34,28.606670670859028,33.93018553973113,1.174395721213423e-34,2.4735991849647195e-29,5.389790625636192e-32
3395,ADXL_Z__ar_coefficient__coeff_5__k_10,3.2146447582592105e-29,5.933139834446328e-48,28.492867012802577,47.22671541592805,5.933139834446328e-48,3.2146447582592105e-29,1.381048039310067e-38
3396,"MMA_Y__fft_coefficient__attr_""angle""__coeff_29",7.197820850534818e-31,3.9777184761606556e-29,30.142798966879052,28.400365957404766,7.197820850534818e-31,3.9777184761606556e-29,5.350785454983852e-30
3397,"MMA_X__fft_coefficient__attr_""real""__coeff_2",8.432411041145661e-46,6.249885413231075e-29,45.07404823176264,28.204127945033147,8.432411041145661e-46,6.249885413231075e-29,2.2956829651418535e-37
3398,"MMA_X__agg_linear_trend__attr_""slope""__chunk_len_10__f_agg_""max""",6.474042650674695e-29,1.2124198646190428e-41,28.188824443813324,40.916346956646414,1.2124198646190428e-41,6.474042650674695e-29,2.801652711181192e-35
3399,"ADXL_Y__fft_coefficient__attr_""angle""__coeff_16",1.8355056509664317e-30,7.518361936052601e-29,29.736244274096656,28.12387677106077,1.8355056509664317e-30,7.518361936052601e-29,1.1747338345189292e-29
3400,"ADXL_X__agg_linear_trend__attr_""rvalue""__chunk_len_5__f_agg_""max""",8.84604688162482e-29,3.969331956812026e-29,28.05325076331855,28.40128257935357,3.969331956812026e-29,8.84604688162482e-29,5.925613603559615e-29
3401,GYRO_Y__has_duplicate_max,7.799619987627159e-30,1.137490379267004e-28,29.10792655645016,27.944052267856716,7.799619987627159e-30,1.137490379267004e-28,2.9785890448103986e-29
3402,"MMA_Y__fft_coefficient__attr_""imag""__coeff_27",1.1712492216713927e-28,4.9587069756516413e-51,27.931350684705173,50.30463155466867,4.9587069756516413e-51,1.1712492216713927e-28,7.620945929298075e-40
3403,"ADXL_Y__fft_coefficient__attr_""imag""__coeff_27",1.697461252279941e-28,1.3027269371976168e-50,27.770200130516134,49.885146606617525,1.3027269371976168e-50,1.697461252279941e-28,1.487053629898491e-39
3404,"GYRO_X__change_quantiles__f_agg_""mean""__isabs_False__qh_0.6__ql_0.0",1.6311748680621013e-43,1.7528472199992995e-28,42.78749947846706,27.75625593581881,1.6311748680621013e-43,1.7528472199992995e-28,5.347149084152581e-36
3405,"ADXL_X__agg_linear_trend__attr_""slope""__chunk_len_50__f_agg_""min""",2.149333342258575e-28,7.936877578836289e-55,27.667696224119194,54.10035031835203,7.936877578836289e-55,2.149333342258575e-28,1.306100900145825e-41
3406,"ADXL_Y__fft_coefficient__attr_""angle""__coeff_14",2.1893212075388503e-31,2.5122345011882993e-28,30.65969051598901,27.5999398244019,2.1893212075388503e-31,2.5122345011882993e-28,7.4162579996669e-30
3407,"MMA_X__agg_linear_trend__attr_""slope""__chunk_len_50__f_agg_""min""",2.546738530149038e-28,5.0715971178131534e-54,27.59401564111511,53.29485525363975,5.0715971178131534e-54,2.546738530149038e-28,3.593888115861089e-41
3408,"MMA_Y__fft_coefficient__attr_""angle""__coeff_20",1.0274216004608503e-31,2.9706789772431366e-28,30.988251307930017,27.527144277157845,1.0274216004608503e-31,2.9706789772431366e-28,5.5246174068930285e-30
3409,"MMA_Z__fft_coefficient__attr_""angle""__coeff_18",2.60459476354028e-29,4.161234905449132e-28,28.58425983691282,27.38077776720134,2.60459476354028e-29,4.161234905449132e-28,1.0410730351226007e-28
3410,"MMA_Z__fft_coefficient__attr_""imag""__coeff_24",1.0458281009857188e-36,4.218751685873075e-28,35.980539693029336,27.374816036274623,1.0458281009857188e-36,4.218751685873075e-28,2.1004973373386926e-32
3411,"ADXL_X__fft_coefficient__attr_""real""__coeff_2",3.0878844608268534e-44,4.3155027959269585e-28,43.51033895800084,27.364968597683294,3.0878844608268534e-44,4.3155027959269585e-28,3.650448468914154e-36
3412,GYRO_Z__ar_coefficient__coeff_10__k_10,5.332701863169183e-28,8.187466387143884e-30,27.273052695859562,29.086850469950743,8.187466387143884e-30,5.332701863169183e-28,6.607671091796053e-29
3413,"ADXL_Z__fft_coefficient__attr_""imag""__coeff_24",3.321561140939616e-36,5.455649570089969e-28,35.478657748964324,27.263153533267978,3.321561140939616e-36,5.455649570089969e-28,4.2569089267442366e-32
3414,"MMA_Y__fft_coefficient__attr_""imag""__coeff_29",5.803545266848171e-28,8.790085401762517e-57,27.23630662377314,56.0560069054343,8.790085401762517e-57,5.803545266848171e-28,2.2586203427887136e-42
3415,"MMA_X__agg_linear_trend__attr_""rvalue""__chunk_len_5__f_agg_""max""",7.328916970984483e-28,3.8113607623946014e-30,27.134960198384338,29.41891994136115,3.8113607623946014e-30,7.328916970984483e-28,5.285181791959303e-29
3416,"ADXL_Y__cwt_coefficients__coeff_10__w_5__widths_(2, 5, 10, 20)",1.4296703936983042e-27,2.388360132790928e-58,26.844764076309573,57.62190018680085,2.388360132790928e-58,1.4296703936983042e-27,5.843430303632054e-43
3417,"GYRO_Y__agg_linear_trend__attr_""slope""__chunk_len_5__f_agg_""max""",1.5137871346709104e-27,3.8447478611928654e-31,26.819935190052128,30.4151321359882,3.8447478611928654e-31,1.5137871346709104e-27,2.412494528144522e-29
3418,"ADXL_X__agg_linear_trend__attr_""slope""__chunk_len_10__f_agg_""max""",1.834018024857737e-27,1.4337900758833084e-39,26.736596400368406,38.843514429950844,1.4337900758833084e-39,1.834018024857737e-27,1.621603170640749e-33
3419,"ADXL_Z__fft_coefficient__attr_""angle""__coeff_18",1.241787354657381e-28,1.8525598262871167e-27,27.905952766965864,26.73222775808179,1.241787354657381e-28,1.8525598262871167e-27,4.796337525685214e-28
3420,"ADXL_Y__fft_coefficient__attr_""imag""__coeff_29",2.0864392607524454e-27,5.624489381682999e-56,26.68059425370521,55.249916898778075,5.624489381682999e-56,2.0864392607524454e-27,1.0832892258131553e-41
3421,ADXL_Z__value_count__value_0,2.4196535978367277e-27,4.927831004643365e-121,26.616246803984936,120.30734419431143,4.927831004643365e-121,2.4196535978367277e-27,3.4530629910148894e-74
3422,ADXL_Z__value_count__value_1,2.670040020290164e-27,2.3809094928254878e-219,26.573482229099497,218.62325711342064,2.3809094928254878e-219,2.670040020290164e-27,2.5213337007490318e-123
3423,"ADXL_Y__fft_coefficient__attr_""angle""__coeff_29",6.268897790345266e-29,3.012966972959785e-27,28.202808810947595,26.521005628877568,6.268897790345266e-29,3.012966972959785e-27,4.346030602650062e-28
3424,"MMA_Y__fft_coefficient__attr_""angle""__coeff_14",2.8543543442615957e-30,4.5446281296648585e-27,29.544492113840487,26.342501647720756,2.8543543442615957e-30,4.5446281296648585e-27,1.1389459620615167e-28
3425,"ADXL_Y__fft_coefficient__attr_""angle""__coeff_20",7.976127238916705e-30,5.8849617582282254e-27,29.098207926572197,26.23025635495214,7.976127238916705e-30,5.8849617582282254e-27,2.1665457248760594e-28
3426,"MMA_Z__fft_coefficient__attr_""angle""__coeff_16",1.238959612604348e-28,7.283865725278682e-27,27.906942850451177,26.137638068822756,1.238959612604348e-28,7.283865725278682e-27,9.499692340941028e-28
3427,"MMA_Y__fft_coefficient__attr_""angle""__coeff_16",3.102351984873615e-28,1.3645364045999258e-26,27.508308929792513,25.86501487325465,3.102351984873615e-28,1.3645364045999258e-26,2.0574917310266123e-27
3428,ADXL_Z__has_duplicate_min,1.995773107524965e-27,2.0437857736535885e-26,26.699888833665337,25.68956462820267,1.995773107524965e-27,2.0437857736535885e-26,6.386652240884842e-27
3429,"ADXL_Z__fft_coefficient__attr_""angle""__coeff_16",4.203981638740882e-28,2.2963951878996054e-26,27.376339189458953,25.63895337186836,4.203981638740882e-28,2.2963951878996054e-26,3.1070891852701714e-27
3430,"MMA_Y__cwt_coefficients__coeff_3__w_10__widths_(2, 5, 10, 20)",2.48289121317526e-26,3.806538479703939e-65,25.60504230845699,64.41946977563327,3.806538479703939e-65,2.48289121317526e-26,9.721739013093503e-46
3431,ADXL_Z__ar_coefficient__coeff_10__k_10,2.748029773397877e-26,9.58776475952094e-32,25.56097856624409,31.018282630134347,9.58776475952094e-32,2.748029773397877e-26,5.132977987435606e-29
3432,MMA_Z__ar_coefficient__coeff_4__k_10,2.8531800679069684e-26,2.9426496963269864e-47,25.544670818588077,46.531261434810745,2.9426496963269864e-47,2.8531800679069684e-26,9.16291954586127e-37
3433,"GYRO_Y__agg_linear_trend__attr_""rvalue""__chunk_len_5__f_agg_""max""",2.878532305491513e-28,3.063983166921848e-26,27.54082889213625,25.513713624983637,2.878532305491513e-28,3.063983166921848e-26,2.969810520802082e-27
3434,"GYRO_Y__agg_linear_trend__attr_""slope""__chunk_len_5__f_agg_""min""",5.854976459667576e-26,7.743407131140045e-28,25.23247484669871,27.111067905897364,7.743407131140045e-28,5.854976459667576e-26,6.733310216412653e-27
3435,GYRO_Z__ar_coefficient__coeff_8__k_10,2.0815780378660442e-26,6.621918182137084e-26,25.681607302875065,25.179016189525644,2.0815780378660442e-26,6.621918182137084e-26,3.7126862857616174e-26
3436,ADXL_Y__ar_coefficient__coeff_6__k_10,1.052063311295831e-25,3.4652461369967536e-51,24.97795812432764,50.460265911948866,3.4652461369967536e-51,1.052063311295831e-25,1.9093607111658843e-38
3437,"ADXL_Y__cwt_coefficients__coeff_3__w_10__widths_(2, 5, 10, 20)",2.3468454923360643e-25,3.915027306653571e-62,24.62951550180945,61.407265204464885,3.915027306653571e-62,2.3468454923360643e-25,9.585386892031296e-44
3438,ADXL_Z__large_standard_deviation__r_0.4,4.2678534571524815e-26,3.622398456380178e-25,25.369790501113233,24.44100377989457,4.2678534571524815e-26,3.622398456380178e-25,1.2433770858129064e-25
3439,"MMA_Z__fft_coefficient__attr_""real""__coeff_4",5.404973381922757e-25,2.4231178417143687e-26,24.267206440491897,25.61562546462361,2.4231178417143687e-26,5.404973381922757e-25,1.1444163331466518e-25
3440,"MMA_Z__fft_coefficient__attr_""angle""__coeff_19",5.700206895913825e-27,5.863858917805178e-25,26.244109380797155,24.23181648719977,5.700206895913825e-27,5.863858917805178e-25,5.781453886345445e-26
3441,"ADXL_Z__fft_coefficient__attr_""real""__coeff_4",6.929147374140416e-25,2.998227763570549e-26,24.159320201677804,25.523135378590933,2.998227763570549e-26,6.929147374140416e-25,1.4413591514615556e-25
3442,GYRO_Z__ar_coefficient__coeff_9__k_10,1.1509855379392242e-25,1.2072511337544314e-24,24.938930133218733,23.91820237807252,1.1509855379392242e-25,1.2072511337544314e-24,3.72763812032778e-25
3443,"MMA_X__change_quantiles__f_agg_""mean""__isabs_False__qh_0.8__ql_0.6",4.996572899280947e-26,1.6543596076377004e-24,25.301327771912806,23.781370082064274,4.996572899280947e-26,1.6543596076377004e-24,2.8750875432215266e-25
3444,"GYRO_Y__fft_coefficient__attr_""real""__coeff_1",1.7478162516855393e-24,2.0178644741589435e-26,23.75750422677806,25.695108005641934,2.0178644741589435e-26,1.7478162516855393e-24,1.877992630878486e-25
3445,"MMA_Y__cwt_coefficients__coeff_6__w_20__widths_(2, 5, 10, 20)",2.1620829701676662e-24,4.798307319821187e-64,23.665127643965235,63.31891193998047,4.798307319821187e-64,2.1620829701676662e-24,3.220922001821256e-44
3446,"MMA_Z__fft_coefficient__attr_""angle""__coeff_20",1.3430266382578185e-25,2.2963882928874287e-24,24.87191537323326,23.638954675855693,1.3430266382578185e-25,2.2963882928874287e-24,5.553476973150437e-25
3447,"ADXL_Y__cwt_coefficients__coeff_6__w_20__widths_(2, 5, 10, 20)",3.3929639137426836e-24,8.991181371303537e-62,23.469420759319153,61.046183241600424,8.991181371303537e-62,3.3929639137426836e-24,5.5232919472673505e-43
3448,"MMA_Y__fft_coefficient__attr_""angle""__coeff_18",1.889141453366276e-27,4.2011171319834015e-24,26.72373552216476,23.37663520966294,1.889141453366276e-27,4.2011171319834015e-24,8.908706148749708e-26
3449,"ADXL_Z__fft_coefficient__attr_""imag""__coeff_28",5.0737655539487525e-24,2.2723278402347326e-25,23.294669604315455,24.643529010578312,2.2723278402347326e-25,5.0737655539487525e-24,1.0737438578665655e-24
3450,"MMA_Y__fft_coefficient__attr_""imag""__coeff_33",5.116372181761242e-24,3.827133939061937e-43,23.291037871033485,42.41712633840847,3.827133939061937e-43,5.116372181761242e-24,1.399322751251148e-33
3451,"MMA_Z__fft_coefficient__attr_""imag""__coeff_28",5.4263476264721495e-24,7.944227383636212e-25,23.265492387606734,24.099948333741626,7.944227383636212e-25,5.4263476264721495e-24,2.0762499706766862e-24
3452,"MMA_Y__fft_coefficient__attr_""imag""__coeff_30",6.316246866811872e-24,1.1387998720575044e-44,23.199540904186392,43.94355259031743,1.1387998720575044e-44,6.316246866811872e-24,2.6819659065336705e-34
3453,"ADXL_Y__fft_coefficient__attr_""imag""__coeff_30",6.425696505636378e-24,1.4098430301149345e-44,23.192079790617687,43.85082923837285,1.4098430301149345e-44,6.425696505636378e-24,3.0098543871930644e-34
3454,"ADXL_Z__fft_coefficient__attr_""angle""__coeff_20",4.230159508250562e-25,6.730078850677268e-24,24.373643256207238,23.171979847482795,4.230159508250562e-25,6.730078850677268e-24,1.687285009755864e-24
3455,GYRO_Y__c3__lag_3,6.909398078282991e-24,1.4153914093000625e-25,23.160559785139043,24.84912344466753,1.4153914093000625e-25,6.909398078282991e-24,9.889136809366178e-25
3456,GYRO_Z__ar_coefficient__coeff_6__k_10,1.618629968416943e-31,7.001221651165417e-24,30.790852423045393,23.15482617283309,1.618629968416943e-31,7.001221651165417e-24,1.0645368561071944e-27
3457,"MMA_Y__fft_coefficient__attr_""angle""__coeff_12",6.490486569267372e-27,7.808668186963713e-24,26.187722744428147,23.107423031215454,6.490486569267372e-27,7.808668186963713e-24,2.251267553876113e-25
3458,"ADXL_Z__fft_coefficient__attr_""angle""__coeff_19",1.0636108803895435e-25,8.594197351099194e-24,24.973217228628013,23.065794677704794,1.0636108803895435e-25,8.594197351099194e-24,9.560795893043684e-25
3459,"ADXL_Y__fft_coefficient__attr_""angle""__coeff_12",1.0221595818959988e-26,9.11148817649434e-24,25.99048129585836,23.04041068405267,1.0221595818959988e-26,9.11148817649434e-24,3.051785533902373e-25
3460,"ADXL_Z__fft_coefficient__attr_""imag""__coeff_27",2.8136359462165534e-30,1.2189919475394657e-23,29.55073209623228,22.91399916325014,2.8136359462165534e-30,1.2189919475394657e-23,5.8564490621412936e-27
3461,"MMA_Y__fft_coefficient__attr_""imag""__coeff_31",1.2242308553493725e-23,1.2817228033277663e-45,22.91213667879934,44.89220588901531,1.2817228033277663e-45,1.2242308553493725e-23,1.2526470388097146e-34
3462,"MMA_Z__fft_coefficient__attr_""imag""__coeff_27",2.400346825948856e-30,1.692513973089639e-23,29.619726002574488,22.77146773717122,2.400346825948856e-30,1.692513973089639e-23,6.373868953139688e-27
3463,GYRO_X__ar_coefficient__coeff_5__k_10,4.483211518291942e-34,1.746297372167018e-23,33.34841077060109,22.75788179952247,4.483211518291942e-34,1.746297372167018e-23,8.848175231798999e-29
3464,ADXL_X__count_above__t_0,1.7709760503929176e-23,5.046552516061128e-25,22.75178731190565,24.297005202978085,5.046552516061128e-25,1.7709760503929176e-23,2.989535690202473e-24
3465,"GYRO_X__change_quantiles__f_agg_""mean""__isabs_False__qh_0.6__ql_0.4",1.7915578973632872e-23,3.635011122565257e-41,22.746769152276496,40.43949425592975,3.635011122565257e-41,1.7915578973632872e-23,2.551927288077616e-32
3466,"MMA_Y__fft_coefficient__attr_""angle""__coeff_17",6.762946550465173e-26,1.8804800709483705e-23,25.16986404491678,22.725731264806335,6.762946550465173e-26,1.8804800709483705e-23,1.1277227588835293e-24
3467,ADXL_Z__time_reversal_asymmetry_statistic__lag_1,1.935292017708281e-23,3.2528183936051086e-191,22.713253494670532,190.48774018290837,3.2528183936051086e-191,1.935292017708281e-23,2.509014442405352e-107
3468,"ADXL_Y__fft_coefficient__attr_""imag""__coeff_33",2.163672868746536e-23,1.840734608626985e-42,22.664808400699368,41.73500882220604,1.840734608626985e-42,2.163672868746536e-23,6.310901307459165e-33
3469,GYRO_Y__c3__lag_2,2.2791733914159462e-23,3.6614855300221256e-25,22.642222633981234,24.436342677830275,3.6614855300221256e-25,2.2791733914159462e-23,2.8887991264677682e-24
3470,"MMA_Z__fft_coefficient__attr_""imag""__coeff_26",2.492322191026587e-23,1.5291257191988807e-24,22.60339581564841,23.815556806994607,1.5291257191988807e-24,2.492322191026587e-23,6.173389638463508e-24
3471,"GYRO_X__fft_coefficient__attr_""angle""__coeff_3",1.4124252031499734e-24,3.3466988276214293e-23,23.850034541539905,22.475383368427174,1.4124252031499734e-24,3.3466988276214293e-23,6.875290373129687e-24
3472,"MMA_Y__fft_coefficient__attr_""angle""__coeff_19",9.795452624518913e-24,3.602858009372137e-23,23.008975491492695,22.443352853326026,9.795452624518913e-24,3.602858009372137e-23,1.8786065299490814e-23
3473,MMA_X__sum_of_reoccurring_values,5.163682157965749e-23,1.1346439586399866e-28,22.2870404978715,27.94514039490761,1.1346439586399866e-28,5.163682157965749e-23,7.654371799744853e-26
3474,"ADXL_Y__fft_coefficient__attr_""imag""__coeff_31",5.247099090752712e-23,4.3154750293900895e-45,22.280080734131992,44.364971392002545,4.3154750293900895e-45,5.247099090752712e-23,4.7585423296298176e-34
3475,"GYRO_X__change_quantiles__f_agg_""mean""__isabs_False__qh_1.0__ql_0.2",9.728476589170446e-53,5.611233997547693e-23,52.01195516186072,22.25094162013547,9.728476589170446e-53,5.611233997547693e-23,7.388420574216118e-38
3476,GYRO_Y__c3__lag_1,7.760480242814379e-23,4.809060046531944e-24,22.110111402407952,23.317939800236513,4.809060046531944e-24,7.760480242814379e-23,1.931854432342643e-23
3477,MMA_Y__has_duplicate_min,1.4504763804106e-23,8.743519472519988e-23,22.83848933886467,22.05831371841511,1.4504763804106e-23,8.743519472519988e-23,3.561217274549587e-23
3478,"ADXL_Z__fft_coefficient__attr_""imag""__coeff_26",1.1367608549813065e-22,6.086882522772856e-25,21.944330890005215,24.21560508007775,6.086882522772856e-25,1.1367608549813065e-22,8.318250886308998e-24
3479,ADXL_Y__ar_coefficient__coeff_7__k_10,1.7246313554538595e-22,1.2364927529574078e-48,21.76330372227296,47.90780842468063,1.2364927529574078e-48,1.7246313554538595e-22,1.460306191365978e-35
3480,"ADXL_Z__fft_coefficient__attr_""imag""__coeff_42",1.8302780926827678e-23,1.822544224431492e-22,22.73748291849804,21.73932192463219,1.8302780926827678e-23,1.822544224431492e-22,5.77560625988516e-23
3481,"MMA_Y__fft_coefficient__attr_""angle""__coeff_42",3.1470461513432093e-23,2.0415540706052773e-22,22.502096888123727,21.690039113289583,3.1470461513432093e-23,2.0415540706052773e-22,8.015525485367382e-23
3482,"ADXL_Y__fft_coefficient__attr_""angle""__coeff_31",7.717903284967098e-24,2.073272783296975e-22,23.112500667986478,21.683343553435915,7.717903284967098e-24,2.073272783296975e-22,4.0001648497081466e-23
3483,"MMA_Y__fft_coefficient__attr_""angle""__coeff_21",2.3337128003657013e-24,2.662993494581061e-22,23.631952591688677,21.574629894496468,2.3337128003657013e-24,2.662993494581061e-22,2.4929223825852286e-23
3484,"ADXL_Y__fft_coefficient__attr_""angle""__coeff_18",2.6091503604399703e-25,2.995056490367656e-22,24.583500892602437,21.52359498188115,2.6091503604399703e-25,2.995056490367656e-22,8.839995883133002e-24
3485,"ADXL_X__change_quantiles__f_agg_""mean""__isabs_False__qh_0.8__ql_0.4",3.0148374869499443e-22,2.0001923838180146e-30,21.520736093282732,29.69892823072984,2.0001923838180146e-30,3.0148374869499443e-22,2.455657748923152e-26
3486,"ADXL_Y__fft_coefficient__attr_""angle""__coeff_17",2.0013430030111493e-24,3.219242494383435e-22,23.69867847280854,21.492246308183585,2.0013430030111493e-24,3.219242494383435e-22,2.53826878819609e-23
3487,"GYRO_X__change_quantiles__f_agg_""mean""__isabs_False__qh_0.4__ql_0.0",6.023566825636765e-54,4.019343931053712e-22,53.220146267219015,21.39584483009361,6.023566825636765e-54,4.019343931053712e-22,4.920445789145492e-38
3488,"MMA_Z__cwt_coefficients__coeff_12__w_5__widths_(2, 5, 10, 20)",4.200110763008986e-22,1.2578511606949353e-86,21.37673925647607,85.90037074514917,1.2578511606949353e-86,4.200110763008986e-22,2.298502599149747e-54
3489,"MMA_Y__fft_coefficient__attr_""angle""__coeff_22",8.68884535833021e-24,4.357793278662149e-22,23.06103793216156,21.360733375298047,8.68884535833021e-24,4.357793278662149e-22,6.153388651943431e-23
3490,"MMA_X__agg_linear_trend__attr_""slope""__chunk_len_5__f_agg_""max""",5.331259691938204e-22,1.5831164749823644e-30,21.273170161964096,29.800487131517148,1.5831164749823644e-30,5.331259691938204e-22,2.905168678530866e-26
3491,"ADXL_Y__fft_coefficient__attr_""angle""__coeff_19",2.6882524072980694e-22,6.322432929865988e-22,21.57052995661882,21.199115769076258,2.6882524072980694e-22,6.322432929865988e-22,4.1226563698291454e-22
3492,"MMA_Y__fft_coefficient__attr_""imag""__coeff_25",6.407807469963267e-22,6.838185039957771e-49,21.19329054561119,48.16505915145617,6.838185039957771e-49,6.407807469963267e-22,2.093269528274667e-35
3493,MMA_Z__value_count__value_-1,6.945693649777324e-22,8.068757187091218e-98,21.15828437581151,97.09319335354982,8.068757187091218e-98,6.945693649777324e-22,7.486194998527264e-60
3494,"ADXL_Z__cwt_coefficients__coeff_12__w_5__widths_(2, 5, 10, 20)",1.0160716989905488e-21,1.7160515305142198e-87,20.99307564502721,86.76546967506425,1.7160515305142198e-87,1.0160716989905488e-21,1.3204663548023156e-54
3495,"MMA_Z__fft_coefficient__attr_""imag""__coeff_42",1.1120483982819889e-23,1.0484976412593857e-21,22.95387631109083,20.979432542203106,1.1120483982819889e-23,1.0484976412593857e-21,1.079805594801649e-22
3496,"ADXL_Y__fft_coefficient__attr_""imag""__coeff_25",1.0926036513618349e-21,1.9122557926756607e-48,20.96153735245438,47.71845401482284,1.9122557926756607e-48,1.0926036513618349e-21,4.5709273254070085e-35
3497,"MMA_Y__fft_coefficient__attr_""angle""__coeff_31",1.4194801805127045e-22,2.5786619399509708e-21,21.847870666931048,20.58860558971055,1.4194801805127045e-22,2.5786619399509708e-21,6.050090508416254e-22
3498,"ADXL_Y__fft_coefficient__attr_""angle""__coeff_22",8.655381860829178e-23,3.16787731682232e-21,22.062713767026874,20.49923164578797,8.655381860829178e-23,3.16787731682232e-21,5.236333437182559e-22
3499,MMA_X__ar_coefficient__coeff_4__k_10,3.797868672224517e-21,7.1791511338913045e-31,20.42046005695401,30.14392690389992,7.1791511338913045e-31,3.797868672224517e-21,5.221635106417424e-26
3500,"ADXL_Y__fft_coefficient__attr_""angle""__coeff_42",6.05383409370318e-22,4.286833908496237e-21,21.217969485126474,20.36786334271305,6.05383409370318e-22,4.286833908496237e-21,1.6109556564132166e-21
3501,ADXL_X__value_count__value_1,4.912109734517437e-21,3.488264203352887e-105,20.30873193979786,104.45739062875299,3.488264203352887e-105,4.912109734517437e-21,4.1394125851210373e-63
3502,MMA_Z__has_duplicate_min,1.0598414107250037e-21,5.050135442269615e-21,20.974759115489732,20.296696974150347,1.0598414107250037e-21,5.050135442269615e-21,2.3135130584216223e-21
3503,"MMA_Y__fft_coefficient__attr_""angle""__coeff_15",1.1110028394213371e-22,5.585563209505495e-21,21.95428483111904,20.25293302909302,1.1110028394213371e-22,5.585563209505495e-21,7.877548213453194e-22
3504,"ADXL_X__agg_linear_trend__attr_""slope""__chunk_len_5__f_agg_""max""",9.19186218387447e-21,3.252588695000758e-29,20.036596495767935,28.487770851807362,3.252588695000758e-29,9.19186218387447e-21,5.467846653416231e-25
3505,"ADXL_X__fft_coefficient__attr_""angle""__coeff_0",3.497539914328869e-21,1.5649589380308642e-20,20.45623732058914,19.80549705314665,3.497539914328869e-21,1.5649589380308642e-20,7.398314909524106e-21
3506,"ADXL_Z__fft_coefficient__attr_""imag""__coeff_35",2.5225881418656348e-20,2.5246890157259157e-30,19.598153650122924,29.597792109454996,2.5246890157259157e-30,2.5225881418656348e-20,2.5236383601793297e-25
3507,"ADXL_Y__fft_coefficient__attr_""angle""__coeff_21",3.161352067570733e-22,3.7197941214844553e-20,21.50012713576785,19.429481096241094,3.161352067570733e-22,3.7197941214844553e-20,3.429224232518536e-21
3508,GYRO_X__has_duplicate_min,9.365269670494368e-21,3.9813900924044415e-20,20.028479712712507,19.399965268615635,9.365269670494368e-21,3.9813900924044415e-20,1.9309788160102142e-20
3509,"MMA_Z__fft_coefficient__attr_""imag""__coeff_35",4.107580942768097e-20,4.1855999664195305e-30,19.386413869730717,29.378242281176128,4.1855999664195305e-30,4.107580942768097e-20,4.14640695736871e-25
3510,"ADXL_Y__fft_coefficient__attr_""angle""__coeff_26",1.0346625011429736e-20,4.219239547433218e-20,19.98520129058802,19.374765816837822,1.0346625011429736e-20,4.219239547433218e-20,2.0893752518560666e-20
3511,"MMA_X__fft_coefficient__attr_""real""__coeff_1",7.909118585005906e-20,2.0763350620983508e-26,19.101871912835726,25.682702562250018,2.0763350620983508e-26,7.909118585005906e-20,4.05240425282837e-23
3512,"MMA_Y__fft_coefficient__attr_""angle""__coeff_26",2.4561264802937324e-20,8.533840903285253e-20,19.609749272596307,19.068855457969484,2.4561264802937324e-20,8.533840903285253e-20,4.5782302935930054e-20
3513,MMA_X__has_duplicate_max,2.1328660958448447e-20,8.682714987801086e-20,19.671036409276844,19.06134445456373,2.1328660958448447e-20,8.682714987801086e-20,4.30337872111726e-20
3514,GYRO_Z__c3__lag_3,9.768384114214577e-20,1.844551174270744e-20,19.01017727131912,19.734109291429263,1.844551174270744e-20,9.768384114214577e-20,4.2447949760385577e-20
3515,"GYRO_Z__agg_linear_trend__attr_""intercept""__chunk_len_50__f_agg_""mean""",1.351712899344486e-26,1.0571237037401844e-19,25.86911554173095,18.9758741889383,1.351712899344486e-26,1.0571237037401844e-19,3.7801160650811054e-23
3516,"MMA_Y__fft_coefficient__attr_""imag""__coeff_82",1.4760301242926672e-37,1.2929215537066744e-19,36.830904778908256,18.88842782455954,1.4760301242926672e-37,1.2929215537066744e-19,1.3814453161882054e-28
3517,"GYRO_Z__agg_linear_trend__attr_""intercept""__chunk_len_10__f_agg_""mean""",1.1051116307589884e-26,1.3782040726324448e-19,25.956593850328222,18.86068647106682,1.1051116307589884e-26,1.3782040726324448e-19,3.9026521113539194e-23
3518,"GYRO_Z__agg_linear_trend__attr_""intercept""__chunk_len_5__f_agg_""mean""",1.075068589990413e-26,1.3789104164235351e-19,25.968563826628305,18.86046394768687,1.075068589990413e-26,1.3789104164235351e-19,3.850225028628253e-23
3519,"GYRO_Z__linear_trend__attr_""intercept""",1.0431007266926892e-26,1.3931777511122738e-19,25.981673752038827,18.855993469791123,1.0431007266926892e-26,1.3931777511122738e-19,3.812118472184855e-23
3520,"ADXL_Y__fft_coefficient__attr_""angle""__coeff_15",2.695735930494635e-21,1.610400228520755e-19,20.56932265276949,18.79306617649167,2.695735930494635e-21,1.610400228520755e-19,2.0835579565973612e-20
3521,GYRO_Z__c3__lag_2,1.7039893035721366e-19,2.0643947209332105e-19,18.768533135751348,18.6852072601778,1.7039893035721366e-19,2.0643947209332105e-19,1.8755549906150385e-19
3522,"ADXL_Z__fft_coefficient__attr_""imag""__coeff_44",2.5267824731877203e-19,9.35018405608865e-24,18.597432144214054,23.02917984006257,9.35018405608865e-24,2.5267824731877203e-19,1.537071279869742e-21
3523,"GYRO_Z__fft_coefficient__attr_""real""__coeff_0",3.150771020966711e-23,2.7839819385402164e-19,22.5015831575826,18.555333586596593,3.150771020966711e-23,2.7839819385402164e-19,2.961703836450775e-21
3524,GYRO_Z__sum_values,3.150771020966711e-23,2.7839819385402164e-19,22.5015831575826,18.555333586596593,3.150771020966711e-23,2.7839819385402164e-19,2.961703836450775e-21
3525,"MMA_Z__fft_coefficient__attr_""imag""__coeff_44",3.0837710225135825e-19,8.365264077512033e-24,18.51091787684375,23.077520344528722,8.365264077512033e-24,3.0837710225135825e-19,1.6061307218874005e-21
3526,"ADXL_Y__fft_coefficient__attr_""imag""__coeff_82",5.818371952343587e-38,3.6921115026286064e-19,37.23519851896264,18.432725191653414,5.818371952343587e-38,3.6921115026286064e-19,1.465676567726298e-28
3527,"MMA_Y__fft_coefficient__attr_""angle""__coeff_28",9.298189607298024e-21,3.752336082360136e-19,20.031601601994225,18.425698270458806,9.298189607298024e-21,3.752336082360136e-19,5.90677004496454e-20
3528,"MMA_Y__cwt_coefficients__coeff_5__w_20__widths_(2, 5, 10, 20)",3.791457680747425e-19,3.69060272940214e-63,18.42119378713105,62.43290270140802,3.69060272940214e-63,3.791457680747425e-19,3.7406903193099473e-41
3529,MMA_Z__value_count__value_0,4.101795406491645e-19,3.039766001897397e-123,18.38702600560774,122.51715984665312,3.039766001897397e-123,4.101795406491645e-19,3.5310760715952033e-71
3530,"ADXL_X__fft_coefficient__attr_""real""__coeff_1",5.830754288466133e-19,4.757592181762457e-25,18.234275259627097,24.322612788192192,4.757592181762457e-25,5.830754288466133e-19,5.266910955824523e-22
3531,"ADXL_Y__cwt_coefficients__coeff_5__w_20__widths_(2, 5, 10, 20)",6.1826001914688695e-19,5.739533830508052e-61,18.20882883699667,60.24112337991205,5.739533830508052e-61,6.1826001914688695e-19,5.956949131849385e-40
3532,"MMA_Y__fft_coefficient__attr_""imag""__coeff_34",6.316443101311157e-19,5.02391625862055e-41,18.199527411642773,40.2989576082681,5.02391625862055e-41,6.316443101311157e-19,5.6332300852467166e-30
3533,ADXL_X__skewness,6.598092998864517e-19,2.034856238265666e-31,18.180581567449504,30.691466268076784,2.034856238265666e-31,6.598092998864517e-19,3.6641739450245092e-25
3534,"ADXL_Y__fft_coefficient__attr_""imag""__coeff_34",7.469134915778578e-19,8.639272054828863e-40,18.126729695782995,39.06352284963797,8.639272054828863e-40,7.469134915778578e-19,2.540234015826739e-29
3535,"MMA_Y__fft_coefficient__attr_""angle""__coeff_25",7.800295482700218e-20,8.446286237021987e-19,19.107888945504953,18.073334204813463,7.800295482700218e-20,8.446286237021987e-19,2.566778688945263e-19
3536,ADXL_Z__ar_coefficient__coeff_6__k_10,8.871197618736178e-19,3.864763389824951e-23,18.052017746109794,22.41287708949181,3.864763389824951e-23,8.871197618736178e-19,5.8553462562681865e-21
3537,"ADXL_Y__fft_coefficient__attr_""imag""__coeff_32",9.500305820286193e-19,1.6909454205153734e-39,18.022262414297995,38.77187041011458,1.6909454205153734e-39,9.500305820286193e-19,4.008054218733635e-29
3538,"ADXL_Y__fft_coefficient__attr_""angle""__coeff_28",2.2024721641723652e-20,1.0012863491125346e-18,19.657089571689006,17.999441704683033,2.2024721641723652e-20,1.0012863491125346e-18,1.485027040927582e-19
3539,ADXL_Y__large_standard_deviation__r_0.4,2.8701408087167614e-19,1.0235441684345929e-18,18.542096796315274,17.98989341172787,2.8701408087167614e-19,1.0235441684345929e-18,5.420070006326659e-19
3540,MMA_X__has_duplicate_min,2.9659322780029245e-19,1.0554551200583377e-18,18.527838769567047,17.9765602289839,2.9659322780029245e-19,1.0554551200583377e-18,5.595005280215986e-19
3541,"ADXL_Y__fft_coefficient__attr_""angle""__coeff_33",3.7498324383132585e-20,1.1984630258606521e-18,19.42598813833676,17.92137535997191,3.7498324383132585e-20,1.1984630258606521e-18,2.119914038467441e-19
3542,"ADXL_Y__fft_coefficient__attr_""imag""__coeff_26",1.2683394241588005e-18,4.3270822755259474e-42,17.896764508037087,41.36380484700899,4.3270822755259474e-42,1.2683394241588005e-18,2.342692690394609e-30
3543,"MMA_Y__fft_coefficient__attr_""imag""__coeff_26",1.3061931209689232e-18,2.2720796589360288e-42,17.883992607769493,41.643576446363355,2.2720796589360288e-42,1.3061931209689232e-18,1.7227230830274663e-30
3544,"MMA_Y__fft_coefficient__attr_""imag""__coeff_32",1.4857504045921684e-18,9.722086713802908e-40,17.82805414280482,39.01224050965953,9.722086713802908e-40,1.4857504045921684e-18,3.800604460939446e-29
3545,GYRO_Z__sum_of_reoccurring_values,2.5412786024661413e-23,1.5111676320998237e-18,22.594947720277837,17.820687357197777,2.5412786024661413e-23,1.5111676320998237e-18,6.1970137713214004e-21
3546,"GYRO_X__change_quantiles__f_agg_""mean""__isabs_False__qh_0.2__ql_0.0",7.177042244455287e-63,1.5589311175331498e-18,62.144054497479566,17.80717307399407,7.177042244455287e-63,1.5589311175331498e-18,1.0577577457400777e-40
3547,"MMA_Y__fft_coefficient__attr_""angle""__coeff_32",5.285646045048629e-19,1.980468762415656e-18,18.276901922897288,17.7032320032559,5.285646045048629e-19,1.980468762415656e-18,1.0231352247579331e-18
3548,GYRO_Z__c3__lag_1,4.648115585505463e-19,2.2281876743582213e-18,18.332723080806396,17.65204823248145,4.648115585505463e-19,2.2281876743582213e-18,1.017687273017385e-18
3549,"ADXL_Y__fft_coefficient__attr_""angle""__coeff_49",2.484313439567224e-19,2.3984052478646483e-18,18.604793611198026,17.62007743423055,2.484313439567224e-19,2.3984052478646483e-18,7.719061076840049e-19
3550,"MMA_Y__fft_coefficient__attr_""angle""__coeff_33",1.3561149254748846e-19,2.790264474717674e-18,18.867703504138124,17.554354630250838,1.3561149254748846e-19,2.790264474717674e-18,6.151357004911174e-19
3551,"ADXL_Y__fft_coefficient__attr_""angle""__coeff_25",3.9606190372695244e-19,2.91682944889372e-18,18.402236929362566,17.535088963942982,3.9606190372695244e-19,2.91682944889372e-18,1.0748232526214178e-18
3552,"MMA_Y__fft_coefficient__attr_""angle""__coeff_24",1.0863326707895811e-19,3.601807664830348e-18,18.964037159126427,17.4434794820587,1.0863326707895811e-19,3.601807664830348e-18,6.25520690321714e-19
3553,"GYRO_Y__agg_linear_trend__attr_""rvalue""__chunk_len_5__f_agg_""min""",3.6317248495836856e-18,2.681877657791639e-20,17.43988706236298,19.57156103772897,2.681877657791639e-20,3.6317248495836856e-18,3.12087195080881e-19
3554,"MMA_Z__fft_coefficient__attr_""angle""__coeff_22",4.732321148952354e-19,5.354246678301944e-18,18.32492579056878,17.271301624079708,4.732321148952354e-19,5.354246678301944e-18,1.5917919082730689e-18
3555,MMA_Y__friedrich_coefficients__coeff_1__m_3__r_30,5.639677301113612e-18,4.541232197022258e-137,17.248745745370407,136.34282629168914,4.541232197022258e-137,5.639677301113612e-18,1.6003463419095482e-77
3556,"ADXL_X__change_quantiles__f_agg_""mean""__isabs_False__qh_0.8__ql_0.6",1.3236444107879163e-24,5.961582960129749e-18,23.878228669861716,17.224638408117084,1.3236444107879163e-24,5.961582960129749e-18,2.809095221708268e-21
3557,"ADXL_Y__fft_coefficient__attr_""angle""__coeff_32",6.4121811441725146e-18,8.730826183768754e-18,17.19299421732174,17.058944657775,6.4121811441725146e-18,8.730826183768754e-18,7.48222153030834e-18
3558,"ADXL_X__fft_coefficient__attr_""angle""__coeff_2",4.844542685657022e-19,8.852234792989936e-18,18.314747213137363,17.052947075545998,4.844542685657022e-19,8.852234792989936e-18,2.070870090519876e-18
3559,ADXL_Y__value_count__value_0,1.4251086523935606e-17,7.583905253032521e-303,16.8461520231389,302.120107101348,7.583905253032521e-303,1.4251086523935606e-17,3.287504525134113e-160
3560,GYRO_Z__mean,1.9389987833443372e-20,1.547237337327134e-17,19.712422463426197,16.8104430629098,1.9389987833443372e-20,1.547237337327134e-17,5.477308932881405e-19
3561,MMA_X__quantile__q_0.6,2.124902902378333e-17,3.420380975505668e-37,16.672660910284137,36.465925517819606,3.420380975505668e-37,2.124902902378333e-17,2.6959186675587282e-27
3562,"MMA_Y__cwt_coefficients__coeff_11__w_5__widths_(2, 5, 10, 20)",2.52626115945132e-17,1.0443885232146436e-57,16.597521755029366,56.98113790928488,1.0443885232146436e-57,2.52626115945132e-17,1.624314674431613e-37
3563,"ADXL_Z__fft_coefficient__attr_""angle""__coeff_21",7.94008453729695e-18,2.5959634554343002e-17,17.100174873657775,16.585701425590827,7.94008453729695e-18,2.5959634554343002e-17,1.4356938842205132e-17
3564,MMA_X__partial_autocorrelation__lag_2,2.754011393430804e-17,0.0,16.560034267385596,307.6526555685888,0.0,2.754011393430804e-17,0.0
3565,GYRO_X__time_reversal_asymmetry_statistic__lag_3,3.2315448391859226e-17,2.4567902417569405e-49,16.490589813661803,48.609631921556655,2.4567902417569405e-49,3.2315448391859226e-17,2.8176635403667303e-33
3566,ADXL_X__quantile__q_0.6,3.669192724917827e-17,3.156996158127552e-28,16.435429476259824,27.50072594661745,3.156996158127552e-28,3.669192724917827e-17,1.076272611190824e-22
3567,"GYRO_X__fft_coefficient__attr_""imag""__coeff_4",3.701415566311527e-17,3.701002356949874e-17,16.43163215294211,16.431680638328288,3.701002356949874e-17,3.701415566311527e-17,3.701208955864275e-17
3568,"MMA_X__fft_coefficient__attr_""imag""__coeff_1",3.1319362078128645e-17,3.735315908182433e-17,16.504187092360265,16.42767266255577,3.1319362078128645e-17,3.735315908182433e-17,3.4203466403942093e-17
3569,"MMA_Z__fft_coefficient__attr_""angle""__coeff_33",9.416062041040136e-18,3.86554087380578e-17,17.026130688653087,16.412789730186855,9.416062041040136e-18,3.86554087380578e-17,1.9078305136969512e-17
3570,"MMA_X__fft_coefficient__attr_""angle""__coeff_2",2.599834102185236e-18,3.8871322843214287e-17,17.585054363876953,16.410370679493955,2.599834102185236e-18,3.8871322843214287e-17,1.0052810090956681e-17
3571,"ADXL_Z__fft_coefficient__attr_""angle""__coeff_22",3.286020412661165e-18,3.939843179424199e-17,17.48332974306816,16.404521064384106,3.286020412661165e-18,3.939843179424199e-17,1.1378227063243106e-17
3572,"MMA_Y__fft_coefficient__attr_""angle""__coeff_49",7.722757409519654e-18,5.484641857266584e-17,17.112227607186966,16.26085172624625,7.722757409519654e-18,5.484641857266584e-17,2.0580709060128895e-17
3573,MMA_X__skewness,5.499008313313535e-17,2.0594976219453616e-28,16.259715623758115,27.686238705177146,2.0594976219453616e-28,5.499008313313535e-17,1.0641989731402206e-22
3574,"ADXL_Z__fft_coefficient__attr_""angle""__coeff_33",1.3798945397765036e-17,5.624201212929503e-17,16.860154103847513,16.249939150274542,1.3798945397765036e-17,5.624201212929503e-17,2.78582205898471e-17
3575,"MMA_Z__fft_coefficient__attr_""imag""__coeff_34",6.04338035922553e-17,2.3839896374165303e-20,16.218720071196792,19.62269563669296,2.3839896374165303e-20,6.04338035922553e-17,1.2003064671724573e-18
3576,"MMA_Z__fft_coefficient__attr_""angle""__coeff_21",1.9310983517639305e-17,6.954429242400371e-17,16.71419560683136,16.157738507231606,1.9310983517639305e-17,6.954429242400371e-17,3.664653714535418e-17
3577,"ADXL_Z__fft_coefficient__attr_""imag""__coeff_46",4.2217443776599456e-17,7.316590648024642e-17,16.37450806632268,16.13569124239413,4.2217443776599456e-17,7.316590648024642e-17,5.557767126458014e-17
3578,"MMA_X__agg_linear_trend__attr_""slope""__chunk_len_10__f_agg_""mean""",1.60410814091128e-17,8.57701684679941e-17,16.794766357112998,16.066663736889257,1.60410814091128e-17,8.57701684679941e-17,3.7092401578603845e-17
3579,"MMA_X__agg_linear_trend__attr_""slope""__chunk_len_5__f_agg_""mean""",1.6036851411671293e-17,8.579180968286275e-17,16.79488089470295,16.066554171117744,1.6036851411671293e-17,8.579180968286275e-17,3.709218926165524e-17
3580,"MMA_Y__fft_coefficient__attr_""angle""__coeff_23",6.998277415159397e-19,8.585773472381571e-17,18.15500884586498,16.06622057415992,6.998277415159397e-19,8.585773472381571e-17,7.7514917650374e-18
3581,"MMA_X__linear_trend__attr_""slope""",1.602655901187693e-17,8.606896913450354e-17,16.795159712990255,16.065153398636266,1.602655901187693e-17,8.606896913450354e-17,3.714013210700165e-17
3582,"MMA_X__agg_linear_trend__attr_""slope""__chunk_len_50__f_agg_""mean""",1.6759430272121296e-17,8.618828942042541e-17,16.775740749063708,16.064551738648433,1.6759430272121296e-17,8.618828942042541e-17,3.8006139330574336e-17
3583,GYRO_X__time_reversal_asymmetry_statistic__lag_2,8.722336853530707e-17,3.0026719641740826e-48,16.0593671450411,47.5224921110014,3.0026719641740826e-48,8.722336853530707e-17,1.6183422484808037e-32
3584,"MMA_Z__fft_coefficient__attr_""imag""__coeff_46",4.8982339891345375e-17,8.794014158460305e-17,16.309960472424308,16.05581283949682,4.8982339891345375e-17,8.794014158460305e-17,6.563165322609253e-17
3585,MMA_X__c3__lag_2,9.22039702207668e-17,1.0489076931829064e-27,16.03525037821049,26.979262729256583,1.0489076931829064e-27,9.22039702207668e-17,3.109878674587964e-22
3586,MMA_Y__friedrich_coefficients__coeff_2__m_3__r_30,9.225276741477576e-17,8.03120966142473e-150,16.03502059693108,149.09521903632583,8.03120966142473e-150,9.225276741477576e-17,2.7219502511153938e-83
3587,"ADXL_Z__fft_coefficient__attr_""imag""__coeff_34",1.005775203239346e-16,9.19751820769986e-20,15.997499075842823,19.0363293437528,9.19751820769986e-20,1.005775203239346e-16,3.0414857791294886e-18
3588,GYRO_Z__ar_coefficient__coeff_7__k_10,2.5330663109319753e-22,1.0488162605445728e-16,21.59635344104447,15.979300588089485,2.5330663109319753e-22,1.0488162605445728e-16,1.6299451328014418e-19
3589,"ADXL_Y__fft_coefficient__attr_""angle""__coeff_24",3.2822429961818215e-18,1.0703143604994311e-16,17.483829269719752,15.970488647568077,3.2822429961818215e-18,1.0703143604994311e-16,1.874308356024185e-17
3590,MMA_X__mean_change,1.1326217994529626e-16,1.1913889081558573e-17,15.945915083808712,16.923946447504868,1.1913889081558573e-17,1.1326217994529626e-16,3.673408565629186e-17
3591,"MMA_X__change_quantiles__f_agg_""mean""__isabs_False__qh_1.0__ql_0.0",1.1326217994529626e-16,1.1913889081558573e-17,15.945915083808712,16.923946447504868,1.1913889081558573e-17,1.1326217994529626e-16,3.673408565629186e-17
3592,MMA_X__c3__lag_1,1.6287095473501102e-16,7.987279859997313e-28,15.788156357821675,27.097601098399227,7.987279859997313e-28,1.6287095473501102e-16,3.606793446447256e-22
3593,ADXL_X__sum_of_reoccurring_values,1.694917971161749e-16,9.742561895208206e-31,15.770851315474975,30.011326826421904,9.742561895208206e-31,1.694917971161749e-16,1.2850230831134535e-23
3594,"ADXL_Y__fft_coefficient__attr_""angle""__coeff_23",1.1205278420825784e-18,1.771146484135335e-16,17.95057734795301,15.75174551864006,1.1205278420825784e-18,1.771146484135335e-16,1.408765043532921e-17
3595,MMA_X__c3__lag_3,1.862426699560696e-16,9.807362419459124e-26,15.729920810983833,25.008447775565372,9.807362419459124e-26,1.862426699560696e-16,4.273814879269908e-21
3596,"ADXL_X__agg_linear_trend__attr_""slope""__chunk_len_50__f_agg_""mean""",1.5498963339774626e-16,1.9975252172769547e-16,15.80969734898272,15.69950772933307,1.5498963339774626e-16,1.9975252172769547e-16,1.759533179932986e-16
3597,"ADXL_X__agg_linear_trend__attr_""slope""__chunk_len_5__f_agg_""mean""",1.4853282310317922e-16,2.0062851830811327e-16,15.828177564411178,15.697607334209176,1.4853282310317922e-16,2.0062851830811327e-16,1.7262653393760746e-16
3598,"ADXL_X__agg_linear_trend__attr_""slope""__chunk_len_10__f_agg_""mean""",1.4853282310317922e-16,2.0091991528336062e-16,15.828177564411178,15.69697701363003,1.4853282310317922e-16,2.0091991528336062e-16,1.7275185161001648e-16
3599,"ADXL_X__linear_trend__attr_""slope""",1.4847666093577004e-16,2.010426853778112e-16,15.828341807783858,15.6967117233959,1.4847666093577004e-16,2.010426853778112e-16,1.727719497790598e-16
3600,"ADXL_Y__fft_coefficient__attr_""angle""__coeff_37",2.253118601000824e-16,2.1216690455228443e-16,15.647215947022492,15.673322359790381,2.1216690455228443e-16,2.253118601000824e-16,2.186406181759278e-16
3601,MMA_Y__friedrich_coefficients__coeff_3__m_3__r_30,2.434948186526051e-16,4.3723899855709305e-284,15.613510275741024,283.35928110906724,4.3723899855709305e-284,2.434948186526051e-16,3.2629040847304423e-150
3602,"ADXL_X__fft_coefficient__attr_""imag""__coeff_1",2.94112375562272e-16,9.27624881993403e-17,15.531486701010348,16.03262761065123,9.27624881993403e-17,2.94112375562272e-16,1.6517444041792664e-16
3603,"ADXL_Y__fft_coefficient__attr_""angle""__coeff_27",1.191965458172059e-18,3.4047313881905606e-16,17.92373632978255,15.467917145492232,1.191965458172059e-18,3.4047313881905606e-16,2.0145277881124777e-17
3604,MMA_X__friedrich_coefficients__coeff_2__m_3__r_30,3.9232152028909815e-16,5.078999708317222e-153,15.40635786855549,152.29422181211257,5.078999708317222e-153,3.9232152028909815e-16,1.41159515694653e-84
3605,"GYRO_X__change_quantiles__f_agg_""mean""__isabs_False__qh_1.0__ql_0.4",1.5165434214608703e-30,4.2181311064358327e-16,29.81914515051594,15.374879925801668,1.5165434214608703e-30,4.2181311064358327e-16,2.529224976217957e-23
3606,"ADXL_X__linear_trend__attr_""rvalue""",4.939604631917256e-16,7.041350597864365e-17,15.306307810802707,16.152344031064914,7.041350597864365e-17,4.939604631917256e-16,1.8649795716887667e-16
3607,"MMA_Y__fft_coefficient__attr_""angle""__coeff_27",2.4300899263210426e-18,5.419771763892908e-16,17.614377654886304,15.266019001979869,2.4300899263210426e-18,5.419771763892908e-16,3.629122864604529e-17
3608,"MMA_X__linear_trend__attr_""rvalue""",5.917647010370043e-16,2.3227829254619333e-17,15.227850944214353,16.63399137508099,2.3227829254619333e-17,5.917647010370043e-16,1.1724081812491072e-16
3609,"ADXL_X__agg_linear_trend__attr_""rvalue""__chunk_len_5__f_agg_""mean""",6.990121897577164e-16,8.510448852722707e-17,15.155515250723056,16.070047534025868,8.510448852722707e-17,6.990121897577164e-16,2.4390382301970475e-16
3610,"ADXL_X__change_quantiles__f_agg_""mean""__isabs_False__qh_1.0__ql_0.0",7.746468229029316e-16,5.3211382222316016e-17,15.110896255976591,16.273995459667123,5.3211382222316016e-17,7.746468229029316e-16,2.0302716118980396e-16
3611,ADXL_X__mean_change,7.746468229029316e-16,5.3211382222316016e-17,15.110896255976591,16.273995459667123,5.3211382222316016e-17,7.746468229029316e-16,2.0302716118980396e-16
3612,"ADXL_X__agg_linear_trend__attr_""rvalue""__chunk_len_10__f_agg_""mean""",8.000379637804577e-16,7.518145951534716e-17,15.09688940417159,16.123889247479497,7.518145951534716e-17,8.000379637804577e-16,2.452509363584597e-16
3613,"MMA_X__agg_linear_trend__attr_""rvalue""__chunk_len_5__f_agg_""mean""",8.497795376652469e-16,2.868463222062338e-17,15.07069373074952,16.54235071404292,2.868463222062338e-17,8.497795376652469e-16,1.5612691474098558e-16
3614,"MMA_X__agg_linear_trend__attr_""rvalue""__chunk_len_10__f_agg_""mean""",1.0866536681592325e-15,2.5316696317506548e-17,14.963908849633762,16.596592967876145,2.5316696317506548e-17,1.0866536681592325e-15,1.6586283766742875e-16
3615,"GYRO_X__change_quantiles__f_agg_""mean""__isabs_False__qh_1.0__ql_0.8",1.4652122556572964e-17,1.1910680584283682e-15,16.834099457368893,14.92406342192998,1.4652122556572964e-17,1.1910680584283682e-15,1.3210478857827925e-16
3616,"ADXL_Y__fft_coefficient__attr_""angle""__coeff_46",3.710293594708239e-16,1.408261721255458e-15,15.430591723399298,14.85131662535419,3.710293594708239e-16,1.408261721255458e-15,7.228460724142399e-16
3617,"ADXL_Y__cwt_coefficients__coeff_11__w_5__widths_(2, 5, 10, 20)",1.490208710354325e-15,1.1435705213044403e-55,14.826752902455167,54.94173704831214,1.1435705213044403e-55,1.490208710354325e-15,1.305434315372594e-35
3618,"MMA_X__agg_linear_trend__attr_""rvalue""__chunk_len_10__f_agg_""min""",1.6914302365942044e-15,8.036642161537911e-30,14.771745910076408,29.09492536858009,8.036642161537911e-30,1.6914302365942044e-15,1.165908210482842e-22
3619,"MMA_X__agg_linear_trend__attr_""slope""__chunk_len_5__f_agg_""min""",1.7614965733548649e-15,1.038150232091508e-24,14.754118197316416,23.983739794611573,1.038150232091508e-24,1.7614965733548649e-15,4.276327953345895e-20
3620,"MMA_X__agg_linear_trend__attr_""slope""__chunk_len_10__f_agg_""min""",1.8033444813896868e-15,1.4673753999970053e-30,14.743921304849104,29.83345876598573,1.4673753999970053e-30,1.8033444813896868e-15,5.1441066568565464e-23
3621,MMA_Y__max_langevin_fixed_point__m_3__r_30,2.014272410911549e-15,2.546868509226852e-306,14.695881795671465,305.59399347639146,2.546868509226852e-306,2.014272410911549e-15,7.161285781081593e-161
3622,"GYRO_X__change_quantiles__f_agg_""mean""__isabs_False__qh_1.0__ql_0.6",4.244375128333718e-18,2.343145577021972e-15,17.372186239057772,14.630200728332914,4.244375128333718e-18,2.343145577021972e-15,9.972556747984548e-17
3623,ADXL_X__count_below__t_0,2.396524128949915e-15,7.234565798363973e-16,14.620418194038331,15.140587529096878,7.234565798363973e-16,2.396524128949915e-15,1.3167312367470845e-15
3624,"MMA_Y__fft_coefficient__attr_""angle""__coeff_46",7.3783708551137475e-16,2.7996104571950107e-15,15.132039519849013,14.552902392964878,7.3783708551137475e-16,2.7996104571950107e-15,1.4372391660068043e-15
3625,MMA_Y__time_reversal_asymmetry_statistic__lag_2,2.998192311780208e-15,1.6618082630301025e-173,14.5231405138272,172.7794190859139,1.6618082630301025e-173,2.998192311780208e-15,2.2321336783153636e-94
3626,"MMA_Y__fft_coefficient__attr_""angle""__coeff_34",1.0213881721574616e-15,3.102311697221879e-15,14.990809175652682,14.508314569648508,1.0213881721574616e-15,3.102311697221879e-15,1.7800742888677895e-15
3627,"MMA_Y__fft_coefficient__attr_""angle""__coeff_40",9.845487619738876e-16,3.992895043908618e-15,15.006762769590102,14.398712105395544,9.845487619738876e-16,3.992895043908618e-15,1.9827253647875446e-15
3628,"ADXL_Y__fft_coefficient__attr_""angle""__coeff_40",1.274661899825779e-15,5.745457524932153e-15,14.894604995239474,14.240675381659482,1.274661899825779e-15,5.745457524932153e-15,2.7061995129883413e-15
3629,"ADXL_Y__fft_coefficient__attr_""angle""__coeff_34",2.369198049521706e-15,5.980337094560354e-15,14.625398633570478,14.223274335379259,2.369198049521706e-15,5.980337094560354e-15,3.764120478931924e-15
3630,ADXL_X__ar_coefficient__coeff_7__k_10,6.170321081362915e-15,8.622791697368293e-25,14.209692236252655,24.06435210511776,8.622791697368293e-25,6.170321081362915e-15,7.294202724799517e-20
3631,"ADXL_X__agg_linear_trend__attr_""rvalue""__chunk_len_10__f_agg_""min""",7.723825128193807e-15,1.96782601924104e-29,14.112167567456106,28.70601330134353,1.96782601924104e-29,7.723825128193807e-15,3.8986079637900928e-22
3632,ADXL_Y__ar_coefficient__coeff_9__k_10,7.858425568933421e-15,6.357267438522248e-17,14.10466445589646,16.19672951821696,6.357267438522248e-17,7.858425568933421e-15,7.068105332225257e-16
3633,"GYRO_Z__fft_coefficient__attr_""angle""__coeff_1",8.768791000449171e-15,1.4337562512545885e-15,14.057060280981554,14.843524675539182,1.4337562512545885e-15,8.768791000449171e-15,3.5457451844201913e-15
3634,"ADXL_X__agg_linear_trend__attr_""slope""__chunk_len_10__f_agg_""min""",8.938522706571945e-15,1.4916100235279586e-30,14.048734252277782,29.826344706868618,1.4916100235279586e-30,8.938522706571945e-15,1.154677013915795e-22
3635,MMA_X__median,9.328337848358711e-15,5.715651009446297e-18,14.030195733273219,17.242934296553354,5.715651009446297e-18,9.328337848358711e-15,2.309058761474631e-16
3636,"ADXL_X__agg_linear_trend__attr_""slope""__chunk_len_5__f_agg_""min""",1.0982590867786847e-14,1.9752480602411512e-24,13.959295194781044,23.70437835602286,1.9752480602411512e-24,1.0982590867786847e-14,1.4728659581923317e-19
3637,ADXL_X__ar_coefficient__coeff_5__k_10,1.1136217315133056e-14,2.8550939837943985e-29,13.95326230271176,28.544379591105876,2.8550939837943985e-29,1.1136217315133056e-14,5.638700830746689e-22
3638,"MMA_Y__fft_coefficient__attr_""angle""__coeff_37",1.1518396493401624e-14,8.841407253249497e-15,13.938607975994278,14.053478604480127,8.841407253249497e-15,1.1518396493401624e-14,1.0091522893129892e-14
3639,"MMA_Y__fft_coefficient__attr_""angle""__coeff_62",1.782330178090135e-15,1.2802017438072214e-14,14.749011839446284,13.892721585572241,1.782330178090135e-15,1.2802017438072214e-14,4.7767585264813485e-15
3640,MMA_X__mean,1.6253984089297602e-14,6.839340717811682e-22,13.789040169705228,21.164985760329017,6.839340717811682e-22,1.6253984089297602e-14,3.3341645911471787e-18
3641,"MMA_Z__fft_coefficient__attr_""imag""__coeff_68",1.74565971341671e-18,1.813600772247996e-14,17.758040410681133,13.74145830795489,1.74565971341671e-18,1.813600772247996e-14,1.7793059895180367e-16
3642,GYRO_Z__ar_coefficient__coeff_0__k_10,2.15075611881938e-14,1.6494999946245334e-58,13.667408832874207,57.78264768153394,1.6494999946245334e-58,2.15075611881938e-14,1.8835265345705247e-36
3643,"ADXL_Y__fft_coefficient__attr_""angle""__coeff_44",2.363476068439953e-15,2.2727440484465683e-14,14.626448790821229,13.643449470832998,2.363476068439953e-15,2.2727440484465683e-14,7.32910374342784e-15
3644,"MMA_Y__cwt_coefficients__coeff_4__w_20__widths_(2, 5, 10, 20)",2.4082655908096223e-14,1.694777144402601e-61,13.618295619464648,60.7708874014841,1.694777144402601e-61,2.4082655908096223e-14,6.388641076907807e-38
3645,"ADXL_Y__fft_coefficient__attr_""angle""__coeff_38",5.477778141217587e-15,2.7563294396519692e-14,14.26139556134751,13.559668876288194,5.477778141217587e-15,2.7563294396519692e-14,1.2287620255574339e-14
3646,"MMA_Y__fft_coefficient__attr_""angle""__coeff_44",2.667563692149334e-15,2.885551351372365e-14,14.573885202336944,13.53977119256682,2.667563692149334e-15,2.885551351372365e-14,8.773478225170087e-15
3647,ADXL_Z__partial_autocorrelation__lag_5,2.901712724722263e-14,1.6152289979874505e-73,13.537345585779589,72.79176589716441,1.6152289979874505e-73,2.901712724722263e-14,6.846116079063059e-44
3648,MMA_Z__ar_coefficient__coeff_10__k_10,3.14589779050047e-14,3.7480548673609513e-19,13.502255391611884,18.426194060148806,3.7480548673609513e-19,3.14589779050047e-14,1.0858635975989503e-16
3649,"GYRO_Z__change_quantiles__f_agg_""mean""__isabs_False__qh_0.4__ql_0.2",4.875170474623527e-53,3.477647721962328e-14,52.31201019332055,13.458714413177612,4.875170474623527e-53,3.477647721962328e-14,1.302080085680313e-33
3650,MMA_Y__has_duplicate_max,1.6959563463944987e-14,3.695898791932322e-14,13.7705853305958,13.432279929959272,1.6959563463944987e-14,3.695898791932322e-14,2.503613990176877e-14
3651,"ADXL_Y__cwt_coefficients__coeff_4__w_20__widths_(2, 5, 10, 20)",4.0581836091022406e-14,2.1326765620997952e-59,13.391668307569796,58.67107500387841,2.1326765620997952e-59,4.0581836091022406e-14,9.303114031242392e-37
3652,MMA_X__sum_values,4.654353730024553e-14,1.5587617757265024e-21,13.332140613494511,20.80722025260644,1.5587617757265024e-21,4.654353730024553e-14,8.517645616643336e-18
3653,"MMA_X__fft_coefficient__attr_""real""__coeff_0",4.654353730024553e-14,1.5587617757265024e-21,13.332140613494511,20.80722025260644,1.5587617757265024e-21,4.654353730024553e-14,8.517645616643336e-18
3654,MMA_Z__ar_coefficient__coeff_5__k_10,5.2392842790710876e-14,5.096462966954904e-36,13.280728036466657,35.29273112720702,5.096462966954904e-36,5.2392842790710876e-14,5.167380216476704e-25
3655,"ADXL_X__agg_linear_trend__attr_""rvalue""__chunk_len_50__f_agg_""mean""",5.3244996870149896e-14,1.6211281821947832e-16,13.273721194157154,15.790182644239113,1.6211281821947832e-16,5.3244996870149896e-14,2.9379748975624863e-15
3656,ADXL_Z__partial_autocorrelation__lag_6,5.4476621553922736e-14,3.8650972094933246e-62,13.263789833657391,61.41283957884381,3.8650972094933246e-62,5.4476621553922736e-14,4.5886538107672784e-38
3657,"MMA_Y__fft_coefficient__attr_""imag""__coeff_66",6.040999709513036e-14,5.708565631148621e-21,13.218891185153979,20.24347300151462,5.708565631148621e-21,6.040999709513036e-14,1.857025668091449e-17
3658,"MMA_X__agg_linear_trend__attr_""rvalue""__chunk_len_50__f_agg_""mean""",6.332493010829476e-14,5.967216963710174e-17,13.198425280867832,16.22422817123432,5.967216963710174e-17,6.332493010829476e-14,1.9438971093346933e-15
3659,"ADXL_Z__fft_coefficient__attr_""imag""__coeff_68",6.240916876617128e-18,8.498023131269051e-14,17.20475160179132,13.070682091113198,6.240916876617128e-18,8.498023131269051e-14,7.282544608707848e-16
3660,"MMA_Z__fft_coefficient__attr_""angle""__coeff_31",2.0186166700234903e-14,8.768875534057365e-14,13.694946144602383,13.057056094280947,2.0186166700234903e-14,8.768875534057365e-14,4.207255439168073e-14
3661,MMA_X__sum_of_reoccurring_data_points,9.32617733744401e-14,4.3383768217996444e-20,13.030296330684966,19.362672728826936,4.3383768217996444e-20,9.32617733744401e-14,6.360854627859389e-17
3662,"ADXL_Z__fft_coefficient__attr_""angle""__coeff_37",4.1875466197673425e-14,9.829172673557677e-14,13.378040344947337,13.007483035416042,4.1875466197673425e-14,9.829172673557677e-14,6.415615231937306e-14
3663,"GYRO_Y__fft_coefficient__attr_""angle""__coeff_1",1.0819181827283829e-13,5.944609098257555e-15,12.965805580387574,14.225876698160729,5.944609098257555e-15,1.0819181827283829e-13,2.5360561256836225e-14
3664,"GYRO_Z__fft_coefficient__attr_""imag""__coeff_1",4.794755613658065e-24,1.2083692134378511e-13,23.319233523705947,12.917800348116053,4.794755613658065e-24,1.2083692134378511e-13,7.611724554595179e-19
3665,"ADXL_Z__fft_coefficient__attr_""angle""__coeff_29",8.979141464454877e-14,1.2576280157877529e-13,13.046765186169496,12.900447796553948,8.979141464454877e-14,1.2576280157877529e-13,1.0626579818276399e-13
3666,"MMA_Y__fft_coefficient__attr_""angle""__coeff_35",1.1662079640963212e-14,1.31885810525985e-13,13.933223997084692,12.879801927287282,1.1662079640963212e-14,1.31885810525985e-13,3.9218144090038497e-14
3667,"ADXL_Z__fft_coefficient__attr_""angle""__coeff_31",3.3581673034543275e-14,1.57615850060103e-13,13.473897671164897,12.802400111418054,3.3581673034543275e-14,1.57615850060103e-13,7.275303390086201e-14
3668,"MMA_Y__fft_coefficient__attr_""angle""__coeff_30",1.4946080915047062e-14,1.653657213308143e-13,13.82547267089135,12.781554510380419,1.4946080915047062e-14,1.653657213308143e-13,4.9714881590782e-14
3669,GYRO_Y__max_langevin_fixed_point__m_3__r_30,1.691176835449191e-13,1.7198429547608622e-120,12.771810978656262,119.76451120832189,1.7198429547608622e-120,1.691176835449191e-13,5.393105381597935e-67
3670,MMA_X__ar_coefficient__coeff_5__k_10,1.7800828698349885e-13,2.2904657356841607e-36,12.749559779110037,35.640076200685364,2.2904657356841607e-36,1.7800828698349885e-13,6.385310344873904e-25
3671,"MMA_Y__cwt_coefficients__coeff_2__w_10__widths_(2, 5, 10, 20)",2.121558268730661e-13,2.9040862146241313e-62,12.67334503580843,61.53699049472824,2.9040862146241313e-62,2.121558268730661e-13,7.849323615282116e-38
3672,"ADXL_Y__fft_coefficient__attr_""imag""__coeff_66",2.1640494836183425e-13,5.650106148076318e-21,12.664732812781418,20.24794339304945,5.650106148076318e-21,2.1640494836183425e-13,3.4967283697955974e-17
3673,MMA_Y__value_count__value_0,2.2362245034490015e-13,1.3845364715095922e-173,12.650484598050967,172.85869559956683,1.3845364715095922e-173,2.2362245034490015e-13,1.7595835824161834e-93
3674,"MMA_Z__fft_coefficient__attr_""angle""__coeff_37",1.124088648563058e-13,2.515750023584068e-13,12.949199437820662,12.59933251456681,1.124088648563058e-13,2.515750023584068e-13,1.6816438517513442e-13
3675,"MMA_Z__fft_coefficient__attr_""angle""__coeff_29",2.0213741339813933e-13,2.624747532322154e-13,12.694353295942559,12.580912463912282,2.0213741339813933e-13,2.624747532322154e-13,2.3033881066957636e-13
3676,MMA_X__count_above__t_0,3.20112097728176e-13,2.055960655208867e-13,12.494697912618411,12.686985200663717,2.055960655208867e-13,3.20112097728176e-13,2.565419806163322e-13
3677,GYRO_Y__friedrich_coefficients__coeff_3__m_3__r_30,3.580611591235359e-13,1.994392198587412e-26,12.446042786760202,25.700189433319498,1.994392198587412e-26,3.580611591235359e-13,8.450528873231225e-20
3678,"MMA_Y__fft_coefficient__attr_""angle""__coeff_53",1.77252158666092e-13,3.5864644686195783e-13,12.75140846705568,12.445333467396198,1.77252158666092e-13,3.5864644686195783e-13,2.5213261769197153e-13
3679,ADXL_X__median,4.013745458998111e-13,7.189119305531458e-16,12.39645017276974,15.143324309085079,7.189119305531458e-16,4.013745458998111e-13,1.6986846372052862e-14
3680,"ADXL_Y__fft_coefficient__attr_""angle""__coeff_30",3.97097340170289e-14,4.045068977673063e-13,13.40110302190926,12.393074068274856,3.97097340170289e-14,4.045068977673063e-13,1.2673934400332532e-13
3681,ADXL_X__mean,4.5066221366705944e-13,5.968162952666686e-20,12.346148854362665,19.224159327546477,5.968162952666686e-20,4.5066221366705944e-13,1.6400077828396128e-16
3682,"ADXL_Y__fft_coefficient__attr_""angle""__coeff_35",5.3294492409110086e-14,4.89571950925232e-13,13.273317669771199,12.3101834722092,5.3294492409110086e-14,4.89571950925232e-13,1.6152860001342795e-13
3683,"GYRO_Z__agg_linear_trend__attr_""slope""__chunk_len_50__f_agg_""mean""",8.02946282200577e-34,5.437217898614957e-13,33.095313508425214,12.264623262129822,8.02946282200577e-34,5.437217898614957e-13,2.0894482279317937e-23
3684,"MMA_Y__fft_coefficient__attr_""angle""__coeff_61",5.660986295793073e-13,3.316128490611313e-13,12.24710789646122,12.479368650111404,3.316128490611313e-13,5.660986295793073e-13,4.332731002547886e-13
3685,"GYRO_Z__agg_linear_trend__attr_""slope""__chunk_len_10__f_agg_""mean""",8.126493498784509e-34,6.214010234468806e-13,33.09009680774291,12.206628035797866,8.126493498784509e-34,6.214010234468806e-13,2.2471785370057082e-23
3686,"GYRO_Z__agg_linear_trend__attr_""slope""__chunk_len_5__f_agg_""mean""",8.127522397048055e-34,6.236875644809663e-13,33.09004182504304,12.205032915129783,8.127522397048055e-34,6.236875644809663e-13,2.2514516759369736e-23
3687,"GYRO_Z__linear_trend__attr_""slope""",8.017477690274447e-34,6.308814741546753e-13,33.09596223988149,12.200052225471694,8.017477690274447e-34,6.308814741546753e-13,2.2490171507221914e-23
3688,"ADXL_Y__fft_coefficient__attr_""angle""__coeff_61",6.73601182832762e-13,5.179649127377222e-13,12.171597158893665,12.285699658634117,5.179649127377222e-13,6.73601182832762e-13,5.906790819776827e-13
3689,"ADXL_Z__fft_coefficient__attr_""angle""__coeff_25",1.4561944264518318e-13,8.881055438342269e-13,12.836780635532634,12.051535418927457,1.4561944264518318e-13,8.881055438342269e-13,3.5961845656645243e-13
3690,"ADXL_Z__fft_coefficient__attr_""imag""__coeff_66",1.041588528184561e-12,4.73721240939322e-13,11.982303811968643,12.324477141731993,4.73721240939322e-13,1.041588528184561e-12,7.024404673136024e-13
3691,"ADXL_Z__cwt_coefficients__coeff_1__w_20__widths_(2, 5, 10, 20)",1.0694671826618429e-12,1.500285984490112e-102,11.970832537513717,101.82382594784593,1.500285984490112e-102,1.0694671826618429e-12,1.2666912113927725e-57
3692,ADXL_X__sum_values,1.09296948571621e-12,6.935449517335018e-19,11.961391962817048,18.158925385121144,6.935449517335018e-19,1.09296948571621e-12,8.706454325483131e-16
3693,"ADXL_X__fft_coefficient__attr_""real""__coeff_0",1.09296948571621e-12,6.935449517335018e-19,11.961391962817048,18.158925385121144,6.935449517335018e-19,1.09296948571621e-12,8.706454325483131e-16
3694,"MMA_Z__fft_coefficient__attr_""angle""__coeff_39",5.015489856871871e-13,1.181027863732218e-12,12.299686643551459,11.92773985605084,5.015489856871871e-13,1.181027863732218e-12,7.696384392188317e-13
3695,"ADXL_Y__cwt_coefficients__coeff_2__w_10__widths_(2, 5, 10, 20)",1.27775336657221e-12,3.341605476847008e-59,11.893552966109914,58.47604482593946,3.341605476847008e-59,1.27775336657221e-12,6.534330606724302e-36
3696,"MMA_Z__cwt_coefficients__coeff_1__w_20__widths_(2, 5, 10, 20)",1.4216352873246958e-12,6.041593094121443e-102,11.847211805166037,101.21884852814063,6.041593094121443e-102,1.4216352873246958e-12,2.9306896687060256e-57
3697,"MMA_Y__fft_coefficient__attr_""imag""__coeff_45",1.492653845053655e-12,1.0076735772424393e-23,11.826040895967738,22.99668012916146,1.0076735772424393e-23,1.492653845053655e-12,3.878282918547715e-18
3698,"MMA_Z__fft_coefficient__attr_""imag""__coeff_66",1.5962398599936837e-12,1.4119797669078062e-12,11.796901848546243,11.850171526501814,1.4119797669078062e-12,1.5962398599936837e-12,1.5012855775777077e-12
3699,"MMA_Y__fft_coefficient__attr_""angle""__coeff_38",4.062542086860758e-13,1.6530675573658353e-12,12.391202126813878,11.781709397371287,4.062542086860758e-13,1.6530675573658353e-12,8.194910935588511e-13
3700,"MMA_Z__fft_coefficient__attr_""angle""__coeff_25",2.763419353830512e-13,1.6584349029053205e-12,12.558553205117832,11.780301570791382,2.763419353830512e-13,1.6584349029053205e-12,6.769749705680846e-13
3701,"ADXL_Y__fft_coefficient__attr_""angle""__coeff_62",3.1848876344104965e-13,1.844400661566039e-12,12.496905885343173,11.734144730675993,3.1848876344104965e-13,1.844400661566039e-12,7.664338758118809e-13
3702,"GYRO_Z__change_quantiles__f_agg_""mean""__isabs_False__qh_0.8__ql_0.6",2.464912093433051e-17,1.860780342530139e-12,16.608198564426388,11.730304890521786,2.464912093433051e-17,1.860780342530139e-12,6.7724884418690844e-15
3703,ADXL_X__sum_of_reoccurring_data_points,1.917372991121021e-12,5.9651306089096525e-18,11.717293394566548,17.224380042838945,5.9651306089096525e-18,1.917372991121021e-12,3.3819196202796804e-15
3704,"ADXL_Y__fft_coefficient__attr_""angle""__coeff_41",6.44300963208211e-13,1.950307111945555e-12,12.190911219397565,11.70989699554959,6.44300963208211e-13,1.950307111945555e-12,1.1209749108603392e-12
3705,GYRO_Z__skewness,2.7512124012116864e-12,1.0677140539931325e-15,11.560475879580029,14.971545040753595,1.0677140539931325e-15,2.7512124012116864e-12,5.4198783623748516e-14
3706,"ADXL_Y__fft_coefficient__attr_""imag""__coeff_45",2.761494010924418e-12,1.874324082581377e-23,11.558855894328879,22.727155314671283,1.874324082581377e-23,2.761494010924418e-12,7.194396936908525e-18
3707,"MMA_Y__fft_coefficient__attr_""imag""__coeff_85",2.776191058280882e-12,1.2990567163109988e-12,11.556550648915366,11.88637188738487,1.2990567163109988e-12,2.776191058280882e-12,1.899060199157025e-12
3708,"ADXL_Z__fft_coefficient__attr_""angle""__coeff_24",8.003078356567801e-13,3.53896219046843e-12,12.09674293099328,11.451124077249075,8.003078356567801e-13,3.53896219046843e-12,1.6829317190917065e-12
3709,"MMA_X__agg_linear_trend__attr_""rvalue""__chunk_len_5__f_agg_""min""",4.140226312018952e-12,1.1728789634802337e-22,11.382975918933514,21.93074680306335,1.1728789634802337e-22,4.140226312018952e-12,2.2036298113372807e-17
3710,"MMA_X__linear_trend__attr_""intercept""",1.120228632949973e-16,4.787715853594164e-12,15.950693330994852,11.319871632467374,1.120228632949973e-16,4.787715853594164e-12,2.3158878180137965e-14
3711,GYRO_X__count_below__t_0,4.905884462469743e-12,1.9324482281515654e-50,11.309282683994024,49.713892132353635,1.9324482281515654e-50,4.905884462469743e-12,3.0790205808042187e-31
3712,"MMA_X__agg_linear_trend__attr_""intercept""__chunk_len_5__f_agg_""mean""",1.1494470281115996e-16,5.080325910945416e-12,15.939511038251961,11.294108426144224,1.1494470281115996e-16,5.080325910945416e-12,2.416519298531374e-14
3713,"MMA_Y__cwt_coefficients__coeff_5__w_2__widths_(2, 5, 10, 20)",5.132828935995483e-12,1.937070475442138e-56,11.289643209417628,55.71285457827994,1.937070475442138e-56,5.132828935995483e-12,3.1531970105611754e-34
3714,"MMA_X__agg_linear_trend__attr_""intercept""__chunk_len_10__f_agg_""mean""",1.1896262612354497e-16,5.420223004924367e-12,15.924589457243535,11.265982844860929,1.1896262612354497e-16,5.420223004924367e-12,2.5392990427302076e-14
3715,"ADXL_X__change_quantiles__f_agg_""mean""__isabs_False__qh_0.8__ql_0.0",7.264957264240085e-14,5.4520130310699935e-12,13.138766936074742,11.263443114811864,7.264957264240085e-14,5.4520130310699935e-12,6.293539677701536e-13
3716,"MMA_X__fft_coefficient__attr_""imag""__coeff_2",5.508338145036915e-12,4.943642907700444e-13,11.258979407192168,12.305952907016353,4.943642907700444e-13,5.508338145036915e-12,1.650189589226873e-12
3717,"GYRO_Y__agg_linear_trend__attr_""intercept""__chunk_len_50__f_agg_""mean""",5.868996919864136e-12,1.0493944373618405e-13,11.231436118410496,12.97906124224313,1.0493944373618405e-13,5.868996919864136e-12,7.847861314141069e-13
3718,MMA_X__count_below__t_0,6.488634410067367e-12,3.090922370363292e-12,11.187846694659738,11.509911902263198,3.090922370363292e-12,6.488634410067367e-12,4.478377524415092e-12
3719,"ADXL_Y__fft_coefficient__attr_""real""__coeff_4",1.4892249808547557e-15,6.7261707112483625e-12,14.82703968736341,11.17223211442068,1.4892249808547557e-15,6.7261707112483625e-12,1.00083872070802e-13
3720,"ADXL_Z__fft_coefficient__attr_""imag""__coeff_30",7.28200170767612e-12,7.876609423138901e-18,11.13774922355722,17.103660689325793,7.876609423138901e-18,7.28200170767612e-12,7.57347233902622e-15
3721,"ADXL_Z__fft_coefficient__attr_""angle""__coeff_35",4.741639701614036e-12,7.376161545874258e-12,11.324071449418499,11.132169580333835,4.741639701614036e-12,7.376161545874258e-12,5.913975011059495e-12
3722,"GYRO_Y__agg_linear_trend__attr_""intercept""__chunk_len_10__f_agg_""mean""",7.698890330198707e-12,1.320886419516488e-13,11.113571866801607,12.879134524927458,1.320886419516488e-13,7.698890330198707e-12,1.0084324311775322e-12
3723,"MMA_Y__fft_coefficient__attr_""real""__coeff_4",1.9458496808534472e-15,7.72683566031361e-12,14.710890712524703,11.11199832453224,1.9458496808534472e-15,7.72683566031361e-12,1.226183538611911e-13
3724,"GYRO_Y__agg_linear_trend__attr_""intercept""__chunk_len_5__f_agg_""mean""",7.956975268827655e-12,1.3534823447531924e-13,11.099251991772825,12.86854740492951,1.3534823447531924e-13,7.956975268827655e-12,1.0377680638753544e-12
3725,"GYRO_Y__linear_trend__attr_""intercept""",8.163471012731644e-12,1.3824811232753808e-13,11.088125145025892,12.859340789942474,1.3824811232753808e-13,8.163471012731644e-12,1.0623485574662984e-12
3726,"MMA_Y__fft_coefficient__attr_""angle""__coeff_41",4.05253834260789e-12,9.241234984424964e-12,11.392272867434597,11.034269986455097,4.05253834260789e-12,9.241234984424964e-12,6.119678023183212e-12
3727,"MMA_X__agg_linear_trend__attr_""intercept""__chunk_len_50__f_agg_""mean""",1.5929896259850127e-16,9.342771615981343e-12,15.79778705244252,11.029524267349647,1.5929896259850127e-16,9.342771615981343e-12,3.857841140094485e-14
3728,"ADXL_Y__fft_coefficient__attr_""imag""__coeff_85",2.6011362811531157e-12,9.8562417974315e-12,11.584836893247306,11.006288650755732,2.6011362811531157e-12,9.8562417974315e-12,5.063341597711622e-12
3729,ADXL_X__partial_autocorrelation__lag_7,1.0297195350161597e-11,7.353380949227853e-123,10.987281048092198,122.13351293438703,7.353380949227853e-123,1.0297195350161597e-11,2.7517121964034668e-67
3730,"GYRO_Z__agg_linear_trend__attr_""rvalue""__chunk_len_5__f_agg_""mean""",8.11535331775803e-29,1.0481450670691149e-11,28.090692567567586,10.979578605264907,8.11535331775803e-29,1.0481450670691149e-11,2.9165163376074294e-20
3731,"GYRO_Z__agg_linear_trend__attr_""rvalue""__chunk_len_10__f_agg_""mean""",3.0776227730777596e-28,1.0637253038608585e-11,27.511784613097973,10.97317050965373,3.0776227730777596e-28,1.0637253038608585e-11,5.721665159253238e-20
3732,"GYRO_Z__linear_trend__attr_""rvalue""",4.326812961157852e-29,1.0795989744033043e-11,28.36383187801429,10.9667375366861,4.326812961157852e-29,1.0795989744033043e-11,2.1613011903251574e-20
3733,"MMA_Y__fft_coefficient__attr_""angle""__coeff_36",2.81987950727702e-13,1.0996469852463152e-11,12.54976944857521,10.958746712083151,2.81987950727702e-13,1.0996469852463152e-11,1.7609292998116194e-12
3734,"ADXL_Z__fft_coefficient__attr_""imag""__coeff_45",1.1100762495834882e-11,9.807453600493977e-18,10.954647189108814,17.00844373786038,9.807453600493977e-18,1.1100762495834882e-11,1.0434088992720176e-14
3735,"ADXL_X__fft_coefficient__attr_""imag""__coeff_2",1.125517956143504e-11,7.825883305560037e-13,10.948647572016785,12.10646663230158,7.825883305560037e-13,1.125517956143504e-11,2.967856496377731e-12
3736,"GYRO_Z__agg_linear_trend__attr_""rvalue""__chunk_len_50__f_agg_""mean""",1.8970168767911505e-23,1.1821526067046148e-11,22.721928805397756,10.927326455796846,1.8970168767911505e-23,1.1821526067046148e-11,1.49751909699386e-17
3737,GYRO_X__count_above__t_0,1.2153817591323932e-11,1.5599345322258923e-47,10.9152872859808,46.80689362785686,1.5599345322258923e-47,1.2153817591323932e-11,1.3769226470314417e-29
3738,"MMA_Z__fft_coefficient__attr_""imag""__coeff_30",1.2739413965826596e-11,1.2744672582854973e-17,10.894850549807702,16.894671317298354,1.2744672582854973e-17,1.2739413965826596e-11,1.2742043003063126e-14
3739,"MMA_Z__fft_coefficient__attr_""imag""__coeff_45",1.4983506320350612e-11,1.650400732296231e-17,10.824386544621047,16.782410592334866,1.650400732296231e-17,1.4983506320350612e-11,1.5725390234735625e-14
3740,"MMA_Y__fft_coefficient__attr_""angle""__coeff_58",7.696620018680202e-12,1.5936216101467285e-11,11.113699953984103,10.797614789673487,7.696620018680202e-12,1.5936216101467285e-11,1.1074971777325976e-11
3741,"ADXL_X__agg_linear_trend__attr_""rvalue""__chunk_len_5__f_agg_""min""",1.6326106911819996e-11,5.791670994807318e-22,10.787117363841656,21.237196116907256,5.791670994807318e-22,1.6326106911819996e-11,9.723962148183792e-17
3742,GYRO_Y__friedrich_coefficients__coeff_1__m_3__r_30,8.089576315411042e-15,1.8102624140969707e-11,14.092074223591373,10.742258465609405,8.089576315411042e-15,1.8102624140969707e-11,3.8267814086720017e-13
3743,"ADXL_Z__fft_coefficient__attr_""angle""__coeff_23",1.4995116382511432e-11,1.9612412246449223e-11,10.82405015917512,10.707468986602873,1.4995116382511432e-11,1.9612412246449223e-11,1.7149064236199553e-11
3744,"ADXL_Z__fft_coefficient__attr_""imag""__coeff_63",2.0825402536413262e-11,3.5936059296545863e-16,10.681406595315966,15.4444695488074,3.5936059296545863e-16,2.0825402536413262e-11,8.650912671059531e-14
3745,"MMA_Z__fft_coefficient__attr_""angle""__coeff_24",6.367121748533263e-12,2.225583553418973e-11,11.196056845721104,10.652556096682446,6.367121748533263e-12,2.225583553418973e-11,1.190401673644316e-11
3746,"GYRO_X__fft_coefficient__attr_""real""__coeff_5",1.0293171452238414e-12,2.322889622552963e-11,11.987450793167922,10.633971426211414,1.0293171452238414e-12,2.322889622552963e-11,4.889775163498116e-12
3747,"MMA_Z__fft_coefficient__attr_""angle""__coeff_23",1.9360864634862884e-11,2.3894252688582468e-11,10.71307525148192,10.621706547829948,1.9360864634862884e-11,2.3894252688582468e-11,2.1508449313115387e-11
3748,"ADXL_X__linear_trend__attr_""intercept""",2.633918947843974e-16,2.7959094538895067e-11,15.57939759347663,10.553476897415946,2.633918947843974e-16,2.7959094538895067e-11,8.581491063361698e-14
3749,"ADXL_X__agg_linear_trend__attr_""intercept""__chunk_len_5__f_agg_""mean""",2.713115965870892e-16,2.9833145194734674e-11,15.566531642927874,10.525300958213121,2.713115965870892e-16,2.9833145194734674e-11,8.99670953960275e-14
3750,"MMA_Z__fft_coefficient__attr_""imag""__coeff_63",3.093348869610556e-11,9.897574103357435e-16,10.50957109726076,15.00447123799114,9.897574103357435e-16,3.093348869610556e-11,1.7497614027205949e-13
3751,"ADXL_X__agg_linear_trend__attr_""intercept""__chunk_len_10__f_agg_""mean""",2.818969741452979e-16,3.1933587854980495e-11,15.549909585778106,10.495752284151356,2.818969741452979e-16,3.1933587854980495e-11,9.48787741801191e-14
3752,"MMA_Y__fft_coefficient__attr_""imag""__coeff_74",3.2393933783317124e-11,3.4658068152303912e-18,10.489536309888813,17.46019564860931,3.4658068152303912e-18,3.2393933783317124e-11,1.0595806551572302e-14
3753,"ADXL_Z__fft_coefficient__attr_""imag""__coeff_43",3.5620481896954734e-11,3.3071677799284177e-17,10.448300209415937,16.480543771808787,3.3071677799284177e-17,3.5620481896954734e-11,3.432242853224873e-14
3754,"MMA_Y__fft_coefficient__attr_""imag""__coeff_76",3.748388992485252e-11,2.8982222953154205e-15,10.426155346139721,14.53786830695099,2.8982222953154205e-15,3.748388992485252e-11,3.296007364909196e-13
3755,"ADXL_Y__fft_coefficient__attr_""angle""__coeff_36",1.4035228231121974e-12,4.444535396637804e-11,11.852780520777246,10.352173630694269,1.4035228231121974e-12,4.444535396637804e-11,7.898105385034553e-12
3756,"ADXL_Y__fft_coefficient__attr_""imag""__coeff_74",5.0062866186666566e-11,2.898412046053928e-17,10.30048428989719,16.53783987400392,2.898412046053928e-17,5.0062866186666566e-11,3.809236333117443e-14
3757,"ADXL_X__agg_linear_trend__attr_""intercept""__chunk_len_50__f_agg_""mean""",3.914944202770305e-16,5.337835134721877e-11,15.407274423287173,10.272634844034135,3.914944202770305e-16,5.337835134721877e-11,1.4455907690637438e-13
3758,"ADXL_Z__fft_coefficient__attr_""imag""__coeff_47",5.622139441475798e-11,3.906482189360361e-13,10.250098387132619,12.408214151408199,3.906482189360361e-13,5.622139441475798e-11,4.68644722516168e-12
3759,"ADXL_Z__fft_coefficient__attr_""angle""__coeff_26",1.812887792730484e-11,5.826101079738247e-11,10.74162907538934,10.234621984865965,1.812887792730484e-11,5.826101079738247e-11,3.2499334649606843e-11
3760,"MMA_Z__fft_coefficient__attr_""imag""__coeff_43",6.028658390578333e-11,5.4092911644263714e-17,10.219779324409659,16.26685964127925,5.4092911644263714e-17,6.028658390578333e-11,5.710583907579004e-14
3761,"MMA_Z__fft_coefficient__attr_""imag""__coeff_47",6.131215210218374e-11,1.5547856921677964e-13,10.212453439545587,12.808329464594133,1.5547856921677964e-13,6.131215210218374e-11,3.0875112444247222e-12
3762,"MMA_Z__fft_coefficient__attr_""angle""__coeff_35",3.3628171595681926e-11,6.265044079861845e-11,10.473296745159132,10.203075869031617,3.3628171595681926e-11,6.265044079861845e-11,4.5900106467426117e-11
3763,"MMA_Y__fft_coefficient__attr_""angle""__coeff_57",3.463186281531502e-11,6.383665137254234e-11,10.460524147530707,10.194929902493314,3.463186281531502e-11,6.383665137254234e-11,4.7018955251291764e-11
3764,"GYRO_Y__fft_coefficient__attr_""imag""__coeff_1",6.766085892714188e-11,2.4191812537837747e-15,10.169662493320867,14.616331591510322,2.4191812537837747e-15,6.766085892714188e-11,4.0457864690496233e-13
3765,"ADXL_Z__fft_coefficient__attr_""angle""__coeff_39",4.4663768385278364e-11,8.711568937387494e-11,10.35004463729036,10.059903622318577,4.4663768385278364e-11,8.711568937387494e-11,6.23771991429449e-11
3766,"ADXL_Z__fft_coefficient__attr_""imag""__coeff_72",1.0817331584312423e-11,8.771291969268085e-11,10.965879857633574,10.056936432426596,1.0817331584312423e-11,8.771291969268085e-11,3.080291766284317e-11
3767,"GYRO_X__fft_coefficient__attr_""real""__coeff_4",9.230734644419384e-11,9.710788061444457e-13,10.034763733500522,12.012745524278506,9.710788061444457e-13,9.230734644419384e-11,9.467719249290692e-12
3768,"ADXL_Y__fft_coefficient__attr_""imag""__coeff_76",1.000118302929444e-10,5.48751199976979e-15,9.999948624729413,14.260624517059052,5.48751199976979e-15,1.000118302929444e-10,7.408212462203498e-13
3769,ADXL_X__c3__lag_2,1.0179700405741722e-10,1.1069295113583358e-23,9.992265003339908,22.95588003386635,1.1069295113583358e-23,1.0179700405741722e-10,3.356815573709991e-17
3770,"ADXL_Y__fft_coefficient__attr_""angle""__coeff_53",7.564564550556345e-11,1.1212987608383088e-10,10.121216066812442,9.95027865779172,7.564564550556345e-11,1.1212987608383088e-10,9.209851712606576e-11
3771,"ADXL_Y__fft_coefficient__attr_""imag""__coeff_36",1.1809044189466195e-10,9.776735421819513e-39,9.927785252262787,38.009806137540835,9.776735421819513e-39,1.1809044189466195e-10,1.074494767902506e-24
3772,"MMA_Y__fft_coefficient__attr_""imag""__coeff_36",1.2617228459491842e-10,2.52528070136184e-39,9.899036033121979,38.59769034020794,2.52528070136184e-39,1.2617228459491842e-10,5.644647334725893e-25
3773,"MMA_X__fft_coefficient__attr_""imag""__coeff_3",3.586309688819745e-13,1.4096103409061742e-10,12.44535221049657,9.850900922934569,3.586309688819745e-13,1.4096103409061742e-10,7.110062744485675e-12
3774,ADXL_X__c3__lag_3,1.5979943285532048e-10,1.170468969254931e-22,9.79642476637523,21.931640095559832,1.170468969254931e-22,1.5979943285532048e-10,1.3676266941738507e-16
3775,"ADXL_Y__fft_coefficient__attr_""imag""__coeff_35",1.7539687507040754e-10,1.116584532111407e-37,9.755978148437299,36.952108392664336,1.116584532111407e-37,1.7539687507040754e-10,4.4254427765399244e-24
3776,"MMA_Z__cwt_coefficients__coeff_5__w_2__widths_(2, 5, 10, 20)",1.838322541492804e-10,1.1542253821755443e-87,9.735578287454178,86.93770937950096,1.1542253821755443e-87,1.838322541492804e-10,4.606341865316175e-49
3777,MMA_X__partial_autocorrelation__lag_3,2.0031414555590188e-10,1.2829128307462811e-232,9.698288381111041,231.8918028513507,1.2829128307462811e-232,2.0031414555590188e-10,1.6030770022480038e-121
3778,"MMA_X__change_quantiles__f_agg_""mean""__isabs_False__qh_0.8__ql_0.0",3.460358947222792e-11,2.0443604688402423e-10,10.460878848978146,9.689442525452337,3.460358947222792e-11,2.0443604688402423e-10,8.410838864049123e-11
3779,"MMA_Y__fft_coefficient__attr_""imag""__coeff_35",2.2578047411357078e-10,4.241640282858534e-38,9.646313619326028,37.372466165096625,4.241640282858534e-38,2.2578047411357078e-10,3.0946398079308363e-24
3780,"MMA_Y__cwt_coefficients__coeff_1__w_5__widths_(2, 5, 10, 20)",2.2578047411357078e-10,1.2894434982247395e-68,9.646313619326028,67.88959768334134,1.2894434982247395e-68,2.2578047411357078e-10,1.7062566171940343e-39
3781,"MMA_Z__fft_coefficient__attr_""imag""__coeff_32",2.2726247942133343e-10,2.930597565673566e-13,9.643472259503067,12.533043815477273,2.930597565673566e-13,2.2726247942133343e-10,8.160973403712933e-12
3782,"MMA_Z__fft_coefficient__attr_""imag""__coeff_72",2.2927979351487404e-12,2.353072556616801e-10,11.639634218064103,9.628364681216466,2.2927979351487404e-12,2.353072556616801e-10,2.322739739847357e-11
3783,"ADXL_Z__fft_coefficient__attr_""imag""__coeff_37",2.719792173287042e-10,1.453680060672528e-29,9.565464280319835,28.83753116649886,1.453680060672528e-29,2.719792173287042e-10,6.287851502286432e-20
3784,"ADXL_Y__fft_coefficient__attr_""angle""__coeff_39",5.822038455886559e-11,2.77670051124207e-10,10.234924930274024,9.556470959763262,5.822038455886559e-11,2.77670051124207e-10,1.2714581061494397e-10
3785,"ADXL_Z__fft_coefficient__attr_""imag""__coeff_99",2.780319435161398e-10,1.9686934046198711e-10,9.555905304456662,9.705821913648334,1.9686934046198711e-10,2.780319435161398e-10,2.3395718699665307e-10
3786,"MMA_Y__cwt_coefficients__coeff_3__w_20__widths_(2, 5, 10, 20)",3.2245143522726626e-10,1.0620201016124049e-58,9.491535685683083,57.97386726297515,1.0620201016124049e-58,3.2245143522726626e-10,1.850540207628916e-34
3787,"MMA_Y__fft_coefficient__attr_""angle""__coeff_48",1.9491174228806204e-10,3.3704429013433784e-10,9.710161996401638,9.472313025843553,1.9491174228806204e-10,3.3704429013433784e-10,2.563081930378482e-10
3788,"MMA_Y__fft_coefficient__attr_""angle""__coeff_59",2.2562965772275827e-10,3.972401394273805e-10,9.646603815421011,9.400946874348215,2.2562965772275827e-10,3.972401394273805e-10,2.993812898174177e-10
3789,"MMA_Z__fft_coefficient__attr_""imag""__coeff_99",4.196745885778457e-10,3.73141009121247e-10,9.377087326653484,9.42812701829676,3.73141009121247e-10,4.196745885778457e-10,3.9572439839423787e-10
3790,GYRO_Y__symmetry_looking__r_0.05,2.869671873127676e-10,4.3752941739197474e-10,9.542167758958291,9.358992741769658,2.869671873127676e-10,4.3752941739197474e-10,3.5433964818457573e-10
3791,"MMA_Z__fft_coefficient__attr_""angle""__coeff_44",2.9916050435576977e-10,4.6883562086589e-10,9.524095743269356,9.32897939921309,2.9916050435576977e-10,4.6883562086589e-10,3.745091464813511e-10
3792,"MMA_Y__fft_coefficient__attr_""imag""__coeff_67",5.195970963095111e-10,5.628693700752522e-20,9.284333284581843,19.24959238390195,5.628693700752522e-20,5.195970963095111e-10,5.408006012317892e-15
3793,"ADXL_Y__fft_coefficient__attr_""imag""__coeff_67",5.334091226127242e-10,1.0939300950746157e-19,9.272939561074926,18.96101042964185,1.0939300950746157e-19,5.334091226127242e-10,7.63879762929615e-15
3794,"ADXL_Y__cwt_coefficients__coeff_3__w_20__widths_(2, 5, 10, 20)",5.460336098901714e-10,7.027931265702749e-57,9.262780624437022,56.1531724946258,7.027931265702749e-57,5.460336098901714e-10,1.9589504024021826e-33
3795,"ADXL_Y__fft_coefficient__attr_""angle""__coeff_59",3.456199094339915e-10,5.70717217487705e-10,9.461401247940039,9.243579025388469,3.456199094339915e-10,5.70717217487705e-10,4.4412974795719354e-10
3796,"ADXL_Y__fft_coefficient__attr_""angle""__coeff_48",4.0069868042599624e-10,6.240895240258296e-10,9.397182087776065,9.20475310743027,4.0069868042599624e-10,6.240895240258296e-10,5.000718435833376e-10
3797,"ADXL_Z__fft_coefficient__attr_""imag""__coeff_71",7.766309005287057e-13,6.25903192452899e-10,12.109785333771782,9.20349283329869,7.766309005287057e-13,6.25903192452899e-10,2.2047579458944848e-11
3798,"ADXL_Y__fft_coefficient__attr_""angle""__coeff_57",3.8166639650879657e-10,6.401842215136571e-10,9.41831607545366,9.193695034025058,3.8166639650879657e-10,6.401842215136571e-10,4.943043646650378e-10
3799,"MMA_Z__fft_coefficient__attr_""imag""__coeff_37",6.505044273596002e-10,1.969633220457544e-29,9.186749743266422,28.705614639402743,1.969633220457544e-29,6.505044273596002e-10,1.1319254084002972e-19
3800,MMA_X__ar_coefficient__coeff_9__k_10,6.53299093259747e-10,3.488502717051886e-14,9.184887944584657,13.457360934430522,3.488502717051886e-14,6.53299093259747e-10,4.773924655756688e-12
3801,"ADXL_Z__fft_coefficient__attr_""imag""__coeff_32",6.673317797777003e-10,2.4199560240020825e-13,9.175658192617458,12.616192526047156,2.4199560240020825e-13,6.673317797777003e-10,1.2707924930849555e-11
3802,"ADXL_Y__fft_coefficient__attr_""angle""__coeff_69",6.204631481090237e-11,6.881677489724549e-10,10.207284007957641,9.162305684478094,6.204631481090237e-11,6.881677489724549e-10,2.0663560389113723e-10
3803,GYRO_Y__ar_coefficient__coeff_8__k_10,6.953826418139865e-10,3.063948309739075e-10,9.157776154404111,9.513718565731486,3.063948309739075e-10,6.953826418139865e-10,4.615860125705562e-10
3804,"MMA_Z__fft_coefficient__attr_""imag""__coeff_82",1.3475795575831834e-10,7.232684853673799e-10,9.870445585770584,9.140700457796873,1.3475795575831834e-10,7.232684853673799e-10,3.121957439692657e-10
3805,"ADXL_Z__fft_coefficient__attr_""imag""__coeff_40",7.372224425711283e-10,1.4469963215283763e-22,9.132401452432285,21.83953257291825,1.4469963215283763e-22,7.372224425711283e-10,3.26612639459741e-16
3806,GYRO_Y__ar_coefficient__coeff_6__k_10,5.3203160375929634e-14,7.943374126899881e-10,13.274062568963213,9.099994982028008,5.3203160375929634e-14,7.943374126899881e-10,6.500866154594051e-12
3807,ADXL_X__ar_coefficient__coeff_9__k_10,9.191182397413952e-10,5.273718953337372e-10,9.03662861531239,9.27788301831714,5.273718953337372e-10,9.191182397413952e-10,6.96216294069758e-10
3808,"MMA_Z__fft_coefficient__attr_""imag""__coeff_40",9.408625521329094e-10,3.7188047765391283e-22,9.026473816753606,21.42959661989249,3.7188047765391283e-22,9.408625521329094e-10,5.91513664503083e-16
3809,"ADXL_Y__fft_coefficient__attr_""angle""__coeff_58",6.248475214440868e-10,9.74039862475107e-10,9.204225948535177,9.011423269303394,6.248475214440868e-10,9.74039862475107e-10,7.801451107680607e-10
3810,MMA_X__value_count__value_1,9.955408326213007e-10,6.746131475447831e-65,9.001940922458836,64.1709451990933,6.746131475447831e-65,9.955408326213007e-10,2.591534168410692e-37
3811,"ADXL_X__fft_coefficient__attr_""imag""__coeff_3",1.4440661966868809e-12,1.0192866685868367e-09,11.84041289804277,8.991703655957757,1.4440661966868809e-12,1.0192866685868367e-09,3.836557601339819e-11
3812,"ADXL_Y__fft_coefficient__attr_""angle""__coeff_74",7.158027859943676e-10,1.1042319520642787e-09,9.145206615614041,8.956939690265585,7.158027859943676e-10,1.1042319520642787e-09,8.89051352662831e-10
3813,"GYRO_Z__fft_coefficient__attr_""real""__coeff_1",3.649811068911411e-10,1.2133419297618694e-09,9.437729616051165,8.91601679411875,3.649811068911411e-10,1.2133419297618694e-09,6.654674151015362e-10
3814,"MMA_Z__fft_coefficient__attr_""imag""__coeff_71",1.6282445631399253e-12,1.2170862053106166e-09,11.788280363301137,8.914678659925391,1.6282445631399253e-12,1.2170862053106166e-09,4.451644636164947e-11
3815,"MMA_Y__fft_coefficient__attr_""angle""__coeff_39",3.1155813092013767e-10,1.2560903166269582e-09,9.506460910216731,8.900979132412106,3.1155813092013767e-10,1.2560903166269582e-09,6.255758557642543e-10
3816,"ADXL_Z__fft_coefficient__attr_""imag""__coeff_97",1.269520118748986e-09,6.740223352455509e-12,8.896360412244034,11.171325711902105,6.740223352455509e-12,1.269520118748986e-09,9.25032385963e-11
3817,"ADXL_Y__fft_coefficient__attr_""angle""__coeff_89",7.078493617956093e-10,1.2841039080973115e-09,9.150059155165641,8.891399832273832,7.078493617956093e-10,1.2841039080973115e-09,9.533898110562802e-10
3818,"MMA_Z__fft_coefficient__attr_""imag""__coeff_65",7.964055041370878e-12,1.3133487867484184e-09,11.098865747127672,8.8816199227722,7.964055041370878e-12,1.3133487867484184e-09,1.0227209798465106e-10
3819,"MMA_X__fft_coefficient__attr_""imag""__coeff_8",1.4874395545318593e-11,1.3342733072586983e-09,10.827560673778674,8.874755202145936,1.4874395545318593e-11,1.3342733072586983e-09,1.4087763817485828e-10
3820,"MMA_X__fft_coefficient__attr_""angle""__coeff_0",9.665063845405094e-10,1.4202990773117623e-09,9.014795272766774,8.847620195088947,9.665063845405094e-10,1.4202990773117623e-09,1.1716348092212065e-09
3821,MMA_X__time_reversal_asymmetry_statistic__lag_2,1.002099080634658e-09,1.4761279793202621e-09,8.999089336307533,8.830875987836071,1.002099080634658e-09,1.4761279793202621e-09,1.2162345542599626e-09
3822,"ADXL_Z__fft_coefficient__attr_""angle""__coeff_44",9.430173201935375e-10,1.477015183468102e-09,9.025480330597349,8.830615040190745,9.430173201935375e-10,1.477015183468102e-09,1.1801910439413e-09
3823,"MMA_Z__fft_coefficient__attr_""angle""__coeff_26",6.347216748845445e-10,1.550146197752067e-09,9.197416670865142,8.809627340614988,6.347216748845445e-10,1.550146197752067e-09,9.91923077135067e-10
3824,"MMA_Y__fft_coefficient__attr_""imag""__coeff_46",1.7213200977050764e-09,1.5280346512432132e-35,8.764138360503136,34.81586679715229,1.5280346512432132e-35,1.7213200977050764e-09,1.6218004671274175e-22
3825,"ADXL_Y__fft_coefficient__attr_""angle""__coeff_55",4.541419555432455e-10,1.8451391324674206e-09,9.342808374295418,8.73397088035335,4.541419555432455e-10,1.8451391324674206e-09,9.153988714588422e-10
3826,"ADXL_Z__fft_coefficient__attr_""angle""__coeff_40",9.098139144791511e-10,1.8475174817005555e-09,9.041047425458027,8.733411443504089,9.098139144791511e-10,1.8475174817005555e-09,1.2964941619979035e-09
3827,"MMA_Z__fft_coefficient__attr_""imag""__coeff_53",1.1252720774007025e-23,1.8943591530547948e-09,22.948742457616994,8.722537679291083,1.1252720774007025e-23,1.8943591530547948e-09,1.4600237873065644e-16
3828,"ADXL_Y__fft_coefficient__attr_""angle""__coeff_51",8.302939977459693e-10,1.925961890490907e-09,9.080768101610925,8.715352310624388,8.302939977459693e-10,1.925961890490907e-09,1.2645610295917236e-09
3829,"ADXL_Z__cwt_coefficients__coeff_5__w_2__widths_(2, 5, 10, 20)",2.144997858409597e-09,7.231607290035376e-82,8.66857313708362,81.1407651661059,7.231607290035376e-82,2.144997858409597e-09,1.2454630524421473e-45
3830,"ADXL_X__fft_coefficient__attr_""imag""__coeff_8",8.041292575318119e-11,2.2969671609516597e-09,10.094674136175842,8.638845213738119,8.041292575318119e-11,2.2969671609516597e-09,4.297741846261839e-10
3831,"MMA_Y__fft_coefficient__attr_""angle""__coeff_51",1.1073150456290982e-09,2.3354802048463862e-09,8.95572879907384,8.631623809370597,1.1073150456290982e-09,2.3354802048463862e-09,1.6081394123630363e-09
3832,"ADXL_Z__fft_coefficient__attr_""imag""__coeff_53",3.9523346358864215e-24,2.3425150097680637e-09,23.403146291724507,8.630317617670254,3.9523346358864215e-24,2.3425150097680637e-09,9.622059659028381e-17
3833,"ADXL_Y__fft_coefficient__attr_""angle""__coeff_54",2.421288065940424e-09,1.9373267856378886e-09,8.615953538519431,8.71279711690139,1.9373267856378886e-09,2.421288065940424e-09,2.165831532204604e-09
3834,"ADXL_Z__fft_coefficient__attr_""imag""__coeff_65",3.928988675852144e-11,2.7975772024672532e-09,10.405719222911792,8.553217919761941,3.928988675852144e-11,2.7975772024672532e-09,3.3153656130683324e-10
3835,"MMA_Z__fft_coefficient__attr_""imag""__coeff_97",2.890517249303372e-09,6.52716911776551e-12,8.539024434607525,11.185275134667155,6.52716911776551e-12,2.890517249303372e-09,1.3735681608140703e-10
3836,GYRO_Y__skewness,2.9100078894339043e-09,3.838160936637487e-13,8.536105833580084,12.415876818962655,3.838160936637487e-13,2.9100078894339043e-09,3.342017146355193e-11
3837,"ADXL_X__fft_coefficient__attr_""angle""__coeff_4",1.9376464834436102e-09,3.142307707443484e-09,8.712725455507323,8.502751289346504,1.9376464834436102e-09,3.142307707443484e-09,2.4675253755991284e-09
3838,ADXL_X__c3__lag_1,3.217057268511562e-09,3.867707176162587e-24,8.492541207927006,23.412546413748995,3.867707176162587e-24,3.217057268511562e-09,1.1154656195306147e-16
3839,"ADXL_Y__fft_coefficient__attr_""imag""__coeff_46",3.2790754480627012e-09,8.460423811118346e-35,8.484248590558346,34.07260788114302,8.460423811118346e-35,3.2790754480627012e-09,5.267102429158108e-22
3840,"MMA_Y__fft_coefficient__attr_""imag""__coeff_97",3.4483587994326152e-09,9.725520128638049e-13,8.462387552445152,12.012087162962983,9.725520128638049e-13,3.4483587994326152e-09,5.7911210412706823e-11
3841,"ADXL_Y__cwt_coefficients__coeff_1__w_5__widths_(2, 5, 10, 20)",3.710840048794237e-09,7.970577620276761e-63,8.43052776497839,62.098510204550074,7.970577620276761e-63,3.710840048794237e-09,5.438523572197336e-36
3842,"MMA_Z__fft_coefficient__attr_""imag""__coeff_93",3.8362112859633455e-09,2.641425561333861e-12,8.416097481323844,11.57816162376465,2.641425561333861e-12,3.8362112859633455e-09,1.0066313401350577e-10
3843,MMA_X__time_reversal_asymmetry_statistic__lag_1,3.950221837256322e-09,5.6005605123093786e-11,8.403378514502391,10.251768505989995,5.6005605123093786e-11,3.950221837256322e-09,4.703557848756615e-10
3844,"MMA_Y__fft_coefficient__attr_""angle""__coeff_89",2.786822078110862e-09,4.477487475023477e-09,8.554890757501708,8.348965620338964,2.786822078110862e-09,4.477487475023477e-09,3.532415738536488e-09
3845,GYRO_Y__ar_coefficient__coeff_10__k_10,4.508203969686466e-09,8.539756585395816e-16,8.34599644291312,15.06855450813137,8.539756585395816e-16,4.508203969686466e-09,1.962115300853585e-12
3846,"ADXL_Y__fft_coefficient__attr_""angle""__coeff_71",5.678114897604034e-09,3.806307879056348e-09,8.245795823699815,8.419496086052298,3.806307879056348e-09,5.678114897604034e-09,4.648941113085587e-09
3847,"MMA_Y__fft_coefficient__attr_""angle""__coeff_55",1.350369473216784e-09,5.718225020434269e-09,8.869547388374931,8.24273875852506,1.350369473216784e-09,5.718225020434269e-09,2.7787976731994826e-09
3848,"ADXL_Z__fft_coefficient__attr_""imag""__coeff_82",8.423230633181323e-10,5.86800869847296e-09,9.074521307898427,8.231509251049612,8.423230633181323e-10,5.86800869847296e-09,2.223231670896038e-09
3849,"MMA_Y__cwt_coefficients__coeff_12__w_5__widths_(2, 5, 10, 20)",6.034760495883885e-09,2.0284184883722605e-50,8.219339961255123,49.69284243965372,2.0284184883722605e-50,6.034760495883885e-09,1.1063914209152846e-29
3850,"MMA_Z__fft_coefficient__attr_""angle""__coeff_47",3.754628539591867e-09,6.3690039634114484e-09,8.425433023023437,8.195928480854143,3.754628539591867e-09,6.3690039634114484e-09,4.890116977107842e-09
3851,"ADXL_Z__fft_coefficient__attr_""angle""__coeff_28",6.2770327374411635e-09,6.380345607753054e-09,8.202245606309784,8.195155795969304,6.2770327374411635e-09,6.380345607753054e-09,6.32847835234149e-09
3852,"MMA_Y__fft_coefficient__attr_""angle""__coeff_54",6.396385163062422e-09,4.132237925046076e-09,8.194065392775041,8.383814680724582,4.132237925046076e-09,6.396385163062422e-09,5.141146307391822e-09
3853,"ADXL_Z__fft_coefficient__attr_""angle""__coeff_36",3.6186705018397614e-09,6.909202665706109e-09,8.441450959789712,8.160572068090902,3.6186705018397614e-09,6.909202665706109e-09,5.000212783234664e-09
3854,"MMA_Y__fft_coefficient__attr_""angle""__coeff_69",7.899149056875254e-10,6.939074527932329e-09,9.102419690963782,8.158698448019743,7.899149056875254e-10,6.939074527932329e-09,2.3412130192040143e-09
3855,"MMA_Z__fft_coefficient__attr_""angle""__coeff_40",3.2949350115227507e-09,7.213056725446151e-09,8.482153146901656,8.141880652386202,3.2949350115227507e-09,7.213056725446151e-09,4.875095193406193e-09
3856,GYRO_Y__ar_coefficient__coeff_9__k_10,8.277122108060294e-09,8.354531714648899e-13,8.082120637834182,12.078077888013983,8.354531714648899e-13,8.277122108060294e-09,8.315736837936327e-11
3857,"MMA_Y__fft_coefficient__attr_""angle""__coeff_63",1.839153787761841e-09,8.372200627534598e-09,8.735381954076844,8.077160372977021,1.839153787761841e-09,8.372200627534598e-09,3.923998534152672e-09
3858,"ADXL_Z__fft_coefficient__attr_""imag""__coeff_93",8.6321195570334e-09,3.639348021928579e-12,8.063882553195361,11.438976411911383,3.639348021928579e-12,8.6321195570334e-09,1.7724358164667206e-10
3859,"MMA_Z__fft_coefficient__attr_""imag""__coeff_36",8.76662552354713e-09,8.203724940639616e-17,8.057167544435803,16.0859889093428,8.203724940639616e-17,8.76662552354713e-09,8.480506143666864e-13
3860,"MMA_Y__fft_coefficient__attr_""angle""__coeff_79",1.0574958174895524e-08,8.616310086779955e-09,7.975721341631218,8.06467867988717,8.616310086779955e-09,1.0574958174895524e-08,9.545528732848088e-09
3861,"ADXL_Y__fft_coefficient__attr_""imag""__coeff_38",1.1453552117488912e-08,4.1647234232420835e-43,7.941059803648584,42.38041383453285,4.1647234232420835e-43,1.1453552117488912e-08,6.906582134676314e-26
3862,"MMA_Y__fft_coefficient__attr_""imag""__coeff_58",1.1578593470069616e-08,2.0102866920417401e-22,7.93634419408767,21.696742002334208,2.0102866920417401e-22,1.1578593470069616e-08,1.5256569852179204e-15
3863,"MMA_Y__fft_coefficient__attr_""imag""__coeff_38",1.1594346689824488e-08,2.2736758912337548e-43,7.935753717659692,42.6432714432018,2.2736758912337548e-43,1.1594346689824488e-08,5.134373042861205e-26
3864,"MMA_X__fft_coefficient__attr_""angle""__coeff_4",9.381075959902492e-09,1.2643874743461722e-08,8.027747347479155,7.8981198151491965,9.381075959902492e-09,1.2643874743461722e-08,1.0890966412394589e-08
3865,GYRO_Y__partial_autocorrelation__lag_2,1.272741708599757e-08,1.0674716130900445e-264,7.895259723535253,263.971643665195,1.0674716130900445e-264,1.272741708599757e-08,1.1655966904233908e-136
3866,"ADXL_Z__fft_coefficient__attr_""imag""__coeff_36",1.2856133076866869e-08,1.2091739376386182e-16,7.890889640736791,15.917511222114229,1.2091739376386182e-16,1.2856133076866869e-08,1.246807966583515e-12
3867,"MMA_Z__fft_coefficient__attr_""imag""__coeff_94",7.78949924138174e-11,1.3035871302952178e-08,10.10849046064514,7.8848599357716065,7.78949924138174e-11,1.3035871302952178e-08,1.0076850183717926e-09
3868,"ADXL_Y__fft_coefficient__attr_""imag""__coeff_97",1.4002785269104716e-08,5.518293691261786e-12,7.853785570986588,11.258195189485654,5.518293691261786e-12,1.4002785269104716e-08,2.7797748399932324e-10
3869,"ADXL_Z__fft_coefficient__attr_""angle""__coeff_43",8.82350584444375e-09,1.4020053720758871e-08,8.054358822308652,7.853250322276319,8.82350584444375e-09,1.4020053720758871e-08,1.1122321068218237e-08
3870,"MMA_Z__fft_coefficient__attr_""imag""__coeff_90",9.430173201935375e-10,1.4100477773938792e-08,9.025480330597349,7.850766171665907,9.430173201935375e-10,1.4100477773938792e-08,3.646504458221366e-09
3871,GYRO_Z__sum_of_reoccurring_data_points,2.9254408437994065e-18,1.431705458556886e-08,17.533808679461053,7.844146319235316,2.9254408437994065e-18,1.431705458556886e-08,2.046550665083294e-13
3872,"MMA_Z__fft_coefficient__attr_""imag""__coeff_41",1.4577228880580402e-08,1.1623667249974949e-11,7.836325027201573,10.934656831054166,1.1623667249974949e-11,1.4577228880580402e-08,4.116319447450494e-10
3873,"MMA_Y__fft_coefficient__attr_""angle""__coeff_43",8.771209080048696e-10,1.5822999442658692e-08,9.056940536554107,7.800711187214962,8.771209080048696e-10,1.5822999442658692e-08,3.725410532881623e-09
3874,"ADXL_Y__cwt_coefficients__coeff_5__w_2__widths_(2, 5, 10, 20)",1.669250089447396e-08,2.6553986566070748e-51,7.7774785918226454,50.57587026879434,2.6553986566070748e-51,1.669250089447396e-08,6.65772066480703e-30
3875,"ADXL_Z__fft_coefficient__attr_""imag""__coeff_94",6.717126127616568e-11,1.6706912884036733e-08,10.172816496868254,7.777103791955178,6.717126127616568e-11,1.6706912884036733e-08,1.0593509382880491e-09
3876,GYRO_Z__partial_autocorrelation__lag_2,1.6796788632095495e-08,1.9499277485677162e-206,7.774773742838169,205.70998148042193,1.9499277485677162e-206,1.6796788632095495e-08,1.8097658478529695e-107
3877,"ADXL_Z__fft_coefficient__attr_""imag""__coeff_74",1.7002403756247448e-08,2.9970565396198326e-09,7.769489674840786,8.523305063990195,2.9970565396198326e-09,1.7002403756247448e-08,7.138428774381532e-09
3878,"ADXL_Z__fft_coefficient__attr_""imag""__coeff_84",1.189877066130449e-08,1.726102631284386e-08,7.924497906052088,7.762933385402178,1.189877066130449e-08,1.726102631284386e-08,1.4331259312261129e-08
3879,"MMA_Z__fft_coefficient__attr_""angle""__coeff_28",1.7637708513241706e-08,1.8545169930528505e-08,7.753557838971685,7.731769182850188,1.7637708513241706e-08,1.8545169930528505e-08,1.8085748576246344e-08
3880,"GYRO_Y__agg_linear_trend__attr_""rvalue""__chunk_len_50__f_agg_""mean""",1.781195715865194e-08,1.9420786121765407e-08,7.749288358105346,7.7117331945395025,1.781195715865194e-08,1.9420786121765407e-08,1.8598984122479043e-08
3881,"MMA_Y__fft_coefficient__attr_""angle""__coeff_52",1.188038020229652e-08,1.9711951884741305e-08,7.925169660607583,7.705270369591605,1.188038020229652e-08,1.9711951884741305e-08,1.5303120038740537e-08
3882,"ADXL_Z__fft_coefficient__attr_""imag""__coeff_41",2.0018477424128244e-08,1.1343689734102755e-11,7.6985689573984315,10.945245660564556,1.1343689734102755e-11,2.0018477424128244e-08,4.7653268182618e-10
3883,"ADXL_Z__fft_coefficient__attr_""angle""__coeff_47",1.3999907053545647e-08,2.1411066435071035e-08,7.853874847626493,7.6693617009758865,1.3999907053545647e-08,2.1411066435071035e-08,1.7313374599086264e-08
3884,"ADXL_Z__fft_coefficient__attr_""imag""__coeff_64",5.196968975068176e-11,2.1435037521636487e-08,10.284249875826152,7.66887575192823,5.196968975068176e-11,2.1435037521636487e-08,1.0554488380749066e-09
3885,"ADXL_Y__fft_coefficient__attr_""angle""__coeff_82",1.2349734395248277e-08,2.1586569323495625e-08,7.908342382640627,7.665816373055437,1.2349734395248277e-08,2.1586569323495625e-08,1.632753495325566e-08
3886,"MMA_Z__fft_coefficient__attr_""imag""__coeff_74",2.170908522103932e-08,3.1604154230250074e-09,7.663358476491459,8.500255827486201,3.1604154230250074e-09,2.170908522103932e-08,8.283098922042215e-09
3887,"MMA_Y__fft_coefficient__attr_""angle""__coeff_87",2.702312720146157e-09,2.22374024872618e-08,8.568264394479339,7.6529159433189,2.702312720146157e-09,2.22374024872618e-08,7.7519297987235e-09
3888,"MMA_Z__fft_coefficient__attr_""angle""__coeff_36",1.435587746926107e-08,2.4637327106485865e-08,7.842970257126962,7.608406410382216,1.435587746926107e-08,2.4637327106485865e-08,1.8806659701042486e-08
3889,"ADXL_Y__fft_coefficient__attr_""imag""__coeff_58",2.6231018038110174e-08,5.896621755364819e-22,7.581184853910069,21.22939672957786,5.896621755364819e-22,2.6231018038110174e-08,3.932866532554689e-15
3890,"GYRO_Y__agg_linear_trend__attr_""rvalue""__chunk_len_10__f_agg_""mean""",2.5307619371808734e-08,2.6725627757190817e-08,7.596748705980165,7.573072084873833,2.5307619371808734e-08,2.6725627757190817e-08,2.6006960890339177e-08
3891,"GYRO_Y__fft_coefficient__attr_""real""__coeff_2",7.176068247999385e-10,2.6944216489158214e-08,9.144113439586514,7.569534440733106,7.176068247999385e-10,2.6944216489158214e-08,4.397198385507183e-09
3892,ADXL_Z__variance_larger_than_standard_deviation,2.0071644528313612e-08,2.6959980717120544e-08,7.697417043042535,7.56928042276176,2.0071644528313612e-08,2.6959980717120544e-08,2.3262225805890395e-08
3893,MMA_Z__variance_larger_than_standard_deviation,2.0071644528313612e-08,2.6959980717120544e-08,7.697417043042535,7.56928042276176,2.0071644528313612e-08,2.6959980717120544e-08,2.3262225805890395e-08
3894,"ADXL_Y__fft_coefficient__attr_""angle""__coeff_91",1.7250070103479535e-08,2.710668558435669e-08,7.7632091356346224,7.566923581660491,1.7250070103479535e-08,2.710668558435669e-08,2.1623880932966935e-08
3895,"ADXL_Y__fft_coefficient__attr_""angle""__coeff_85",2.0293176376882782e-08,2.8837557222788863e-08,7.6926499699708115,7.540041530693069,2.0293176376882782e-08,2.8837557222788863e-08,2.4191023851844394e-08
3896,"MMA_Z__fft_coefficient__attr_""angle""__coeff_34",1.7494015882821273e-08,2.9406322662856345e-08,7.757110483514401,7.531559281752124,1.7494015882821273e-08,2.9406322662856345e-08,2.2681152433670035e-08
3897,"GYRO_X__fft_coefficient__attr_""angle""__coeff_4",1.911839713068768e-08,3.023444925808395e-08,7.718548521394524,7.5194979379676985,1.911839713068768e-08,3.023444925808395e-08,2.4042341981256204e-08
3898,"GYRO_Y__agg_linear_trend__attr_""rvalue""__chunk_len_5__f_agg_""mean""",2.686908966623776e-08,3.172600992171798e-08,7.570747047360166,7.4985845442861105,2.686908966623776e-08,3.172600992171798e-08,2.9196729360299747e-08
3899,"ADXL_Z__fft_coefficient__attr_""imag""__coeff_90",6.3944476166780014e-09,3.1842693790656215e-08,8.194196966023494,7.496990199447837,6.3944476166780014e-09,3.1842693790656215e-08,1.4269423163473323e-08
3900,"MMA_Y__fft_coefficient__attr_""angle""__coeff_85",2.1765202773782463e-08,3.187278210129389e-08,7.662237282417698,7.49658002631272,2.1765202773782463e-08,3.187278210129389e-08,2.633851866372226e-08
3901,"ADXL_Z__fft_coefficient__attr_""imag""__coeff_77",2.2858634641974332e-09,3.394667491667403e-08,8.64094971379923,7.469202758528141,2.2858634641974332e-09,3.394667491667403e-08,8.808942270387099e-09
3902,"GYRO_Y__linear_trend__attr_""rvalue""",2.970791427015892e-08,3.5601469442792855e-08,7.527127838023258,7.448532076248303,2.970791427015892e-08,3.5601469442792855e-08,3.2521460639063745e-08
3903,"MMA_X__fft_coefficient__attr_""imag""__coeff_5",2.7180032884649437e-10,3.8247399850900576e-08,9.56575002215786,7.417398083877397,2.7180032884649437e-10,3.8247399850900576e-08,3.2242294981899373e-09
3904,MMA_Y__ar_coefficient__coeff_9__k_10,4.2707575526627496e-08,1.9005904922562748e-12,7.369495082408197,11.721111447633126,1.9005904922562748e-12,4.2707575526627496e-08,2.84902811487049e-10
3905,"MMA_Z__fft_coefficient__attr_""imag""__coeff_64",7.106201503306182e-11,4.664994919990173e-08,10.148362481826538,7.331148824848121,7.106201503306182e-11,4.664994919990173e-08,1.8207249631218293e-09
3906,"GYRO_Z__change_quantiles__f_agg_""mean""__isabs_False__qh_1.0__ql_0.4",7.159149516757259e-09,4.690621975388293e-08,8.1451385673734,7.328769566118762,7.159149516757259e-09,4.690621975388293e-08,1.832508227768489e-08
3907,"MMA_Y__fft_coefficient__attr_""angle""__coeff_74",3.380908448379269e-08,4.699457457274034e-08,7.470966589335392,7.327952277577618,3.380908448379269e-08,4.699457457274034e-08,3.9860300325131443e-08
3908,"MMA_Z__fft_coefficient__attr_""imag""__coeff_86",4.9225381941314284e-08,1.2998616967470618e-12,7.3078109054719835,11.886102853489197,1.2998616967470618e-12,4.9225381941314284e-08,2.5295491395357187e-10
3909,"ADXL_X__fft_coefficient__attr_""imag""__coeff_5",5.654670640924807e-10,5.0360890874336215e-08,9.24759268569777,7.2979065959115506,5.654670640924807e-10,5.0360890874336215e-08,5.3364243747843646e-09
3910,"ADXL_Y__cwt_coefficients__coeff_12__w_5__widths_(2, 5, 10, 20)",5.4904434528493064e-08,1.6515460483525814e-50,7.2603925769802,49.782109312819294,1.6515460483525814e-50,5.4904434528493064e-08,3.0112655459551514e-29
3911,"ADXL_Z__fft_coefficient__attr_""imag""__coeff_86",5.719647044110973e-08,5.26667527152942e-13,7.242630770424542,12.278463458200426,5.26667527152942e-13,5.719647044110973e-08,1.7356129651824914e-10
3912,"MMA_Y__fft_coefficient__attr_""angle""__coeff_72",2.1450206674758268e-08,5.7514714083835454e-08,7.668568518990928,7.2402210348245815,2.1450206674758268e-08,5.7514714083835454e-08,3.51241014680504e-08
3913,"MMA_Y__fft_coefficient__attr_""angle""__coeff_65",1.8024668954434297e-08,5.934880278987892e-08,7.744132702896062,7.226588037400097,1.8024668954434297e-08,5.934880278987892e-08,3.270691858199996e-08
3914,"ADXL_Y__fft_coefficient__attr_""imag""__coeff_69",6.031807626196076e-08,1.2402623863065302e-21,7.21955251796948,20.90648642703903,1.2402623863065302e-21,6.031807626196076e-08,8.649291369937697e-15
3915,MMA_Z__ar_coefficient__coeff_7__k_10,6.262407305910595e-08,4.7063158357212025e-08,7.20325868936094,7.327318931153138,4.7063158357212025e-08,6.262407305910595e-08,5.4288918458137646e-08
3916,"MMA_Z__fft_coefficient__attr_""imag""__coeff_77",2.082415625683847e-09,6.46930996546826e-08,8.68143258609993,7.189142039914166,2.082415625683847e-09,6.46930996546826e-08,1.1606804969277003e-08
3917,"MMA_Z__fft_coefficient__attr_""imag""__coeff_84",8.317303405175524e-09,6.511651105327906e-08,8.080017455689857,7.186308877020896,8.317303405175524e-09,6.511651105327906e-08,2.3272167477839005e-08
3918,"MMA_Y__fft_coefficient__attr_""angle""__coeff_91",4.68264146928477e-08,6.745697228083152e-08,7.32950909309813,7.170973155456875,4.68264146928477e-08,6.745697228083152e-08,5.6202919478850464e-08
3919,"ADXL_Y__fft_coefficient__attr_""angle""__coeff_66",2.588049059685717e-08,6.909595612994057e-08,7.587027495333768,7.160547369150308,2.588049059685717e-08,6.909595612994057e-08,4.228755423173327e-08
3920,"ADXL_Y__fft_coefficient__attr_""angle""__coeff_97",5.4660433929514716e-08,7.321861367053807e-08,7.262326924922068,7.1353784983571815,5.4660433929514716e-08,7.321861367053807e-08,6.326263664240615e-08
3921,"MMA_Y__fft_coefficient__attr_""angle""__coeff_81",7.439225404240955e-08,6.802276087324289e-08,7.1284722822198345,7.167345745121888,6.802276087324289e-08,7.439225404240955e-08,7.113625311715793e-08
3922,"ADXL_Y__fft_coefficient__attr_""angle""__coeff_72",3.0470633338068565e-08,9.038131430492259e-08,7.516118518787835,7.043921347545366,3.0470633338068565e-08,9.038131430492259e-08,5.247833732882576e-08
3923,"MMA_Y__fft_coefficient__attr_""angle""__coeff_68",4.201807977740873e-08,9.308539800054929e-08,7.376563798696622,7.031118440019201,4.201807977740873e-08,9.308539800054929e-08,6.254014454171755e-08
3924,"MMA_Y__fft_coefficient__attr_""angle""__coeff_92",3.505991927147651e-08,9.351624431283113e-08,7.455189088242014,7.029112943109747,3.505991927147651e-08,9.351624431283113e-08,5.725968892842096e-08
3925,"ADXL_Y__change_quantiles__f_agg_""mean""__isabs_False__qh_1.0__ql_0.8",9.60366056916565e-08,1.8918965182221328e-33,7.017563198005201,32.723102622053766,1.8918965182221328e-33,9.60366056916565e-08,1.3479292263687913e-20
3926,"MMA_Y__fft_coefficient__attr_""angle""__coeff_64",1.1071110354074457e-07,4.0693049796064955e-08,6.955808820271681,7.390479760135235,4.0693049796064955e-08,1.1071110354074457e-07,6.712058141405527e-08
3927,"MMA_Y__fft_coefficient__attr_""angle""__coeff_96",6.403720826668094e-08,1.1444831546445859e-07,7.193567609619748,6.941390595212018,6.403720826668094e-08,1.1444831546445859e-07,8.56092904606056e-08
3928,"ADXL_Z__fft_coefficient__attr_""imag""__coeff_38",1.147483596347773e-07,1.1770905372921719e-15,6.940253514127577,14.929190131605,1.1770905372921719e-15,1.147483596347773e-07,1.162192790787722e-11
3929,"MMA_Y__fft_coefficient__attr_""imag""__coeff_69",1.1622011177810817e-07,1.965094324846716e-22,6.934718711201563,21.70661659858257,1.965094324846716e-22,1.1622011177810817e-07,4.7789484417412515e-15
3930,"MMA_Z__fft_coefficient__attr_""imag""__coeff_38",1.1787586552104733e-07,1.324809907136229e-15,6.928575105371181,14.877846432824814,1.324809907136229e-15,1.1787586552104733e-07,1.2496524094905004e-11
3931,MMA_Z__max_langevin_fixed_point__m_3__r_30,1.1951903574012674e-07,1.488439369533678e-244,6.922562919330813,243.8272688513184,1.488439369533678e-244,1.1951903574012674e-07,4.217781860223539e-126
3932,"ADXL_Y__fft_coefficient__attr_""angle""__coeff_92",6.064796138094059e-08,1.3130079954292946e-07,7.217183792915929,6.881732629310178,6.064796138094059e-08,1.3130079954292946e-07,8.923634808734728e-08
3933,"GYRO_Z__change_quantiles__f_agg_""mean""__isabs_False__qh_1.0__ql_0.8",4.185461370915549e-20,1.328709135500375e-07,19.378256661972106,6.876570079006444,4.185461370915549e-20,1.328709135500375e-07,7.457386110306623e-14
3934,"MMA_Z__fft_coefficient__attr_""imag""__coeff_95",1.3862937656825376e-07,1.9850920506281083e-08,6.858144729827895,7.7022193497809965,1.9850920506281083e-08,1.3862937656825376e-07,5.2458752692870146e-08
3935,"ADXL_Y__fft_coefficient__attr_""angle""__coeff_76",1.2387355510495973e-07,1.4242217368245936e-07,6.9070213982067905,6.846422390205782,1.2387355510495973e-07,1.4242217368245936e-07,1.3282447432541293e-07
3936,"MMA_Y__fft_coefficient__attr_""angle""__coeff_86",1.49553043504167e-07,1.0813998432598325e-07,6.825204744360408,6.966013697707865,1.0813998432598325e-07,1.49553043504167e-07,1.2717178846129242e-07
3937,"ADXL_Y__fft_coefficient__attr_""angle""__coeff_56",1.1165528281505997e-07,1.7038932607838945e-07,6.952120724064528,6.768557614794967,1.1165528281505997e-07,1.7038932607838945e-07,1.379306651617038e-07
3938,"MMA_Y__fft_coefficient__attr_""angle""__coeff_66",4.9366438089093924e-08,1.758711848068209e-07,7.306568207073708,6.754805310653526,4.9366438089093924e-08,1.758711848068209e-07,9.317796926538762e-08
3939,"ADXL_Z__fft_coefficient__attr_""angle""__coeff_42",1.5829440019550944e-07,1.9462208581412574e-07,6.80053444841753,6.7108078773105015,1.5829440019550944e-07,1.9462208581412574e-07,1.7552090000551501e-07
3940,"ADXL_Y__fft_coefficient__attr_""angle""__coeff_87",3.8601036832178234e-08,2.049515125905447e-07,7.413401029928085,6.688348872139854,3.8601036832178234e-08,2.049515125905447e-07,8.894571876328987e-08
3941,"MMA_Z__fft_coefficient__attr_""imag""__coeff_83",2.0675161679841101e-07,9.796805316878581e-08,6.6845510855776755,7.00891552220991,9.796805316878581e-08,2.0675161679841101e-07,1.4232024939283643e-07
3942,"MMA_Z__fft_coefficient__attr_""angle""__coeff_43",1.4188179227884657e-07,2.068402243287035e-07,6.8480733340716995,6.684364999885342,1.4188179227884657e-07,2.068402243287035e-07,1.7130925761065903e-07
3943,"ADXL_Y__fft_coefficient__attr_""angle""__coeff_64",2.1092351312058e-07,9.635301182718024e-08,6.675875003715617,7.016134705507943,9.635301182718024e-08,2.1092351312058e-07,1.4255916580261564e-07
3944,"ADXL_Z__fft_coefficient__attr_""imag""__coeff_83",2.173033780624107e-07,2.0702370506707678e-07,6.662933522356598,6.6839799231885255,2.0702370506707678e-07,2.173033780624107e-07,2.1210127404160495e-07
3945,"MMA_Y__fft_coefficient__attr_""imag""__coeff_52",2.186072070913546e-07,3.105590744575688e-20,6.660335524232565,19.507855776258165,3.105590744575688e-20,2.186072070913546e-07,8.239566244896946e-14
3946,"ADXL_Y__fft_coefficient__attr_""angle""__coeff_43",1.5623303211156732e-08,2.3453386125465257e-07,7.8062271385308595,6.629794446362929,1.5623303211156732e-08,2.3453386125465257e-07,6.053258319008698e-08
3947,"ADXL_Y__fft_coefficient__attr_""angle""__coeff_79",2.416915614352755e-07,2.0759467582516005e-07,6.616738512546724,6.682783789019171,2.0759467582516005e-07,2.416915614352755e-07,2.239952708113115e-07
3948,"ADXL_Y__fft_coefficient__attr_""angle""__coeff_63",5.9570275152976786e-08,2.659335497928548e-07,7.224970393905797,6.575226869246954,5.9570275152976786e-08,2.659335497928548e-07,1.258639532732395e-07
3949,"ADXL_Y__fft_coefficient__attr_""angle""__coeff_68",1.331780882431474e-07,2.662105142739032e-07,6.8755672236483925,6.574774795589515,1.331780882431474e-07,2.662105142739032e-07,1.8829075219251616e-07
3950,"ADXL_Z__fft_coefficient__attr_""angle""__coeff_32",2.737014880922047e-07,2.742815819627001e-07,6.562722841360515,6.561803354336859,2.737014880922047e-07,2.742815819627001e-07,2.739913815058332e-07
3951,"MMA_X__change_quantiles__f_agg_""mean""__isabs_False__qh_0.4__ql_0.2",2.7450294103795613e-07,8.711568937387494e-11,6.561452998136611,10.059903622318577,8.711568937387494e-11,2.7450294103795613e-07,4.890144470634553e-09
3952,"MMA_Y__fft_coefficient__attr_""angle""__coeff_45",1.8942341008458537e-07,2.810303166329514e-07,6.722566349291093,6.551246827297041,1.8942341008458537e-07,2.810303166329514e-07,2.307243396648139e-07
3953,"MMA_Y__cwt_coefficients__coeff_2__w_20__widths_(2, 5, 10, 20)",3.012866008100453e-07,1.485504228071509e-54,6.521020182377942,53.828126107761015,1.485504228071509e-54,3.012866008100453e-07,6.69001135548076e-31
3954,"MMA_X__change_quantiles__f_agg_""mean""__isabs_False__qh_0.6__ql_0.4",2.582440041320421e-08,3.053815253613274e-07,7.587969753071062,6.515157239959107,2.582440041320421e-08,3.053815253613274e-07,8.880481287478734e-08
3955,"ADXL_Z__fft_coefficient__attr_""imag""__coeff_79",1.582167717723481e-07,3.154777043305385e-07,6.8007474810020305,6.501031328110393,1.582167717723481e-07,3.154777043305385e-07,2.2341410865325657e-07
3956,GYRO_Y__ar_coefficient__coeff_7__k_10,1.8296316945331918e-09,3.265566568294903e-07,8.737636325094767,6.486041458757159,1.8296316945331918e-09,3.265566568294903e-07,2.444337148177465e-08
3957,"ADXL_Y__fft_coefficient__attr_""angle""__coeff_86",3.717659228855426e-07,2.657740828168777e-07,6.429730421398519,6.575487371920008,2.657740828168777e-07,3.717659228855426e-07,3.1433381488073337e-07
3958,"MMA_Y__fft_coefficient__attr_""angle""__coeff_83",3.4486555985480085e-07,3.756005532114687e-07,6.462350174469498,6.425273776745353,3.4486555985480085e-07,3.756005532114687e-07,3.599051195315872e-07
3959,ADXL_X__ar_coefficient__coeff_6__k_10,4.2661942848286657e-07,4.4029986659606845e-21,6.369959370427215,20.356251446124848,4.4029986659606845e-21,4.2661942848286657e-07,4.334056730688895e-14
3960,"MMA_X__fft_coefficient__attr_""imag""__coeff_7",4.385112267017403e-07,4.8711789157019244e-08,6.358019283410365,7.3123659187396495,4.8711789157019244e-08,4.385112267017403e-07,1.4615288713563288e-07
3961,ADXL_Y__time_reversal_asymmetry_statistic__lag_2,4.611987118063273e-07,1.8424768524219303e-177,6.336111914421972,176.73459795960383,1.8424768524219303e-177,4.611987118063273e-07,2.9150436546816427e-92
3962,GYRO_X__ar_coefficient__coeff_6__k_10,3.9825735665664707e-10,4.739721968818277e-07,9.39983619311408,6.324247133209767,3.9825735665664707e-10,4.739721968818277e-07,1.3739101653998364e-08
3963,GYRO_X__time_reversal_asymmetry_statistic__lag_1,4.809485360070089e-07,1.9484029992053318e-42,6.317901392906712,41.710321210583885,1.9484029992053318e-42,4.809485360070089e-07,9.680297361235705e-25
3964,"ADXL_Y__cwt_coefficients__coeff_2__w_20__widths_(2, 5, 10, 20)",5.040429020796659e-07,5.534128926842642e-53,6.2975324966031,52.256950727456704,5.534128926842642e-53,5.040429020796659e-07,5.281513423980661e-30
3965,"ADXL_Z__fft_coefficient__attr_""angle""__coeff_27",3.813420110139506e-07,5.132518196387304e-07,6.418685347502356,6.289669502244445,3.813420110139506e-07,5.132518196387304e-07,4.4240759606679783e-07
3966,"MMA_X__fft_coefficient__attr_""imag""__coeff_6",2.8650911215025205e-07,5.207967408778749e-07,6.542861561153338,6.2833317422263155,2.8650911215025205e-07,5.207967408778749e-07,3.862810011373389e-07
3967,"ADXL_Z__fft_coefficient__attr_""imag""__coeff_80",4.110873156651464e-11,5.425354947714883e-07,10.386065923418192,6.265571843324369,4.110873156651464e-11,5.425354947714883e-07,4.722599498143721e-09
3968,MMA_X__ar_coefficient__coeff_0__k_10,5.426289844481866e-07,6.330951954002587e-23,6.265497012178339,22.198530982354495,6.330951954002587e-23,5.426289844481866e-07,5.861192736457902e-15
3969,"MMA_Y__fft_coefficient__attr_""angle""__coeff_82",2.571540521848024e-07,5.806039666957102e-07,6.58980662775886,6.23612000138727,2.571540521848024e-07,5.806039666957102e-07,3.8639961536002066e-07
3970,"ADXL_Y__fft_coefficient__attr_""angle""__coeff_52",3.385632637503245e-07,5.857881795838733e-07,6.470360167361349,6.232259396043446,3.385632637503245e-07,5.857881795838733e-07,4.4533847570839575e-07
3971,"MMA_Z__fft_coefficient__attr_""imag""__coeff_79",1.976468919903546e-07,6.140003921638155e-07,6.704110010575002,6.211831351473609,1.976468919903546e-07,6.140003921638155e-07,3.48360831885614e-07
3972,"MMA_Z__fft_coefficient__attr_""angle""__coeff_32",6.23055154364439e-07,5.881443753454705e-07,6.205473506830561,6.2305160519521205,5.881443753454705e-07,6.23055154364439e-07,6.053481515371536e-07
3973,"MMA_Z__fft_coefficient__attr_""imag""__coeff_80",3.839758105645168e-11,6.291839624294037e-07,10.415696134146135,6.201222355847193,3.839758105645168e-11,6.291839624294037e-07,4.915195031410501e-09
3974,"ADXL_X__fft_coefficient__attr_""imag""__coeff_7",6.302648555023668e-07,6.16533312217332e-08,6.200476909099879,7.210043452853626,6.16533312217332e-08,6.302648555023668e-07,1.9712414335566617e-07
3975,"ADXL_Y__fft_coefficient__attr_""real""__coeff_6",2.768997616791325e-13,6.499406483985373e-07,12.557677418040926,6.187126300664664,2.768997616791325e-13,6.499406483985373e-07,4.242268386690496e-10
3976,"ADXL_Z__fft_coefficient__attr_""imag""__coeff_95",6.699313089332487e-07,2.5452496910998005e-08,6.173969725180675,7.594269606589443,2.5452496910998005e-08,6.699313089332487e-07,1.3058110342313838e-07
3977,"MMA_X__fft_coefficient__attr_""angle""__coeff_1",7.155086335567474e-07,3.975298996784456e-08,6.145385121536024,7.400630200901818,3.975298996784456e-08,7.155086335567474e-07,1.6865232738295534e-07
3978,"MMA_X__change_quantiles__f_agg_""mean""__isabs_False__qh_1.0__ql_0.4",7.363414833079976e-07,8.214067592665996e-25,6.132920731963525,24.085441727705756,8.214067592665996e-25,7.363414833079976e-07,7.777119463641941e-16
3979,"ADXL_Z__fft_coefficient__attr_""angle""__coeff_52",6.398360575919552e-07,7.935227225819082e-07,6.1939312891472476,6.100440632676435,6.398360575919552e-07,7.935227225819082e-07,7.125478583410681e-07
3980,"MMA_Y__fft_coefficient__attr_""angle""__coeff_71",7.969731114399484e-07,5.653891999836754e-07,6.098556330737194,6.247652491623456,5.653891999836754e-07,7.969731114399484e-07,6.712674503396787e-07
3981,"ADXL_Z__fft_coefficient__attr_""angle""__coeff_63",6.485387824006902e-07,7.970167774756091e-07,6.188064048139651,6.098532536460366,6.485387824006902e-07,7.970167774756091e-07,7.189549988816778e-07
3982,"MMA_Y__fft_coefficient__attr_""angle""__coeff_99",8.261250275533098e-07,6.776206143104891e-07,6.0829542206367195,6.16901339053875,6.776206143104891e-07,8.261250275533098e-07,7.48197399533e-07
3983,"MMA_Z__fft_coefficient__attr_""angle""__coeff_46",8.392124939428029e-07,7.531004217752819e-07,6.0761280591209506,6.123147109171162,7.531004217752819e-07,8.392124939428029e-07,7.949913730018779e-07
3984,"ADXL_Z__fft_coefficient__attr_""imag""__coeff_81",8.423952051414284e-07,8.61290091453718e-07,6.074484113791404,6.06485054901247,8.423952051414284e-07,8.61290091453718e-07,8.517902577961516e-07
3985,"ADXL_X__fft_coefficient__attr_""imag""__coeff_6",8.927423009487351e-07,4.551654325114181e-07,6.04927388649491,6.341830727807164,4.551654325114181e-07,8.927423009487351e-07,6.374523005939892e-07
3986,"MMA_Y__fft_coefficient__attr_""real""__coeff_6",4.591856268508103e-13,8.950603709126564e-07,12.338011714419043,6.048147670974591,4.591856268508103e-13,8.950603709126564e-07,6.410919259254845e-10
3987,"MMA_X__fft_coefficient__attr_""imag""__coeff_10",9.587839328175303e-07,4.526407693517284e-07,6.018279252430576,6.344246331717841,4.526407693517284e-07,9.587839328175303e-07,6.587751490399459e-07
3988,"ADXL_Z__fft_coefficient__attr_""angle""__coeff_34",7.046638066886558e-07,1.0142748064267154e-06,6.1520180343904345,5.993844361821818,7.046638066886558e-07,1.0142748064267154e-06,8.454127667151997e-07
3989,ADXL_X__ar_coefficient__coeff_0__k_10,1.0354969627623562e-06,1.464530024756621e-24,5.984851170606824,23.83430172029344,1.464530024756621e-24,1.0354969627623562e-06,1.231469200796252e-15
3990,"GYRO_Z__change_quantiles__f_agg_""mean""__isabs_False__qh_1.0__ql_0.6",1.2768055077835295e-10,1.110876967988475e-06,9.893875252563808,5.9543340374429805,1.2768055077835295e-10,1.110876967988475e-06,1.1909550080492346e-08
3991,"ADXL_Y__fft_coefficient__attr_""imag""__coeff_52",1.113323476312526e-06,5.1078085069459044e-20,5.9533786329997405,19.291765392915206,5.1078085069459044e-20,1.113323476312526e-06,2.384668346603298e-13
3992,"MMA_Z__fft_coefficient__attr_""angle""__coeff_30",7.178855899253786e-07,1.1950652769432549e-06,6.143944764146635,5.922608372002886,7.178855899253786e-07,1.1950652769432549e-06,9.262397860909153e-07
3993,"MMA_Z__fft_coefficient__attr_""imag""__coeff_81",9.212846182746693e-07,1.3893029779862704e-06,6.0356061797373,5.85720303337043,9.212846182746693e-07,1.3893029779862704e-06,1.131345863890412e-06
3994,"ADXL_Y__fft_coefficient__attr_""angle""__coeff_65",6.240703603046538e-07,1.3931892473912745e-06,6.2047664433793965,5.855989886077609,6.240703603046538e-07,1.3931892473912745e-06,9.324420172815262e-07
3995,"ADXL_Y__fft_coefficient__attr_""angle""__coeff_78",6.350459097721788e-07,1.491192147923982e-06,6.197194876849761,5.826466391821011,6.350459097721788e-07,1.491192147923982e-06,9.731266486041345e-07
3996,"ADXL_Y__fft_coefficient__attr_""angle""__coeff_83",1.4964726388832667e-06,1.5735297080001762e-06,5.824931219278615,5.803125053259976,1.4964726388832667e-06,1.5735297080001762e-06,1.534517564087241e-06
3997,"MMA_Z__fft_coefficient__attr_""angle""__coeff_52",1.318972847992158e-06,1.5787844433932529e-06,5.87976414462691,5.801677161591035,1.318972847992158e-06,1.5787844433932529e-06,1.4430432473311785e-06
3998,"MMA_Z__fft_coefficient__attr_""imag""__coeff_91",1.589329440769976e-06,6.242880950884225e-09,5.798786071654129,8.204614946802977,6.242880950884225e-09,1.589329440769976e-06,9.960920886375096e-08
3999,"MMA_Y__fft_coefficient__attr_""angle""__coeff_94",8.823046346609587e-07,1.628299377947185e-06,6.054381439460344,5.7882657430357565,8.823046346609587e-07,1.628299377947185e-06,1.1986058934355184e-06
4000,"MMA_Y__fft_coefficient__attr_""angle""__coeff_84",1.6726562843487856e-06,8.73168974633942e-07,5.7765932934349875,6.058901704003503,8.73168974633942e-07,1.6726562843487856e-06,1.2085162691167415e-06
4001,"MMA_Z__fft_coefficient__attr_""imag""__coeff_61",1.8243016692644552e-06,1.4682058794632629e-10,5.738903344481266,9.833213041119125,1.4682058794632629e-10,1.8243016692644552e-06,1.636597212734006e-08
4002,"ADXL_Z__fft_coefficient__attr_""imag""__coeff_61",1.880779305588757e-06,1.7915826221476628e-10,5.725662162444396,9.746763158742409,1.7915826221476628e-10,1.880779305588757e-06,1.8356392673909996e-08
4003,MMA_Y__ar_coefficient__coeff_7__k_10,1.884632916498915e-06,2.2688648398110107e-13,5.724773227879317,12.644191375015296,2.2688648398110107e-13,1.884632916498915e-06,6.539095778618684e-10
4004,"ADXL_Z__fft_coefficient__attr_""imag""__coeff_91",1.886846436969968e-06,1.2602360126778002e-08,5.724263443921119,7.899548114084661,1.2602360126778002e-08,1.886846436969968e-06,1.542034964020708e-07
4005,"ADXL_Z__fft_coefficient__attr_""angle""__coeff_30",1.0265507371122217e-06,1.9847819538589114e-06,5.98861958082498,5.702287197433511,1.0265507371122217e-06,1.9847819538589114e-06,1.4274030186814448e-06
4006,"ADXL_Y__fft_coefficient__attr_""angle""__coeff_94",9.885502584366778e-07,2.029961592219147e-06,6.005001246019645,5.692512179054809,9.885502584366778e-07,2.029961592219147e-06,1.4165871157838363e-06
4007,"MMA_Z__fft_coefficient__attr_""angle""__coeff_42",1.7385786022307043e-06,2.1047125950258447e-06,5.759805669810529,5.676807200025998,1.7385786022307043e-06,2.1047125950258447e-06,1.9129057168499945e-06
4008,"MMA_Y__fft_coefficient__attr_""angle""__coeff_56",1.4005230075332683e-06,2.1238748387481936e-06,5.853709752272283,5.672871080077677,1.4005230075332683e-06,2.1238748387481936e-06,1.7246841962480712e-06
4009,"MMA_Y__fft_coefficient__attr_""angle""__coeff_78",1.2030915498678953e-06,2.3651662724334046e-06,5.919701323541582,5.6261383227223565,1.2030915498678953e-06,2.3651662724334046e-06,1.6868644155346858e-06
4010,"ADXL_Z__fft_coefficient__attr_""angle""__coeff_46",2.634535105612593e-06,2.2855136553954603e-06,5.5792960100074,5.64101617956162,2.2855136553954603e-06,2.634535105612593e-06,2.4538267990011647e-06
4011,"MMA_Z__fft_coefficient__attr_""angle""__coeff_91",2.174899194477357e-06,2.686251366439101e-06,5.66256086758143,5.570853350584051,2.174899194477357e-06,2.686251366439101e-06,2.417090385780412e-06
4012,"MMA_Y__fft_coefficient__attr_""imag""__coeff_53",2.7900835395620105e-06,1.2539185997560334e-25,5.55438279306058,24.90173065555013,1.2539185997560334e-25,2.7900835395620105e-06,5.914843738536086e-16
4013,"MMA_Z__fft_coefficient__attr_""imag""__coeff_75",7.889017391200765e-09,2.891782542953787e-06,8.102977086543998,5.538834368343624,7.889017391200765e-09,2.891782542953787e-06,1.5104079837227158e-07
4014,"MMA_Z__fft_coefficient__attr_""imag""__coeff_39",3.154519811873252e-06,4.23620231401654e-21,5.501066740675113,20.37302330688305,4.23620231401654e-21,3.154519811873252e-06,1.1559923929969646e-13
4015,"ADXL_Z__fft_coefficient__attr_""imag""__coeff_75",4.72386266045052e-09,3.335422739384024e-06,8.325702737365791,5.476849114746909,4.72386266045052e-09,3.335422739384024e-06,1.2552322070196326e-07
4016,"MMA_Y__fft_coefficient__attr_""angle""__coeff_67",1.6237076209208403e-06,3.4612592025167145e-06,5.789492170939955,5.460765876577704,1.6237076209208403e-06,3.4612592025167145e-06,2.3706693031945175e-06
4017,GYRO_X__ar_coefficient__coeff_7__k_10,1.0940893377256057e-06,3.481342313439527e-06,5.960947214294038,5.458253271306728,1.0940893377256057e-06,3.481342313439527e-06,1.9516402091848744e-06
4018,"MMA_Y__fft_coefficient__attr_""angle""__coeff_97",2.378526390274721e-06,3.513906027822494e-06,5.623692025624317,5.454209856996629,2.378526390274721e-06,3.513906027822494e-06,2.8910064372327535e-06
4019,"MMA_Y__fft_coefficient__attr_""angle""__coeff_76",3.5309045491917757e-06,3.433363114884368e-06,5.452114022544411,5.464280262857059,3.433363114884368e-06,3.5309045491917757e-06,3.4817922742996112e-06
4020,MMA_Y__ar_coefficient__coeff_6__k_10,3.838688623205303e-06,6.370274586755397e-22,5.415817114428093,21.195841847265513,6.370274586755397e-22,3.838688623205303e-06,4.9450480870130885e-14
4021,"ADXL_Z__fft_coefficient__attr_""angle""__coeff_91",2.96376888391256e-06,3.84029442564346e-06,5.528155665859679,5.415635478098478,2.96376888391256e-06,3.84029442564346e-06,3.3736842062921278e-06
4022,"MMA_Z__fft_coefficient__attr_""angle""__coeff_60",3.839803908843801e-06,4.085536064297971e-06,5.415690953622459,5.388750951495735,3.839803908843801e-06,4.085536064297971e-06,3.960764743002754e-06
4023,"ADXL_Z__fft_coefficient__attr_""imag""__coeff_39",4.218046421230475e-06,8.905262841496288e-21,5.374888644991672,20.050353257680037,8.905262841496288e-21,4.218046421230475e-06,1.9381127949293907e-13
4024,"ADXL_Y__fft_coefficient__attr_""imag""__coeff_53",4.584070690056613e-06,9.060661269915603e-25,5.338748693818851,24.042840105259682,9.060661269915603e-25,4.584070690056613e-06,2.0380066673088006e-15
4025,"ADXL_Z__fft_coefficient__attr_""imag""__coeff_76",4.697804766489431e-06,2.782186834341215e-07,5.3281050357913085,6.555613708851919,2.782186834341215e-07,4.697804766489431e-06,1.1432484669411239e-06
4026,ADXL_Z__ar_coefficient__coeff_8__k_10,4.879894219854489e-06,2.037170557338032e-06,5.311589591979133,5.690972609188392,2.037170557338032e-06,4.879894219854489e-06,3.152963182089447e-06
4027,"MMA_Z__fft_coefficient__attr_""imag""__coeff_76",4.986720372150596e-06,4.133752461190904e-07,5.302184983944618,6.3836555335039895,4.133752461190904e-07,4.986720372150596e-06,1.4357530293072117e-06
4028,"MMA_Z__fft_coefficient__attr_""angle""__coeff_27",3.672692598929361e-06,5.304548367754307e-06,5.4350154201914815,5.275351586266262,3.672692598929361e-06,5.304548367754307e-06,4.413839092095912e-06
4029,"MMA_Z__fft_coefficient__attr_""angle""__coeff_41",5.023293362238579e-06,5.3719658140957785e-06,5.2990114581372705,5.269866759740627,5.023293362238579e-06,5.3719658140957785e-06,5.194705017238216e-06
4030,"MMA_Z__fft_coefficient__attr_""angle""__coeff_38",3.822444921939659e-06,5.413246447968526e-06,5.417658763671041,5.266542200406374,3.822444921939659e-06,5.413246447968526e-06,4.548828024474567e-06
4031,"ADXL_Z__fft_coefficient__attr_""angle""__coeff_41",4.714830025138888e-06,5.444642046401618e-06,5.32653395944306,5.264030667309978,4.714830025138888e-06,5.444642046401618e-06,5.066612457698732e-06
4032,"GYRO_Y__fft_coefficient__attr_""imag""__coeff_3",8.527378025384922e-07,5.811055966002084e-06,6.0691844839734665,5.235744941871701,8.527378025384922e-07,5.811055966002084e-06,2.2260519074982984e-06
4033,"ADXL_X__fft_coefficient__attr_""imag""__coeff_10",5.949265292020874e-06,3.0928386028388967e-06,5.225536664409735,5.509642742694954,3.0928386028388967e-06,5.949265292020874e-06,4.289535796993864e-06
4034,"ADXL_Y__fft_coefficient__attr_""angle""__coeff_81",6.8160566722739485e-06,6.575984044501371e-06,5.166466807273995,5.182039249207881,6.575984044501371e-06,6.8160566722739485e-06,6.694944355503681e-06
4035,"ADXL_Y__fft_coefficient__attr_""angle""__coeff_67",3.266493954906708e-06,7.121958822918267e-06,5.485918141194691,5.147400541618108,3.266493954906708e-06,7.121958822918267e-06,4.823259835646118e-06
4036,"ADXL_Y__fft_coefficient__attr_""angle""__coeff_96",4.134209201487574e-06,7.122646960152236e-06,5.383607550748675,5.147358581284732,4.134209201487574e-06,7.122646960152236e-06,5.426464097514041e-06
4037,"MMA_X__fft_coefficient__attr_""imag""__coeff_4",7.417014772094372e-06,1.3519142256332066e-11,5.129770856024921,10.869050862030402,1.3519142256332066e-11,7.417014772094372e-06,1.0013574677469588e-08
4038,"ADXL_X__fft_coefficient__attr_""angle""__coeff_1",7.525219668949854e-06,7.122647080611681e-07,5.12348081804371,6.147358573939868,7.122647080611681e-07,7.525219668949854e-06,2.315156234598591e-06
4039,"GYRO_Z__fft_coefficient__attr_""imag""__coeff_2",7.917610613102438e-06,1.7019354292971475e-07,5.101405860595842,6.7690569208859195,1.7019354292971475e-07,7.917610613102438e-06,1.1608299624759068e-06
4040,"ADXL_Z__fft_coefficient__attr_""angle""__coeff_48",7.510412415959489e-06,8.462314920758712e-06,5.124336214119976,5.072510816655063,7.510412415959489e-06,8.462314920758712e-06,7.972168779486888e-06
4041,"MMA_Y__fft_coefficient__attr_""imag""__coeff_42",8.763225424376879e-06,4.3157134709420365e-41,5.0573360164131715,40.3649473967323,4.3157134709420365e-41,8.763225424376879e-06,1.9447254308226917e-23
4042,"ADXL_Z__fft_coefficient__attr_""imag""__coeff_73",3.828359611795503e-06,9.154062832659491e-06,5.4169872741127945,5.038386110940437,3.828359611795503e-06,9.154062832659491e-06,5.919885508385439e-06
4043,"ADXL_Y__fft_coefficient__attr_""imag""__coeff_42",9.280072351049725e-06,7.991062527872843e-41,5.032448637839417,40.09739547108495,7.991062527872843e-41,9.280072351049725e-06,2.7231900121075336e-23
4044,"MMA_Z__cwt_coefficients__coeff_13__w_5__widths_(2, 5, 10, 20)",9.361973246192278e-06,3.666299995197485e-82,5.028632604294634,81.43577200175012,3.666299995197485e-82,9.361973246192278e-06,5.858651932616729e-44
4045,GYRO_Y__median,2.4001122004120454e-11,9.510687257299346e-06,10.619768455421381,5.021788099122684,2.4001122004120454e-11,9.510687257299346e-06,1.5108513004444723e-08
4046,"MMA_Z__fft_coefficient__attr_""angle""__coeff_63",9.460743991541808e-06,1.0412013660152034e-05,5.024074709399883,4.982465270785164,9.460743991541808e-06,1.0412013660152034e-05,9.92498844710333e-06
4047,"ADXL_Y__fft_coefficient__attr_""angle""__coeff_84",1.075878476621147e-05,5.534898077540952e-06,4.968236780633751,5.2568903720335145,5.534898077540952e-06,1.075878476621147e-05,7.716785413576092e-06
4048,"ADXL_Z__fft_coefficient__attr_""imag""__coeff_69",6.046127427003727e-07,1.0782009523219528e-05,6.2185227039558555,4.967300288916225,6.046127427003727e-07,1.0782009523219528e-05,2.5532215629778975e-06
4049,MMA_Z__ar_coefficient__coeff_8__k_10,1.0949691789598298e-05,4.60783534164205e-08,4.960598105112498,7.336503048572243,4.60783534164205e-08,1.0949691789598298e-05,7.103124439864391e-07
4050,"ADXL_X__change_quantiles__f_agg_""mean""__isabs_False__qh_1.0__ql_0.4",1.1310093586684512e-05,1.1512900925603438e-24,4.946533801439487,23.938815232647826,1.1512900925603438e-24,1.1310093586684512e-05,3.6084898077007454e-15
4051,"ADXL_Z__fft_coefficient__attr_""angle""__coeff_38",8.557915383457642e-06,1.2303802287769957e-05,5.067632011925363,4.909960656250414,8.557915383457642e-06,1.2303802287769957e-05,1.0261330268221944e-05
4052,"MMA_Z__fft_coefficient__attr_""imag""__coeff_69",1.254488914650045e-06,1.2391736923457888e-05,5.901533171995912,4.906867815221683,1.254488914650045e-06,1.2391736923457888e-05,3.94275241471457e-06
4053,"MMA_Z__fft_coefficient__attr_""angle""__coeff_93",9.17220844252601e-06,1.321109301669154e-05,5.0375260842942335,4.879061249646601,9.17220844252601e-06,1.321109301669154e-05,1.1007947079391987e-05
4054,"ADXL_Z__fft_coefficient__attr_""angle""__coeff_58",9.76815891292562e-06,1.3562865514623454e-05,5.01018728370227,4.86764854456076,9.76815891292562e-06,1.3562865514623454e-05,1.15101792193467e-05
4055,"ADXL_Y__fft_coefficient__attr_""angle""__coeff_45",1.0749047018495917e-05,1.391951482886957e-05,4.968630037418565,4.85637590199678,1.0749047018495917e-05,1.391951482886957e-05,1.2231987547825992e-05
4056,"MMA_Z__fft_coefficient__attr_""imag""__coeff_73",3.4947466314341235e-06,1.471609597705783e-05,5.456584305056717,4.832207388402022,3.4947466314341235e-06,1.471609597705783e-05,7.171403408237756e-06
4057,"ADXL_Z__cwt_coefficients__coeff_13__w_5__widths_(2, 5, 10, 20)",1.5378567276776464e-05,2.081068872468675e-81,4.813084123102435,80.68171354668019,2.081068872468675e-81,1.5378567276776464e-05,1.7889622037054013e-43
4058,"MMA_Y__change_quantiles__f_agg_""mean""__isabs_False__qh_1.0__ql_0.8",1.5827155721163228e-05,2.1718871015519543e-36,4.800597124656925,35.663162753874786,2.1718871015519543e-36,1.5827155721163228e-05,5.863002248426026e-21
4059,"MMA_Y__fft_coefficient__attr_""angle""__coeff_73",1.2861114063402843e-05,1.7118066338500022e-05,4.890721410056248,4.766545294912857,1.2861114063402843e-05,1.7118066338500022e-05,1.4837702103908995e-05
4060,"ADXL_X__change_quantiles__f_agg_""mean""__isabs_False__qh_0.4__ql_0.2",1.8045964774863536e-05,3.9075661146029446e-08,4.743619894696239,7.4080936651413225,3.9075661146029446e-08,1.8045964774863536e-05,8.397368662835705e-07
4061,"GYRO_Z__fft_coefficient__attr_""angle""__coeff_2",1.588126874102102e-05,1.885024304141568e-05,4.799114805107029,4.724683045942791,1.588126874102102e-05,1.885024304141568e-05,1.730218990689571e-05
4062,"ADXL_X__fft_coefficient__attr_""imag""__coeff_4",2.0506682625873636e-05,7.759319147875066e-12,4.688104589938991,11.110176384836315,7.759319147875066e-12,2.0506682625873636e-05,1.2614194193777827e-08
4063,"ADXL_Z__fft_coefficient__attr_""angle""__coeff_93",1.5009731834519878e-05,2.064765868864051e-05,4.823627066839249,4.685129187409614,1.5009731834519878e-05,2.064765868864051e-05,1.7604426145921044e-05
4064,"ADXL_X__change_quantiles__f_agg_""mean""__isabs_False__qh_0.6__ql_0.4",2.128570559253597e-05,6.109759963889614e-07,4.6719119489697745,6.21397585168968,6.109759963889614e-07,2.128570559253597e-05,3.6062522351108154e-06
4065,"MMA_Y__fft_coefficient__attr_""imag""__coeff_44",2.133527083816181e-05,4.6284173221819085e-34,4.670901839667918,33.33456748970522,4.6284173221819085e-34,2.133527083816181e-05,9.937229851462159e-20
4066,"ADXL_Y__fft_coefficient__attr_""imag""__coeff_44",2.3947558054986847e-05,6.997478492554019e-34,4.620738765227019,33.155058427707026,6.997478492554019e-34,2.3947558054986847e-05,1.294498058858951e-19
4067,"ADXL_Y__fft_coefficient__attr_""angle""__coeff_99",2.435384609950182e-05,2.248778278846336e-05,4.613432442749605,4.648053362270207,2.248778278846336e-05,2.435384609950182e-05,2.340222214126818e-05
4068,"ADXL_Z__fft_coefficient__attr_""angle""__coeff_60",2.429355670995457e-05,2.467659472221706e-05,4.614508897445665,4.60771477151832,2.429355670995457e-05,2.467659472221706e-05,2.4484326686530422e-05
4069,"ADXL_Z__fft_coefficient__attr_""imag""__coeff_62",3.6047195862565854e-06,2.5254915009156117e-05,5.443128513712389,4.5976540886886195,3.6047195862565854e-06,2.5254915009156117e-05,9.541325211035963e-06
4070,"GYRO_Y__fft_coefficient__attr_""imag""__coeff_2",2.574625913792785e-05,6.920354753679375e-09,4.589285863856863,8.159871642014863,6.920354753679375e-09,2.574625913792785e-05,4.221057294264318e-07
4071,"ADXL_Y__fft_coefficient__attr_""angle""__coeff_80",2.5078544694872624e-05,2.767158750253313e-05,4.600697669170041,4.557965924927958,2.5078544694872624e-05,2.767158750253313e-05,2.6343180217285002e-05
4072,"GYRO_Y__agg_linear_trend__attr_""slope""__chunk_len_50__f_agg_""mean""",3.092410598788945e-05,4.9953863316525824e-09,4.509702846917553,8.301430918806005,4.9953863316525824e-09,3.092410598788945e-05,3.930367112248915e-07
4073,"GYRO_Y__fft_coefficient__attr_""angle""__coeff_3",2.820893659929908e-05,3.113090205890984e-05,4.549613285264741,4.506808294880255,2.820893659929908e-05,3.113090205890984e-05,2.9633927219637576e-05
4074,"GYRO_Y__agg_linear_trend__attr_""slope""__chunk_len_10__f_agg_""mean""",3.169016291841635e-05,5.86800869847296e-09,4.4990755281057755,8.231509251049612,5.86800869847296e-09,3.169016291841635e-05,4.3122865357173614e-07
4075,"ADXL_Z__fft_coefficient__attr_""angle""__coeff_53",2.229976542667166e-05,3.169409767344164e-05,4.651699705312284,4.499021608019579,2.229976542667166e-05,3.169409767344164e-05,2.658516397406209e-05
4076,"GYRO_Y__agg_linear_trend__attr_""slope""__chunk_len_5__f_agg_""mean""",3.174699080335285e-05,5.880328584650102e-09,4.498297433818753,8.23059840546922,5.880328584650102e-09,3.174699080335285e-05,4.3206797786642285e-07
4077,"GYRO_Y__linear_trend__attr_""slope""",3.176736533757688e-05,5.890711168956005e-09,4.498018802384036,8.229832270899003,5.890711168956005e-09,3.176736533757688e-05,4.3258799544412925e-07
4078,MMA_X__ar_coefficient__coeff_7__k_10,3.558528645327334e-05,5.054838802884137e-11,4.44872953385349,10.29629268935768,5.054838802884137e-11,3.558528645327334e-05,4.2412013248106165e-08
4079,"MMA_Z__fft_coefficient__attr_""imag""__coeff_62",2.2005132148157565e-06,3.592751921668819e-05,5.657476019009998,4.4445727696503186,2.2005132148157565e-06,3.592751921668819e-05,8.891511728152272e-06
4080,"ADXL_Z__fft_coefficient__attr_""angle""__coeff_86",3.617738016270828e-05,3.484730680728766e-05,4.441562886400343,4.457830780949919,3.484730680728766e-05,3.617738016270828e-05,3.550611589590979e-05
4081,"GYRO_Y__fft_coefficient__attr_""angle""__coeff_2",3.6224994072601474e-05,3.526541322264183e-05,4.440991676919222,4.452651022941973,3.526541322264183e-05,3.6224994072601474e-05,3.574198350620796e-05
4082,"MMA_X__fft_coefficient__attr_""imag""__coeff_14",3.651210118979016e-05,2.1077945082569063e-06,4.437563173654666,5.676171731353332,2.1077945082569063e-06,3.651210118979016e-05,8.77268524300058e-06
4083,"GYRO_X__change_quantiles__f_agg_""mean""__isabs_False__qh_0.4__ql_0.2",3.651210118979016e-05,1.8180811772067514e-53,4.437563173654666,52.74038672946065,1.8180811772067514e-53,3.651210118979016e-05,2.576469753624632e-29
4084,"MMA_Z__fft_coefficient__attr_""angle""__coeff_61",3.427783350686732e-05,3.751835281264966e-05,4.464986634991142,4.42575623692624,3.427783350686732e-05,3.751835281264966e-05,3.5861509326350336e-05
4085,"MMA_Y__cwt_coefficients__coeff_1__w_20__widths_(2, 5, 10, 20)",4.2052595845221175e-05,9.526931400798701e-46,4.376207190675593,45.021046961932804,9.526931400798701e-46,4.2052595845221175e-05,2.0015798656134975e-25
4086,"ADXL_Z__fft_coefficient__attr_""imag""__coeff_52",5.463403997013464e-05,3.887642970813914e-16,4.262536683946988,15.410313626185348,3.887642970813914e-16,5.463403997013464e-05,1.4573868445167892e-10
4087,"GYRO_Y__change_quantiles__f_agg_""mean""__isabs_False__qh_1.0__ql_0.8",5.579017772203753e-05,3.072868052679189e-05,4.253442255123467,4.512456087717463,3.072868052679189e-05,5.579017772203753e-05,4.1404813098883e-05
4088,"ADXL_Z__fft_coefficient__attr_""angle""__coeff_62",5.8182152621490376e-05,5.294554496534204e-05,4.235210214777847,4.276170577168712,5.294554496534204e-05,5.8182152621490376e-05,5.550212408369172e-05
4089,"MMA_X__fft_coefficient__attr_""angle""__coeff_14",5.2903222635170057e-05,6.008371242485842e-05,4.27651787182034,4.221243241186646,5.2903222635170057e-05,6.008371242485842e-05,5.6379269374122065e-05
4090,"MMA_Y__fft_coefficient__attr_""imag""__coeff_65",6.234524681693934e-05,6.693024387951938e-20,4.205196651405371,19.174377592517246,6.693024387951938e-20,6.234524681693934e-05,2.0427389882671204e-12
4091,"MMA_Z__fft_coefficient__attr_""angle""__coeff_58",4.598798830256996e-05,6.247938164573376e-05,4.337355587777598,4.204263277292961,4.598798830256996e-05,6.247938164573376e-05,5.360318154993982e-05
4092,GYRO_Z__median,1.4397321271131828e-14,6.502223841558423e-05,13.841718304112034,4.186938083827846,1.4397321271131828e-14,6.502223841558423e-05,9.67546410379004e-10
4093,"ADXL_Y__cwt_coefficients__coeff_1__w_20__widths_(2, 5, 10, 20)",6.685392102641839e-05,3.089686079593348e-45,4.174873115998131,44.51008564381985,3.089686079593348e-45,6.685392102641839e-05,4.544861154772035e-25
4094,"ADXL_Y__fft_coefficient__attr_""angle""__coeff_75",5.784023909026935e-05,6.686897197180012e-05,4.237769920496201,4.174775353492284,5.784023909026935e-05,6.686897197180012e-05,6.21909746391664e-05
4095,"MMA_Y__fft_coefficient__attr_""angle""__coeff_75",5.62221727460327e-05,6.989268764546942e-05,4.250092374783735,4.15556825889441,5.62221727460327e-05,6.989268764546942e-05,6.26858736757181e-05
4096,"ADXL_Z__fft_coefficient__attr_""angle""__coeff_89",6.028061553453212e-05,7.28997723656628e-05,4.219822321687766,4.1372738277930114,6.028061553453212e-05,7.28997723656628e-05,6.629059624508915e-05
4097,"GYRO_X__change_quantiles__f_agg_""mean""__isabs_False__qh_0.6__ql_0.2",7.534395636552447e-05,9.776245058682931e-41,4.1229515784172985,40.00982792061422,9.776245058682931e-41,7.534395636552447e-05,8.582429615907613e-23
4098,"ADXL_Y__fft_coefficient__attr_""imag""__coeff_65",7.566316884877101e-05,1.0302525070210178e-18,4.121115473977504,17.98705631998797,1.0302525070210178e-18,7.566316884877101e-05,8.829052576330084e-12
4099,ADXL_Y__partial_autocorrelation__lag_5,7.863637693685206e-05,3.1435434805583393e-187,4.104376504237213,186.50258052824017,3.1435434805583393e-187,7.863637693685206e-05,4.971889681545332e-96
4100,"ADXL_Z__fft_coefficient__attr_""angle""__coeff_59",6.166123587197993e-05,8.028793804693478e-05,4.2099877749873515,4.095349695482621,6.166123587197993e-05,8.028793804693478e-05,7.036088036392776e-05
4101,"ADXL_Y__fft_coefficient__attr_""angle""__coeff_50",2.9223953188334986e-05,8.321502166922399e-05,4.534261036459434,4.079798269392103,2.9223953188334986e-05,8.321502166922399e-05,4.931401319937045e-05
4102,"ADXL_Z__fft_coefficient__attr_""angle""__coeff_54",7.790077803338821e-05,8.421391664721886e-05,4.108458204793163,4.0746161338723645,7.790077803338821e-05,8.421391664721886e-05,8.099586179587975e-05
4103,"MMA_Z__fft_coefficient__attr_""imag""__coeff_52",8.768408394276203e-05,3.381103085479796e-16,4.057079230843041,15.47094158795279,3.381103085479796e-16,8.768408394276203e-05,1.721827304831533e-10
4104,"MMA_Z__fft_coefficient__attr_""angle""__coeff_48",8.156652349206876e-05,8.966864510015328e-05,4.0884880476889895,4.04735939241316,8.156652349206876e-05,8.966864510015328e-05,8.552169109099533e-05
4105,"ADXL_X__fft_coefficient__attr_""imag""__coeff_14",9.73627133803288e-05,9.264726388422686e-06,4.011607331350675,5.033167402006481,9.264726388422686e-06,9.73627133803288e-05,3.003396244092955e-05
4106,"MMA_Z__fft_coefficient__attr_""angle""__coeff_54",9.628520568200022e-05,0.0001016515337073,4.016440437530256,3.992886064388536,9.628520568200022e-05,0.0001016515337073,9.893199093770508e-05
4107,"ADXL_Z__fft_coefficient__attr_""imag""__coeff_85",3.2443087871058134e-05,0.0001021353347361,4.488877817175423,3.9908239834164587,3.2443087871058134e-05,0.0001021353347361,5.756375282748014e-05
4108,"MMA_Z__fft_coefficient__attr_""imag""__coeff_88",0.0001026214705334,5.527888508100012e-05,3.9887617663326975,4.257440724824385,5.527888508100012e-05,0.0001026214705334,7.531799570128681e-05
4109,"MMA_X__cwt_coefficients__coeff_7__w_10__widths_(2, 5, 10, 20)",0.0001055004368359,7.324258513090272e-05,3.9767457421195767,4.1352363354753034,7.324258513090272e-05,0.0001055004368359,8.790406547083491e-05
4110,"ADXL_Y__fft_coefficient__attr_""angle""__coeff_70",0.0001057798182581,0.0001022559783179,3.9755971834842883,3.9903112918822172,0.0001022559783179,0.0001057798182581,0.00010400297496837133
4111,"MMA_Y__fft_coefficient__attr_""angle""__coeff_95",8.917792066206338e-05,0.0001113089710876,4.049742658197668,3.9534698317404775,8.917792066206338e-05,0.0001113089710876,9.963083153635676e-05
4112,"MMA_X__cwt_coefficients__coeff_6__w_10__widths_(2, 5, 10, 20)",6.62247461711942e-05,0.0001195381804328,4.178979697608473,3.922493359126469,6.62247461711942e-05,0.0001195381804328,8.897407294784584e-05
4113,GYRO_Y__time_reversal_asymmetry_statistic__lag_3,0.0001216511304255,3.234977503856415e-08,3.9148838510958766,7.490128735083378,3.234977503856415e-08,0.0001216511304255,1.983780910900181e-06
4114,"MMA_Z__fft_coefficient__attr_""imag""__coeff_85",9.814181692185045e-05,0.0001239567780536,4.0081459060878375,3.906729720684833,9.814181692185045e-05,0.0001239567780536,0.0001102966156233221
4115,"MMA_Z__fft_coefficient__attr_""angle""__coeff_89",0.0001031550394461,0.0001280125835625,3.9865095505296844,3.8927473373588044,0.0001031550394461,0.0001280125835625,0.00011491363325118069
4116,"ADXL_Z__fft_coefficient__attr_""angle""__coeff_61",0.0001184705595978,0.0001319898153545,3.9263895601412218,3.879459578687985,0.0001184705595978,0.0001319898153545,0.00012504762007434572
4117,"ADXL_X__change_quantiles__f_agg_""mean""__isabs_False__qh_0.6__ql_0.0",2.084237114494042e-08,0.0001366916733196,7.681052874787834,3.8642579400151393,2.084237114494042e-08,0.0001366916733196,1.6878917583038474e-06
4118,"MMA_Z__fft_coefficient__attr_""angle""__coeff_76",0.0001103236142852,0.0001452620113123,3.9573315187828375,3.837847946848271,0.0001103236142852,0.0001452620113123,0.00012659316769206207
4119,"ADXL_Y__fft_coefficient__attr_""angle""__coeff_95",0.0001269111148045,0.0001497430484104,3.89650034097166,3.8246533299208196,0.0001269111148045,0.0001497430484104,0.00013785520377551248
4120,"GYRO_Y__fft_coefficient__attr_""imag""__coeff_46",1.3886679614684113e-07,0.0001498637336773,6.857401584169152,3.8243034516708594,1.3886679614684113e-07,0.0001498637336773,4.561918078436976e-06
4121,"MMA_Z__fft_coefficient__attr_""imag""__coeff_50",0.0001588639441078,1.2680904511384729e-08,3.7989746594437452,7.896849767724549,1.2680904511384729e-08,0.0001588639441078,1.4193443928564244e-06
4122,"ADXL_Z__fft_coefficient__attr_""imag""__coeff_50",0.0001728734998026,1.876800428771605e-08,3.7622715756767304,7.726581906010131,1.876800428771605e-08,0.0001728734998026,1.8012469529544461e-06
4123,"MMA_Y__fft_coefficient__attr_""angle""__coeff_80",0.0001801915212864,0.0001773300596129,3.744265648124775,3.7512176399350077,0.0001773300596129,0.0001801915212864,0.00017875506485539493
4124,"ADXL_Z__fft_coefficient__attr_""imag""__coeff_49",0.0001928997156095,2.9141019488671906e-14,3.714668412632507,13.535495258655267,2.9141019488671906e-14,0.0001928997156095,2.370926901432372e-09
4125,"GYRO_Z__fft_coefficient__attr_""real""__coeff_6",6.541405237708399e-05,0.0001965488494957,4.1843289456472474,3.7065294939915963,6.541405237708399e-05,0.0001965488494957,0.0001133889621416799
4126,"MMA_Z__fft_coefficient__attr_""angle""__coeff_59",0.0001602495454154,0.0002114116295481,3.7952031937833315,3.674871126254474,0.0001602495454154,0.0002114116295481,0.00018406145041972253
4127,"MMA_X__fft_coefficient__attr_""imag""__coeff_11",0.0002130909016524,7.627585713178237e-06,3.6714350929723847,5.117612903377305,7.627585713178237e-06,0.0002130909016524,4.031586681509049e-05
4128,"ADXL_Z__fft_coefficient__attr_""imag""__coeff_88",0.0002162070256564,5.212573346395381e-05,3.6651301977359405,4.282947820994556,5.212573346395381e-05,0.0002162070256564,0.0001061600197456638
4129,"MMA_Z__fft_coefficient__attr_""angle""__coeff_84",0.0001931462805607,0.0002297447911251,3.714113650695537,3.63875432634564,0.0001931462805607,0.0002297447911251,0.00021065220597944845
4130,"MMA_Z__fft_coefficient__attr_""imag""__coeff_49",0.0002416963852419,3.8103693153692446e-14,3.6167298447567497,13.419032928824691,3.8103693153692446e-14,0.0002416963852419,3.0347199046393058e-09
4131,"MMA_Z__fft_coefficient__attr_""angle""__coeff_86",0.000241800486383,0.0002367771384483,3.616542829888644,3.625660232375875,0.0002367771384483,0.000241800486383,0.00023927563027014237
4132,"MMA_Y__cwt_coefficients__coeff_1__w_10__widths_(2, 5, 10, 20)",0.0002512817729206,3.118561864219874e-57,3.59983901243048,56.50604563624558,3.118561864219874e-57,0.0002512817729206,8.852331637505124e-31
4133,GYRO_X__ar_coefficient__coeff_10__k_10,0.0002695507318866,1.276136632761804e-07,3.5693594846334147,6.894102824300003,1.276136632761804e-07,0.0002695507318866,5.865011196479045e-06
4134,"ADXL_Y__fft_coefficient__attr_""imag""__coeff_37",0.0002695507318866,1.7030578654088295e-31,3.5693594846334147,30.768770595607094,1.7030578654088295e-31,0.0002695507318866,6.775400313385038e-18
4135,"ADXL_Z__fft_coefficient__attr_""angle""__coeff_45",0.0001404677656935,0.0002782462828324,3.8524233254925124,3.5555706288123385,0.0001404677656935,0.0002782462828324,0.00019769834005875945
4136,"ADXL_X__fft_coefficient__attr_""imag""__coeff_11",0.0002812839632977,1.5407257886482842e-05,3.550855027343683,4.812274648156149,1.5407257886482842e-05,0.0002812839632977,6.583171395201281e-05
4137,"ADXL_Z__fft_coefficient__attr_""imag""__coeff_98",6.10623267839847e-05,0.0003028811337749,4.2142266509022095,3.518727777682771,6.10623267839847e-05,0.0003028811337749,0.00013599495125653279
4138,"ADXL_Z__fft_coefficient__attr_""angle""__coeff_90",0.0002586278762258,0.0003059031459804,3.5873246664681218,3.514416056605049,0.0002586278762258,0.0003059031459804,0.00028127403181897495
4139,"MMA_X__fft_coefficient__attr_""angle""__coeff_8",0.0002635070410188,0.0003171117201177,3.5792077757654477,3.498787706606204,0.0002635070410188,0.0003171117201177,0.0002890694917153953
4140,"MMA_X__cwt_coefficients__coeff_6__w_5__widths_(2, 5, 10, 20)",4.361328138227557e-06,0.000321876611952,5.360381236587212,3.492310578670716,4.361328138227557e-06,0.000321876611952,3.746744619991614e-05
4141,"MMA_X__fft_coefficient__attr_""imag""__coeff_12",6.154196134557732e-05,0.0003244914538032,4.21082866687979,3.488796736814266,6.154196134557732e-05,0.0003244914538032,0.00014131468609782468
4142,"MMA_Z__fft_coefficient__attr_""imag""__coeff_98",7.591447511876565e-05,0.0003272713487341,4.119675406386131,3.4850920137305983,7.591447511876565e-05,0.0003272713487341,0.00015762180261803794
4143,"MMA_Z__fft_coefficient__attr_""angle""__coeff_51",0.0003101299130546,0.0003525202773657,3.508456342604939,3.4528158968435028,0.0003101299130546,0.0003525202773657,0.00033064646220609716
4144,"MMA_Y__fft_coefficient__attr_""angle""__coeff_50",0.0001334005984763,0.0003528136144584,3.8748422220358747,3.4524546645547427,0.0001334005984763,0.0003528136144584,0.00021694595483515505
4145,"MMA_X__cwt_coefficients__coeff_8__w_10__widths_(2, 5, 10, 20)",0.0003718526009169,0.0001292793292537,3.4296291765002644,3.888470909835056,0.0001292793292537,0.0003718526009169,0.00021925522759510348
4146,"ADXL_Z__fft_coefficient__attr_""angle""__coeff_94",0.0003341211909017,0.000372759607099,3.476095979315997,3.42857115469907,0.0003341211909017,0.000372759607099,0.0003529120058087676
4147,"ADXL_Z__fft_coefficient__attr_""angle""__coeff_66",0.0003455330394124,0.0003783094599079,3.4615104196401143,3.4221527987166844,0.0003455330394124,0.0003783094599079,0.0003615500207722856
4148,"MMA_Y__fft_coefficient__attr_""imag""__coeff_37",0.0003802647768724,5.539359322433382e-32,3.419913900511122,31.25654046249574,5.539359322433382e-32,0.0003802647768724,4.5895786699447465e-18
4149,"MMA_Y__fft_coefficient__attr_""angle""__coeff_77",0.0001635159339741,0.0003825406229563,3.7864399206804507,3.4173224392319717,0.0001635159339741,0.0003825406229563,0.00025010295329270594
4150,"MMA_Z__fft_coefficient__attr_""angle""__coeff_90",0.0003380296546019,0.0003879982608778,3.4710451983464994,3.411170221036895,0.0003380296546019,0.0003879982608778,0.0003621531694057925
4151,"MMA_Y__cwt_coefficients__coeff_13__w_5__widths_(2, 5, 10, 20)",0.0003894730813841,1.597963975322165e-44,3.4095225534223217,43.79643301569484,1.597963975322165e-44,0.0003894730813841,2.494722336071711e-24
4152,"MMA_Y__fft_coefficient__attr_""angle""__coeff_93",0.0002471460415343,0.000391886373705,3.6070463411149087,3.4068398371282016,0.0002471460415343,0.000391886373705,0.0003112124129793382
4153,"GYRO_Y__change_quantiles__f_agg_""mean""__isabs_False__qh_0.4__ql_0.0",1.7393425958060005e-21,0.0004035165348091,20.759614867213,3.3941386645869596,1.7393425958060005e-21,0.0004035165348091,8.377669706460754e-13
4154,"ADXL_X__cwt_coefficients__coeff_7__w_10__widths_(2, 5, 10, 20)",5.5864227006547165e-05,0.0004078049541628,4.252866206190252,3.389547502558621,5.5864227006547165e-05,0.0004078049541628,0.0001509361074552581
4155,"ADXL_Z__fft_coefficient__attr_""angle""__coeff_74",0.0004174629760634,0.0003868571605001,3.3793820351608876,3.4124493601947723,0.0003868571605001,0.0004174629760634,0.00040186881134744474
4156,"MMA_X__fft_coefficient__attr_""imag""__coeff_9",0.0002557840697923,0.0004353528419781,3.5921265068344326,3.3611586161260796,0.0002557840697923,0.0004353528419781,0.0003337009465326739
4157,"MMA_Y__fft_coefficient__attr_""imag""__coeff_94",0.0004508150232766,2.375100886115944e-11,3.3460016196503046,10.624317938311577,2.375100886115944e-11,0.0004508150232766,1.0347614030580348e-07
4158,"ADXL_Y__fft_coefficient__attr_""angle""__coeff_73",0.0003501885688821,0.0004553001089538,3.455698034587387,3.3417022457646666,0.0003501885688821,0.0004553001089538,0.0003993005053420236
4159,"GYRO_Z__change_quantiles__f_agg_""mean""__isabs_False__qh_1.0__ql_0.2",0.0004611464881705,7.017307080951822e-05,3.3361610943534976,4.1538295181063845,7.017307080951822e-05,0.0004611464881705,0.00017988903570798626
4160,"MMA_X__fft_coefficient__attr_""real""__coeff_4",1.0309038924596165e-08,0.0004740855551232,7.98678182057486,3.3241432769650676,1.0309038924596165e-08,0.0004740855551232,2.2107388903608336e-06
4161,"MMA_Z__fft_coefficient__attr_""angle""__coeff_68",0.0004803160925309,0.0004649123710158,3.31847286249639,3.3326288973694718,0.0004649123710158,0.0004803160925309,0.0004725514717103155
4162,"ADXL_Z__fft_coefficient__attr_""angle""__coeff_96",0.0004160986142948,0.0004850637862683,3.3808037305063174,3.314201147577437,0.0004160986142948,0.0004850637862683,0.0004492598015745774
4163,"GYRO_X__fft_coefficient__attr_""imag""__coeff_7",5.265813148798186e-07,0.0005021328332757,6.278534555386729,3.299181380210481,5.265813148798186e-07,0.0005021328332757,1.626080464154978e-05
4164,"ADXL_Y__fft_coefficient__attr_""angle""__coeff_77",0.0002455478618334,0.0005220392593669,3.6098638432387458,3.282296835148554,0.0002455478618334,0.0005220392593669,0.00035803019974666106
4165,"MMA_Z__fft_coefficient__attr_""angle""__coeff_99",0.000412814720352,0.0005253255013997,3.384244824816741,3.279571516295024,0.000412814720352,0.0005253255013997,0.00046568454983399583
4166,"MMA_X__fft_coefficient__attr_""imag""__coeff_62",3.487423615029663e-07,0.0005311365840087,6.457495295957605,3.2747937839020618,3.487423615029663e-07,0.0005311365840087,1.360991647982502e-05
4167,"MMA_Z__fft_coefficient__attr_""angle""__coeff_74",0.0005253935885973,0.0005345097974111,3.279515231233624,3.2720443298891015,0.0005253935885973,0.0005345097974111,0.0005299320905571143
4168,"MMA_Z__fft_coefficient__attr_""angle""__coeff_53",0.0004120390560815,0.0005353919157924,3.385061616401887,3.271328190775642,0.0004120390560815,0.0005353919157924,0.00046968327585381026
4169,MMA_Y__value_count__value_1,0.0004067100439699,0.0005375352719314,3.390715102277385,3.2695930329889498,0.0004067100439699,0.0005375352719314,0.00046756923988067466
4170,"ADXL_Z__fft_coefficient__attr_""angle""__coeff_67",0.0004858406755262,0.0005529232807734,3.3135061280301144,3.2573351237553063,0.0004858406755262,0.0005529232807734,0.0005182978103803945
4171,"ADXL_X__fft_coefficient__attr_""imag""__coeff_62",1.858701854342446e-07,0.0005554010828339,6.730790267784963,3.255393277865687,1.858701854342446e-07,0.0005554010828339,1.0160339672310037e-05
4172,"MMA_X__cwt_coefficients__coeff_8__w_5__widths_(2, 5, 10, 20)",1.0192553196104832e-08,0.0005612484301772,7.99171701323715,3.2508448607170535,1.0192553196104832e-08,0.0005612484301772,2.391768065848242e-06
4173,"GYRO_Y__change_quantiles__f_agg_""mean""__isabs_False__qh_0.8__ql_0.6",2.360082053004972e-11,0.000574730251655,10.627072897645228,3.2405359426243363,2.360082053004972e-11,0.000574730251655,1.1646503991541825e-07
4174,"ADXL_Y__fft_coefficient__attr_""angle""__coeff_88",0.0005757361610351,0.0003865946389269,3.2397764923708077,3.412744172812918,0.0003865946389269,0.0005757361610351,0.00047178015355939256
4175,"ADXL_X__cwt_coefficients__coeff_8__w_10__widths_(2, 5, 10, 20)",0.0002074775287481,0.0005911064914841,3.6830289335021233,3.2283342712377414,0.0002074775287481,0.0005911064914841,0.00035020181907020545
4176,"ADXL_X__cwt_coefficients__coeff_6__w_5__widths_(2, 5, 10, 20)",7.6907856401175e-07,0.0005984905972625,6.1140292932623055,3.2229426682969837,7.6907856401175e-07,0.0005984905972625,2.145428370086445e-05
4177,"ADXL_Y__fft_coefficient__attr_""angle""__coeff_93",0.0004288812457849,0.0006327484690836,3.36766294427202,3.198768896931224,0.0004288812457849,0.0006327484690836,0.0005209356502381678
4178,"MMA_Z__fft_coefficient__attr_""angle""__coeff_56",0.0006231421220276,0.0006408096415909,3.2054128911046376,3.1932709625008733,0.0006231421220276,0.0006408096415909,0.0006319141396397925
4179,"ADXL_X__fft_coefficient__attr_""imag""__coeff_12",0.0001592187233888,0.0006441189155178,3.79800586256375,3.191033946948141,0.0001592187233888,0.0006441189155178,0.00032024333160789224
4180,"MMA_Y__fft_coefficient__attr_""imag""__coeff_40",0.0006833917041285,4.2015047201323326e-39,3.1653302975201107,38.37659514421732,4.2015047201323326e-39,0.0006833917041285,1.6944832458880113e-21
4181,"ADXL_Y__fft_coefficient__attr_""angle""__coeff_60",0.0006882480633729,0.0005612484301772,3.1622550019726217,3.2508448607170535,0.0005612484301772,0.0006882480633729,0.0006215127875921285
4182,"MMA_Z__fft_coefficient__attr_""imag""__coeff_48",0.0006883825474475,1.5627430338093746e-12,3.1621701488664518,11.80611242836174,1.5627430338093746e-12,0.0006883825474475,3.279885715416822e-08
4183,"MMA_X__fft_coefficient__attr_""angle""__coeff_5",0.0006865067247086,0.0006900148093276,3.1633552042545627,3.1611415881899356,0.0006865067247086,0.0006900148093276,0.0006882585319136406
4184,"MMA_Y__fft_coefficient__attr_""angle""__coeff_70",0.0006948861229185,0.0005992054512132,3.158086361223266,3.222424244338891,0.0005992054512132,0.0006948861229185,0.000645274788617354
4185,"MMA_X__cwt_coefficients__coeff_4__w_10__widths_(2, 5, 10, 20)",0.000295174391497,0.0006989958503799,3.529921323386833,3.1555254024552637,0.000295174391497,0.0006989958503799,0.0004542308606807942
4186,"ADXL_Z__fft_coefficient__attr_""angle""__coeff_84",0.0005491729220851,0.0007085629166661,3.2602908845433234,3.1496215806349523,0.0005491729220851,0.0007085629166661,0.0006237976975163209
4187,"ADXL_Z__fft_coefficient__attr_""angle""__coeff_49",0.0005540218776518,0.000723659687538,3.2564730851707524,3.140465619673834,0.0005540218776518,0.000723659687538,0.0006331850431514611
4188,"ADXL_Z__fft_coefficient__attr_""angle""__coeff_51",0.0006366113295075,0.0007306466685435,3.196125636687672,3.1362925915771243,0.0006366113295075,0.0007306466685435,0.0006820102250419001
4189,"ADXL_Y__cwt_coefficients__coeff_1__w_10__widths_(2, 5, 10, 20)",0.000732477472429,7.018964136682349e-54,3.135205727629448,53.15372697660485,7.018964136682349e-54,0.000732477472429,7.170239263725363e-29
4190,"ADXL_X__fft_coefficient__attr_""imag""__coeff_9",0.0003755313398598,0.0007409203841196,3.4253538132264727,3.13022845679151,0.0003755313398598,0.0007409203841196,0.0005274834827536035
4191,"ADXL_X__cwt_coefficients__coeff_6__w_10__widths_(2, 5, 10, 20)",3.2686764301117985e-05,0.0007480759984837,4.485628068582088,3.1260542790800714,3.2686764301117985e-05,0.0007480759984837,0.00015637194071111413
4192,"MMA_X__cwt_coefficients__coeff_9__w_5__widths_(2, 5, 10, 20)",6.184171560195114e-07,0.0007629806819264,6.208718470801802,3.11748645790223,6.184171560195114e-07,0.0007629806819264,2.1721886276627812e-05
4193,"ADXL_Y__fft_coefficient__attr_""imag""__coeff_40",0.0007724894480658,4.1023285914035256e-39,3.1121074441725063,38.38696955612808,4.1023285914035256e-39,0.0007724894480658,1.7801700900076542e-21
4194,"MMA_Z__fft_coefficient__attr_""angle""__coeff_49",0.0006014834685234,0.000780342115882,3.220776304529834,3.1077149531234753,0.0006014834685234,0.000780342115882,0.0006851006367648437
4195,"MMA_X__cwt_coefficients__coeff_5__w_10__widths_(2, 5, 10, 20)",9.445263529173496e-05,0.0007848505699223,4.02478592046642,3.1052130220263643,9.445263529173496e-05,0.0007848505699223,0.00027227046229692515
4196,"MMA_Z__fft_coefficient__attr_""angle""__coeff_67",0.0007511451932875,0.0007931887996926,3.124276107537932,3.1006234269251847,0.0007511451932875,0.0007931887996926,0.0007718807901862684
4197,"ADXL_Y__fft_coefficient__attr_""imag""__coeff_94",0.0008157331444757,1.6892936070857214e-10,3.0884518912904055,9.7722948614678,1.6892936070857214e-10,0.0008157331444757,3.7121594605441363e-07
4198,"ADXL_Z__fft_coefficient__attr_""imag""__coeff_48",0.0008383945635042,8.168501984092573e-13,3.0765515464955846,12.087857581128963,8.168501984092573e-13,0.0008383945635042,2.61695006743279e-08
4199,ADXL_X__large_standard_deviation__r_0.4,0.0008019598960732,0.000856691874228,3.095847349109343,3.0671753523879093,0.0008019598960732,0.000856691874228,0.0008288742524790125
4200,"ADXL_Z__fft_coefficient__attr_""angle""__coeff_72",0.0006674410537936,0.0008754903602532,3.1755870837350577,3.057748631433065,0.0006674410537936,0.0008754903602532,0.0007644201780653976
4201,"ADXL_Z__fft_coefficient__attr_""angle""__coeff_79",0.0008601665716518,0.0009281538101732,3.0654174392862954,3.0323800481622336,0.0008601665716518,0.0009281538101732,0.0008935137832525232
4202,"GYRO_Y__change_quantiles__f_agg_""mean""__isabs_False__qh_0.6__ql_0.2",4.624305581084037e-21,0.0009327668605389,20.334953474805182,3.0302268919812354,4.624305581084037e-21,0.0009327668605389,2.0768724079827994e-12
4203,"MMA_Z__fft_coefficient__attr_""angle""__coeff_57",0.000947110547481,0.0008840042985898,3.02359932684785,3.0535456231664617,0.0008840042985898,0.000947110547481,0.0009150135491963727
4204,"ADXL_Z__fft_coefficient__attr_""angle""__coeff_56",0.0009210940504922,0.00094783131676,3.0356960228711283,3.0232689461205067,0.0009210940504922,0.00094783131676,0.0009343670513978025
4205,"ADXL_Z__fft_coefficient__attr_""angle""__coeff_97",0.00075949282377,0.0009663929790766,3.1194763253058873,3.014846233896129,0.00075949282377,0.0009663929790766,0.0008567196347407882
4206,"ADXL_Z__fft_coefficient__attr_""angle""__coeff_57",0.0009733970807807,0.0009323057403704,3.0117099605403594,3.0304416417434235,0.0009323057403704,0.0009733970807807,0.0009526298788467831
4207,"MMA_X__cwt_coefficients__coeff_7__w_5__widths_(2, 5, 10, 20)",2.9961947329127106e-08,0.0009848700101684,7.523429963775948,3.006621086854658,2.9961947329127106e-08,0.0009848700101684,5.4321840332137575e-06
4208,"MMA_Z__fft_coefficient__attr_""angle""__coeff_94",0.0009709852694116,0.0009896762842681,3.012787358621124,3.004506836661237,0.0009709852694116,0.0009896762842681,0.00098028623039923
4209,"ADXL_X__cwt_coefficients__coeff_5__w_5__widths_(2, 5, 10, 20)",0.0005690598447561,0.0010267192480525,3.2448420589464497,2.9885482961208774,0.0005690598447561,0.0010267192480525,0.0007643720925732802
4210,"ADXL_X__fft_coefficient__attr_""real""__coeff_4",2.1752353081416216e-08,0.0010325506688895,7.662493755950797,2.986088627633605,2.1752353081416216e-08,0.0010325506688895,4.739241154883014e-06
4211,"MMA_Z__fft_coefficient__attr_""angle""__coeff_55",0.0008072653216233,0.0010345319539227,3.0929837034699132,2.9852560905971024,0.0008072653216233,0.0010345319539227,0.000913860914205761
4212,"ADXL_Z__fft_coefficient__attr_""angle""__coeff_80",0.0010009463180834,0.0010447412538563,2.999589213614905,2.9809912559037395,0.0010009463180834,0.0010447412538563,0.001022609364027779
4213,"ADXL_X__fft_coefficient__attr_""angle""__coeff_6",0.0010207051055743,0.0010997870210624,2.9910997128794965,2.958691409871671,0.0010207051055743,0.0010997870210624,0.001059508483893707
4214,"ADXL_Z__fft_coefficient__attr_""imag""__coeff_87",0.0011021778791947,6.334413437469953e-07,2.9577483095508694,6.198293594302899,6.334413437469953e-07,0.0011021778791947,2.6422812811003e-05
4215,"MMA_Y__fft_coefficient__attr_""imag""__coeff_70",0.0011090118075751,2.7241541436819333e-15,2.955063829921704,14.564768321922074,2.7241541436819333e-15,0.0011090118075751,1.7381366778817768e-09
4216,"MMA_Z__fft_coefficient__attr_""angle""__coeff_45",0.0006199122997562,0.0011303053076806,3.2076697466726993,2.946804233037028,0.0006199122997562,0.0011303053076806,0.0008370723760290505
4217,"MMA_Z__fft_coefficient__attr_""imag""__coeff_87",0.0011333915725653,2.6993381562540087e-06,2.9456200209180925,5.568742706330501,2.6993381562540087e-06,0.0011333915725653,5.531190755888147e-05
4218,"ADXL_Y__cwt_coefficients__coeff_13__w_5__widths_(2, 5, 10, 20)",0.0011838349068932,1.7881914061034409e-43,2.926708858444592,42.747585996633234,1.7881914061034409e-43,0.0011838349068932,1.454965087811968e-23
4219,"ADXL_X__fft_coefficient__attr_""angle""__coeff_14",0.0011336456765449,0.0011845781108052,2.945522663932295,2.926436296719848,0.0011336456765449,0.0011845781108052,0.001158832107703286
4220,"MMA_X__change_quantiles__f_agg_""mean""__isabs_False__qh_0.8__ql_0.2",0.0012819820432835,1.200545399792875e-10,2.8921180579353805,9.92062141202785,1.200545399792875e-10,0.0012819820432835,3.9231080085578527e-07
4221,"MMA_X__cwt_coefficients__coeff_10__w_5__widths_(2, 5, 10, 20)",0.00128542812069,0.0009449799631198,2.8909522034711235,3.0245773999550334,0.0009449799631198,0.00128542812069,0.0011021360252177542
4222,"ADXL_X__fft_coefficient__attr_""angle""__coeff_8",0.0013088292622053,0.0013434044032066,2.883117003807055,2.8717932325706035,0.0013088292622053,0.0013434044032066,0.0013260041455034164
4223,ADXL_Y__ar_coefficient__coeff_8__k_10,0.0013854083101246,6.398035646841953e-14,2.858422211653393,13.193953344560816,6.398035646841953e-14,0.0013854083101246,9.414824349720107e-09
4224,"ADXL_X__cwt_coefficients__coeff_9__w_10__widths_(2, 5, 10, 20)",0.0014118987544015,0.0013936373995961,2.850196444913989,2.8558502074711214,0.0013936373995961,0.0014118987544015,0.0014027383606992
4225,"ADXL_Y__fft_coefficient__attr_""angle""__coeff_47",0.0007255143060272,0.0015329614944867,3.139354019522021,2.814468753783571,0.0007255143060272,0.0015329614944867,0.001054602055203259
4226,"MMA_Z__fft_coefficient__attr_""angle""__coeff_62",0.00155882936307,0.0014656589702378,2.807201422163946,2.833967069649442,0.0014656589702378,0.00155882936307,0.0015115264599250724
4227,"ADXL_X__cwt_coefficients__coeff_7__w_5__widths_(2, 5, 10, 20)",6.833148479337757e-09,0.0016034114890813,8.165379142272123,2.7949550088347173,6.833148479337757e-09,0.0016034114890813,3.310037579600657e-06
4228,"ADXL_Z__fft_coefficient__attr_""angle""__coeff_64",0.0016503996138178,0.0015993409865903,2.782410886656826,2.7960589328723544,0.0015993409865903,0.0016503996138178,0.0016246697346327377
4229,"ADXL_Z__fft_coefficient__attr_""angle""__coeff_55",0.0013091363039513,0.0016836225177264,2.8830151334552543,2.7737552743834337,0.0013091363039513,0.0016836225177264,0.0014846182539984887
4230,"MMA_Z__fft_coefficient__attr_""angle""__coeff_97",0.0013471292491849,0.0017581688115526,2.870590734258508,2.754939428234929,0.0013471292491849,0.0017581688115526,0.0015389868846248046
4231,"MMA_X__cwt_coefficients__coeff_3__w_10__widths_(2, 5, 10, 20)",0.0017950645045716,0.00180158247327,2.7459199406922554,2.7443458518504786,0.0017950645045716,0.00180158247327,0.0017983205358960037
4232,"MMA_Z__fft_coefficient__attr_""angle""__coeff_65",0.0016339256173502,0.0018061820603662,2.786767718127745,2.7432384756020682,0.0016339256173502,0.0018061820603662,0.00171789613714878
4233,"ADXL_X__fft_coefficient__attr_""angle""__coeff_10",0.0016847439426099,0.0018808451553415,2.7734660964317457,2.725646957213491,0.0016847439426099,0.0018808451553415,0.0017800962003354673
4234,"MMA_Y__fft_coefficient__attr_""imag""__coeff_43",0.0018965187108143,6.991011365953922e-26,2.7220428682454947,25.15545999179646,6.991011365953922e-26,0.0018965187108143,1.1514592421378644e-14
4235,"ADXL_Z__fft_coefficient__attr_""angle""__coeff_99",0.0016470957912534,0.0019090473860389,2.783281142540618,2.719183291491194,0.0016470957912534,0.0019090473860389,0.001773241076348046
4236,"ADXL_Z__fft_coefficient__attr_""angle""__coeff_88",0.0016825908694452,0.0019660703720849,2.7740214721066825,2.7064009414066375,0.0016825908694452,0.0019660703720849,0.0018188161140579276
4237,"MMA_Y__fft_coefficient__attr_""angle""__coeff_60",0.0019919025903121,0.0014656589702378,2.7007319036253357,2.833967069649442,0.0014656589702378,0.0019919025903121,0.001708639780448424
4238,"ADXL_Z__fft_coefficient__attr_""angle""__coeff_73",0.0017966206431064,0.0020018647085988,2.7455436145983803,2.6985652766541026,0.0017966206431064,0.0020018647085988,0.0018964681542738286
4239,"MMA_X__change_quantiles__f_agg_""mean""__isabs_False__qh_0.6__ql_0.0",1.0422661611999584e-07,0.0020737108908578,6.982021362053863,2.6832517914653824,1.0422661611999584e-07,0.0020737108908578,1.4701560086102785e-05
4240,"ADXL_Y__fft_coefficient__attr_""imag""__coeff_43",0.0020820950386111,3.864830750278816e-26,2.681499450712924,25.412869520071506,3.864830750278816e-26,0.0020820950386111,8.97047653707825e-15
4241,"ADXL_Z__fft_coefficient__attr_""angle""__coeff_87",0.0017917887712553,0.0021353953220508,2.74671318936432,2.670521713007916,0.0017917887712553,0.0021353953220508,0.0019560616964302835
4242,"ADXL_Y__fft_coefficient__attr_""imag""__coeff_70",0.0022239545751343,2.170157978562144e-14,2.6528740875800816,13.663508650151238,2.170157978562144e-14,0.0022239545751343,6.947181273860273e-09
4243,"MMA_Y__fft_coefficient__attr_""angle""__coeff_88",0.0022741834390476,0.0015617246124285,2.6431745073910107,2.8063955452646545,0.0015617246124285,0.0022741834390476,0.00188458171750071
4244,"ADXL_X__cwt_coefficients__coeff_5__w_10__widths_(2, 5, 10, 20)",4.495019915129519e-05,0.0022893132790117,4.347268379790219,2.640294772621889,4.495019915129519e-05,0.0022893132790117,0.00032078822891633746
4245,"ADXL_X__cwt_coefficients__coeff_8__w_5__widths_(2, 5, 10, 20)",4.603541416456644e-09,0.0022898988534368,8.336907945298925,2.6401837003519897,4.603541416456644e-09,0.0022898988534368,3.2467898317096057e-06
4246,"GYRO_X__fft_coefficient__attr_""angle""__coeff_54",0.0022233052927007,0.0023378136239553,2.653000898150407,2.6311901147798817,0.0022233052927007,0.0023378136239553,0.0022798406530912686
4247,"ADXL_Z__fft_coefficient__attr_""angle""__coeff_68",0.0023399895286777,0.0020973746233358,2.6307860860290315,2.6783239909382868,0.0020973746233358,0.0023399895286777,0.0022153633237733507
4248,"MMA_Z__fft_coefficient__attr_""angle""__coeff_80",0.0023229967247481,0.0023748632836794,2.6339514025221193,2.624361386819176,0.0023229967247481,0.0023748632836794,0.002348786842119089
4249,"MMA_X__cwt_coefficients__coeff_9__w_10__widths_(2, 5, 10, 20)",0.0024009283324343,0.0002203325127697,2.619620803413546,3.656921412633061,0.0002203325127697,0.0024009283324343,0.0007273256302820731
4250,"MMA_X__cwt_coefficients__coeff_5__w_5__widths_(2, 5, 10, 20)",0.0024853462228083,0.0003767970829103,2.6046131030346804,3.423892468089521,0.0003767970829103,0.0024853462228083,0.0009677144241853068
4251,GYRO_Z__partial_autocorrelation__lag_3,0.0025242571823177,1.901946666907579e-114,2.5978663993600155,113.7208016654178,1.901946666907579e-114,0.0025242571823177,6.92892670933e-59
4252,ADXL_Z__ar_coefficient__coeff_9__k_10,0.0025432952718745,0.0004400779210894,2.594603216111531,3.356470419643308,0.0004400779210894,0.0025432952718745,0.0010579452235172813
4253,"ADXL_X__fft_coefficient__attr_""angle""__coeff_5",0.0024603896071,0.0025499997537926,2.608996116142134,2.5934598614980136,0.0024603896071,0.0025499997537926,0.002504793982015062
4254,"GYRO_Y__fft_coefficient__attr_""imag""__coeff_48",5.6121480141821166e-05,0.0025661463781329,4.25087088345714,2.5907185742267798,5.6121480141821166e-05,0.0025661463781329,0.00037949431221217514
4255,"ADXL_Z__fft_coefficient__attr_""imag""__coeff_60",0.002682638411907,1.3936522407791378e-10,2.5714378611694024,9.855845582588364,1.3936522407791378e-10,0.002682638411907,6.114462391702461e-07
4256,"ADXL_X__cwt_coefficients__coeff_9__w_5__widths_(2, 5, 10, 20)",6.242478812554491e-07,0.0031325548354768,6.204642923002451,2.504101317927892,6.242478812554491e-07,0.0031325548354768,4.422093077902029e-05
4257,"ADXL_Z__fft_coefficient__attr_""angle""__coeff_65",0.0028103088516051,0.0031375703075867,2.551245948715205,2.503406533604984,0.0028103088516051,0.0031375703075867,0.0029694345603067662
4258,"MMA_Z__fft_coefficient__attr_""angle""__coeff_77",0.002583178514457,0.0032813866886794,2.587845580212779,2.4839425880034076,0.002583178514457,0.0032813866886794,0.002911427071355528
4259,"MMA_Z__fft_coefficient__attr_""angle""__coeff_82",0.0033040310169463,0.0029101760386839,2.4809558843463906,2.53608073942762,0.0029101760386839,0.0033040310169463,0.003100856639154013
4260,"GYRO_Z__fft_coefficient__attr_""real""__coeff_2",0.0033509698067864,0.0011773813499047,2.474829485266827,2.929082847832178,0.0011773813499047,0.0033509698067864,0.0019862953845297187
4261,"ADXL_X__cwt_coefficients__coeff_4__w_10__widths_(2, 5, 10, 20)",0.0001365606527371,0.0034524307673502,3.8646744160333113,2.461875021702046,0.0001365606527371,0.0034524307673502,0.0006866339629809979
4262,"ADXL_Z__fft_coefficient__attr_""angle""__coeff_70",0.0032173113760439,0.0034690108928748,2.492506905416455,2.4597943364485166,0.0032173113760439,0.0034690108928748,0.0033407915542976187
4263,"GYRO_Z__change_quantiles__f_agg_""mean""__isabs_False__qh_0.8__ql_0.0",4.25463507716506e-12,0.0035694738377325,11.371137683703948,2.4473957968318887,4.25463507716506e-12,0.0035694738377325,1.232347702437899e-07
4264,"MMA_Y__fft_coefficient__attr_""imag""__coeff_64",0.0036050475539958,2.523110627621424e-22,2.4430890021507228,21.598063707107382,2.523110627621424e-22,0.0036050475539958,9.537260506333788e-13
4265,"MMA_X__fft_coefficient__attr_""angle""__coeff_6",0.0032467839772328,0.0036083079977572,2.4885466059279673,2.442696399063185,0.0032467839772328,0.0036083079977572,0.003422776152779939
4266,"MMA_Z__fft_coefficient__attr_""angle""__coeff_88",0.0032467839772328,0.0036484001370124,2.4885466059279673,2.4378975366356554,0.0032467839772328,0.0036484001370124,0.0034417389656082016
4267,"MMA_X__fft_coefficient__attr_""real""__coeff_45",0.0006282535605001,0.0036705652295165,3.2018650414521956,2.435267053688332,0.0006282535605001,0.0036705652295165,0.0015185669805746493
4268,"ADXL_Z__fft_coefficient__attr_""imag""__coeff_92",0.0036721758158415,0.0001362127655902,2.4350765338918494,3.8657821892985167,0.0001362127655902,0.0036721758158415,0.0007072462255885285
4269,"ADXL_X__fft_coefficient__attr_""imag""__coeff_24",1.583100939164755e-05,0.0037998630419782,4.8004913934606455,2.4202320563266175,1.583100939164755e-05,0.0037998630419782,0.00024526652340776413
4270,"MMA_X__fft_coefficient__attr_""angle""__coeff_10",0.0033252402806811,0.003862541702252,2.4781769672620557,2.4131268186453854,0.0033252402806811,0.003862541702252,0.003583835829685687
4271,"ADXL_Z__fft_coefficient__attr_""angle""__coeff_82",0.004005627789047,0.0035345684299933,2.397329408680271,2.451663605888153,0.0035345684299933,0.004005627789047,0.0037627337834969655
4272,"MMA_Y__fft_coefficient__attr_""imag""__coeff_84",0.0040290797574963,2.86175775578041e-09,2.3947941354665017,8.543367131505825,2.86175775578041e-09,0.0040290797574963,3.395622217602083e-06
4273,"ADXL_Y__fft_coefficient__attr_""angle""__coeff_90",0.0026548769434671,0.0040362392085157,2.575955604153792,2.3940231031239545,0.0026548769434671,0.0040362392085157,0.0032734871945688483
4274,"ADXL_X__cwt_coefficients__coeff_10__w_5__widths_(2, 5, 10, 20)",0.0019958062986255,0.0040570309330789,2.6998816111048685,2.3917916809783804,0.0019958062986255,0.0040570309330789,0.0028455312140191606
4275,"MMA_Y__fft_coefficient__attr_""imag""__coeff_41",0.0041561810057169,3.966487797227642e-24,2.381305546756763,23.401593877468777,3.966487797227642e-24,0.0041561810057169,1.283956433927779e-13
4276,"MMA_X__fft_coefficient__attr_""angle""__coeff_11",0.0042030072589425,0.0040157326285335,2.3764398599312866,2.39623521065837,0.0040157326285335,0.0042030072589425,0.004108302981487435
4277,"MMA_X__fft_coefficient__attr_""imag""__coeff_22",5.420748674407253e-07,0.0042347014460436,6.265940727721865,2.3731772027845963,5.420748674407253e-07,0.0042347014460436,4.7911639765459206e-05
4278,"MMA_Z__fft_coefficient__attr_""imag""__coeff_78",0.0043358080727056,3.241199006872035e-05,2.3629299503648937,4.4892943028360275,3.241199006872035e-05,0.0043358080727056,0.0003748762038225572
4279,"MMA_Z__fft_coefficient__attr_""imag""__coeff_92",0.0043678382974669,0.0001449599091147,2.3597334481004237,3.838752091956146,0.0001449599091147,0.0043678382974669,0.0007957144227852778
4280,"MMA_Z__fft_coefficient__attr_""angle""__coeff_73",0.004181405706813,0.0043870434760444,2.3786776923677784,2.3578280616715035,0.004181405706813,0.0043870434760444,0.004282990617170296
4281,"MMA_X__fft_coefficient__attr_""imag""__coeff_24",2.8348865985893445e-05,0.0044831341983862,4.547464309113903,2.348418260744671,2.8348865985893445e-05,0.0044831341983862,0.0003564993276106229
4282,"MMA_X__fft_coefficient__attr_""angle""__coeff_54",0.0043589349838844,0.0044910661108101,2.360619608695282,2.3476505518514035,0.0043589349838844,0.0044910661108101,0.00442450733815052
4283,"MMA_Z__fft_coefficient__attr_""imag""__coeff_60",0.004504129175418,1.9562459829041187e-10,2.3463891627022764,9.708576536920015,1.9562459829041187e-10,0.004504129175418,9.386791041614117e-07
4284,"MMA_Y__fft_coefficient__attr_""angle""__coeff_47",0.0026164556320875,0.0045852300150934,2.582286625305338,2.33863887334615,0.0026164556320875,0.0045852300150934,0.003463675922687886
4285,"ADXL_Y__fft_coefficient__attr_""imag""__coeff_55",0.0045941539989338,7.96783121500014e-25,2.3377944510725968,24.098659874279445,7.96783121500014e-25,0.0045941539989338,6.050243271077821e-14
4286,"MMA_Z__fft_coefficient__attr_""angle""__coeff_66",0.0043826014811827,0.004662328523539,2.3582680188263185,2.33139712786964,0.0043826014811827,0.004662328523539,0.004520301748005588
4287,"MMA_Y__fft_coefficient__attr_""angle""__coeff_90",0.0031551930124152,0.004693406192454,2.5009740685393647,2.328511857995574,0.0031551930124152,0.004693406192454,0.0038481946965891797
4288,GYRO_Z__time_reversal_asymmetry_statistic__lag_3,0.000616084064487,0.0047609299266267,3.210360024439615,2.3223082106076802,0.000616084064487,0.0047609299266267,0.0017126392089211236
4289,"ADXL_Z__fft_coefficient__attr_""angle""__coeff_76",0.004090485844873,0.0048251764989166,2.388225105876221,2.316486796081101,0.004090485844873,0.0048251764989166,0.004442669936854663
4290,"ADXL_X__change_quantiles__f_agg_""mean""__isabs_False__qh_0.4__ql_0.0",1.2754676054926691e-06,0.0049487032365953,5.894330567187031,2.305508589141648,1.2754676054926691e-06,0.0049487032365953,7.94475340553376e-05
4291,"MMA_X__change_quantiles__f_agg_""mean""__isabs_False__qh_1.0__ql_0.2",0.0049917953383513,9.962300944339409e-09,2.3017432288638444,8.001640343100338,9.962300944339409e-09,0.0049917953383513,7.051933593930548e-06
4292,"ADXL_Z__fft_coefficient__attr_""imag""__coeff_78",0.0050070389780167,1.8563399284253764e-05,2.300419027759933,4.731342493892036,1.8563399284253764e-05,0.0050070389780167,0.00030487319295199747
4293,"ADXL_Y__fft_coefficient__attr_""imag""__coeff_41",0.0050840190087264,1.586189299739858e-23,2.2937928343238614,22.799644984151726,1.586189299739858e-23,0.0050840190087264,2.839756424645582e-13
4294,"GYRO_Z__fft_coefficient__attr_""angle""__coeff_45",0.0050958791948305,0.005127614961406,2.292780876128038,2.2900845939445658,0.0050958791948305,0.005127614961406,0.00511172244952036
4295,"MMA_Y__fft_coefficient__attr_""imag""__coeff_55",0.0051423035239917,3.930935932286613e-25,2.2888422927448215,24.40550403439948,3.930935932286613e-25,0.0051423035239917,4.496005526818561e-14
4296,"ADXL_Y__fft_coefficient__attr_""imag""__coeff_64",0.0052798481789022,5.179661076224979e-22,2.2773785653474334,21.285698656768442,5.179661076224979e-22,0.0052798481789022,1.6537177540510672e-12
4297,"MMA_Z__fft_coefficient__attr_""imag""__coeff_70",0.0055100789009693,0.0001057199328593,2.2588421822715823,3.9758431213523284,0.0001057199328593,0.0055100789009693,0.0007632333663172227
4298,"ADXL_X__fft_coefficient__attr_""real""__coeff_45",0.0005547658387418,0.0055136510139623,3.2558902896728465,2.258560725989931,0.0005547658387418,0.0055136510139623,0.0017489383148900281
4299,"ADXL_Y__fft_coefficient__attr_""imag""__coeff_84",0.0055426726348272,1.4184789558363131e-08,2.2562807712517725,7.848177102893832,1.4184789558363131e-08,0.0055426726348272,8.866884735684902e-06
4300,"MMA_Y__fft_coefficient__attr_""imag""__coeff_71",0.0056428791614957,3.459177020112897e-14,2.2484992497578733,13.46102721280753,3.459177020112897e-14,0.0056428791614957,1.3971298408780716e-08
4301,"GYRO_X__fft_coefficient__attr_""real""__coeff_80",0.0007418753030214,0.0061063050512365,3.1296690863122922,2.2142215035487447,0.0007418753030214,0.0061063050512365,0.002128407129810268
4302,"ADXL_Z__cwt_coefficients__coeff_0__w_20__widths_(2, 5, 10, 20)",0.0062337298321386,2.7950243304126406e-45,2.2052520238355555,44.55361440727024,2.7950243304126406e-45,0.0062337298321386,4.174137821160975e-24
4303,"ADXL_Y__fft_coefficient__attr_""imag""__coeff_62",0.0063835503314885,1.1705614058053893e-21,2.1949377130469423,20.931605798966128,1.1705614058053893e-21,0.0063835503314885,2.733557691005741e-12
4304,"GYRO_X__fft_coefficient__attr_""real""__coeff_8",0.0021931102939834,0.0066368323462626,2.65893952661528,2.1780391529791205,0.0021931102939834,0.0066368323462626,0.003815141588202266
4305,"GYRO_Y__change_quantiles__f_agg_""mean""__isabs_False__qh_0.2__ql_0.0",1.2967702654611402e-23,0.0066697504250584,22.887136956282767,2.1758904166153603,1.2967702654611402e-23,0.0066697504250584,2.940941010843729e-13
4306,"MMA_Z__cwt_coefficients__coeff_0__w_20__widths_(2, 5, 10, 20)",0.0066859140360863,1.0680447395236295e-49,2.174839211634173,48.971410554684546,1.0680447395236295e-49,0.0066859140360863,2.672237885209543e-26
4307,"MMA_Y__fft_coefficient__attr_""imag""__coeff_62",0.0067786911491574,1.3034900475990885e-22,2.168854152972442,21.884892280406124,1.3034900475990885e-22,0.0067786911491574,9.39997683437289e-13
4308,"ADXL_Y__fft_coefficient__attr_""imag""__coeff_71",0.0068456637673424,4.8515475245697215e-14,2.1645844355478117,13.314119710020188,4.8515475245697215e-14,0.0068456637673424,1.822417710199466e-08
4309,"MMA_Z__fft_coefficient__attr_""angle""__coeff_81",0.0062337298321386,0.0074186559090956,2.2052520238355555,2.1296747718286744,0.0062337298321386,0.0074186559090956,0.00680043356374434
4310,"ADXL_X__fft_coefficient__attr_""imag""__coeff_22",1.2845375917642925e-06,0.0074367807887344,5.891253181660844,2.128615019863347,1.2845375917642925e-06,0.0074367807887344,9.77385516817179e-05
4311,"ADXL_Z__fft_coefficient__attr_""imag""__coeff_89",0.0080450390928652,7.292518607487745e-09,2.094471841213878,8.137122454065134,7.292518607487745e-09,0.0080450390928652,7.65954288993056e-06
4312,"MMA_X__change_quantiles__f_agg_""mean""__isabs_False__qh_0.6__ql_0.2",0.0080535066617659,0.0021968394039229,2.0940149777376496,2.6582016902526195,0.0021968394039229,0.0080535066617659,0.004206216919551689
4313,"MMA_Y__fft_coefficient__attr_""imag""__coeff_68",0.0084082183313635,7.246055222092426e-20,2.075296019758678,19.139898360536282,7.246055222092426e-20,0.0084082183313635,2.4683276595393438e-11
4314,"MMA_Z__fft_coefficient__attr_""angle""__coeff_72",0.0070182636689397,0.0086530782843616,2.153770319817603,2.0628293672069056,0.0070182636689397,0.0086530782843616,0.0077929188977960044
4315,GYRO_X__ar_coefficient__coeff_8__k_10,0.0090877967277173,0.0010967550979415,2.041541395653523,2.959890338228951,0.0010967550979415,0.0090877967277173,0.003157069430687268
4316,"MMA_Z__fft_coefficient__attr_""angle""__coeff_64",0.0091050649524788,0.0091158594666345,2.040716951746874,2.0402023786798598,0.0091050649524788,0.0091158594666345,0.009110460610824014
4317,"ADXL_Z__fft_coefficient__attr_""real""__coeff_5",0.0093247240500243,5.118192574276265e-05,2.030364011564851,4.290883377618013,5.118192574276265e-05,0.0093247240500243,0.0006908381387127499
4318,"ADXL_Z__fft_coefficient__attr_""angle""__coeff_81",0.0083246413694324,0.0095739509936411,2.0796344670866795,2.0189087998795268,0.0083246413694324,0.0095739509936411,0.008927469322858697
4319,"MMA_Z__fft_coefficient__attr_""real""__coeff_5",0.0098471601271813,5.527888508100012e-05,2.006688999849814,4.257440724824385,5.527888508100012e-05,0.0098471601271813,0.0007377940315865002
4320,"MMA_Z__fft_coefficient__attr_""angle""__coeff_79",0.0090014268072994,0.0098983259506282,2.0456886455135797,2.0044382490267396,0.0090014268072994,0.0098983259506282,0.009439229659213299
4321,"MMA_Z__fft_coefficient__attr_""imag""__coeff_89",0.0108831890901436,6.531010679444986e-09,1.9632438251057966,8.18501960608456,6.531010679444986e-09,0.0108831890901436,8.430790246124442e-06
4322,"ADXL_Z__fft_coefficient__attr_""angle""__coeff_78",0.0105928912103384,0.0109791157908686,1.974985487926089,1.9594326346226587,0.0105928912103384,0.0109791157908686,0.010784274623653623
4323,"GYRO_Y__change_quantiles__f_agg_""mean""__isabs_False__qh_1.0__ql_0.2",8.582006872658434e-10,0.0112712077923316,9.066411142010706,1.948029543630923,8.582006872658434e-10,0.0112712077923316,3.1101379830636307e-06
4324,MMA_Z__ar_coefficient__coeff_9__k_10,0.0114623246252585,0.0036083079977572,1.9407272960211728,2.442696399063185,0.0036083079977572,0.0114623246252585,0.006431142792553244
4325,"MMA_Z__fft_coefficient__attr_""imag""__coeff_96",0.0115786234193025,0.0007799968422673,1.9363430707414018,3.107907155500113,0.0007799968422673,0.0115786234193025,0.003005210426053084
4326,"ADXL_Y__fft_coefficient__attr_""imag""__coeff_68",0.0115990880575635,4.846414759524414e-19,1.9355761544917662,18.314579421386128,4.846414759524414e-19,0.0115990880575635,7.497599052976833e-11
4327,"ADXL_Z__fft_coefficient__attr_""imag""__coeff_67",0.0115990880575635,0.0001501789051693,1.9355761544917662,3.8233910660799455,0.0001501789051693,0.0115990880575635,0.0013198251192666356
4328,"ADXL_Y__fft_coefficient__attr_""imag""__coeff_78",0.011628121325658,8.057666525914152e-21,1.9344904455300156,20.093790710260148,8.057666525914152e-21,0.011628121325658,9.679644826388155e-12
4329,"GYRO_Z__fft_coefficient__attr_""real""__coeff_74",1.471779203008318e-06,0.011657694424591,5.8321573381694085,1.9333873327404747,1.471779203008318e-06,0.011657694424591,0.00013098683983186652
4330,"MMA_Y__fft_coefficient__attr_""imag""__coeff_78",0.0117591082208768,7.3856119349127365e-22,1.9296256127358673,21.131613515389837,7.3856119349127365e-22,0.0117591082208768,2.947002036308054e-12
4331,"MMA_Z__fft_coefficient__attr_""imag""__coeff_67",0.012380315506212,0.0003121688697283,1.907268287394989,3.5056104080618997,0.0003121688697283,0.012380315506212,0.0019658965126511485
4332,"GYRO_Y__fft_coefficient__attr_""angle""__coeff_20",0.0124574650792538,0.0120228819106112,1.9045703215687968,1.9199914185347395,0.0120228819106112,0.0124574650792538,0.012238244627128159
4333,"GYRO_Z__fft_coefficient__attr_""real""__coeff_9",0.0125391632102398,0.0092891739612179,1.9017314447892835,2.032022903878809,0.0092891739612179,0.0125391632102398,0.010792519093706576
4334,"GYRO_Y__change_quantiles__f_agg_""mean""__isabs_False__qh_1.0__ql_0.6",0.0125689487989838,0.0062284585742143,1.9007010429099926,2.205619419719985,0.0062284585742143,0.0125689487989838,0.008847891099911388
4335,"MMA_X__fft_coefficient__attr_""imag""__coeff_27",0.0001172797305742,0.0125893765443688,3.930777040403089,1.8999957766470739,0.0001172797305742,0.0125893765443688,0.001215104394371416
4336,"ADXL_Z__fft_coefficient__attr_""angle""__coeff_50",0.011473850129029,0.0126225550379264,1.940290827153664,1.898852726981011,0.011473850129029,0.0126225550379264,0.012034504757179976
4337,"ADXL_X__cwt_coefficients__coeff_10__w_10__widths_(2, 5, 10, 20)",0.0129937366935998,0.0021036721546887,1.8862659380689781,2.6770219415637855,0.0021036721546887,0.0129937366935998,0.005228246557659911
4338,"ADXL_Z__fft_coefficient__attr_""imag""__coeff_96",0.0130742932236309,0.0002889903552843,1.8835817791240526,3.5391166510728738,0.0002889903552843,0.0130742932236309,0.0019437964512232782
4339,GYRO_Z__time_reversal_asymmetry_statistic__lag_2,0.0002572309974384,0.0133303910010125,3.58967669824664,1.8751571118695816,0.0002572309974384,0.0133303910010125,0.0018517531621234826
4340,"GYRO_Z__cwt_coefficients__coeff_1__w_20__widths_(2, 5, 10, 20)",9.101314986156492e-05,0.0136920668375979,4.040895854934616,1.8635309895276528,9.101314986156492e-05,0.0136920668375979,0.0011163145304997426
4341,"ADXL_X__fft_coefficient__attr_""angle""__coeff_11",0.0138685153080715,0.0126285806739859,1.857970029772049,1.8986454570530262,0.0126285806739859,0.0138685153080715,0.013234034320508216
4342,"MMA_Y__fft_coefficient__attr_""angle""__coeff_98",0.0117808895601679,0.0142985630782801,1.928821915280141,1.844707604390139,0.0117808895601679,0.0142985630782801,0.012978820920804487
4343,"ADXL_Z__fft_coefficient__attr_""real""__coeff_6",0.006302597557535,0.0144935292609109,2.2004804231808768,1.8388258483515887,0.006302597557535,0.0144935292609109,0.00955755628389805
4344,"GYRO_Z__cwt_coefficients__coeff_11__w_10__widths_(2, 5, 10, 20)",6.209024512274082e-06,0.0145831191283766,5.2069766256227945,1.8361495764731424,6.209024512274082e-06,0.0145831191283766,0.0003009101928042707
4345,"GYRO_Z__cwt_coefficients__coeff_9__w_10__widths_(2, 5, 10, 20)",1.5637346498791708e-05,0.0146280477805494,4.805836940451517,1.8348136297671997,1.5637346498791708e-05,0.0146280477805494,0.00047827173421114067
4346,"ADXL_Z__fft_coefficient__attr_""imag""__coeff_70",0.0146296521515924,0.0001859113681999,1.8347659999471375,3.7306940529632646,0.0001859113681999,0.0146296521515924,0.001649187268866442
4347,"MMA_X__fft_coefficient__attr_""angle""__coeff_12",0.0139676664596353,0.0148398823861043,1.8548761442333934,1.8285695410562042,0.0139676664596353,0.0148398823861043,0.014397170814758074
4348,"MMA_X__cwt_coefficients__coeff_2__w_10__widths_(2, 5, 10, 20)",0.0152322076695045,0.01036032226414,1.8172371479311702,1.9846267353860596,0.01036032226414,0.0152322076695045,0.012562268117277689
4349,"ADXL_X__fft_coefficient__attr_""angle""__coeff_60",0.0155872898148658,0.0143636764770033,1.8072293896711813,1.842734385350097,0.0143636764770033,0.0155872898148658,0.014962980587236656
4350,"MMA_Z__fft_coefficient__attr_""angle""__coeff_98",0.0156209352442945,0.0155705572569176,1.8062929679441793,1.8076958441259365,0.0155705572569176,0.0156209352442945,0.015595725908975499
4351,"GYRO_Y__fft_coefficient__attr_""angle""__coeff_94",0.01484469456256,0.0157606915736602,1.8284287338146135,1.802424729737656,0.01484469456256,0.0157606915736602,0.015295837751025564
4352,"MMA_Z__fft_coefficient__attr_""real""__coeff_6",0.0067128089771551,0.0159564480235933,2.1730957111269853,1.7970637781128442,0.0067128089771551,0.0159564480235933,0.010349521125940361
4353,"GYRO_Y__fft_coefficient__attr_""angle""__coeff_91",0.0146235380585625,0.0161234836619597,1.8349475402772224,1.7925411181320001,0.0146235380585625,0.0161234836619597,0.015355206835704896
4354,"ADXL_X__cwt_coefficients__coeff_3__w_10__widths_(2, 5, 10, 20)",0.0008606523567885,0.0166362041393267,3.0651722376484276,1.778945759139084,0.0008606523567885,0.0166362041393267,0.003783911772296775
4355,"GYRO_Z__cwt_coefficients__coeff_6__w_10__widths_(2, 5, 10, 20)",0.0027673156986412,0.0166996482879115,2.5579412932056678,1.7772926754528804,0.0027673156986412,0.0166996482879115,0.0067980290429597405
4356,ADXL_X__ar_coefficient__coeff_8__k_10,0.0167234522955178,0.0003239162482259,1.7766740643295522,3.4895672664453268,0.0003239162482259,0.0167234522955178,0.002327444505235075
4357,"GYRO_Z__cwt_coefficients__coeff_10__w_10__widths_(2, 5, 10, 20)",6.88872882379712e-06,0.0170187505540859,5.161860911001449,1.7690723271764701,6.88872882379712e-06,0.0170187505540859,0.0003423997042740323
4358,"GYRO_Z__cwt_coefficients__coeff_0__w_20__widths_(2, 5, 10, 20)",0.0002971893219446,0.0174395800905141,3.5269667988948012,1.7584639762020806,0.0002971893219446,0.0174395800905141,0.0022765888917629443
4359,"MMA_Z__fft_coefficient__attr_""angle""__coeff_50",0.0166773676411075,0.0184975633666649,1.7778724974128846,1.732885476251406,0.0166773676411075,0.0184975633666649,0.01756390232068468
4360,GYRO_Z__large_standard_deviation__r_0.25,0.0184656100691034,0.0188049600570547,1.733636339501309,1.7257275847100297,0.0184656100691034,0.0188049600570547,0.01863451259836534
4361,"ADXL_X__fft_coefficient__attr_""real""__coeff_49",0.0013426326897969,0.0189886675929152,2.872042783022113,1.721505508003681,0.0013426326897969,0.0189886675929152,0.0050492381451002055
4362,"MMA_Z__fft_coefficient__attr_""angle""__coeff_78",0.0189373157365793,0.0195356477189583,1.7226815798949346,1.7091721848432924,0.0189373157365793,0.0195356477189583,0.01923415527057267
4363,"GYRO_Z__fft_coefficient__attr_""real""__coeff_7",0.0197612090656133,0.0018041155608912,1.7041864871542471,2.7437356475867696,0.0018041155608912,0.0197612090656133,0.005970888106244934
4364,"ADXL_Y__fft_coefficient__attr_""angle""__coeff_98",0.0157687709080251,0.0202754842858967,1.8022021563010828,1.6930287637416759,0.0157687709080251,0.0202754842858967,0.01788070095811593
4365,"ADXL_X__fft_coefficient__attr_""angle""__coeff_30",0.0194720436501979,0.0202995781584402,1.7105884655612764,1.6925129869816247,0.0194720436501979,0.0202995781584402,0.01988150577752479
4366,"MMA_X__cwt_coefficients__coeff_10__w_10__widths_(2, 5, 10, 20)",0.0203224825781888,0.0011251844604853,1.6920232400814543,2.948776274349076,0.0011251844604853,0.0203224825781888,0.0047818972798943805
4367,"MMA_Y__fft_coefficient__attr_""imag""__coeff_96",0.0206716601976314,2.008367358152808e-11,1.6846246425930271,10.697156845796654,2.008367358152808e-11,0.0206716601976314,6.443313400708484e-07
4368,"MMA_Y__fft_coefficient__attr_""imag""__coeff_73",0.0209353499889326,1.4829717897869945e-14,1.6791197743480253,13.828867110371732,1.4829717897869945e-14,0.0209353499889326,1.7620026516127754e-08
4369,"MMA_X__fft_coefficient__attr_""real""__coeff_49",0.0017554593964597,0.0210737695671069,2.7556092112555546,1.676257773088304,0.0017554593964597,0.0210737695671069,0.006082281381636686
4370,"ADXL_Y__fft_coefficient__attr_""imag""__coeff_96",0.0211495096399795,7.121605043762269e-11,1.6746996974671808,10.14742211547936,7.121605043762269e-11,0.0211495096399795,1.2272671042816096e-06
4371,"GYRO_Y__fft_coefficient__attr_""real""__coeff_38",0.0197133039771743,0.0211761156402355,1.7052405812607456,1.674153700069995,0.0197133039771743,0.0211761156402355,0.02043162266369848
4372,GYRO_X__median,0.0212899551446687,2.4068257117339056e-12,1.671825253566064,11.61855535765715,2.4068257117339056e-12,0.0212899551446687,2.2636521694785657e-07
4373,"ADXL_Z__fft_coefficient__attr_""angle""__coeff_71",0.0212061068713031,0.0213147118993335,1.6735390542321704,1.6713205331259406,0.0212061068713031,0.0213147118993335,0.0212603400365164
4374,"ADXL_X__fft_coefficient__attr_""imag""__coeff_27",0.0004815732949291,0.0213473627191282,3.3173376043633915,1.6706557706284821,0.0004815732949291,0.0213473627191282,0.0032062937798488147
4375,"MMA_Z__fft_coefficient__attr_""imag""__coeff_56",0.0215079412834522,2.970192525007567e-09,1.6674011578145722,8.527215399222008,2.970192525007567e-09,0.0215079412834522,7.992667041007737e-06
4376,"GYRO_Z__cwt_coefficients__coeff_6__w_20__widths_(2, 5, 10, 20)",5.783086965255346e-06,0.0219965792295961,5.237840276787442,1.6576448526878655,5.783086965255346e-06,0.0219965792295961,0.0003566624883876684
4377,"GYRO_Z__cwt_coefficients__coeff_7__w_20__widths_(2, 5, 10, 20)",6.262968748220292e-06,0.0233737669786548,5.203219755392631,1.6312712899095767,6.262968748220292e-06,0.0233737669786548,0.00038260837956780096
4378,"ADXL_X__fft_coefficient__attr_""imag""__coeff_30",0.0094329369149714,0.0236773340799052,2.0253530700001017,1.6256671980455761,0.0094329369149714,0.0236773340799052,0.014944791691102561
4379,"MMA_X__fft_coefficient__attr_""imag""__coeff_30",0.0051455544986732,0.0238259435746617,2.288567817648282,1.622949891060913,0.0051455544986732,0.0238259435746617,0.011072384167185237
4380,"ADXL_Z__fft_coefficient__attr_""angle""__coeff_95",0.0238546273819361,0.0242811880945237,1.622427362891804,1.6147300667618656,0.0238546273819361,0.0242811880945237,0.02406696271625412
4381,"GYRO_Y__fft_coefficient__attr_""angle""__coeff_67",0.0238560487819681,0.0245053025261869,1.6224014858244349,1.6107399316070707,0.0238560487819681,0.0245053025261869,0.024178496489269154
4382,GYRO_Y__time_reversal_asymmetry_statistic__lag_2,0.0250394672296719,1.809653567100383e-05,1.6013749159438424,4.742404556786552,1.809653567100383e-05,0.0250394672296719,0.0006731475409631153
4383,"GYRO_Z__cwt_coefficients__coeff_8__w_20__widths_(2, 5, 10, 20)",8.968005809838409e-06,0.0251063794637556,5.047304119059388,1.600215911432107,8.968005809838409e-06,0.0251063794637556,0.00047450411683669087
4384,"ADXL_X__fft_coefficient__attr_""angle""__coeff_12",0.0257787554709714,0.0255187741693717,1.5887380530468607,1.5931401914032273,0.0255187741693717,0.0257787554709714,0.025648435414878126
4385,"MMA_Y__fft_coefficient__attr_""imag""__coeff_39",0.0257876682801533,1.0838046783219922e-28,1.5885879249750292,27.965048978655755,1.0838046783219922e-28,0.0257876682801533,1.671789326591296e-15
4386,"MMA_X__fft_coefficient__attr_""imag""__coeff_32",0.0265111202969284,0.0209733393713433,1.5765719196266212,1.6783324157394541,0.0209733393713433,0.0265111202969284,0.02358021889427634
4387,"MMA_Y__fft_coefficient__attr_""imag""__coeff_83",0.026570847324813,8.174388920518369e-13,1.5755945960367244,12.087544703299631,8.174388920518369e-13,0.026570847324813,1.4737721668586923e-07
4388,"MMA_Z__fft_coefficient__attr_""angle""__coeff_85",0.0257421313729983,0.0269864776994847,1.5893554976332367,1.5688537962698272,0.0257421313729983,0.0269864776994847,0.026356962158690142
4389,"GYRO_Z__fft_coefficient__attr_""angle""__coeff_83",0.027202022271596,0.0268885007879845,1.5653988081441805,1.570433411895581,0.0268885007879845,0.027202022271596,0.027044807214779344
4390,"ADXL_Y__fft_coefficient__attr_""imag""__coeff_83",0.0272935062129882,1.9429315639055844e-12,1.5639406698580773,11.711542496333621,1.9429315639055844e-12,0.0272935062129882,2.3028116447262451e-07
4391,"GYRO_Z__fft_coefficient__attr_""angle""__coeff_57",0.0247978265374183,0.0275257307891728,1.6055863822451866,1.5602611419841101,0.0247978265374183,0.0275257307891728,0.02612619944472562
4392,"ADXL_Y__fft_coefficient__attr_""imag""__coeff_73",0.0275853201280241,5.493178747252318e-14,1.559321971683488,13.260176268868262,5.493178747252318e-14,0.0275853201280241,3.892699503730202e-08
4393,"MMA_X__fft_coefficient__attr_""real""__coeff_5",0.0282641723010652,0.0253341249762628,1.5487637280649404,1.5962940913552839,0.0253341249762628,0.0282641723010652,0.02675907459957857
4394,"GYRO_Y__fft_coefficient__attr_""imag""__coeff_5",0.0073484659784478,0.0287677074761743,2.133803312157729,1.5410947460386768,0.0073484659784478,0.0287677074761743,0.014539550187904895
4395,"GYRO_Y__change_quantiles__f_agg_""mean""__isabs_False__qh_0.6__ql_0.0",5.619205698596885e-13,0.0291452361946598,12.250325069679358,1.5354324207829733,5.619205698596885e-13,0.0291452361946598,1.279738556549675e-07
4396,"MMA_X__fft_coefficient__attr_""angle""__coeff_90",0.0285514066814144,0.0293606523770995,1.5443724899075744,1.5322342988708595,0.0285514066814144,0.0293606523770995,0.028953202352247742
4397,"MMA_Z__fft_coefficient__attr_""imag""__coeff_51",0.0298983965535399,8.115657433845215e-10,1.5243521021980577,9.090676293049558,8.115657433845215e-10,0.0298983965535399,4.925902397021161e-06
4398,GYRO_Y__time_reversal_asymmetry_statistic__lag_1,0.0298983965535399,0.0110201832275854,1.5243521021980577,1.9578111846069433,0.0110201832275854,0.0298983965535399,0.018151743944619138
4399,"GYRO_Z__cwt_coefficients__coeff_2__w_20__widths_(2, 5, 10, 20)",3.3923817402344054e-05,0.0299414757347486,4.469495283081291,1.523726798259379,3.3923817402344054e-05,0.0299414757347486,0.0010078338928525507
4400,"MMA_Z__fft_coefficient__attr_""angle""__coeff_92",0.0248082392239941,0.0307416154497427,1.6054040588813534,1.5122733143744995,0.0248082392239941,0.0307416154497427,0.027616034295482216
4401,"GYRO_Z__cwt_coefficients__coeff_8__w_10__widths_(2, 5, 10, 20)",6.170206777469189e-05,0.0307416154497427,4.209700281540649,1.5122733143744995,6.170206777469189e-05,0.0307416154497427,0.0013772513350814148
4402,"MMA_Z__fft_coefficient__attr_""angle""__coeff_87",0.0286599211909503,0.0307776300418191,1.5427250081599746,1.511764825030438,0.0286599211909503,0.0307776300418191,0.02969990658979856
4403,"ADXL_Z__fft_coefficient__attr_""imag""__coeff_51",0.0314173949953734,5.021523768487681e-10,1.50282982776315,9.299164477311074,5.021523768487681e-10,0.0314173949953734,3.971941536745392e-06
4404,"GYRO_Z__fft_coefficient__attr_""angle""__coeff_31",0.0296608892199796,0.0314329580762747,1.527815833161262,1.5026147467026734,0.0296608892199796,0.0314329580762747,0.030534070926698374
4405,"ADXL_Z__fft_coefficient__attr_""imag""__coeff_56",0.0318651881900274,2.906424573672217e-09,1.4966835123120266,8.536640943192022,2.906424573672217e-09,0.0318651881900274,9.623604626135955e-06
4406,"ADXL_Y__fft_coefficient__attr_""imag""__coeff_39",0.0319716209230102,2.761668208261106e-28,1.495235344958412,27.558828499536144,2.761668208261106e-28,0.0319716209230102,2.9714476113445592e-15
4407,"MMA_Z__fft_coefficient__attr_""angle""__coeff_96",0.0296402038682974,0.0323331447996234,1.5281188135613968,1.4903520528056422,0.0296402038682974,0.0323331447996234,0.030957406279661377
4408,"ADXL_X__fft_coefficient__attr_""imag""__coeff_32",0.0324007790856385,0.026646578587836,1.4894445469376532,1.574358546330228,0.026646578587836,0.0324007790856385,0.02938315684559063
4409,"MMA_X__fft_coefficient__attr_""imag""__coeff_16",0.0325569511515156,0.0138571596843584,1.487356272089644,1.8583257783692806,0.0138571596843584,0.0325569511515156,0.021240218241402504
4410,"MMA_X__fft_coefficient__attr_""angle""__coeff_80",0.0330405309874193,0.0330426450213559,1.4809529818403615,1.4809251952438633,0.0330405309874193,0.0330426450213559,0.033041587987480345
4411,"ADXL_Z__fft_coefficient__attr_""angle""__coeff_85",0.0331683942113539,0.0314372115136325,1.4792755535643032,1.5025559829236512,0.0314372115136325,0.0331683942113539,0.032291203514113194
4412,"GYRO_Y__fft_coefficient__attr_""real""__coeff_62",0.0002369170559709,0.0332669542967331,3.625403672720005,1.477986958454015,0.0002369170559709,0.0332669542967331,0.0028074025135524272
4413,"ADXL_X__fft_coefficient__attr_""real""__coeff_5",0.0240491035177037,0.0333002289495484,1.6189011082536011,1.477552780572248,0.0240491035177037,0.0333002289495484,0.028299128134465966
4414,"GYRO_Z__fft_coefficient__attr_""real""__coeff_8",0.0337828821790991,0.0039945595454351,1.4713033014470052,2.3985311005884564,0.0039945595454351,0.0337828821790991,0.011616700671052416
4415,"ADXL_Z__fft_coefficient__attr_""angle""__coeff_75",0.0346268810535187,0.0310775661447448,1.4605866248885448,1.5075530005305873,0.0310775661447448,0.0346268810535187,0.032804255613059385
4416,MMA_X__ar_coefficient__coeff_6__k_10,0.0355689947530794,7.355007014631474e-09,1.4489284086224767,8.133416908740083,7.355007014631474e-09,0.0355689947530794,1.617436879486458e-05
4417,"MMA_X__fft_coefficient__attr_""imag""__coeff_50",0.0343296640633381,0.0360197019956766,1.4643304463893494,1.443459884580578,0.0343296640633381,0.0360197019956766,0.03516453140841104
4418,"GYRO_Z__cwt_coefficients__coeff_7__w_10__widths_(2, 5, 10, 20)",0.0003737406968167,0.0362411633415388,3.427429609025927,1.4407978699162567,0.0003737406968167,0.0362411633415388,0.0036803257519837226
4419,"ADXL_X__fft_coefficient__attr_""angle""__coeff_23",0.0350463235507789,0.0369003944235927,1.455357533912836,1.432968991698003,0.0350463235507789,0.0369003944235927,0.03596141212634158
4420,"GYRO_Z__fft_coefficient__attr_""imag""__coeff_45",0.0046668389862243,0.0371378264921041,2.330977182744711,1.4301835171311699,0.0046668389862243,0.0371378264921041,0.013164963218216185
4421,"GYRO_Y__fft_coefficient__attr_""imag""__coeff_21",4.2643254350686457e-07,0.0376231318935943,6.370149659220376,1.4245450549448184,4.2643254350686457e-07,0.0376231318935943,0.00012666383788627146
4422,"ADXL_X__cwt_coefficients__coeff_7__w_20__widths_(2, 5, 10, 20)",0.0376725420759232,0.0147404868379963,1.4239750733911871,1.8314881726802346,0.0147404868379963,0.0376725420759232,0.02356505061789615
4423,"ADXL_X__cwt_coefficients__coeff_6__w_20__widths_(2, 5, 10, 20)",0.0378400019066793,0.0242567399455147,1.4220488503870452,1.615167567806266,0.0242567399455147,0.0378400019066793,0.030296453353290384
4424,"ADXL_X__cwt_coefficients__coeff_5__w_20__widths_(2, 5, 10, 20)",0.038120653730876,0.0308583358696105,1.4188396602562274,1.5106274983030874,0.0308583358696105,0.038120653730876,0.034297812414153944
4425,"MMA_Y__fft_coefficient__attr_""imag""__coeff_75",0.0385605158229857,1.7979691887143482e-12,1.4138571651847158,11.745217754919805,1.7979691887143482e-12,0.0385605158229857,2.633070818467676e-07
4426,"ADXL_X__change_quantiles__f_agg_""mean""__isabs_False__qh_0.8__ql_0.2",0.0385982321918734,4.1670271011112194e-11,1.4134325856623313,10.380173675010736,4.1670271011112194e-11,0.0385982321918734,1.268226634314703e-06
4427,"MMA_Z__fft_coefficient__attr_""angle""__coeff_70",0.0387421100730251,0.038815802097783,1.4118167293031425,1.4109914350566142,0.0387421100730251,0.038815802097783,0.038778938580691806
4428,"MMA_Z__fft_coefficient__attr_""angle""__coeff_71",0.0398240520253861,0.0399917687883867,1.399854553381039,1.3980293871130898,0.0398240520253861,0.0399917687883867,0.03990782230109686
4429,"GYRO_X__fft_coefficient__attr_""imag""__coeff_82",2.3329854025892307e-07,0.0400920375843917,6.632087978563633,1.3969418711834878,2.3329854025892307e-07,0.0400920375843917,9.671304898742704e-05
4430,"ADXL_X__cwt_coefficients__coeff_8__w_20__widths_(2, 5, 10, 20)",0.0404998747201893,0.0096890184922278,1.3925463202029766,2.013720215209209,0.0096890184922278,0.0404998747201893,0.019809190672433426
4431,"GYRO_Z__cwt_coefficients__coeff_10__w_5__widths_(2, 5, 10, 20)",0.0021867348373462,0.0413968251290213,2.6602038761572047,1.3830329652032345,0.0021867348373462,0.0413968251290213,0.009514403799774291
4432,"ADXL_X__cwt_coefficients__coeff_4__w_20__widths_(2, 5, 10, 20)",0.0415299907821286,0.0321942024671915,1.3816381652848035,1.4922223290246601,0.0321942024671915,0.0415299907821286,0.03656535151889621
4433,"MMA_Y__fft_coefficient__attr_""imag""__coeff_93",0.0416265820025984,1.2004952022985165e-10,1.3806292479734785,9.920639571233313,1.2004952022985165e-10,0.0416265820025984,2.2354532422353447e-06
4434,"ADXL_X__fft_coefficient__attr_""imag""__coeff_16",0.0418809068080564,0.0178302421420428,1.3779839235196643,1.7488427588863977,0.0178302421420428,0.0418809068080564,0.02732666663748022
4435,ADXL_X__partial_autocorrelation__lag_8,0.0419170670460992,4.1790356425532956e-78,1.3776091127193846,77.37892392478885,4.1790356425532956e-78,0.0419170670460992,4.1853663784302655e-40
4436,"GYRO_Z__cwt_coefficients__coeff_3__w_20__widths_(2, 5, 10, 20)",1.6994552785278062e-05,0.0424209249859399,4.769690259468179,1.3724198659488818,1.6994552785278062e-05,0.0424209249859399,0.0008490728171799382
4437,"ADXL_Y__fft_coefficient__attr_""imag""__coeff_93",0.0425943150365578,2.8842414335071687e-10,1.3706483612965255,9.539968388595025,2.8842414335071687e-10,0.0425943150365578,3.5050290763458354e-06
4438,"MMA_Z__fft_coefficient__attr_""angle""__coeff_83",0.0387545919373533,0.0430312261948668,1.4116768316118125,1.3662162783172358,0.0387545919373533,0.0430312261948668,0.040836963791961944
4439,"GYRO_Z__fft_coefficient__attr_""imag""__coeff_7",0.0401234624480736,0.0431010002612664,1.3966015966583831,1.3655126508854938,0.0401234624480736,0.0431010002612664,0.04158559083934401
4440,"ADXL_Z__fft_coefficient__attr_""angle""__coeff_83",0.0402764180920672,0.0437303398001154,1.3949491595687713,1.3592171480212139,0.0402764180920672,0.0437303398001154,0.04196786209824863
4441,"GYRO_Y__fft_coefficient__attr_""imag""__coeff_94",0.0441501653474228,0.0012573703449871,1.3550676656008214,2.9005367866773675,0.0012573703449871,0.0441501653474228,0.007450711954848779
4442,"MMA_X__cwt_coefficients__coeff_0__w_2__widths_(2, 5, 10, 20)",0.0007276333216322,0.0449323661863484,3.138087420837757,1.347440710393933,0.0007276333216322,0.0449323661863484,0.0057178918192780665
4443,"ADXL_Y__fft_coefficient__attr_""real""__coeff_81",1.8937059903228755e-05,0.0452439751102323,4.722687447028613,1.3444392452010974,1.8937059903228755e-05,0.0452439751102323,0.0009256283632876965
4444,"MMA_X__change_quantiles__f_agg_""mean""__isabs_False__qh_0.2__ql_0.0",1.004333070094293e-09,0.0452439751102323,8.99812223687632,1.3444392452010974,1.004333070094293e-09,0.0452439751102323,6.740921333595979e-06
4445,"ADXL_X__fft_coefficient__attr_""real""__coeff_48",0.0134600631183954,0.0453325108415096,1.8709529035662353,1.3435902259134356,0.0134600631183954,0.0453325108415096,0.024701790567528966
4446,"MMA_X__fft_coefficient__attr_""angle""__coeff_23",0.0441444042074389,0.0455177719389527,1.3551243402371131,1.341819004484257,0.0441444042074389,0.0455177719389527,0.04482582874967453
4447,"MMA_Y__fft_coefficient__attr_""imag""__coeff_92",0.0455449360510044,3.069739722115228e-16,1.3415599033751384,15.512898446034573,3.069739722115228e-16,0.0455449360510044,3.739132243408437e-09
4448,"ADXL_Y__fft_coefficient__attr_""imag""__coeff_80",0.0456762679630661,3.850113002466756e-15,1.3403093878896104,14.414526523575255,3.850113002466756e-15,0.0456762679630661,1.3261176161591268e-08
4449,"ADXL_X__cwt_coefficients__coeff_9__w_20__widths_(2, 5, 10, 20)",0.0458860505438082,0.007345175233373,1.3383193208375723,2.1339978388146177,0.007345175233373,0.0458860505438082,0.018358678656474208
4450,"MMA_X__change_quantiles__f_agg_""mean""__isabs_False__qh_0.4__ql_0.0",2.177631834215148e-05,0.0462725514617535,4.6620155432598995,1.3346765529053346,2.177631834215148e-05,0.0462725514617535,0.001003815626066227
4451,"MMA_Z__fft_coefficient__attr_""angle""__coeff_75",0.0469531336766277,0.0415374820906611,1.3283354173903814,1.3815598329639995,0.0415374820906611,0.0469531336766277,0.04416237028504402
4452,"MMA_Y__fft_coefficient__attr_""imag""__coeff_80",0.0470003488661242,2.748325502204257e-15,1.3278989184457644,14.560931832224021,2.748325502204257e-15,0.0470003488661242,1.136539737102342e-08
4453,"ADXL_X__cwt_coefficients__coeff_3__w_20__widths_(2, 5, 10, 20)",0.047262234271587,0.0285305017292413,1.3254857514111138,1.5446905908972544,0.0285305017292413,0.047262234271587,0.036720774183196636
4454,"MMA_X__fft_coefficient__attr_""angle""__coeff_3",0.0474182619197405,0.0468030216578927,1.324054368799409,1.32972610746035,0.0468030216578927,0.0474182619197405,0.047109637438736925
4455,"MMA_Y__fft_coefficient__attr_""imag""__coeff_72",0.0480258059198192,5.8669804200470315e-19,1.3185253385205407,18.23158536115809,5.8669804200470315e-19,0.0480258059198192,1.6785900720204383e-10
4456,"GYRO_Y__cwt_coefficients__coeff_5__w_20__widths_(2, 5, 10, 20)",8.088938272503968e-05,0.0481265823551333,4.092108478715649,1.3176149780693065,8.088938272503968e-05,0.0481265823551333,0.001973050820271115
4457,"GYRO_Y__cwt_coefficients__coeff_1__w_20__widths_(2, 5, 10, 20)",0.0290721796264408,0.0484051520338164,1.5365224066798548,1.3151084114800102,0.0290721796264408,0.0484051520338164,0.037513241325861015
4458,"MMA_X__fft_coefficient__attr_""real""__coeff_48",0.0131385144752906,0.049096170911386,1.881453736119871,1.3089523778750403,0.0131385144752906,0.049096170911386,0.025397849361719318
4459,"ADXL_X__fft_coefficient__attr_""imag""__coeff_50",0.0374302579572194,0.0492623022584132,1.4267771798583027,1.307485295404744,0.0374302579572194,0.0492623022584132,0.04294066465599849
4460,"MMA_Y__fft_coefficient__attr_""real""__coeff_61",3.2242590744366686e-08,0.0494294625214798,7.491570069200147,1.3060141118783806,3.2242590744366686e-08,0.0494294625214798,3.992159729762932e-05
